{"type": "FeatureCollection", "features": [{"type": "Feature", "geometry": {"type": "Point", "coordinates": [77.477222, 8.952222]}, "properties": {"id": "S0001", "serial_no": 1, "state_serial_no": 1, "station_name": "ACHANKUTTAM", "district": "TIRUNELVELI", "commenced_on": "1996-03-20", "closed_on": "1998-03-11", "financial_year_commenced": "1995-1996", "financial_year_closed": "1997-1998", "mast_height_m": 20, "elevation_m": 139, "maws": 5.17, "mawpd": 270.4, "pdf_page": 1, "source_table": "Mast", "project_type": null, "is_revision": false, "state": "TAMIL NADU", "status": "Closed", "clean_notes": null, "review_required": false, "review_reason": null, "latitude": 8.952222, "longitude": 77.477222}}, {"type": "Feature", "geometry": {"type": "Point", "coordinates": [79.85, 10.35]}, "properties": {"id": "S0002", "serial_no": 2, "state_serial_no": 2, "station_name": "AGASTHIANPALLI", "district": "NAGAPATTINAM", "commenced_on": "2004-06-11", "closed_on": "2006-07-11", "financial_year_commenced": "2004-2005", "financial_year_closed": "2006-2007", "mast_height_m": 50, "elevation_m": 5, "maws": 5.76, "mawpd": 157, "pdf_page": 1, "source_table": "Mast", "project_type": null, "is_revision": false, "state": "TAMIL NADU", "status": "Closed", "clean_notes": null, "review_required": false, "review_reason": null, "latitude": 10.35, "longitude": 79.85}}, {"type": "Feature", "geometry": {"type": "Point", "coordinates": [77.651111, 8.937222]}, "properties": {"id": "S0003", "serial_no": 3, "state_serial_no": 3, "station_name": "ALAGIYAPANDIYAPURAM", "district": "TIRUNELVELI", "commenced_on": "1988-07-19", "closed_on": "1993-09-10", "financial_year_commenced": "1988-1989", "financial_year_closed": "1993-1994", "mast_height_m": 20, "elevation_m": 106, "maws": 5.81, "mawpd": 301.1, "pdf_page": 1, "source_table": "Mast", "project_type": null, "is_revision": false, "state": "TAMIL NADU", "status": "Closed", "clean_notes": null, "review_required": false, "review_reason": null, "latitude": 8.937222, "longitude": 77.651111}}, {"type": "Feature", "geometry": {"type": "Point", "coordinates": [77.1725, 10.610556]}, "properties": {"id": "S0004", "serial_no": 4, "state_serial_no": 4, "station_name": "ANDHIYUR", "district": "COIMBATORE", "commenced_on": "1996-05-10", "closed_on": "1998-05-15", "financial_year_commenced": "1996-1997", "financial_year_closed": "1998-1999", "mast_height_m": 20, "elevation_m": 380, "maws": 5.31, "mawpd": 177.2, "pdf_page": 1, "source_table": "Mast", "project_type": null, "is_revision": false, "state": "TAMIL NADU", "status": "Closed", "clean_notes": null, "review_required": false, "review_reason": null, "latitude": 10.610556, "longitude": 77.1725}}, {"type": "Feature", "geometry": {"type": "Point", "coordinates": [77.567778, 10.004167]}, "properties": {"id": "S0005", "serial_no": 5, "state_serial_no": 5, "station_name": "ANDIPATTI", "district": "THENI", "commenced_on": "1986-08-18", "closed_on": "1991-01-04", "financial_year_commenced": "1986-1987", "financial_year_closed": "1990-1991", "mast_height_m": 20, "elevation_m": 298, "maws": 5.28, "mawpd": 265.9, "pdf_page": 1, "source_table": "Mast", "project_type": null, "is_revision": false, "state": "TAMIL NADU", "status": "Closed", "clean_notes": null, "review_required": false, "review_reason": null, "latitude": 10.004167, "longitude": 77.567778}}, {"type": "Feature", "geometry": {"type": "Point", "coordinates": [77.039167, 10.845556]}, "properties": {"id": "S0006", "serial_no": 6, "state_serial_no": 6, "station_name": "ARASAMPALAYAM", "district": "COIMBATORE", "commenced_on": "1990-05-24", "closed_on": "1995-05-10", "financial_year_commenced": "1990-1991", "financial_year_closed": "1995-1996", "mast_height_m": 20, "elevation_m": 370, "maws": 5.69, "mawpd": 194.5, "pdf_page": 1, "source_table": "Mast", "project_type": null, "is_revision": false, "state": "TAMIL NADU", "status": "Closed", "clean_notes": null, "review_required": false, "review_reason": null, "latitude": 10.845556, "longitude": 77.039167}}, {"type": "Feature", "geometry": {"type": "Point", "coordinates": [77.352222, 8.996111]}, "properties": {"id": "S0007", "serial_no": 7, "state_serial_no": 7, "station_name": "AYIKUDY", "district": "TIRUNELVELI", "commenced_on": "1988-07-21", "closed_on": "1993-09-10", "financial_year_commenced": "1988-1989", "financial_year_closed": "1993-1994", "mast_height_m": 20, "elevation_m": 179, "maws": 5.94, "mawpd": 305.1, "pdf_page": 1, "source_table": "Mast", "project_type": null, "is_revision": false, "state": "TAMIL NADU", "status": "Closed", "clean_notes": null, "review_required": false, "review_reason": null, "latitude": 8.996111, "longitude": 77.352222}}, {"type": "Feature", "geometry": {"type": "Point", "coordinates": [77.116389, 10.920833]}, "properties": {"id": "S0008", "serial_no": 8, "state_serial_no": 8, "station_name": "EDAYARPALAYAM", "district": "COIMBATORE", "commenced_on": "1990-05-25", "closed_on": "1995-05-11", "financial_year_commenced": "1990-1991", "financial_year_closed": "1995-1996", "mast_height_m": 20, "elevation_m": 444, "maws": 6.22, "mawpd": 273.2, "pdf_page": 1, "source_table": "Mast", "project_type": null, "is_revision": false, "state": "TAMIL NADU", "status": "Closed", "clean_notes": null, "review_required": false, "review_reason": null, "latitude": 10.920833, "longitude": 77.116389}}, {"type": "Feature", "geometry": {"type": "Point", "coordinates": [76.630833, 11.321944]}, "properties": {"id": "S0009", "serial_no": 9, "state_serial_no": 9, "station_name": "EMERALD", "district": "NILGIRIS", "commenced_on": "1999-11-02", "closed_on": "2001-02-15", "financial_year_commenced": "1999-2000", "financial_year_closed": "2000-2001", "mast_height_m": 25, "elevation_m": 2055, "maws": 3.5, "mawpd": 103.4, "pdf_page": 1, "source_table": "Mast", "project_type": null, "is_revision": false, "state": "TAMIL NADU", "status": "Closed", "clean_notes": null, "review_required": false, "review_reason": null, "latitude": 11.321944, "longitude": 76.630833}}, {"type": "Feature", "geometry": {"type": "Point", "coordinates": [80.332394, 13.237147]}, "properties": {"id": "S0010", "serial_no": 10, "state_serial_no": 10, "station_name": "ENNORE", "district": "TIRUVALLUR", "commenced_on": "1992-03-23", "closed_on": "1995-04-20", "financial_year_commenced": "1991-1992", "financial_year_closed": "1995-1996", "mast_height_m": 20, "elevation_m": 1, "maws": 5.36, "mawpd": 139, "pdf_page": 1, "source_table": "Mast", "project_type": null, "is_revision": false, "state": "TAMIL NADU", "status": "Closed", "clean_notes": null, "review_required": false, "review_reason": null, "latitude": 13.237147, "longitude": 80.332394}}, {"type": "Feature", "geometry": {"type": "Point", "coordinates": [79.016944, 10.531111]}, "properties": {"id": "S0011", "serial_no": 11, "state_serial_no": 11, "station_name": "GANDARVAKOTTAI", "district": "PUDUKOTTAI", "commenced_on": "2000-12-21", "closed_on": "2002-03-25", "financial_year_commenced": "2000-2001", "financial_year_closed": "2001-2002", "mast_height_m": 25, "elevation_m": 118, "maws": 3.26, "mawpd": 42, "pdf_page": 1, "source_table": "Mast", "project_type": null, "is_revision": false, "state": "TAMIL NADU", "status": "Closed", "clean_notes": null, "review_required": false, "review_reason": null, "latitude": 10.531111, "longitude": 79.016944}}, {"type": "Feature", "geometry": {"type": "Point", "coordinates": [77.766361, 8.849944]}, "properties": {"id": "S0012", "serial_no": 12, "state_serial_no": 12, "station_name": "GANGAIKONDAN", "district": "TIRUNELVELI", "commenced_on": "1994-09-14", "closed_on": "1998-01-10", "financial_year_commenced": "1994-1995", "financial_year_closed": "1997-1998", "mast_height_m": 25, "elevation_m": 40, "maws": 5.11, "mawpd": 245.7, "pdf_page": 1, "source_table": "Mast", "project_type": null, "is_revision": false, "state": "TAMIL NADU", "status": "Closed", "clean_notes": null, "review_required": false, "review_reason": null, "latitude": 8.849944, "longitude": 77.766361}}, {"type": "Feature", "geometry": {"type": "Point", "coordinates": [78.734722, 10.680833]}, "properties": {"id": "S0013", "serial_no": 13, "state_serial_no": 13, "station_name": "KAINANKARAI", "district": "PUDUKOTTAI", "commenced_on": "2004-04-20", "closed_on": "2005-10-24", "financial_year_commenced": "2004-2005", "financial_year_closed": "2005-2006", "mast_height_m": 50, "elevation_m": 100, "maws": 5.02, "mawpd": 132, "pdf_page": 1, "source_table": "Mast", "project_type": null, "is_revision": false, "state": "TAMIL NADU", "status": "Closed", "clean_notes": null, "review_required": false, "review_reason": null, "latitude": 10.680833, "longitude": 78.734722}}, {"type": "Feature", "geometry": {"type": "Point", "coordinates": [78.783333, 10.383333]}, "properties": {"id": "S0014", "serial_no": 14, "state_serial_no": 14, "station_name": "KALUGUR", "district": "PUDUKOTTAI", "commenced_on": "1999-07-03", "closed_on": "2000-10-11", "financial_year_commenced": "1999-2000", "financial_year_closed": "2000-2001", "mast_height_m": 25, "elevation_m": 160, "maws": 3.56, "mawpd": 86.9, "pdf_page": 1, "source_table": "Mast", "project_type": null, "is_revision": false, "state": "TAMIL NADU", "status": "Closed", "clean_notes": null, "review_required": false, "review_reason": null, "latitude": 10.383333, "longitude": 78.783333}}, {"type": "Feature", "geometry": {"type": "Point", "coordinates": [77.457611, 8.911194]}, "properties": {"id": "S0015", "serial_no": 15, "state_serial_no": 15, "station_name": "KALUNIR KULAM", "district": "TIRUNELVELI", "commenced_on": "2004-09-30", "closed_on": "2006-07-31", "financial_year_commenced": "2004-2005", "financial_year_closed": "2006-2007", "mast_height_m": 50, "elevation_m": 119, "maws": 6.6, "mawpd": 390, "pdf_page": 1, "source_table": "Mast", "project_type": "Other project", "is_revision": false, "state": "TAMIL NADU", "status": "Closed", "clean_notes": null, "review_required": false, "review_reason": null, "latitude": 8.911194, "longitude": 77.457611}}, {"type": "Feature", "geometry": {"type": "Point", "coordinates": [77.581944, 8.163611]}, "properties": {"id": "S0016", "serial_no": 16, "state_serial_no": 16, "station_name": "KANNANKULAM", "district": "KANYAKUMARI", "commenced_on": "1994-07-15", "closed_on": "1998-01-09", "financial_year_commenced": "1994-1995", "financial_year_closed": "1997-1998", "mast_height_m": 25, "elevation_m": 20, "maws": 5.92, "mawpd": 238.2, "pdf_page": 1, "source_table": "Mast", "project_type": null, "is_revision": false, "state": "TAMIL NADU", "status": "Closed", "clean_notes": null, "review_required": false, "review_reason": null, "latitude": 8.163611, "longitude": 77.581944}}, {"type": "Feature", "geometry": {"type": "Point", "coordinates": [77.5553, 8.077494]}, "properties": {"id": "S0017", "serial_no": 17, "state_serial_no": 17, "station_name": "KANYAKUMARI", "district": "KANYAKUMARI", "commenced_on": "2003-06-28", "closed_on": "2004-12-26", "financial_year_commenced": "2003-2004", "financial_year_closed": "2004-2005", "mast_height_m": 30, "elevation_m": 5, "maws": 7.32, "mawpd": 352, "pdf_page": 1, "source_table": "Mast", "project_type": "Other project", "is_revision": false, "state": "TAMIL NADU", "status": "Closed", "clean_notes": null, "review_required": false, "review_reason": null, "latitude": 8.077494, "longitude": 77.5553}}, {"type": "Feature", "geometry": {"type": "Point", "coordinates": [78.628333, 11.823056]}, "properties": {"id": "S0018", "serial_no": 18, "state_serial_no": 18, "station_name": "KARUMANTHURAI", "district": "SALEM", "commenced_on": "1999-09-06", "closed_on": "2000-10-12", "financial_year_commenced": "1999-2000", "financial_year_closed": "2000-2001", "mast_height_m": 25, "elevation_m": 750, "maws": 2.94, "mawpd": 32.8, "pdf_page": 1, "source_table": "Mast", "project_type": null, "is_revision": false, "state": "TAMIL NADU", "status": "Closed", "clean_notes": null, "review_required": false, "review_reason": null, "latitude": 11.823056, "longitude": 78.628333}}, {"type": "Feature", "geometry": {"type": "Point", "coordinates": [77.541389, 8.240556]}, "properties": {"id": "S0019", "serial_no": 19, "state_serial_no": 19, "station_name": "KATTADIMALAI", "district": "KANYAKUMARI", "commenced_on": "1988-07-22", "closed_on": "1993-09-09", "financial_year_commenced": "1988-1989", "financial_year_closed": "1993-1994", "mast_height_m": 20, "elevation_m": 90, "maws": 6.58, "mawpd": 312.2, "pdf_page": 1, "source_table": "Mast", "project_type": null, "is_revision": false, "state": "TAMIL NADU", "status": "Closed", "clean_notes": null, "review_required": false, "review_reason": null, "latitude": 8.240556, "longitude": 77.541389}}, {"type": "Feature", "geometry": {"type": "Point", "coordinates": [77.73325, 8.968889]}, "properties": {"id": "S0020", "serial_no": 20, "state_serial_no": 20, "station_name": "KAYATTAR I", "district": "TUTICORIN", "commenced_on": "1986-08-21", "closed_on": "1993-05-23", "financial_year_commenced": "1986-1987", "financial_year_closed": "1993-1994", "mast_height_m": 20, "elevation_m": 94, "maws": 5.64, "mawpd": 293.9, "pdf_page": 1, "source_table": "Mast", "project_type": null, "is_revision": false, "state": "TAMIL NADU", "status": "Closed", "clean_notes": null, "review_required": false, "review_reason": null, "latitude": 8.968889, "longitude": 77.73325}}, {"type": "Feature", "geometry": {"type": "Point", "coordinates": [77.715972, 8.949778]}, "properties": {"id": "S0021", "serial_no": 21, "state_serial_no": 21, "station_name": "KAYATTAR II", "district": "TUTICORIN", "commenced_on": "1995-11-02", "closed_on": "2005-10-30", "financial_year_commenced": "1995-1996", "financial_year_closed": "2005-2006", "mast_height_m": 25, "elevation_m": 105, "maws": 5.37, "mawpd": 285.4, "pdf_page": 1, "source_table": "Mast", "project_type": null, "is_revision": false, "state": "TAMIL NADU", "status": "Closed", "clean_notes": null, "review_required": false, "review_reason": null, "latitude": 8.949778, "longitude": 77.715972}}, {"type": "Feature", "geometry": {"type": "Point", "coordinates": [77.268611, 10.923889]}, "properties": {"id": "S0022", "serial_no": 22, "state_serial_no": 22, "station_name": "KETHANUR 1", "district": "COIMBATORE", "commenced_on": "1990-05-21", "closed_on": "2000-08-15", "financial_year_commenced": "1990-1991", "financial_year_closed": "2000-2001", "mast_height_m": 20, "elevation_m": 439, "maws": 5.86, "mawpd": 259.1, "pdf_page": 1, "source_table": "Mast", "project_type": null, "is_revision": false, "state": "TAMIL NADU", "status": "Closed", "clean_notes": null, "review_required": false, "review_reason": null, "latitude": 10.923889, "longitude": 77.268611}}, {"type": "Feature", "geometry": {"type": "Point", "coordinates": [77.25, 10.916667]}, "properties": {"id": "S0023", "serial_no": null, "state_serial_no": null, "station_name": "KETHANUR 2", "district": "COIMBATORE", "commenced_on": "2000-08-15", "closed_on": "2005-11-29", "financial_year_commenced": "2000-2001", "financial_year_closed": "2005-2006", "mast_height_m": 25, "elevation_m": 403, "maws": 5.47, "mawpd": 189, "pdf_page": 1, "source_table": "Mast", "project_type": null, "is_revision": true, "state": "TAMIL NADU", "status": "Closed", "clean_notes": null, "review_required": false, "review_reason": null, "latitude": 10.916667, "longitude": 77.25}}, {"type": "Feature", "geometry": {"type": "Point", "coordinates": [78.936389, 10.644722]}, "properties": {"id": "S0024", "serial_no": 23, "state_serial_no": 23, "station_name": "KILLUKOTTAI", "district": "PUDUKOTTAI", "commenced_on": "1999-07-02", "closed_on": "2000-10-11", "financial_year_commenced": "1999-2000", "financial_year_closed": "2000-2001", "mast_height_m": 25, "elevation_m": 130, "maws": 3.78, "mawpd": 76.4, "pdf_page": 1, "source_table": "Mast", "project_type": null, "is_revision": false, "state": "TAMIL NADU", "status": "Closed", "clean_notes": null, "review_required": false, "review_reason": null, "latitude": 10.644722, "longitude": 78.936389}}, {"type": "Feature", "geometry": {"type": "Point", "coordinates": [77.5742, 8.262711]}, "properties": {"id": "S0025", "serial_no": 24, "state_serial_no": 24, "station_name": "KUMARAPURAM", "district": "TIRUNELVELI", "commenced_on": "1992-12-03", "closed_on": "1997-09-06", "financial_year_commenced": "1992-1993", "financial_year_closed": "1997-1998", "mast_height_m": 25, "elevation_m": 80, "maws": 6.11, "mawpd": 287.6, "pdf_page": 1, "source_table": "Mast", "project_type": null, "is_revision": false, "state": "TAMIL NADU", "status": "Closed", "clean_notes": null, "review_required": false, "review_reason": null, "latitude": 8.262711, "longitude": 77.5742}}, {"type": "Feature", "geometry": {"type": "Point", "coordinates": [77.37, 9.045556]}, "properties": {"id": "S0026", "serial_no": 25, "state_serial_no": 25, "station_name": "MANGALAPURAM", "district": "TIRUNELVELI", "commenced_on": "1996-03-07", "closed_on": "1998-03-11", "financial_year_commenced": "1995-1996", "financial_year_closed": "1997-1998", "mast_height_m": 20, "elevation_m": 182, "maws": 6.19, "mawpd": 312, "pdf_page": 1, "source_table": "Mast", "project_type": null, "is_revision": false, "state": "TAMIL NADU", "status": "Closed", "clean_notes": null, "review_required": false, "review_reason": null, "latitude": 9.045556, "longitude": 77.37}}, {"type": "Feature", "geometry": {"type": "Point", "coordinates": [77.657778, 8.520556]}, "properties": {"id": "S0027", "serial_no": 26, "state_serial_no": 26, "station_name": "MARUKALKURICHI", "district": "TIRUNELVELI", "commenced_on": "1992-12-07", "closed_on": "1994-09-13", "financial_year_commenced": "1992-1993", "financial_year_closed": "1994-1995", "mast_height_m": 25, "elevation_m": 101, "maws": 4, "mawpd": 96.7, "pdf_page": 1, "source_table": "Mast", "project_type": null, "is_revision": false, "state": "TAMIL NADU", "status": "Closed", "clean_notes": null, "review_required": false, "review_reason": null, "latitude": 8.520556, "longitude": 77.657778}}, {"type": "Feature", "geometry": {"type": "Point", "coordinates": [77.260556, 9.881944]}, "properties": {"id": "S0028", "serial_no": 27, "state_serial_no": 27, "station_name": "MEENAKSHIPURAM", "district": "THENI", "commenced_on": "1986-08-18", "closed_on": "1991-01-04", "financial_year_commenced": "1986-1987", "financial_year_closed": "1990-1991", "mast_height_m": 20, "elevation_m": 464, "maws": 4.56, "mawpd": 223.7, "pdf_page": 1, "source_table": "Mast", "project_type": null, "is_revision": false, "state": "TAMIL NADU", "status": "Closed", "clean_notes": null, "review_required": false, "review_reason": null, "latitude": 9.881944, "longitude": 77.260556}}, {"type": "Feature", "geometry": {"type": "Point", "coordinates": [77.388889, 10.875]}, "properties": {"id": "S0029", "serial_no": 28, "state_serial_no": 28, "station_name": "METTUKADAI", "district": "ERODE", "commenced_on": "1990-05-22", "closed_on": "1993-09-17", "financial_year_commenced": "1990-1991", "financial_year_closed": "1993-1994", "mast_height_m": 20, "elevation_m": 350, "maws": 5, "mawpd": 183.5, "pdf_page": 1, "source_table": "Mast", "project_type": null, "is_revision": false, "state": "TAMIL NADU", "status": "Closed", "clean_notes": null, "review_required": false, "review_reason": null, "latitude": 10.875, "longitude": 77.388889}}, {"type": "Feature", "geometry": {"type": "Point", "coordinates": [77.555556, 8.258333]}, "properties": {"id": "S0030", "serial_no": 29, "state_serial_no": 29, "station_name": "MUPPANDAL (1)", "district": "KANYAKUMARI", "commenced_on": "1986-08-21", "closed_on": "1993-05-21", "financial_year_commenced": "1986-1987", "financial_year_closed": "1993-1994", "mast_height_m": 20, "elevation_m": 105, "maws": 7.08, "mawpd": 406.3, "pdf_page": 1, "source_table": "Mast", "project_type": null, "is_revision": false, "state": "TAMIL NADU", "status": "Closed", "clean_notes": null, "review_required": false, "review_reason": null, "latitude": 8.258333, "longitude": 77.555556}}, {"type": "Feature", "geometry": {"type": "Point", "coordinates": [77.55, 8.25]}, "properties": {"id": "S0031", "serial_no": null, "state_serial_no": null, "station_name": "MUPPANDAL (2)", "district": "KANYAKUMARI", "commenced_on": "1997-05-03", "closed_on": "2005-10-27", "financial_year_commenced": "1997-1998", "financial_year_closed": "2005-2006", "mast_height_m": 25, "elevation_m": 103, "maws": 6.19, "mawpd": 243, "pdf_page": 1, "source_table": "Mast", "project_type": null, "is_revision": true, "state": "TAMIL NADU", "status": "Closed", "clean_notes": null, "review_required": false, "review_reason": null, "latitude": 8.25, "longitude": 77.55}}, {"type": "Feature", "geometry": {"type": "Point", "coordinates": [77.316111, 8.123889]}, "properties": {"id": "S0032", "serial_no": 30, "state_serial_no": 30, "station_name": "MUTTOM", "district": "KANYAKUMARI", "commenced_on": "1994-07-11", "closed_on": "1997-07-04", "financial_year_commenced": "1994-1995", "financial_year_closed": "1997-1998", "mast_height_m": 25, "elevation_m": 70, "maws": 4.75, "mawpd": 115.6, "pdf_page": 1, "source_table": "Mast", "project_type": null, "is_revision": false, "state": "TAMIL NADU", "status": "Closed", "clean_notes": null, "review_required": false, "review_reason": null, "latitude": 8.123889, "longitude": 77.316111}}, {"type": "Feature", "geometry": {"type": "Point", "coordinates": [78.259722, 10.733889]}, "properties": {"id": "S0033", "serial_no": 31, "state_serial_no": 31, "station_name": "MYLAMPATTI", "district": "KARUR", "commenced_on": "2000-12-17", "closed_on": "2003-02-13", "financial_year_commenced": "2000-2001", "financial_year_closed": "2002-2003", "mast_height_m": 25, "elevation_m": 200, "maws": 4.74, "mawpd": 145, "pdf_page": 1, "source_table": "Mast", "project_type": null, "is_revision": false, "state": "TAMIL NADU", "status": "Closed", "clean_notes": null, "review_required": false, "review_reason": null, "latitude": 10.733889, "longitude": 78.259722}}, {"type": "Feature", "geometry": {"type": "Point", "coordinates": [77.324167, 10.608056]}, "properties": {"id": "S0034", "serial_no": 32, "state_serial_no": 32, "station_name": "MYVADI", "district": "COIMBATORE", "commenced_on": "1996-05-10", "closed_on": "1997-08-07", "financial_year_commenced": "1996-1997", "financial_year_closed": "1997-1998", "mast_height_m": 20, "elevation_m": 341, "maws": 5.44, "mawpd": 250.9, "pdf_page": 1, "source_table": "Mast", "project_type": null, "is_revision": false, "state": "TAMIL NADU", "status": "Closed", "clean_notes": null, "review_required": false, "review_reason": null, "latitude": 10.608056, "longitude": 77.324167}}, {"type": "Feature", "geometry": {"type": "Point", "coordinates": [77.493056, 9.1175]}, "properties": {"id": "S0035", "serial_no": 33, "state_serial_no": 33, "station_name": "NADUVAKKURICHI", "district": "TIRUNELVELI", "commenced_on": "1991-06-27", "closed_on": "1994-07-12", "financial_year_commenced": "1991-1992", "financial_year_closed": "1994-1995", "mast_height_m": 20, "elevation_m": 163, "maws": 4.67, "mawpd": 156.6, "pdf_page": 1, "source_table": "Mast", "project_type": null, "is_revision": false, "state": "TAMIL NADU", "status": "Closed", "clean_notes": null, "review_required": false, "review_reason": null, "latitude": 9.1175, "longitude": 77.493056}}, {"type": "Feature", "geometry": {"type": "Point", "coordinates": [78.100556, 12.051111]}, "properties": {"id": "S0036", "serial_no": 34, "state_serial_no": 34, "station_name": "NALLAMPALLY", "district": "DHARMAPURI", "commenced_on": "2001-02-17", "closed_on": "2002-03-29", "financial_year_commenced": "2000-2001", "financial_year_closed": "2001-2002", "mast_height_m": 25, "elevation_m": 490, "maws": 3.28, "mawpd": 40, "pdf_page": 1, "source_table": "Mast", "project_type": null, "is_revision": false, "state": "TAMIL NADU", "status": "Closed", "clean_notes": null, "review_required": false, "review_reason": null, "latitude": 12.051111, "longitude": 78.100556}}, {"type": "Feature", "geometry": {"type": "Point", "coordinates": [77.549472, 8.903917]}, "properties": {"id": "S0037", "serial_no": 35, "state_serial_no": 35, "station_name": "NETTUR", "district": "TIRUNELVELI", "commenced_on": "1992-12-07", "closed_on": "1997-09-08", "financial_year_commenced": "1992-1993", "financial_year_closed": "1997-1998", "mast_height_m": 25, "elevation_m": 100, "maws": 5.53, "mawpd": 338.3, "pdf_page": 1, "source_table": "Mast", "project_type": null, "is_revision": false, "state": "TAMIL NADU", "status": "Closed", "clean_notes": null, "review_required": false, "review_reason": null, "latitude": 8.903917, "longitude": 77.549472}}, {"type": "Feature", "geometry": {"type": "Point", "coordinates": [77.848806, 8.949056]}, "properties": {"id": "S0038", "serial_no": 36, "state_serial_no": 36, "station_name": "ONAMKULAM", "district": "TUTICORIN", "commenced_on": "1992-12-04", "closed_on": "1997-09-09", "financial_year_commenced": "1992-1993", "financial_year_closed": "1997-1998", "mast_height_m": 25, "elevation_m": 100, "maws": 5.53, "mawpd": 247.2, "pdf_page": 1, "source_table": "Mast", "project_type": null, "is_revision": false, "state": "TAMIL NADU", "status": "Closed", "clean_notes": null, "review_required": false, "review_reason": null, "latitude": 8.949056, "longitude": 77.848806}}, {"type": "Feature", "geometry": {"type": "Point", "coordinates": [78.021111, 8.902222]}, "properties": {"id": "S0039", "serial_no": 37, "state_serial_no": 37, "station_name": "OTTAPIDARAM", "district": "TUTICORIN", "commenced_on": "1991-06-25", "closed_on": "1996-07-07", "financial_year_commenced": "1991-1992", "financial_year_closed": "1996-1997", "mast_height_m": 20, "elevation_m": 57, "maws": 5.14, "mawpd": 220.7, "pdf_page": 1, "source_table": "Mast", "project_type": null, "is_revision": false, "state": "TAMIL NADU", "status": "Closed", "clean_notes": null, "review_required": false, "review_reason": null, "latitude": 8.902222, "longitude": 78.021111}}, {"type": "Feature", "geometry": {"type": "Point", "coordinates": [77.869444, 8.286944]}, "properties": {"id": "S0040", "serial_no": 38, "state_serial_no": 38, "station_name": "OVARI", "district": "TIRUNELVELI", "commenced_on": "1996-03-03", "closed_on": "1998-03-10", "financial_year_commenced": "1995-1996", "financial_year_closed": "1997-1998", "mast_height_m": 20, "elevation_m": 21, "maws": 5.08, "mawpd": 160, "pdf_page": 1, "source_table": "Mast", "project_type": null, "is_revision": false, "state": "TAMIL NADU", "status": "Closed", "clean_notes": null, "review_required": false, "review_reason": null, "latitude": 8.286944, "longitude": 77.869444}}, {"type": "Feature", "geometry": {"type": "Point", "coordinates": [77.537778, 8.321944]}, "properties": {"id": "S0041", "serial_no": 39, "state_serial_no": 39, "station_name": "PANAKUDI", "district": "TIRUNELVELI", "commenced_on": "1996-07-05", "closed_on": "1998-09-13", "financial_year_commenced": "1996-1997", "financial_year_closed": "1998-1999", "mast_height_m": 20, "elevation_m": 140, "maws": 6.36, "mawpd": 365.9, "pdf_page": 1, "source_table": "Mast", "project_type": null, "is_revision": false, "state": "TAMIL NADU", "status": "Closed", "clean_notes": null, "review_required": false, "review_reason": null, "latitude": 8.321944, "longitude": 77.537778}}, {"type": "Feature", "geometry": {"type": "Point", "coordinates": [77.351667, 10.973611]}, "properties": {"id": "S0042", "serial_no": 40, "state_serial_no": 40, "station_name": "PONGALUR", "district": "COIMBATORE", "commenced_on": "1990-05-23", "closed_on": "1995-05-11", "financial_year_commenced": "1990-1991", "financial_year_closed": "1995-1996", "mast_height_m": 20, "elevation_m": 388, "maws": 5.31, "mawpd": 213.2, "pdf_page": 1, "source_table": "Mast", "project_type": null, "is_revision": false, "state": "TAMIL NADU", "status": "Closed", "clean_notes": null, "review_required": false, "review_reason": null, "latitude": 10.973611, "longitude": 77.351667}}, {"type": "Feature", "geometry": {"type": "Point", "coordinates": [77.278333, 10.731667]}, "properties": {"id": "S0043", "serial_no": 41, "state_serial_no": 41, "station_name": "POOLAVADI", "district": "COIMBATORE", "commenced_on": "1986-08-13", "closed_on": "1993-05-29", "financial_year_commenced": "1986-1987", "financial_year_closed": "1993-1994", "mast_height_m": 20, "elevation_m": 321, "maws": 5.89, "mawpd": 282.5, "pdf_page": 1, "source_table": "Mast", "project_type": null, "is_revision": false, "state": "TAMIL NADU", "status": "Closed", "clean_notes": null, "review_required": false, "review_reason": null, "latitude": 10.731667, "longitude": 77.278333}}, {"type": "Feature", "geometry": {"type": "Point", "coordinates": [79.857222, 11.141111]}, "properties": {"id": "S0044", "serial_no": 42, "state_serial_no": 42, "station_name": "POOMPUHAR", "district": "NAGAPATTINAM", "commenced_on": "1991-06-22", "closed_on": "1994-07-16", "financial_year_commenced": "1991-1992", "financial_year_closed": "1994-1995", "mast_height_m": 20, "elevation_m": 1, "maws": 4.77, "mawpd": 121.3, "pdf_page": 1, "source_table": "Mast", "project_type": null, "is_revision": false, "state": "TAMIL NADU", "status": "Closed", "clean_notes": null, "review_required": false, "review_reason": null, "latitude": 11.141111, "longitude": 79.857222}}, {"type": "Feature", "geometry": {"type": "Point", "coordinates": [77.1225, 10.6725]}, "properties": {"id": "S0045", "serial_no": 43, "state_serial_no": 43, "station_name": "POOSARIPATTI", "district": "COIMBATORE", "commenced_on": "1992-12-15", "closed_on": "1996-09-10", "financial_year_commenced": "1992-1993", "financial_year_closed": "1996-1997", "mast_height_m": 25, "elevation_m": 380, "maws": 5.36, "mawpd": 168.4, "pdf_page": 1, "source_table": "Mast", "project_type": null, "is_revision": false, "state": "TAMIL NADU", "status": "Closed", "clean_notes": null, "review_required": false, "review_reason": null, "latitude": 10.6725, "longitude": 77.1225}}, {"type": "Feature", "geometry": {"type": "Point", "coordinates": [77.739656, 8.314858]}, "properties": {"id": "S0046", "serial_no": 44, "state_serial_no": 44, "station_name": "PULIYAMKULAM", "district": "TIRUNELVELI", "commenced_on": "1986-08-26", "closed_on": "1993-05-21", "financial_year_commenced": "1986-1987", "financial_year_closed": "1993-1994", "mast_height_m": 20, "elevation_m": 35, "maws": 5.26, "mawpd": 188.4, "pdf_page": 1, "source_table": "Mast", "project_type": null, "is_revision": false, "state": "TAMIL NADU", "status": "Closed", "clean_notes": null, "review_required": false, "review_reason": null, "latitude": 8.314858, "longitude": 77.739656}}, {"type": "Feature", "geometry": {"type": "Point", "coordinates": [77.419167, 10.565278]}, "properties": {"id": "S0047", "serial_no": 45, "state_serial_no": 45, "station_name": "PUSHPATHUR", "district": "DINDIGUL", "commenced_on": "2000-10-15", "closed_on": "2002-12-05", "financial_year_commenced": "2000-2001", "financial_year_closed": "2002-2003", "mast_height_m": 25, "elevation_m": 363, "maws": 4.47, "mawpd": 128, "pdf_page": 1, "source_table": "Mast", "project_type": null, "is_revision": false, "state": "TAMIL NADU", "status": "Closed", "clean_notes": null, "review_required": false, "review_reason": null, "latitude": 10.565278, "longitude": 77.419167}}, {"type": "Feature", "geometry": {"type": "Point", "coordinates": [79.343056, 9.227778]}, "properties": {"id": "S0048", "serial_no": 46, "state_serial_no": 46, "station_name": "RAMESWARAM", "district": "RAMANATHAPURAM", "commenced_on": "1988-07-24", "closed_on": "1993-11-11", "financial_year_commenced": "1988-1989", "financial_year_closed": "1993-1994", "mast_height_m": 20, "elevation_m": 4, "maws": 6.64, "mawpd": 290.3, "pdf_page": 1, "source_table": "Mast", "project_type": null, "is_revision": false, "state": "TAMIL NADU", "status": "Closed", "clean_notes": null, "review_required": false, "review_reason": null, "latitude": 9.227778, "longitude": 79.343056}}, {"type": "Feature", "geometry": {"type": "Point", "coordinates": [77.664722, 8.198611]}, "properties": {"id": "S0049", "serial_no": 47, "state_serial_no": 47, "station_name": "SANKANERI", "district": "TIRUNELVELI", "commenced_on": "1994-07-14", "closed_on": "1998-01-09", "financial_year_commenced": "1994-1995", "financial_year_closed": "1997-1998", "mast_height_m": 25, "elevation_m": 30, "maws": 6.28, "mawpd": 258.1, "pdf_page": 1, "source_table": "Mast", "project_type": null, "is_revision": false, "state": "TAMIL NADU", "status": "Closed", "clean_notes": null, "review_required": false, "review_reason": null, "latitude": 8.198611, "longitude": 77.664722}}, {"type": "Feature", "geometry": {"type": "Point", "coordinates": [77.491667, 8.254444]}, "properties": {"id": "S0050", "serial_no": 48, "state_serial_no": 48, "station_name": "SEMBAGARAMANPUDUR", "district": "KANYAKUMARI", "commenced_on": "1986-08-22", "closed_on": "1991-10-27", "financial_year_commenced": "1986-1987", "financial_year_closed": "1991-1992", "mast_height_m": 20, "elevation_m": 40, "maws": 6.03, "mawpd": 299.7, "pdf_page": 1, "source_table": "Mast", "project_type": null, "is_revision": false, "state": "TAMIL NADU", "status": "Closed", "clean_notes": null, "review_required": false, "review_reason": null, "latitude": 8.254444, "longitude": 77.491667}}, {"type": "Feature", "geometry": {"type": "Point", "coordinates": [77.306389, 8.685278]}, "properties": {"id": "S0051", "serial_no": 49, "state_serial_no": 49, "station_name": "SERVALLAR HILLS", "district": "TIRUNELVELI", "commenced_on": "1988-07-20", "closed_on": "1991-01-08", "financial_year_commenced": "1988-1989", "financial_year_closed": "1990-1991", "mast_height_m": 20, "elevation_m": 312, "maws": 4.78, "mawpd": 207.1, "pdf_page": 1, "source_table": "Mast", "project_type": null, "is_revision": false, "state": "TAMIL NADU", "status": "Closed", "clean_notes": null, "review_required": false, "review_reason": null, "latitude": 8.685278, "longitude": 77.306389}}, {"type": "Feature", "geometry": {"type": "Point", "coordinates": [77.185833, 10.866667]}, "properties": {"id": "S0052", "serial_no": 50, "state_serial_no": 50, "station_name": "SULTANPET", "district": "COIMBATORE", "commenced_on": "1986-07-28", "closed_on": "1993-05-29", "financial_year_commenced": "1986-1987", "financial_year_closed": "1993-1994", "mast_height_m": 20, "elevation_m": 380, "maws": 5.28, "mawpd": 203.3, "pdf_page": 1, "source_table": "Mast", "project_type": null, "is_revision": false, "state": "TAMIL NADU", "status": "Closed", "clean_notes": null, "review_required": false, "review_reason": null, "latitude": 10.866667, "longitude": 77.185833}}, {"type": "Feature", "geometry": {"type": "Point", "coordinates": [77.658056, 8.795556]}, "properties": {"id": "S0053", "serial_no": 51, "state_serial_no": 51, "station_name": "TALAYATHU", "district": "TIRUNELVELI", "commenced_on": "1988-07-18", "closed_on": "1993-09-10", "financial_year_commenced": "1988-1989", "financial_year_closed": "1993-1994", "mast_height_m": 20, "elevation_m": 105, "maws": 5.69, "mawpd": 324, "pdf_page": 1, "source_table": "Mast", "project_type": null, "is_revision": false, "state": "TAMIL NADU", "status": "Closed", "clean_notes": null, "review_required": false, "review_reason": null, "latitude": 8.795556, "longitude": 77.658056}}, {"type": "Feature", "geometry": {"type": "Point", "coordinates": [77.313583, 10.949444]}, "properties": {"id": "S0054", "serial_no": 52, "state_serial_no": 52, "station_name": "THANNIRPANDAL", "district": "COIMBATORE", "commenced_on": "1996-11-08", "closed_on": "1999-01-06", "financial_year_commenced": "1996-1997", "financial_year_closed": "1998-1999", "mast_height_m": 20, "elevation_m": 400, "maws": 5.06, "mawpd": 216.4, "pdf_page": 1, "source_table": "Mast", "project_type": null, "is_revision": false, "state": "TAMIL NADU", "status": "Closed", "clean_notes": null, "review_required": false, "review_reason": null, "latitude": 10.949444, "longitude": 77.313583}}, {"type": "Feature", "geometry": {"type": "Point", "coordinates": [77.812222, 9.3725]}, "properties": {"id": "S0055", "serial_no": 53, "state_serial_no": 53, "station_name": "THAYILPATTI", "district": "VIRUDHUNAGAR", "commenced_on": "2000-12-23", "closed_on": "2002-03-24", "financial_year_commenced": "2000-2001", "financial_year_closed": "2001-2002", "mast_height_m": 25, "elevation_m": 107, "maws": 3, "mawpd": 40, "pdf_page": 1, "source_table": "Mast", "project_type": null, "is_revision": false, "state": "TAMIL NADU", "status": "Closed", "clean_notes": null, "review_required": false, "review_reason": null, "latitude": 9.3725, "longitude": 77.812222}}, {"type": "Feature", "geometry": {"type": "Point", "coordinates": [77.447222, 8.769444]}, "properties": {"id": "S0056", "serial_no": 54, "state_serial_no": 54, "station_name": "THUPPAKUDI", "district": "TIRUNELVELI", "commenced_on": "1996-03-06", "closed_on": "1997-03-31", "financial_year_commenced": "1995-1996", "financial_year_closed": "1996-1997", "mast_height_m": 20, "elevation_m": 80, "maws": 3.22, "mawpd": 78.1, "pdf_page": 1, "source_table": "Mast", "project_type": null, "is_revision": false, "state": "TAMIL NADU", "status": "Closed", "clean_notes": null, "review_required": false, "review_reason": null, "latitude": 8.769444, "longitude": 77.447222}}, {"type": "Feature", "geometry": {"type": "Point", "coordinates": [78.1325, 8.725833]}, "properties": {"id": "S0057", "serial_no": 55, "state_serial_no": 55, "station_name": "TUTICORIN", "district": "TUTICORIN", "commenced_on": "1986-08-31", "closed_on": "1993-05-24", "financial_year_commenced": "1986-1987", "financial_year_closed": "1993-1994", "mast_height_m": 20, "elevation_m": 3, "maws": 4.89, "mawpd": 147.6, "pdf_page": 1, "source_table": "Mast", "project_type": null, "is_revision": false, "state": "TAMIL NADU", "status": "Closed", "clean_notes": null, "review_required": false, "review_reason": null, "latitude": 8.725833, "longitude": 78.1325}}, {"type": "Feature", "geometry": {"type": "Point", "coordinates": [78.531111, 12.241944]}, "properties": {"id": "S0058", "serial_no": 56, "state_serial_no": 56, "station_name": "UTHANGARAI", "district": "DHARMAPURI", "commenced_on": "1999-09-05", "closed_on": "2000-10-12", "financial_year_commenced": "1999-2000", "financial_year_closed": "2000-2001", "mast_height_m": 25, "elevation_m": 350, "maws": 3.22, "mawpd": 49.6, "pdf_page": 1, "source_table": "Mast", "project_type": null, "is_revision": false, "state": "TAMIL NADU", "status": "Closed", "clean_notes": null, "review_required": false, "review_reason": null, "latitude": 12.241944, "longitude": 78.531111}}, {"type": "Feature", "geometry": {"type": "Point", "coordinates": [77.994722, 8.746389]}, "properties": {"id": "S0059", "serial_no": 57, "state_serial_no": 57, "station_name": "VAKAIKULAM", "district": "TUTICORIN", "commenced_on": "1996-03-04", "closed_on": "1998-11-16", "financial_year_commenced": "1995-1996", "financial_year_closed": "1998-1999", "mast_height_m": 20, "elevation_m": 32, "maws": 4.61, "mawpd": 166.9, "pdf_page": 1, "source_table": "Mast", "project_type": null, "is_revision": false, "state": "TAMIL NADU", "status": "Closed", "clean_notes": null, "review_required": false, "review_reason": null, "latitude": 8.746389, "longitude": 77.994722}}, {"type": "Feature", "geometry": {"type": "Point", "coordinates": [79.853056, 10.358611]}, "properties": {"id": "S0060", "serial_no": 58, "state_serial_no": 58, "station_name": "VEDARANYAM", "district": "NAGAPATTINAM", "commenced_on": "1996-09-12", "closed_on": "1997-11-18", "financial_year_commenced": "1996-1997", "financial_year_closed": "1997-1998", "mast_height_m": 20, "elevation_m": 3, "maws": 3.78, "mawpd": 82.9, "pdf_page": 1, "source_table": "Mast", "project_type": null, "is_revision": false, "state": "TAMIL NADU", "status": "Closed", "clean_notes": null, "review_required": false, "review_reason": null, "latitude": 10.358611, "longitude": 79.853056}}, {"type": "Feature", "geometry": {"type": "Point", "coordinates": [77.614722, 8.349444]}, "properties": {"id": "S0061", "serial_no": 59, "state_serial_no": 59, "station_name": "VINAYAKAPURAM", "district": "TIRUNELVELI", "commenced_on": "1996-07-10", "closed_on": "1998-01-09", "financial_year_commenced": "1996-1997", "financial_year_closed": "1997-1998", "mast_height_m": 20, "elevation_m": 80, "maws": 4.33, "mawpd": 114, "pdf_page": 1, "source_table": "Mast", "project_type": null, "is_revision": false, "state": "TAMIL NADU", "status": "Closed", "clean_notes": null, "review_required": false, "review_reason": null, "latitude": 8.349444, "longitude": 77.614722}}, {"type": "Feature", "geometry": {"type": "Point", "coordinates": [78.539722, 10.602222]}, "properties": {"id": "S0062", "serial_no": 60, "state_serial_no": 60, "station_name": "VIRALIMALAI", "district": "PUDUKOTTAI", "commenced_on": "2000-12-20", "closed_on": "2002-03-25", "financial_year_commenced": "2000-2001", "financial_year_closed": "2001-2002", "mast_height_m": 25, "elevation_m": 167, "maws": 3.27, "mawpd": 49, "pdf_page": 1, "source_table": "Mast", "project_type": null, "is_revision": false, "state": "TAMIL NADU", "status": "Closed", "clean_notes": null, "review_required": false, "review_reason": null, "latitude": 10.602222, "longitude": 78.539722}}, {"type": "Feature", "geometry": {"type": "Point", "coordinates": [77.412778, 10.301389]}, "properties": {"id": "S0063", "serial_no": 61, "state_serial_no": 61, "station_name": "PUDUPUDUR", "district": "DINDIGUL", "commenced_on": "2006-11-21", "closed_on": "2008-04-01", "financial_year_commenced": "2006-2007", "financial_year_closed": "2008-2009", "mast_height_m": 50, "elevation_m": 1860, "maws": 3.16, "mawpd": 42, "pdf_page": 1, "source_table": "Mast", "project_type": null, "is_revision": false, "state": "TAMIL NADU", "status": "Closed", "clean_notes": null, "review_required": false, "review_reason": null, "latitude": 10.301389, "longitude": 77.412778}}, {"type": "Feature", "geometry": {"type": "Point", "coordinates": [76.353333, 11.52]}, "properties": {"id": "S0064", "serial_no": 62, "state_serial_no": 62, "station_name": "UPPATTY", "district": "NILGIRIS", "commenced_on": "2007-09-19", "closed_on": "2009-10-01", "financial_year_commenced": "2007-2008", "financial_year_closed": "2009-2010", "mast_height_m": 50, "elevation_m": 957, "maws": 3.1, "mawpd": 32, "pdf_page": 1, "source_table": "Mast", "project_type": null, "is_revision": false, "state": "TAMIL NADU", "status": "Closed", "clean_notes": null, "review_required": false, "review_reason": null, "latitude": 11.52, "longitude": 76.353333}}, {"type": "Feature", "geometry": {"type": "Point", "coordinates": [79.075833, 9.804167]}, "properties": {"id": "S0065", "serial_no": 63, "state_serial_no": 63, "station_name": "KALIA NAGARI", "district": "RAMANATHAPURAM", "commenced_on": "2008-01-31", "closed_on": "2010-01-31", "financial_year_commenced": "2007-2008", "financial_year_closed": "2009-2010", "mast_height_m": 50, "elevation_m": 7, "maws": 5.56, "mawpd": 157, "pdf_page": 1, "source_table": "Mast", "project_type": null, "is_revision": false, "state": "TAMIL NADU", "status": "Closed", "clean_notes": null, "review_required": false, "review_reason": null, "latitude": 9.804167, "longitude": 79.075833}}, {"type": "Feature", "geometry": {"type": "Point", "coordinates": [77.870278, 12.130278]}, "properties": {"id": "S0066", "serial_no": 64, "state_serial_no": 64, "station_name": "MADAM", "district": "DHARMAPURI", "commenced_on": "2008-08-26", "closed_on": "2010-09-01", "financial_year_commenced": "2008-2009", "financial_year_closed": "2010-2011", "mast_height_m": 50, "elevation_m": 530, "maws": 4.81, "mawpd": 104.6, "pdf_page": 1, "source_table": "Mast", "project_type": null, "is_revision": false, "state": "TAMIL NADU", "status": "Closed", "clean_notes": null, "review_required": false, "review_reason": null, "latitude": 12.130278, "longitude": 77.870278}}, {"type": "Feature", "geometry": {"type": "Point", "coordinates": [77.470833, 9.708056]}, "properties": {"id": "S0067", "serial_no": 65, "state_serial_no": 65, "station_name": "CHINNASHANTIPURAM", "district": "THENI", "commenced_on": "2008-09-01", "closed_on": "2010-09-01", "financial_year_commenced": "2008-2009", "financial_year_closed": "2010-2011", "mast_height_m": 50, "elevation_m": 580, "maws": 3.26, "mawpd": 56.43, "pdf_page": 1, "source_table": "Mast", "project_type": null, "is_revision": false, "state": "TAMIL NADU", "status": "Closed", "clean_notes": null, "review_required": false, "review_reason": null, "latitude": 9.708056, "longitude": 77.470833}}, {"type": "Feature", "geometry": {"type": "Point", "coordinates": [77.651667, 9.810833]}, "properties": {"id": "S0068", "serial_no": 66, "state_serial_no": 66, "station_name": "M.S.PURAM", "district": "MADURAI", "commenced_on": "2008-09-26", "closed_on": "2010-09-01", "financial_year_commenced": "2008-2009", "financial_year_closed": "2010-2011", "mast_height_m": 50, "elevation_m": 253, "maws": 5.57, "mawpd": 343, "pdf_page": 1, "source_table": "Mast", "project_type": null, "is_revision": false, "state": "TAMIL NADU", "status": "Closed", "clean_notes": null, "review_required": false, "review_reason": null, "latitude": 9.810833, "longitude": 77.651667}}, {"type": "Feature", "geometry": {"type": "Point", "coordinates": [77.885556, 12.360694]}, "properties": {"id": "S0069", "serial_no": 67, "state_serial_no": 67, "station_name": "KAMAGIRI", "district": "KRISHNAGIRI", "commenced_on": "2008-09-27", "closed_on": "2010-09-01", "financial_year_commenced": "2008-2009", "financial_year_closed": "2010-2011", "mast_height_m": 50, "elevation_m": 1178, "maws": 6.27, "mawpd": 215.2, "pdf_page": 1, "source_table": "Mast", "project_type": null, "is_revision": false, "state": "TAMIL NADU", "status": "Closed", "clean_notes": null, "review_required": false, "review_reason": null, "latitude": 12.360694, "longitude": 77.885556}}, {"type": "Feature", "geometry": {"type": "Point", "coordinates": [78.887222, 12.585278]}, "properties": {"id": "S0070", "serial_no": 68, "state_serial_no": 68, "station_name": "JAMNA MARTHUR", "district": "THIRUVANNAMALAI", "commenced_on": "2008-10-24", "closed_on": "2010-12-10", "financial_year_commenced": "2008-2009", "financial_year_closed": "2010-2011", "mast_height_m": 50, "elevation_m": 743, "maws": 4.87, "mawpd": 106, "pdf_page": 1, "source_table": "Mast", "project_type": null, "is_revision": false, "state": "TAMIL NADU", "status": "Closed", "clean_notes": null, "review_required": false, "review_reason": null, "latitude": 12.585278, "longitude": 78.887222}}, {"type": "Feature", "geometry": {"type": "Point", "coordinates": [77.080944, 11.595222]}, "properties": {"id": "S0071", "serial_no": 69, "state_serial_no": 69, "station_name": "ITTARAI", "district": "ERODE", "commenced_on": "2012-05-26", "closed_on": "2014-09-18", "financial_year_commenced": "2012-2013", "financial_year_closed": "2014-2015", "mast_height_m": 80, "elevation_m": 1313, "maws": 6.05, "mawpd": 201.62, "pdf_page": 1, "source_table": "Mast", "project_type": null, "is_revision": false, "state": "TAMIL NADU", "status": "Closed", "clean_notes": null, "review_required": false, "review_reason": null, "latitude": 11.595222, "longitude": 77.080944}}, {"type": "Feature", "geometry": {"type": "Point", "coordinates": [77.963806, 8.574083]}, "properties": {"id": "S0072", "serial_no": 70, "state_serial_no": 70, "station_name": "VELLAMADAM", "district": "TUTICORIN", "commenced_on": "2012-05-28", "closed_on": "2014-09-18", "financial_year_commenced": "2012-2013", "financial_year_closed": "2014-2015", "mast_height_m": 80, "elevation_m": 23, "maws": 5.63, "mawpd": 183.83, "pdf_page": 1, "source_table": "Mast", "project_type": null, "is_revision": false, "state": "TAMIL NADU", "status": "Closed", "clean_notes": null, "review_required": false, "review_reason": null, "latitude": 8.574083, "longitude": 77.963806}}, {"type": "Feature", "geometry": {"type": "Point", "coordinates": [77.719667, 8.962297]}, "properties": {"id": "S0073", "serial_no": 71, "state_serial_no": 71, "station_name": "KAYATHAR", "district": "TUTICORIN", "commenced_on": "2013-08-29", "closed_on": "2022-05-01", "financial_year_commenced": "2013-2014", "financial_year_closed": "2022-2023", "mast_height_m": 120, "elevation_m": 88, "maws": 6.29, "mawpd": 319.2, "pdf_page": 1, "source_table": "Mast", "project_type": null, "is_revision": false, "state": "TAMIL NADU", "status": "Closed", "clean_notes": null, "review_required": false, "review_reason": null, "latitude": 8.962297, "longitude": 77.719667}}, {"type": "Feature", "geometry": {"type": "Point", "coordinates": [78.248306, 10.750306]}, "properties": {"id": "S0074", "serial_no": 72, "state_serial_no": 72, "station_name": "MAMARATHUPATTI", "district": "KARUR", "commenced_on": "2013-09-12", "closed_on": "2015-02-28", "financial_year_commenced": "2013-2014", "financial_year_closed": "2014-2015", "mast_height_m": 80, "elevation_m": 225, "maws": 6.11, "mawpd": 271.21, "pdf_page": 1, "source_table": "Mast", "project_type": null, "is_revision": false, "state": "TAMIL NADU", "status": "Closed", "clean_notes": null, "review_required": false, "review_reason": null, "latitude": 10.750306, "longitude": 78.248306}}, {"type": "Feature", "geometry": {"type": "Point", "coordinates": [77.18075, 11.38]}, "properties": {"id": "S0075", "serial_no": 73, "state_serial_no": 73, "station_name": "NALLUR", "district": "ERODE", "commenced_on": "2013-11-10", "closed_on": "2016-04-12", "financial_year_commenced": "2013-2014", "financial_year_closed": "2016-2017", "mast_height_m": 100, "elevation_m": 280, "maws": 4.18, "mawpd": 81.44, "pdf_page": 2, "source_table": "Mast", "project_type": null, "is_revision": false, "state": "TAMIL NADU", "status": "Closed", "clean_notes": null, "review_required": false, "review_reason": null, "latitude": 11.38, "longitude": 77.18075}}, {"type": "Feature", "geometry": {"type": "Point", "coordinates": [79.428969, 9.167994]}, "properties": {"id": "S0076", "serial_no": 74, "state_serial_no": 74, "station_name": "DHANUSKODI", "district": "RAMANATHAPURAM", "commenced_on": "2013-01-10", "closed_on": "2020-04-06", "financial_year_commenced": "2012-2013", "financial_year_closed": "2020-2021", "mast_height_m": 102, "elevation_m": 1, "maws": 8.65, "mawpd": 536, "pdf_page": 2, "source_table": "Mast", "project_type": null, "is_revision": false, "state": "TAMIL NADU", "status": "Closed", "clean_notes": null, "review_required": false, "review_reason": null, "latitude": 9.167994, "longitude": 79.428969}}, {"type": "Feature", "geometry": {"type": "Point", "coordinates": [77.68925, 10.575889]}, "properties": {"id": "S0077", "serial_no": 75, "state_serial_no": 75, "station_name": "KALIMANDAYAM", "district": "DINDIGUL", "commenced_on": "2013-12-13", "closed_on": "2022-08-28", "financial_year_commenced": "2013-2014", "financial_year_closed": "2022-2023", "mast_height_m": 100, "elevation_m": 302, "maws": 5.92, "mawpd": 279.36, "pdf_page": 2, "source_table": "Mast", "project_type": "'*' (legend not given)", "is_revision": false, "state": "TAMIL NADU", "status": "Closed", "clean_notes": null, "review_required": false, "review_reason": null, "latitude": 10.575889, "longitude": 77.68925}}, {"type": "Feature", "geometry": {"type": "Point", "coordinates": [78.138056, 10.743528]}, "properties": {"id": "S0078", "serial_no": 76, "state_serial_no": 76, "station_name": "KARUNGAL / PALAYAM", "district": "DINDIGUL", "commenced_on": "2013-12-15", "closed_on": "2016-12-25", "financial_year_commenced": "2013-2014", "financial_year_closed": "2016-2017", "mast_height_m": 100, "elevation_m": 210, "maws": 6.34, "mawpd": 292.92, "pdf_page": 2, "source_table": "Mast", "project_type": null, "is_revision": false, "state": "TAMIL NADU", "status": "Closed", "clean_notes": null, "review_required": false, "review_reason": null, "latitude": 10.743528, "longitude": 78.138056}}, {"type": "Feature", "geometry": {"type": "Point", "coordinates": [77.738111, 9.473083]}, "properties": {"id": "S0079", "serial_no": 77, "state_serial_no": 77, "station_name": "SRIVILLIPUTHUR", "district": "VIRUDHUNAGAR", "commenced_on": "2013-12-17", "closed_on": "2016-04-11", "financial_year_commenced": "2013-2014", "financial_year_closed": "2016-2017", "mast_height_m": 100, "elevation_m": 146, "maws": 4.22, "mawpd": 87.04, "pdf_page": 2, "source_table": "Mast", "project_type": null, "is_revision": false, "state": "TAMIL NADU", "status": "Closed", "clean_notes": null, "review_required": false, "review_reason": null, "latitude": 9.473083, "longitude": 77.738111}}, {"type": "Feature", "geometry": {"type": "Point", "coordinates": [77.8865, 8.860917]}, "properties": {"id": "S0080", "serial_no": 78, "state_serial_no": 78, "station_name": "AKKANAYAKANPATTI", "district": "TUTICORIN", "commenced_on": "2013-12-19", "closed_on": "2022-07-31", "financial_year_commenced": "2013-2014", "financial_year_closed": "2022-2023", "mast_height_m": 100, "elevation_m": 72, "maws": 7.42, "mawpd": 468.29, "pdf_page": 2, "source_table": "Mast", "project_type": "'*' (legend not given)", "is_revision": false, "state": "TAMIL NADU", "status": "Closed", "clean_notes": null, "review_required": false, "review_reason": null, "latitude": 8.860917, "longitude": 77.8865}}, {"type": "Feature", "geometry": {"type": "Point", "coordinates": [78.295639, 9.079861]}, "properties": {"id": "S0081", "serial_no": 79, "state_serial_no": 79, "station_name": "MELAMANDAI", "district": "TUTICORIN", "commenced_on": "2013-12-21", "closed_on": "2017-01-19", "financial_year_commenced": "2013-2014", "financial_year_closed": "2016-2017", "mast_height_m": 100, "elevation_m": 7, "maws": 6.35, "mawpd": 230.25, "pdf_page": 2, "source_table": "Mast", "project_type": null, "is_revision": false, "state": "TAMIL NADU", "status": "Closed", "clean_notes": null, "review_required": false, "review_reason": null, "latitude": 9.079861, "longitude": 78.295639}}, {"type": "Feature", "geometry": {"type": "Point", "coordinates": [78.712778, 10.056083]}, "properties": {"id": "S0082", "serial_no": 80, "state_serial_no": 80, "station_name": "KEERANIPATTI", "district": "SIVAGANGAI", "commenced_on": "2013-12-26", "closed_on": "2016-04-07", "financial_year_commenced": "2013-2014", "financial_year_closed": "2016-2017", "mast_height_m": 100, "elevation_m": 104, "maws": 4.7, "mawpd": 96.86, "pdf_page": 2, "source_table": "Mast", "project_type": null, "is_revision": false, "state": "TAMIL NADU", "status": "Closed", "clean_notes": null, "review_required": false, "review_reason": null, "latitude": 10.056083, "longitude": 78.712778}}, {"type": "Feature", "geometry": {"type": "Point", "coordinates": [80.344111, 13.279944]}, "properties": {"id": "S0083", "serial_no": 81, "state_serial_no": 81, "station_name": "ENNORE PORT", "district": "CHENNAI", "commenced_on": "2013-12-20", "closed_on": "2016-03-15", "financial_year_commenced": "2013-2014", "financial_year_closed": "2015-2016", "mast_height_m": 80, "elevation_m": 5, "maws": null, "mawpd": null, "pdf_page": 2, "source_table": "Mast", "project_type": "Other project", "is_revision": false, "state": "TAMIL NADU", "status": "Closed", "clean_notes": null, "review_required": false, "review_reason": null, "latitude": 13.279944, "longitude": 80.344111}}, {"type": "Feature", "geometry": {"type": "Point", "coordinates": [78.882667, 10.583722]}, "properties": {"id": "S0084", "serial_no": 82, "state_serial_no": 82, "station_name": "UDAYALIPATTI", "district": "PUDUKOTTAI", "commenced_on": "2014-01-16", "closed_on": "2016-03-25", "financial_year_commenced": "2013-2014", "financial_year_closed": "2015-2016", "mast_height_m": 100, "elevation_m": 110, "maws": 5.59, "mawpd": 160.32, "pdf_page": 2, "source_table": "Mast", "project_type": null, "is_revision": false, "state": "TAMIL NADU", "status": "Closed", "clean_notes": null, "review_required": false, "review_reason": null, "latitude": 10.583722, "longitude": 78.882667}}, {"type": "Feature", "geometry": {"type": "Point", "coordinates": [77.529556, 9.159222]}, "properties": {"id": "S0085", "serial_no": 83, "state_serial_no": 83, "station_name": "SANKARAN KOVIL", "district": "TIRUNELVELI", "commenced_on": "2014-01-17", "closed_on": "2016-04-10", "financial_year_commenced": "2013-2014", "financial_year_closed": "2016-2017", "mast_height_m": 100, "elevation_m": 151, "maws": 5.25, "mawpd": 174.24, "pdf_page": 2, "source_table": "Mast", "project_type": null, "is_revision": false, "state": "TAMIL NADU", "status": "Closed", "clean_notes": null, "review_required": false, "review_reason": null, "latitude": 9.159222, "longitude": 77.529556}}, {"type": "Feature", "geometry": {"type": "Point", "coordinates": [77.734639, 10.141167]}, "properties": {"id": "S0086", "serial_no": 84, "state_serial_no": 84, "station_name": "PALAYA VATHALA KUNDU", "district": "DINDIGUL", "commenced_on": "2014-01-29", "closed_on": "2016-04-07", "financial_year_commenced": "2013-2014", "financial_year_closed": "2016-2017", "mast_height_m": 100, "elevation_m": 270, "maws": 4.87, "mawpd": 132.71, "pdf_page": 2, "source_table": "Mast", "project_type": null, "is_revision": false, "state": "TAMIL NADU", "status": "Closed", "clean_notes": null, "review_required": false, "review_reason": null, "latitude": 10.141167, "longitude": 77.734639}}, {"type": "Feature", "geometry": {"type": "Point", "coordinates": [78.651361, 11.06395]}, "properties": {"id": "S0087", "serial_no": 85, "state_serial_no": 85, "station_name": "SUBRAMANIYA PURAM", "district": "TRICHY", "commenced_on": "2014-01-30", "closed_on": "2019-03-31", "financial_year_commenced": "2013-2014", "financial_year_closed": "2018-2019", "mast_height_m": 100, "elevation_m": 145, "maws": 5.86, "mawpd": 202.73, "pdf_page": 2, "source_table": "Mast", "project_type": "'*' (legend not given)", "is_revision": false, "state": "TAMIL NADU", "status": "Closed", "clean_notes": null, "review_required": false, "review_reason": null, "latitude": 11.06395, "longitude": 78.651361}}, {"type": "Feature", "geometry": {"type": "Point", "coordinates": [78.528319, 10.638261]}, "properties": {"id": "S0088", "serial_no": 86, "state_serial_no": 86, "station_name": "VIRALIMALAI", "district": "PUDUKOTTAI", "commenced_on": "2014-03-11", "closed_on": "2016-04-05", "financial_year_commenced": "2013-2014", "financial_year_closed": "2016-2017", "mast_height_m": 100, "elevation_m": 150, "maws": 5.78, "mawpd": 218.54, "pdf_page": 2, "source_table": "Mast", "project_type": null, "is_revision": false, "state": "TAMIL NADU", "status": "Closed", "clean_notes": null, "review_required": false, "review_reason": null, "latitude": 10.638261, "longitude": 78.528319}}, {"type": "Feature", "geometry": {"type": "Point", "coordinates": [77.936494, 10.276967]}, "properties": {"id": "S0089", "serial_no": 87, "state_serial_no": 87, "station_name": "GANDHIGRAM RURAL INSTITUTE", "district": "DINDIGUL", "commenced_on": "2015-11-03", "closed_on": "2017-07-27", "financial_year_commenced": "2015-2016", "financial_year_closed": "2017-2018", "mast_height_m": 50, "elevation_m": 315, "maws": null, "mawpd": null, "pdf_page": 2, "source_table": "Mast", "project_type": "Other project", "is_revision": false, "state": "TAMIL NADU", "status": "Closed", "clean_notes": null, "review_required": false, "review_reason": null, "latitude": 10.276967, "longitude": 77.936494}}, {"type": "Feature", "geometry": {"type": "Point", "coordinates": [80.181953, 12.656569]}, "properties": {"id": "S0090", "serial_no": 88, "state_serial_no": 88, "station_name": "AARUPADAI VEEDU INSTITTUTE OF TECHNOLOGY", "district": "KANCHEEPURAM", "commenced_on": "2016-01-08", "closed_on": "2017-07-27", "financial_year_commenced": "2015-2016", "financial_year_closed": "2017-2018", "mast_height_m": 50, "elevation_m": 15, "maws": null, "mawpd": null, "pdf_page": 2, "source_table": "Mast", "project_type": "Other project", "is_revision": false, "state": "TAMIL NADU", "status": "Closed", "clean_notes": null, "review_required": false, "review_reason": null, "latitude": 12.656569, "longitude": 80.181953}}, {"type": "Feature", "geometry": {"type": "Point", "coordinates": [77.581233, 8.256983]}, "properties": {"id": "S0091", "serial_no": 89, "state_serial_no": 89, "station_name": "TNPL PERUNGUDI", "district": "TIRUNELVELI", "commenced_on": "2016-07-30", "closed_on": "2022-07-31", "financial_year_commenced": "2016-2017", "financial_year_closed": "2022-2023", "mast_height_m": 50, "elevation_m": 45, "maws": 6.35, "mawpd": 251.26, "pdf_page": 2, "source_table": "Mast", "project_type": "Other project", "is_revision": false, "state": "TAMIL NADU", "status": "Closed", "clean_notes": null, "review_required": false, "review_reason": null, "latitude": 8.256983, "longitude": 77.581233}}, {"type": "Feature", "geometry": {"type": "Point", "coordinates": [79.150089, 9.943017]}, "properties": {"id": "S0092", "serial_no": 90, "state_serial_no": 90, "station_name": "KELAYAMBAL", "district": "PUDUKOTTAI", "commenced_on": "2016-12-23", "closed_on": "2018-02-28", "financial_year_commenced": "2016-2017", "financial_year_closed": "2017-2018", "mast_height_m": 80, "elevation_m": 7, "maws": 5.62, "mawpd": 157.34, "pdf_page": 2, "source_table": "Mast", "project_type": "Other project", "is_revision": false, "state": "TAMIL NADU", "status": "Closed", "clean_notes": null, "review_required": false, "review_reason": null, "latitude": 9.943017, "longitude": 79.150089}}, {"type": "Feature", "geometry": {"type": "Point", "coordinates": [78.738614, 10.971414]}, "properties": {"id": "S0093", "serial_no": 91, "state_serial_no": 91, "station_name": "DEVIMANGALAM", "district": "TRICHY", "commenced_on": "2017-02-07", "closed_on": "2019-03-31", "financial_year_commenced": "2016-2017", "financial_year_closed": "2018-2019", "mast_height_m": 100, "elevation_m": 91, "maws": 5.69, "mawpd": 177.64, "pdf_page": 2, "source_table": "Mast", "project_type": "'*' (legend not given)", "is_revision": false, "state": "TAMIL NADU", "status": "Closed", "clean_notes": null, "review_required": false, "review_reason": null, "latitude": 10.971414, "longitude": 78.738614}}, {"type": "Feature", "geometry": {"type": "Point", "coordinates": [77.536367, 8.260553]}, "properties": {"id": "S0094", "serial_no": 92, "state_serial_no": 92, "station_name": "DALMIA(MUPPANDAL)", "district": "KANYAKUMARI", "commenced_on": "2017-11-01", "closed_on": "2022-07-31", "financial_year_commenced": "2017-2018", "financial_year_closed": "2022-2023", "mast_height_m": 50, "elevation_m": 121, "maws": 7.31, "mawpd": 365.7, "pdf_page": 2, "source_table": "Mast", "project_type": null, "is_revision": false, "state": "TAMIL NADU", "status": "Closed", "clean_notes": null, "review_required": false, "review_reason": null, "latitude": 8.260553, "longitude": 77.536367}}, {"type": "Feature", "geometry": {"type": "Point", "coordinates": [77.595342, 8.285664]}, "properties": {"id": "S0095", "serial_no": 93, "state_serial_no": 93, "station_name": "KAVALKINARU (ABAN 1)", "district": "TIRUNELVELI", "commenced_on": "2018-01-20", "closed_on": "2022-07-31", "financial_year_commenced": "2017-2018", "financial_year_closed": "2022-2023", "mast_height_m": 100, "elevation_m": 72, "maws": null, "mawpd": null, "pdf_page": 2, "source_table": "Mast", "project_type": null, "is_revision": false, "state": "TAMIL NADU", "status": "Closed", "clean_notes": null, "review_required": false, "review_reason": null, "latitude": 8.285664, "longitude": 77.595342}}, {"type": "Feature", "geometry": {"type": "Point", "coordinates": [77.481692, 8.947]}, "properties": {"id": "S0096", "serial_no": 94, "state_serial_no": 94, "station_name": "VEERANAM", "district": "TIRUNELVELI", "commenced_on": "2018-01-24", "closed_on": "2022-07-31", "financial_year_commenced": "2017-2018", "financial_year_closed": "2022-2023", "mast_height_m": 100, "elevation_m": 122, "maws": 6.49, "mawpd": 365.1, "pdf_page": 2, "source_table": "Mast", "project_type": null, "is_revision": false, "state": "TAMIL NADU", "status": "Closed", "clean_notes": null, "review_required": false, "review_reason": null, "latitude": 8.947, "longitude": 77.481692}}, {"type": "Feature", "geometry": {"type": "Point", "coordinates": [77.669708, 8.253083]}, "properties": {"id": "S0097", "serial_no": 95, "state_serial_no": 95, "station_name": "RADHAPURAM (ABAN 2)", "district": "TIRUNELVELI", "commenced_on": "2018-01-22", "closed_on": "2022-07-31", "financial_year_commenced": "2017-2018", "financial_year_closed": "2022-2023", "mast_height_m": 100, "elevation_m": 49, "maws": null, "mawpd": null, "pdf_page": 2, "source_table": "Mast", "project_type": null, "is_revision": false, "state": "TAMIL NADU", "status": "Closed", "clean_notes": null, "review_required": false, "review_reason": null, "latitude": 8.253083, "longitude": 77.669708}}, {"type": "Feature", "geometry": {"type": "Point", "coordinates": [77.520281, 8.997522]}, "properties": {"id": "S0098", "serial_no": 96, "state_serial_no": 96, "station_name": "UTHUMALAI", "district": "TIRUNELVELI", "commenced_on": "2021-03-17", "closed_on": "2023-07-08", "financial_year_commenced": "2020-2021", "financial_year_closed": "2022-2023", "mast_height_m": 100, "elevation_m": 122, "maws": 4.88, "mawpd": 186.98, "pdf_page": 2, "source_table": "Mast", "project_type": null, "is_revision": false, "state": "TAMIL NADU", "status": "Closed", "clean_notes": null, "review_required": true, "review_reason": "Closed date 2023-07-08 does not match FY 2022-2023", "latitude": 8.997522, "longitude": 77.520281}}, {"type": "Feature", "geometry": {"type": "Point", "coordinates": [77.385003, 9.961392]}, "properties": {"id": "S0099", "serial_no": 97, "state_serial_no": 97, "station_name": "DOMBUCHERY", "district": "THENI", "commenced_on": "2021-03-18", "closed_on": "2023-07-06", "financial_year_commenced": "2020-2021", "financial_year_closed": "2022-2023", "mast_height_m": 100, "elevation_m": 327, "maws": 6.48, "mawpd": 354.63, "pdf_page": 2, "source_table": "Mast", "project_type": null, "is_revision": false, "state": "TAMIL NADU", "status": "Closed", "clean_notes": null, "review_required": true, "review_reason": "Closed date 2023-07-06 does not match FY 2022-2023", "latitude": 9.961392, "longitude": 77.385003}}, {"type": "Feature", "geometry": {"type": "Point", "coordinates": [78.247514, 10.683067]}, "properties": {"id": "S0100", "serial_no": 98, "state_serial_no": 98, "station_name": "MAVATHUR", "district": "KARUR", "commenced_on": "2021-03-19", "closed_on": "2023-07-04", "financial_year_commenced": "2020-2021", "financial_year_closed": "2022-2023", "mast_height_m": 100, "elevation_m": 198, "maws": 5.4, "mawpd": 177.42, "pdf_page": 2, "source_table": "Mast", "project_type": null, "is_revision": false, "state": "TAMIL NADU", "status": "Closed", "clean_notes": null, "review_required": true, "review_reason": "Closed date 2023-07-04 does not match FY 2022-2023", "latitude": 10.683067, "longitude": 78.247514}}, {"type": "Feature", "geometry": {"type": "Point", "coordinates": [77.120578, 10.676119]}, "properties": {"id": "S0101", "serial_no": 99, "state_serial_no": 99, "station_name": "POLLACHI", "district": "COIMBATORE", "commenced_on": "2021-03-20", "closed_on": "2023-07-04", "financial_year_commenced": "2020-2021", "financial_year_closed": "2022-2023", "mast_height_m": 100, "elevation_m": 379, "maws": 7.1, "mawpd": 301.15, "pdf_page": 2, "source_table": "Mast", "project_type": null, "is_revision": false, "state": "TAMIL NADU", "status": "Closed", "clean_notes": null, "review_required": true, "review_reason": "Closed date 2023-07-04 does not match FY 2022-2023", "latitude": 10.676119, "longitude": 77.120578}}, {"type": "Feature", "geometry": {"type": "Point", "coordinates": [70.979167, 23.5575]}, "properties": {"id": "S0102", "serial_no": 100, "state_serial_no": 1, "station_name": "ADESAR", "district": "KUTCH", "commenced_on": "1988-06-13", "closed_on": "1993-10-20", "financial_year_commenced": "1988-1989", "financial_year_closed": "1993-1994", "mast_height_m": 20, "elevation_m": 30, "maws": 4.33, "mawpd": 93.4, "pdf_page": 2, "source_table": "Mast", "project_type": null, "is_revision": false, "state": "GUJARAT", "status": "Closed", "clean_notes": null, "review_required": false, "review_reason": null, "latitude": 23.5575, "longitude": 70.979167}}, {"type": "Feature", "geometry": {"type": "Point", "coordinates": [70.418111, 21.179694]}, "properties": {"id": "S0103", "serial_no": 101, "state_serial_no": 2, "station_name": "AMRAPAR (GIR)", "district": "JUNAGADH", "commenced_on": "1996-08-10", "closed_on": "1998-10-09", "financial_year_commenced": "1996-1997", "financial_year_closed": "1998-1999", "mast_height_m": 20, "elevation_m": 146, "maws": 5.47, "mawpd": 147.1, "pdf_page": 2, "source_table": "Mast", "project_type": null, "is_revision": false, "state": "GUJARAT", "status": "Closed", "clean_notes": null, "review_required": false, "review_reason": null, "latitude": 21.179694, "longitude": 70.418111}}, {"type": "Feature", "geometry": {"type": "Point", "coordinates": [70.027167, 21.730194]}, "properties": {"id": "S0104", "serial_no": 102, "state_serial_no": 3, "station_name": "AMRAPAR (SETH)", "district": "RAJKOT", "commenced_on": "1997-02-11", "closed_on": "1999-05-08", "financial_year_commenced": "1996-1997", "financial_year_closed": "1999-2000", "mast_height_m": 20, "elevation_m": 102, "maws": 5.33, "mawpd": 151.3, "pdf_page": 2, "source_table": "Mast", "project_type": null, "is_revision": false, "state": "GUJARAT", "status": "Closed", "clean_notes": null, "review_required": false, "review_reason": null, "latitude": 21.730194, "longitude": 70.027167}}, {"type": "Feature", "geometry": {"type": "Point", "coordinates": [71.026222, 22.407028]}, "properties": {"id": "S0105", "serial_no": 103, "state_serial_no": 4, "station_name": "BAMANBORE 1", "district": "SURENDRA NAGAR", "commenced_on": "1988-02-07", "closed_on": "1992-12-24", "financial_year_commenced": "1987-1988", "financial_year_closed": "1992-1993", "mast_height_m": 20, "elevation_m": 186, "maws": 4.31, "mawpd": 108.2, "pdf_page": 2, "source_table": "Mast", "project_type": null, "is_revision": false, "state": "GUJARAT", "status": "Closed", "clean_notes": null, "review_required": false, "review_reason": null, "latitude": 22.407028, "longitude": 71.026222}}, {"type": "Feature", "geometry": {"type": "Point", "coordinates": [71.056806, 22.430444]}, "properties": {"id": "S0106", "serial_no": 104, "state_serial_no": 5, "station_name": "BAMANBORE 2", "district": "SURENDRA NAGAR", "commenced_on": "1990-10-28", "closed_on": "1995-10-21", "financial_year_commenced": "1990-1991", "financial_year_closed": "1995-1996", "mast_height_m": 20, "elevation_m": 227, "maws": 5.64, "mawpd": 170.9, "pdf_page": 2, "source_table": "Mast", "project_type": null, "is_revision": false, "state": "GUJARAT", "status": "Closed", "clean_notes": null, "review_required": false, "review_reason": null, "latitude": 22.430444, "longitude": 71.056806}}, {"type": "Feature", "geometry": {"type": "Point", "coordinates": [69.171389, 22.940556]}, "properties": {"id": "S0107", "serial_no": 105, "state_serial_no": 6, "station_name": "BAYATH", "district": "KUTCH", "commenced_on": "1997-06-14", "closed_on": "1999-07-13", "financial_year_commenced": "1997-1998", "financial_year_closed": "1999-2000", "mast_height_m": 20, "elevation_m": 20, "maws": 5, "mawpd": 118.2, "pdf_page": 2, "source_table": "Mast", "project_type": null, "is_revision": false, "state": "GUJARAT", "status": "Closed", "clean_notes": null, "review_required": false, "review_reason": null, "latitude": 22.940556, "longitude": 69.171389}}, {"type": "Feature", "geometry": {"type": "Point", "coordinates": [69.6825, 22.089167]}, "properties": {"id": "S0108", "serial_no": 106, "state_serial_no": 7, "station_name": "BHANDARIYA", "district": "JAMNAGAR", "commenced_on": "1992-12-22", "closed_on": "1996-12-08", "financial_year_commenced": "1992-1993", "financial_year_closed": "1996-1997", "mast_height_m": 20, "elevation_m": 97, "maws": 5.42, "mawpd": 161.7, "pdf_page": 2, "source_table": "Mast", "project_type": null, "is_revision": false, "state": "GUJARAT", "status": "Closed", "clean_notes": null, "review_required": false, "review_reason": null, "latitude": 22.089167, "longitude": 69.6825}}, {"type": "Feature", "geometry": {"type": "Point", "coordinates": [70.202306, 21.949611]}, "properties": {"id": "S0109", "serial_no": 107, "state_serial_no": 8, "station_name": "BUTAVADAR", "district": "JAMNAGAR", "commenced_on": "2001-04-22", "closed_on": "2003-08-28", "financial_year_commenced": "2001-2002", "financial_year_closed": "2003-2004", "mast_height_m": 20, "elevation_m": 119, "maws": 4.56, "mawpd": 98, "pdf_page": 2, "source_table": "Mast", "project_type": null, "is_revision": false, "state": "GUJARAT", "status": "Closed", "clean_notes": null, "review_required": false, "review_reason": null, "latitude": 21.949611, "longitude": 70.202306}}, {"type": "Feature", "geometry": {"type": "Point", "coordinates": [74.176389, 22.841944]}, "properties": {"id": "S0110", "serial_no": 108, "state_serial_no": 9, "station_name": "DAHOD", "district": "DAHOD", "commenced_on": "1988-05-26", "closed_on": "1993-10-19", "financial_year_commenced": "1988-1989", "financial_year_closed": "1993-1994", "mast_height_m": 20, "elevation_m": 360, "maws": 4.72, "mawpd": 107.9, "pdf_page": 2, "source_table": "Mast", "project_type": null, "is_revision": false, "state": "GUJARAT", "status": "Closed", "clean_notes": null, "review_required": false, "review_reason": null, "latitude": 22.841944, "longitude": 74.176389}}, {"type": "Feature", "geometry": {"type": "Point", "coordinates": [72.808611, 20.891389]}, "properties": {"id": "S0111", "serial_no": 109, "state_serial_no": 10, "station_name": "DANDI", "district": "NAVSARI", "commenced_on": "1988-06-02", "closed_on": "1992-08-24", "financial_year_commenced": "1988-1989", "financial_year_closed": "1992-1993", "mast_height_m": 20, "elevation_m": 3, "maws": 4.03, "mawpd": 72.3, "pdf_page": 2, "source_table": "Mast", "project_type": null, "is_revision": false, "state": "GUJARAT", "status": "Closed", "clean_notes": null, "review_required": false, "review_reason": null, "latitude": 20.891389, "longitude": 72.808611}}, {"type": "Feature", "geometry": {"type": "Point", "coordinates": [71.366667, 22.383333]}, "properties": {"id": "S0112", "serial_no": 110, "state_serial_no": 11, "station_name": "DHANDHALPUR", "district": "SURENDRA NAGAR", "commenced_on": "2001-07-06", "closed_on": "2004-03-15", "financial_year_commenced": "2001-2002", "financial_year_closed": "2003-2004", "mast_height_m": 25, "elevation_m": 185, "maws": 5.51, "mawpd": 144, "pdf_page": 2, "source_table": "Mast", "project_type": null, "is_revision": false, "state": "GUJARAT", "status": "Closed", "clean_notes": null, "review_required": false, "review_reason": null, "latitude": 22.383333, "longitude": 71.366667}}, {"type": "Feature", "geometry": {"type": "Point", "coordinates": [70.121917, 21.787278]}, "properties": {"id": "S0113", "serial_no": 111, "state_serial_no": 12, "station_name": "DHANK 1 (1)", "district": "RAJKOT", "commenced_on": "1990-10-28", "closed_on": "1998-02-23", "financial_year_commenced": "1990-1991", "financial_year_closed": "1997-1998", "mast_height_m": 20, "elevation_m": 154, "maws": 6.78, "mawpd": 311.5, "pdf_page": 2, "source_table": "Mast", "project_type": null, "is_revision": false, "state": "GUJARAT", "status": "Closed", "clean_notes": null, "review_required": false, "review_reason": null, "latitude": 21.787278, "longitude": 70.121917}}, {"type": "Feature", "geometry": {"type": "Point", "coordinates": [70.117472, 21.790131]}, "properties": {"id": "S0115", "serial_no": 112, "state_serial_no": 13, "station_name": "DHANK 2", "district": "RAJKOT", "commenced_on": "1990-10-28", "closed_on": "1995-10-21", "financial_year_commenced": "1990-1991", "financial_year_closed": "1995-1996", "mast_height_m": 20, "elevation_m": 187, "maws": 6.97, "mawpd": 327, "pdf_page": 2, "source_table": "Mast", "project_type": null, "is_revision": false, "state": "GUJARAT", "status": "Closed", "clean_notes": null, "review_required": false, "review_reason": null, "latitude": 21.790131, "longitude": 70.117472}}, {"type": "Feature", "geometry": {"type": "Point", "coordinates": [69.7475, 23.940833]}, "properties": {"id": "S0116", "serial_no": 113, "state_serial_no": 14, "station_name": "DHROBANA", "district": "KUTCH", "commenced_on": "1999-02-22", "closed_on": "2000-11-13", "financial_year_commenced": "1998-1999", "financial_year_closed": "2000-2001", "mast_height_m": 25, "elevation_m": 40, "maws": 4.81, "mawpd": 124.1, "pdf_page": 2, "source_table": "Mast", "project_type": null, "is_revision": false, "state": "GUJARAT", "status": "Closed", "clean_notes": null, "review_required": false, "review_reason": null, "latitude": 23.940833, "longitude": 69.7475}}, {"type": "Feature", "geometry": {"type": "Point", "coordinates": [73.533333, 21.2]}, "properties": {"id": "S0117", "serial_no": 114, "state_serial_no": 15, "station_name": "DUMDHA", "district": "SURAT", "commenced_on": "1999-02-27", "closed_on": "2000-09-03", "financial_year_commenced": "1998-1999", "financial_year_closed": "2000-2001", "mast_height_m": 25, "elevation_m": 145, "maws": 4.14, "mawpd": 94.1, "pdf_page": 2, "source_table": "Mast", "project_type": null, "is_revision": false, "state": "GUJARAT", "status": "Closed", "clean_notes": "latitude seconds missing in PDF; taken as 0; longitude seconds missing in PDF; taken as 0", "review_required": true, "review_reason": "latitude seconds missing in PDF; taken as 0; longitude seconds missing in PDF; taken as 0", "latitude": 21.2, "longitude": 73.533333}}, {"type": "Feature", "geometry": {"type": "Point", "coordinates": [70.114222, 22.247667]}, "properties": {"id": "S0118", "serial_no": 115, "state_serial_no": 16, "station_name": "GALA", "district": "JAMNAGAR", "commenced_on": "1998-08-07", "closed_on": "2000-11-15", "financial_year_commenced": "1998-1999", "financial_year_closed": "2000-2001", "mast_height_m": 20, "elevation_m": 111, "maws": 5.49, "mawpd": 175, "pdf_page": 2, "source_table": "Mast", "project_type": null, "is_revision": false, "state": "GUJARAT", "status": "Closed", "clean_notes": null, "review_required": false, "review_reason": null, "latitude": 22.247667, "longitude": 70.114222}}, {"type": "Feature", "geometry": {"type": "Point", "coordinates": [71.313472, 22.054278]}, "properties": {"id": "S0119", "serial_no": 116, "state_serial_no": 17, "station_name": "GODLADHAR", "district": "RAJKOT", "commenced_on": "1997-02-13", "closed_on": "1999-05-07", "financial_year_commenced": "1996-1997", "financial_year_closed": "1999-2000", "mast_height_m": 20, "elevation_m": 240, "maws": 5.52, "mawpd": 144, "pdf_page": 2, "source_table": "Mast", "project_type": null, "is_revision": false, "state": "GUJARAT", "status": "Closed", "clean_notes": null, "review_required": false, "review_reason": null, "latitude": 22.054278, "longitude": 71.313472}}, {"type": "Feature", "geometry": {"type": "Point", "coordinates": [69.639306, 22.265694]}, "properties": {"id": "S0120", "serial_no": 117, "state_serial_no": 18, "station_name": "HARIPAR", "district": "JAMNAGAR", "commenced_on": "1996-08-09", "closed_on": "1998-12-20", "financial_year_commenced": "1996-1997", "financial_year_closed": "1998-1999", "mast_height_m": 20, "elevation_m": 51, "maws": 5.46, "mawpd": 159.9, "pdf_page": 2, "source_table": "Mast", "project_type": null, "is_revision": false, "state": "GUJARAT", "status": "Closed", "clean_notes": null, "review_required": false, "review_reason": null, "latitude": 22.265694, "longitude": 69.639306}}, {"type": "Feature", "geometry": {"type": "Point", "coordinates": [69.363944, 21.837389]}, "properties": {"id": "S0121", "serial_no": 118, "state_serial_no": 19, "station_name": "HARSHAD", "district": "JAMNAGAR", "commenced_on": "1986-12-07", "closed_on": "1992-02-27", "financial_year_commenced": "1986-1987", "financial_year_closed": "1991-1992", "mast_height_m": 20, "elevation_m": 15, "maws": 5.56, "mawpd": 163.7, "pdf_page": 2, "source_table": "Mast", "project_type": null, "is_revision": false, "state": "GUJARAT", "status": "Closed", "clean_notes": null, "review_required": false, "review_reason": null, "latitude": 21.837389, "longitude": 69.363944}}, {"type": "Feature", "geometry": {"type": "Point", "coordinates": [71.392525, 20.897186]}, "properties": {"id": "S0122", "serial_no": 119, "state_serial_no": 20, "station_name": "JAFRABAD", "district": "AMRELI", "commenced_on": "1988-06-15", "closed_on": "1993-10-25", "financial_year_commenced": "1988-1989", "financial_year_closed": "1993-1994", "mast_height_m": 20, "elevation_m": 25, "maws": 4.86, "mawpd": 137.3, "pdf_page": 2, "source_table": "Mast", "project_type": null, "is_revision": false, "state": "GUJARAT", "status": "Closed", "clean_notes": null, "review_required": false, "review_reason": null, "latitude": 20.897186, "longitude": 71.392525}}, {"type": "Feature", "geometry": {"type": "Point", "coordinates": [68.598056, 23.578333]}, "properties": {"id": "S0123", "serial_no": 120, "state_serial_no": 21, "station_name": "JAMANVADA", "district": "KUTCH", "commenced_on": "1993-02-22", "closed_on": "1996-12-11", "financial_year_commenced": "1992-1993", "financial_year_closed": "1996-1997", "mast_height_m": 20, "elevation_m": 60, "maws": 5.17, "mawpd": 149.4, "pdf_page": 2, "source_table": "Mast", "project_type": null, "is_revision": false, "state": "GUJARAT", "status": "Closed", "clean_notes": null, "review_required": false, "review_reason": null, "latitude": 23.578333, "longitude": 68.598056}}, {"type": "Feature", "geometry": {"type": "Point", "coordinates": [71.091667, 21.357056]}, "properties": {"id": "S0124", "serial_no": 121, "state_serial_no": 22, "station_name": "JASAPAR", "district": "AMRELI", "commenced_on": "2001-04-25", "closed_on": "2003-08-29", "financial_year_commenced": "2001-2002", "financial_year_closed": "2003-2004", "mast_height_m": 20, "elevation_m": 224, "maws": 4.78, "mawpd": 104, "pdf_page": 2, "source_table": "Mast", "project_type": null, "is_revision": false, "state": "GUJARAT", "status": "Closed", "clean_notes": null, "review_required": false, "review_reason": null, "latitude": 21.357056, "longitude": 71.091667}}, {"type": "Feature", "geometry": {"type": "Point", "coordinates": [70.697222, 21.791944]}, "properties": {"id": "S0125", "serial_no": 122, "state_serial_no": 23, "station_name": "KAGAVAD", "district": "RAJKOT", "commenced_on": "2000-03-14", "closed_on": "2003-03-23", "financial_year_commenced": "1999-2000", "financial_year_closed": "2002-2003", "mast_height_m": 20, "elevation_m": 132, "maws": 5.13, "mawpd": 141, "pdf_page": 2, "source_table": "Mast", "project_type": null, "is_revision": false, "state": "GUJARAT", "status": "Closed", "clean_notes": null, "review_required": false, "review_reason": null, "latitude": 21.791944, "longitude": 70.697222}}, {"type": "Feature", "geometry": {"type": "Point", "coordinates": [69.401611, 22.056722]}, "properties": {"id": "S0126", "serial_no": 123, "state_serial_no": 24, "station_name": "KALYANPUR", "district": "JAMNAGAR", "commenced_on": "1990-10-31", "closed_on": "1995-10-20", "financial_year_commenced": "1990-1991", "financial_year_closed": "1995-1996", "mast_height_m": 20, "elevation_m": 92, "maws": 6.14, "mawpd": 207.5, "pdf_page": 2, "source_table": "Mast", "project_type": null, "is_revision": false, "state": "GUJARAT", "status": "Closed", "clean_notes": null, "review_required": false, "review_reason": null, "latitude": 22.056722, "longitude": 69.401611}}, {"type": "Feature", "geometry": {"type": "Point", "coordinates": [69.614167, 23.055833]}, "properties": {"id": "S0127", "serial_no": 124, "state_serial_no": 25, "station_name": "KERA", "district": "KUTCH", "commenced_on": "1996-08-14", "closed_on": "1998-10-07", "financial_year_commenced": "1996-1997", "financial_year_closed": "1998-1999", "mast_height_m": 20, "elevation_m": 120, "maws": 5.39, "mawpd": 135.3, "pdf_page": 2, "source_table": "Mast", "project_type": null, "is_revision": false, "state": "GUJARAT", "status": "Closed", "clean_notes": null, "review_required": false, "review_reason": null, "latitude": 23.055833, "longitude": 69.614167}}, {"type": "Feature", "geometry": {"type": "Point", "coordinates": [71.360861, 21.972417]}, "properties": {"id": "S0128", "serial_no": 125, "state_serial_no": 26, "station_name": "KHAMBADA", "district": "AMRELI", "commenced_on": "1999-11-20", "closed_on": "2002-12-24", "financial_year_commenced": "1999-2000", "financial_year_closed": "2002-2003", "mast_height_m": 20, "elevation_m": 169, "maws": 4.94, "mawpd": 126.2, "pdf_page": 2, "source_table": "Mast", "project_type": null, "is_revision": false, "state": "GUJARAT", "status": "Closed", "clean_notes": null, "review_required": false, "review_reason": null, "latitude": 21.972417, "longitude": 71.360861}}, {"type": "Feature", "geometry": {"type": "Point", "coordinates": [69.778422, 23.172439]}, "properties": {"id": "S0129", "serial_no": 126, "state_serial_no": 27, "station_name": "KUKMA", "district": "KUTCH", "commenced_on": "1990-08-14", "closed_on": "1993-10-22", "financial_year_commenced": "1990-1991", "financial_year_closed": "1993-1994", "mast_height_m": 20, "elevation_m": 224, "maws": 5.33, "mawpd": 149.6, "pdf_page": 2, "source_table": "Mast", "project_type": null, "is_revision": false, "state": "GUJARAT", "status": "Closed", "clean_notes": null, "review_required": false, "review_reason": null, "latitude": 23.172439, "longitude": 69.778422}}, {"type": "Feature", "geometry": {"type": "Point", "coordinates": [69.291222, 21.890389]}, "properties": {"id": "S0130", "serial_no": 127, "state_serial_no": 28, "station_name": "LAMBA", "district": "JAMNAGAR", "commenced_on": "1992-12-22", "closed_on": "1997-02-10", "financial_year_commenced": "1992-1993", "financial_year_closed": "1996-1997", "mast_height_m": 20, "elevation_m": 8, "maws": 5.56, "mawpd": 164.2, "pdf_page": 2, "source_table": "Mast", "project_type": null, "is_revision": false, "state": "GUJARAT", "status": "Closed", "clean_notes": null, "review_required": false, "review_reason": null, "latitude": 21.890389, "longitude": 69.291222}}, {"type": "Feature", "geometry": {"type": "Point", "coordinates": [70.985944, 22.554333]}, "properties": {"id": "S0131", "serial_no": 128, "state_serial_no": 29, "station_name": "LIMBARA", "district": "RAJKOT", "commenced_on": "1992-12-25", "closed_on": "1996-12-09", "financial_year_commenced": "1992-1993", "financial_year_closed": "1996-1997", "mast_height_m": 20, "elevation_m": 165, "maws": 5.31, "mawpd": 165.6, "pdf_page": 2, "source_table": "Mast", "project_type": null, "is_revision": false, "state": "GUJARAT", "status": "Closed", "clean_notes": null, "review_required": false, "review_reason": null, "latitude": 22.554333, "longitude": 70.985944}}, {"type": "Feature", "geometry": {"type": "Point", "coordinates": [71.192139, 22.280444]}, "properties": {"id": "S0132", "serial_no": 129, "state_serial_no": 30, "station_name": "MAHIDAD", "district": "SURENDRA NAGAR", "commenced_on": "1998-12-23", "closed_on": "2001-04-18", "financial_year_commenced": "1998-1999", "financial_year_closed": "2001-2002", "mast_height_m": 25, "elevation_m": 326, "maws": 5.97, "mawpd": 178, "pdf_page": 2, "source_table": "Mast", "project_type": null, "is_revision": false, "state": "GUJARAT", "status": "Closed", "clean_notes": null, "review_required": false, "review_reason": null, "latitude": 22.280444, "longitude": 71.192139}}, {"type": "Feature", "geometry": {"type": "Point", "coordinates": [71.095611, 22.467722]}, "properties": {"id": "S0133", "serial_no": 130, "state_serial_no": 31, "station_name": "MESARIA", "district": "RAJKOT", "commenced_on": "1996-08-07", "closed_on": "1998-10-05", "financial_year_commenced": "1996-1997", "financial_year_closed": "1998-1999", "mast_height_m": 20, "elevation_m": 193, "maws": 5.11, "mawpd": 124, "pdf_page": 2, "source_table": "Mast", "project_type": null, "is_revision": false, "state": "GUJARAT", "status": "Closed", "clean_notes": null, "review_required": false, "review_reason": null, "latitude": 22.467722, "longitude": 71.095611}}, {"type": "Feature", "geometry": {"type": "Point", "coordinates": [71.013167, 22.004083]}, "properties": {"id": "S0134", "serial_no": 131, "state_serial_no": 32, "station_name": "MOTA DADAWA", "district": "RAJKOT", "commenced_on": "2000-01-18", "closed_on": "2001-07-10", "financial_year_commenced": "1999-2000", "financial_year_closed": "2001-2002", "mast_height_m": 20, "elevation_m": 179, "maws": 4.92, "mawpd": 112.5, "pdf_page": 2, "source_table": "Mast", "project_type": null, "is_revision": false, "state": "GUJARAT", "status": "Closed", "clean_notes": null, "review_required": false, "review_reason": null, "latitude": 22.004083, "longitude": 71.013167}}, {"type": "Feature", "geometry": {"type": "Point", "coordinates": [68.783333, 23.156667]}, "properties": {"id": "S0135", "serial_no": 132, "state_serial_no": 33, "station_name": "MOTI SINDHOLI", "district": "KUTCH", "commenced_on": "1988-05-28", "closed_on": "1993-10-21", "financial_year_commenced": "1988-1989", "financial_year_closed": "1993-1994", "mast_height_m": 20, "elevation_m": 10, "maws": 4.87, "mawpd": 117.9, "pdf_page": 2, "source_table": "Mast", "project_type": null, "is_revision": false, "state": "GUJARAT", "status": "Closed", "clean_notes": null, "review_required": false, "review_reason": null, "latitude": 23.156667, "longitude": 68.783333}}, {"type": "Feature", "geometry": {"type": "Point", "coordinates": [69.721667, 22.791389]}, "properties": {"id": "S0136", "serial_no": 133, "state_serial_no": 34, "station_name": "MUNDRA", "district": "KUTCH", "commenced_on": "1988-05-29", "closed_on": "1993-10-21", "financial_year_commenced": "1988-1989", "financial_year_closed": "1993-1994", "mast_height_m": 20, "elevation_m": 2, "maws": 5.42, "mawpd": 167.5, "pdf_page": 2, "source_table": "Mast", "project_type": null, "is_revision": false, "state": "GUJARAT", "status": "Closed", "clean_notes": null, "review_required": false, "review_reason": null, "latitude": 22.791389, "longitude": 69.721667}}, {"type": "Feature", "geometry": {"type": "Point", "coordinates": [71.450972, 21.910722]}, "properties": {"id": "S0137", "serial_no": 134, "state_serial_no": 35, "station_name": "NANI KUNDAL", "district": "AMRELI", "commenced_on": "1997-04-13", "closed_on": "1999-07-08", "financial_year_commenced": "1997-1998", "financial_year_closed": "1999-2000", "mast_height_m": 20, "elevation_m": 166, "maws": 5.74, "mawpd": 162.5, "pdf_page": 2, "source_table": "Mast", "project_type": null, "is_revision": false, "state": "GUJARAT", "status": "Closed", "clean_notes": null, "review_required": false, "review_reason": null, "latitude": 21.910722, "longitude": 71.450972}}, {"type": "Feature", "geometry": {"type": "Point", "coordinates": [69.240694, 21.947083]}, "properties": {"id": "S0138", "serial_no": 135, "state_serial_no": 36, "station_name": "NAVADRA", "district": "JAMNAGAR", "commenced_on": "1992-12-23", "closed_on": "1997-02-10", "financial_year_commenced": "1992-1993", "financial_year_closed": "1996-1997", "mast_height_m": 20, "elevation_m": 24, "maws": 5.78, "mawpd": 182.7, "pdf_page": 2, "source_table": "Mast", "project_type": null, "is_revision": false, "state": "GUJARAT", "status": "Closed", "clean_notes": null, "review_required": false, "review_reason": null, "latitude": 21.947083, "longitude": 69.240694}}, {"type": "Feature", "geometry": {"type": "Point", "coordinates": [69.788694, 21.448194]}, "properties": {"id": "S0139", "serial_no": 136, "state_serial_no": 37, "station_name": "NAVI BANDER", "district": "PORBANDAR", "commenced_on": "1988-06-14", "closed_on": "1993-10-24", "financial_year_commenced": "1988-1989", "financial_year_closed": "1993-1994", "mast_height_m": 20, "elevation_m": 12, "maws": 5.42, "mawpd": 153.2, "pdf_page": 2, "source_table": "Mast", "project_type": null, "is_revision": false, "state": "GUJARAT", "status": "Closed", "clean_notes": null, "review_required": false, "review_reason": null, "latitude": 21.448194, "longitude": 69.788694}}, {"type": "Feature", "geometry": {"type": "Point", "coordinates": [69.0415, 22.457278]}, "properties": {"id": "S0140", "serial_no": 137, "state_serial_no": 38, "station_name": "OKHA", "district": "JAMNAGAR", "commenced_on": "1986-12-08", "closed_on": "1993-10-24", "financial_year_commenced": "1986-1987", "financial_year_closed": "1993-1994", "mast_height_m": 20, "elevation_m": 3, "maws": 5.39, "mawpd": 150.1, "pdf_page": 2, "source_table": "Mast", "project_type": null, "is_revision": false, "state": "GUJARAT", "status": "Closed", "clean_notes": null, "review_required": false, "review_reason": null, "latitude": 22.457278, "longitude": 69.0415}}, {"type": "Feature", "geometry": {"type": "Point", "coordinates": [69.105472, 22.084722]}, "properties": {"id": "S0141", "serial_no": 138, "state_serial_no": 39, "station_name": "OKHAMADHI", "district": "JAMNAGAR", "commenced_on": "1988-06-14", "closed_on": "1993-10-24", "financial_year_commenced": "1988-1989", "financial_year_closed": "1993-1994", "mast_height_m": 20, "elevation_m": 20, "maws": 5.28, "mawpd": 129.2, "pdf_page": 2, "source_table": "Mast", "project_type": null, "is_revision": false, "state": "GUJARAT", "status": "Closed", "clean_notes": null, "review_required": false, "review_reason": null, "latitude": 22.084722, "longitude": 69.105472}}, {"type": "Feature", "geometry": {"type": "Point", "coordinates": [71.014508, 22.337]}, "properties": {"id": "S0142", "serial_no": 139, "state_serial_no": 40, "station_name": "PAREWADA", "district": "RAJKOT", "commenced_on": "2001-09-14", "closed_on": "2003-03-21", "financial_year_commenced": "2001-2002", "financial_year_closed": "2002-2003", "mast_height_m": 25, "elevation_m": 176, "maws": 4.91, "mawpd": 122, "pdf_page": 2, "source_table": "Mast", "project_type": null, "is_revision": false, "state": "GUJARAT", "status": "Closed", "clean_notes": null, "review_required": false, "review_reason": null, "latitude": 22.337, "longitude": 71.014508}}, {"type": "Feature", "geometry": {"type": "Point", "coordinates": [69.220556, 23.058333]}, "properties": {"id": "S0143", "serial_no": 140, "state_serial_no": 41, "station_name": "POLADIYA", "district": "KUTCH", "commenced_on": "1998-08-05", "closed_on": "2000-11-14", "financial_year_commenced": "1998-1999", "financial_year_closed": "2000-2001", "mast_height_m": 20, "elevation_m": 138, "maws": 5.72, "mawpd": 177, "pdf_page": 2, "source_table": "Mast", "project_type": null, "is_revision": false, "state": "GUJARAT", "status": "Closed", "clean_notes": null, "review_required": false, "review_reason": null, "latitude": 23.058333, "longitude": 69.220556}}, {"type": "Feature", "geometry": {"type": "Point", "coordinates": [70.989528, 22.849667]}, "properties": {"id": "S0144", "serial_no": 141, "state_serial_no": 42, "station_name": "RATABHE", "district": "SURENDRA NAGAR", "commenced_on": "1998-08-04", "closed_on": "1999-09-13", "financial_year_commenced": "1998-1999", "financial_year_closed": "1999-2000", "mast_height_m": 20, "elevation_m": 88, "maws": 4.86, "mawpd": 122.9, "pdf_page": 2, "source_table": "Mast", "project_type": null, "is_revision": false, "state": "GUJARAT", "status": "Closed", "clean_notes": null, "review_required": false, "review_reason": null, "latitude": 22.849667, "longitude": 70.989528}}, {"type": "Feature", "geometry": {"type": "Point", "coordinates": [71.466667, 22.016667]}, "properties": {"id": "S0145", "serial_no": 142, "state_serial_no": 43, "station_name": "ROJMAL 1", "district": "BHAVNAGAR", "commenced_on": "1997-02-13", "closed_on": "1999-05-07", "financial_year_commenced": "1996-1997", "financial_year_closed": "1999-2000", "mast_height_m": 20, "elevation_m": 140, "maws": 4.44, "mawpd": 81.3, "pdf_page": 2, "source_table": "Mast", "project_type": null, "is_revision": false, "state": "GUJARAT", "status": "Closed", "clean_notes": null, "review_required": false, "review_reason": null, "latitude": 22.016667, "longitude": 71.466667}}, {"type": "Feature", "geometry": {"type": "Point", "coordinates": [71.477389, 22.013]}, "properties": {"id": "S0146", "serial_no": null, "state_serial_no": null, "station_name": "ROJMAL 2", "district": "BHAVNAGAR", "commenced_on": "1999-11-20", "closed_on": "2002-12-24", "financial_year_commenced": "1999-2000", "financial_year_closed": "2002-2003", "mast_height_m": 20, "elevation_m": 137, "maws": 5.12, "mawpd": 129, "pdf_page": 2, "source_table": "Mast", "project_type": null, "is_revision": true, "state": "GUJARAT", "status": "Closed", "clean_notes": null, "review_required": false, "review_reason": null, "latitude": 22.013, "longitude": 71.477389}}, {"type": "Feature", "geometry": {"type": "Point", "coordinates": [70.244611, 22.035083]}, "properties": {"id": "S0147", "serial_no": 143, "state_serial_no": 44, "station_name": "SADODAR", "district": "JAMNAGAR", "commenced_on": "1998-12-22", "closed_on": "2001-04-21", "financial_year_commenced": "1998-1999", "financial_year_closed": "2001-2002", "mast_height_m": 20, "elevation_m": 241, "maws": 5.19, "mawpd": 125.8, "pdf_page": 2, "source_table": "Mast", "project_type": null, "is_revision": false, "state": "GUJARAT", "status": "Closed", "clean_notes": null, "review_required": false, "review_reason": null, "latitude": 22.035083, "longitude": 70.244611}}, {"type": "Feature", "geometry": {"type": "Point", "coordinates": [72.108583, 21.557111]}, "properties": {"id": "S0148", "serial_no": 144, "state_serial_no": 45, "station_name": "SANODAR", "district": "BHAVNAGAR", "commenced_on": "1996-08-11", "closed_on": "1998-12-24", "financial_year_commenced": "1996-1997", "financial_year_closed": "1998-1999", "mast_height_m": 20, "elevation_m": 195, "maws": 6.24, "mawpd": 197.1, "pdf_page": 2, "source_table": "Mast", "project_type": null, "is_revision": false, "state": "GUJARAT", "status": "Closed", "clean_notes": null, "review_required": false, "review_reason": null, "latitude": 21.557111, "longitude": 72.108583}}, {"type": "Feature", "geometry": {"type": "Point", "coordinates": [73.755556, 20.581111]}, "properties": {"id": "S0149", "serial_no": 145, "state_serial_no": 46, "station_name": "SAPUTARA", "district": "THE DANGS", "commenced_on": "1988-06-03", "closed_on": "1992-08-23", "financial_year_commenced": "1988-1989", "financial_year_closed": "1992-1993", "mast_height_m": 20, "elevation_m": 880, "maws": 3.22, "mawpd": 40.4, "pdf_page": 2, "source_table": "Mast", "project_type": null, "is_revision": false, "state": "GUJARAT", "status": "Closed", "clean_notes": null, "review_required": false, "review_reason": null, "latitude": 20.581111, "longitude": 73.755556}}, {"type": "Feature", "geometry": {"type": "Point", "coordinates": [70.062222, 23.045833]}, "properties": {"id": "S0150", "serial_no": 146, "state_serial_no": 47, "station_name": "SINAI", "district": "KUTCH", "commenced_on": "1996-08-13", "closed_on": "1998-12-18", "financial_year_commenced": "1996-1997", "financial_year_closed": "1998-1999", "mast_height_m": 20, "elevation_m": 57, "maws": 5.77, "mawpd": 182.8, "pdf_page": 2, "source_table": "Mast", "project_type": null, "is_revision": false, "state": "GUJARAT", "status": "Closed", "clean_notes": null, "review_required": false, "review_reason": null, "latitude": 23.045833, "longitude": 70.062222}}, {"type": "Feature", "geometry": {"type": "Point", "coordinates": [69.962222, 23.087778]}, "properties": {"id": "S0151", "serial_no": 147, "state_serial_no": 48, "station_name": "SINUGRA", "district": "KUTCH", "commenced_on": "1996-08-13", "closed_on": "1998-01-20", "financial_year_commenced": "1996-1997", "financial_year_closed": "1997-1998", "mast_height_m": 20, "elevation_m": 100, "maws": 4.79, "mawpd": 102.8, "pdf_page": 2, "source_table": "Mast", "project_type": null, "is_revision": false, "state": "GUJARAT", "status": "Closed", "clean_notes": null, "review_required": false, "review_reason": null, "latitude": 23.087778, "longitude": 69.962222}}, {"type": "Feature", "geometry": {"type": "Point", "coordinates": [70.633333, 23.383333]}, "properties": {"id": "S0152", "serial_no": 148, "state_serial_no": 49, "station_name": "SIVALAKHA", "district": "KUTCH", "commenced_on": "2000-11-12", "closed_on": "2004-03-16", "financial_year_commenced": "2000-2001", "financial_year_closed": "2003-2004", "mast_height_m": 25, "elevation_m": 100, "maws": 4.52, "mawpd": 91, "pdf_page": 2, "source_table": "Mast", "project_type": null, "is_revision": false, "state": "GUJARAT", "status": "Closed", "clean_notes": null, "review_required": false, "review_reason": null, "latitude": 23.383333, "longitude": 70.633333}}, {"type": "Feature", "geometry": {"type": "Point", "coordinates": [70.705414, 23.216842]}, "properties": {"id": "S0153", "serial_no": 149, "state_serial_no": 50, "station_name": "SURAJBARI", "district": "KUTCH", "commenced_on": "1988-06-13", "closed_on": "1993-10-22", "financial_year_commenced": "1988-1989", "financial_year_closed": "1993-1994", "mast_height_m": 20, "elevation_m": 11, "maws": 5.42, "mawpd": 184.2, "pdf_page": 3, "source_table": "Mast", "project_type": null, "is_revision": false, "state": "GUJARAT", "status": "Closed", "clean_notes": null, "review_required": false, "review_reason": null, "latitude": 23.216842, "longitude": 70.705414}}, {"type": "Feature", "geometry": {"type": "Point", "coordinates": [70.164111, 22.401917]}, "properties": {"id": "S0154", "serial_no": 150, "state_serial_no": 51, "station_name": "SUVARDA", "district": "JAMNAGAR", "commenced_on": "1998-05-20", "closed_on": "2001-04-21", "financial_year_commenced": "1998-1999", "financial_year_closed": "2001-2002", "mast_height_m": 20, "elevation_m": 80, "maws": 5.61, "mawpd": 165.6, "pdf_page": 3, "source_table": "Mast", "project_type": null, "is_revision": false, "state": "GUJARAT", "status": "Closed", "clean_notes": null, "review_required": false, "review_reason": null, "latitude": 22.401917, "longitude": 70.164111}}, {"type": "Feature", "geometry": {"type": "Point", "coordinates": [69.849444, 23.829722]}, "properties": {"id": "S0155", "serial_no": 151, "state_serial_no": 52, "station_name": "TAGA", "district": "KUTCH", "commenced_on": "2000-01-21", "closed_on": "2001-09-16", "financial_year_commenced": "1999-2000", "financial_year_closed": "2001-2002", "mast_height_m": 20, "elevation_m": 47, "maws": 4.53, "mawpd": 99, "pdf_page": 3, "source_table": "Mast", "project_type": null, "is_revision": false, "state": "GUJARAT", "status": "Closed", "clean_notes": null, "review_required": false, "review_reason": null, "latitude": 23.829722, "longitude": 69.849444}}, {"type": "Feature", "geometry": {"type": "Point", "coordinates": [70.601111, 23.218333]}, "properties": {"id": "S0156", "serial_no": 152, "state_serial_no": 53, "station_name": "VANDHYA", "district": "KUTCH", "commenced_on": "2003-06-13", "closed_on": "2005-10-19", "financial_year_commenced": "2003-2004", "financial_year_closed": "2005-2006", "mast_height_m": 45, "elevation_m": 14, "maws": 5.76, "mawpd": 196, "pdf_page": 3, "source_table": "Mast", "project_type": null, "is_revision": false, "state": "GUJARAT", "status": "Closed", "clean_notes": null, "review_required": false, "review_reason": null, "latitude": 23.218333, "longitude": 70.601111}}, {"type": "Feature", "geometry": {"type": "Point", "coordinates": [70.829639, 20.714944]}, "properties": {"id": "S0157", "serial_no": 153, "state_serial_no": 54, "station_name": "VELAN", "district": "AMRELI", "commenced_on": "1988-06-15", "closed_on": "1993-10-25", "financial_year_commenced": "1988-1989", "financial_year_closed": "1993-1994", "mast_height_m": 20, "elevation_m": 6, "maws": 4.42, "mawpd": 99.6, "pdf_page": 3, "source_table": "Mast", "project_type": null, "is_revision": false, "state": "GUJARAT", "status": "Closed", "clean_notes": null, "review_required": false, "review_reason": null, "latitude": 20.714944, "longitude": 70.829639}}, {"type": "Feature", "geometry": {"type": "Point", "coordinates": [70.352667, 20.911333]}, "properties": {"id": "S0158", "serial_no": 154, "state_serial_no": 55, "station_name": "VERAVAL", "district": "JUNAGAD", "commenced_on": "1988-05-31", "closed_on": "1992-02-29", "financial_year_commenced": "1988-1989", "financial_year_closed": "1991-1992", "mast_height_m": 20, "elevation_m": 6, "maws": 4.89, "mawpd": 129.3, "pdf_page": 3, "source_table": "Mast", "project_type": null, "is_revision": false, "state": "GUJARAT", "status": "Closed", "clean_notes": null, "review_required": false, "review_reason": null, "latitude": 20.911333, "longitude": 70.352667}}, {"type": "Feature", "geometry": {"type": "Point", "coordinates": [70.566528, 22.971139]}, "properties": {"id": "S0159", "serial_no": 155, "state_serial_no": 56, "station_name": "WARSHAMEDI", "district": "RAJKOT", "commenced_on": "2000-11-11", "closed_on": "2003-08-27", "financial_year_commenced": "2000-2001", "financial_year_closed": "2003-2004", "mast_height_m": 20, "elevation_m": 9, "maws": 5.67, "mawpd": 192, "pdf_page": 3, "source_table": "Mast", "project_type": null, "is_revision": false, "state": "GUJARAT", "status": "Closed", "clean_notes": null, "review_required": false, "review_reason": null, "latitude": 22.971139, "longitude": 70.566528}}, {"type": "Feature", "geometry": {"type": "Point", "coordinates": [72.575833, 22.340278]}, "properties": {"id": "S0160", "serial_no": 156, "state_serial_no": 57, "station_name": "VADGAM", "district": "ANAND", "commenced_on": "2006-07-26", "closed_on": "2009-01-31", "financial_year_commenced": "2006-2007", "financial_year_closed": "2008-2009", "mast_height_m": 50, "elevation_m": 10, "maws": 5.81, "mawpd": 187.72, "pdf_page": 3, "source_table": "Mast", "project_type": null, "is_revision": false, "state": "GUJARAT", "status": "Closed", "clean_notes": null, "review_required": false, "review_reason": null, "latitude": 22.340278, "longitude": 72.575833}}, {"type": "Feature", "geometry": {"type": "Point", "coordinates": [74.168583, 22.694667]}, "properties": {"id": "S0161", "serial_no": 157, "state_serial_no": 58, "station_name": "SANGASAR", "district": "DAHOD", "commenced_on": "2007-03-12", "closed_on": "2009-06-13", "financial_year_commenced": "2006-2007", "financial_year_closed": "2009-2010", "mast_height_m": 50, "elevation_m": 481, "maws": 6, "mawpd": 207, "pdf_page": 3, "source_table": "Mast", "project_type": null, "is_revision": false, "state": "GUJARAT", "status": "Closed", "clean_notes": null, "review_required": false, "review_reason": null, "latitude": 22.694667, "longitude": 74.168583}}, {"type": "Feature", "geometry": {"type": "Point", "coordinates": [71.215833, 22.4925]}, "properties": {"id": "S0162", "serial_no": 158, "state_serial_no": 59, "station_name": "NAVA", "district": "SURENDRA NAGAR", "commenced_on": "2008-06-01", "closed_on": "2010-06-30", "financial_year_commenced": "2008-2009", "financial_year_closed": "2010-2011", "mast_height_m": 50, "elevation_m": 185, "maws": 5.57, "mawpd": 139.25, "pdf_page": 3, "source_table": "Mast", "project_type": null, "is_revision": false, "state": "GUJARAT", "status": "Closed", "clean_notes": null, "review_required": false, "review_reason": null, "latitude": 22.4925, "longitude": 71.215833}}, {"type": "Feature", "geometry": {"type": "Point", "coordinates": [71.667194, 21.328]}, "properties": {"id": "S0163", "serial_no": 159, "state_serial_no": 60, "station_name": "CHAPRIYALI", "district": "BHAV NAGAR", "commenced_on": "2008-06-04", "closed_on": "2010-06-30", "financial_year_commenced": "2008-2009", "financial_year_closed": "2010-2011", "mast_height_m": 50, "elevation_m": 204, "maws": 5.7, "mawpd": 150.79, "pdf_page": 3, "source_table": "Mast", "project_type": null, "is_revision": false, "state": "GUJARAT", "status": "Closed", "clean_notes": null, "review_required": false, "review_reason": null, "latitude": 21.328, "longitude": 71.667194}}, {"type": "Feature", "geometry": {"type": "Point", "coordinates": [70.883083, 21.327944]}, "properties": {"id": "S0164", "serial_no": 160, "state_serial_no": 61, "station_name": "VEKARIYA", "district": "JUNAGADH", "commenced_on": "2008-06-05", "closed_on": "2010-06-30", "financial_year_commenced": "2008-2009", "financial_year_closed": "2010-2011", "mast_height_m": 50, "elevation_m": 284, "maws": 5.39, "mawpd": 129.22, "pdf_page": 3, "source_table": "Mast", "project_type": null, "is_revision": false, "state": "GUJARAT", "status": "Closed", "clean_notes": null, "review_required": false, "review_reason": null, "latitude": 21.327944, "longitude": 70.883083}}, {"type": "Feature", "geometry": {"type": "Point", "coordinates": [69.538417, 22.253972]}, "properties": {"id": "S0165", "serial_no": 161, "state_serial_no": 62, "station_name": "NANA ASOTA", "district": "JAMNAGAR", "commenced_on": "2008-06-07", "closed_on": "2010-06-30", "financial_year_commenced": "2008-2009", "financial_year_closed": "2010-2011", "mast_height_m": 50, "elevation_m": 39, "maws": 5.76, "mawpd": 152.85, "pdf_page": 3, "source_table": "Mast", "project_type": null, "is_revision": false, "state": "GUJARAT", "status": "Closed", "clean_notes": null, "review_required": false, "review_reason": null, "latitude": 22.253972, "longitude": 69.538417}}, {"type": "Feature", "geometry": {"type": "Point", "coordinates": [70.641667, 23.883083]}, "properties": {"id": "S0166", "serial_no": 162, "state_serial_no": 63, "station_name": "LODHRANI", "district": "KUTCH", "commenced_on": "2008-06-08", "closed_on": "2010-06-30", "financial_year_commenced": "2008-2009", "financial_year_closed": "2010-2011", "mast_height_m": 50, "elevation_m": 30, "maws": 5.74, "mawpd": 166.07, "pdf_page": 3, "source_table": "Mast", "project_type": null, "is_revision": false, "state": "GUJARAT", "status": "Closed", "clean_notes": null, "review_required": false, "review_reason": null, "latitude": 23.883083, "longitude": 70.641667}}, {"type": "Feature", "geometry": {"type": "Point", "coordinates": [69.281306, 21.904111]}, "properties": {"id": "S0167", "serial_no": 163, "state_serial_no": 64, "station_name": "LAMBA", "district": "JAMNAGAR", "commenced_on": "2008-12-07", "closed_on": "2015-12-21", "financial_year_commenced": "2008-2009", "financial_year_closed": "2015-2016", "mast_height_m": 120, "elevation_m": 10, "maws": 6.85, "mawpd": 261.46, "pdf_page": 3, "source_table": "Mast", "project_type": null, "is_revision": false, "state": "GUJARAT", "status": "Closed", "clean_notes": null, "review_required": false, "review_reason": null, "latitude": 21.904111, "longitude": 69.281306}}, {"type": "Feature", "geometry": {"type": "Point", "coordinates": [71.491611, 22.224444]}, "properties": {"id": "S0168", "serial_no": 164, "state_serial_no": 65, "station_name": "SARVA", "district": "BHAV NAGAR", "commenced_on": "2010-06-22", "closed_on": "2012-09-30", "financial_year_commenced": "2010-2011", "financial_year_closed": "2012-2013", "mast_height_m": 50, "elevation_m": 151, "maws": 5.52, "mawpd": 149.06, "pdf_page": 3, "source_table": "Mast", "project_type": null, "is_revision": false, "state": "GUJARAT", "status": "Closed", "clean_notes": null, "review_required": false, "review_reason": null, "latitude": 22.224444, "longitude": 71.491611}}, {"type": "Feature", "geometry": {"type": "Point", "coordinates": [71.508333, 22.959194]}, "properties": {"id": "S0169", "serial_no": 165, "state_serial_no": 66, "station_name": "JEGAWADA", "district": "SURENDRA NAGAR", "commenced_on": "2010-06-26", "closed_on": "2012-09-30", "financial_year_commenced": "2010-2011", "financial_year_closed": "2012-2013", "mast_height_m": 50, "elevation_m": 87, "maws": 5.48, "mawpd": 152.9, "pdf_page": 3, "source_table": "Mast", "project_type": null, "is_revision": false, "state": "GUJARAT", "status": "Closed", "clean_notes": null, "review_required": false, "review_reason": null, "latitude": 22.959194, "longitude": 71.508333}}, {"type": "Feature", "geometry": {"type": "Point", "coordinates": [71.467333, 22.037472]}, "properties": {"id": "S0170", "serial_no": 166, "state_serial_no": 67, "station_name": "VIREWADI", "district": "BHAV NAGAR", "commenced_on": "2010-06-24", "closed_on": "2012-09-30", "financial_year_commenced": "2010-2011", "financial_year_closed": "2012-2013", "mast_height_m": 50, "elevation_m": 162, "maws": 5.79, "mawpd": 167.63, "pdf_page": 3, "source_table": "Mast", "project_type": null, "is_revision": false, "state": "GUJARAT", "status": "Closed", "clean_notes": null, "review_required": false, "review_reason": null, "latitude": 22.037472, "longitude": 71.467333}}, {"type": "Feature", "geometry": {"type": "Point", "coordinates": [69.960972, 21.869056]}, "properties": {"id": "S0171", "serial_no": 167, "state_serial_no": 68, "station_name": "BALAVA", "district": "JAMNAGAR", "commenced_on": "2010-11-18", "closed_on": "2012-11-30", "financial_year_commenced": "2010-2011", "financial_year_closed": "2012-2013", "mast_height_m": 50, "elevation_m": 156, "maws": 5.66, "mawpd": 144.89, "pdf_page": 3, "source_table": "Mast", "project_type": null, "is_revision": false, "state": "GUJARAT", "status": "Closed", "clean_notes": null, "review_required": false, "review_reason": null, "latitude": 21.869056, "longitude": 69.960972}}, {"type": "Feature", "geometry": {"type": "Point", "coordinates": [71.263333, 21.278972]}, "properties": {"id": "S0172", "serial_no": 168, "state_serial_no": 69, "station_name": "JIKIALI", "district": "AMRELI", "commenced_on": "2010-11-20", "closed_on": "2012-11-30", "financial_year_commenced": "2010-2011", "financial_year_closed": "2012-2013", "mast_height_m": 50, "elevation_m": 224, "maws": 5.51, "mawpd": 138.37, "pdf_page": 3, "source_table": "Mast", "project_type": null, "is_revision": false, "state": "GUJARAT", "status": "Closed", "clean_notes": null, "review_required": false, "review_reason": null, "latitude": 21.278972, "longitude": 71.263333}}, {"type": "Feature", "geometry": {"type": "Point", "coordinates": [71.97275, 23.2365]}, "properties": {"id": "S0173", "serial_no": 169, "state_serial_no": 70, "station_name": "MOTA UBHADA", "district": "SURENDRANAGAR", "commenced_on": "2013-09-19", "closed_on": "2015-10-11", "financial_year_commenced": "2013-2014", "financial_year_closed": "2015-2016", "mast_height_m": 100, "elevation_m": 31, "maws": 5.81, "mawpd": 194.62, "pdf_page": 3, "source_table": "Mast", "project_type": null, "is_revision": false, "state": "GUJARAT", "status": "Closed", "clean_notes": null, "review_required": false, "review_reason": null, "latitude": 23.2365, "longitude": 71.97275}}, {"type": "Feature", "geometry": {"type": "Point", "coordinates": [71.90125, 23.604056]}, "properties": {"id": "S0174", "serial_no": 170, "state_serial_no": 71, "station_name": "ORUMANA", "district": "PATAN", "commenced_on": "2013-09-20", "closed_on": "2016-01-18", "financial_year_commenced": "2013-2014", "financial_year_closed": "2015-2016", "mast_height_m": 100, "elevation_m": 53, "maws": 5.79, "mawpd": 198.46, "pdf_page": 3, "source_table": "Mast", "project_type": null, "is_revision": false, "state": "GUJARAT", "status": "Closed", "clean_notes": null, "review_required": false, "review_reason": null, "latitude": 23.604056, "longitude": 71.90125}}, {"type": "Feature", "geometry": {"type": "Point", "coordinates": [71.346806, 24.168194]}, "properties": {"id": "S0175", "serial_no": 171, "state_serial_no": 72, "station_name": "SUIGAM", "district": "BANASKTHA", "commenced_on": "2013-09-22", "closed_on": "2015-10-10", "financial_year_commenced": "2013-2014", "financial_year_closed": "2015-2016", "mast_height_m": 100, "elevation_m": 30, "maws": 6.04, "mawpd": 238.45, "pdf_page": 3, "source_table": "Mast", "project_type": null, "is_revision": false, "state": "GUJARAT", "status": "Closed", "clean_notes": null, "review_required": false, "review_reason": null, "latitude": 24.168194, "longitude": 71.346806}}, {"type": "Feature", "geometry": {"type": "Point", "coordinates": [69.752833, 23.951833]}, "properties": {"id": "S0176", "serial_no": 172, "state_serial_no": 73, "station_name": "KURAN", "district": "KUTCH", "commenced_on": "2013-09-23", "closed_on": "2015-07-26", "financial_year_commenced": "2013-2014", "financial_year_closed": "2015-2016", "mast_height_m": 100, "elevation_m": 35, "maws": 6.21, "mawpd": 237.43, "pdf_page": 3, "source_table": "Mast", "project_type": null, "is_revision": false, "state": "GUJARAT", "status": "Closed", "clean_notes": null, "review_required": false, "review_reason": null, "latitude": 23.951833, "longitude": 69.752833}}, {"type": "Feature", "geometry": {"type": "Point", "coordinates": [68.729667, 23.693556]}, "properties": {"id": "S0177", "serial_no": 173, "state_serial_no": 74, "station_name": "PANDHARO", "district": "KUTCH", "commenced_on": "2013-09-25", "closed_on": "2017-01-19", "financial_year_commenced": "2013-2014", "financial_year_closed": "2016-2017", "mast_height_m": 100, "elevation_m": 47, "maws": 6.95, "mawpd": 284.16, "pdf_page": 3, "source_table": "Mast", "project_type": null, "is_revision": false, "state": "GUJARAT", "status": "Closed", "clean_notes": null, "review_required": false, "review_reason": null, "latitude": 23.693556, "longitude": 68.729667}}, {"type": "Feature", "geometry": {"type": "Point", "coordinates": [73.739639, 20.604361]}, "properties": {"id": "S0178", "serial_no": 174, "state_serial_no": 75, "station_name": "MALEGON", "district": "DANG", "commenced_on": "2013-10-21", "closed_on": "2016-03-20", "financial_year_commenced": "2013-2014", "financial_year_closed": "2015-2016", "mast_height_m": 100, "elevation_m": 626, "maws": 4.39, "mawpd": 111.35, "pdf_page": 3, "source_table": "Mast", "project_type": null, "is_revision": false, "state": "GUJARAT", "status": "Closed", "clean_notes": null, "review_required": false, "review_reason": null, "latitude": 20.604361, "longitude": 73.739639}}, {"type": "Feature", "geometry": {"type": "Point", "coordinates": [73.804583, 21.000444]}, "properties": {"id": "S0179", "serial_no": 175, "state_serial_no": 76, "station_name": "VIRATHWA", "district": "TAPI", "commenced_on": "2013-10-19", "closed_on": "2016-09-20", "financial_year_commenced": "2013-2014", "financial_year_closed": "2016-2017", "mast_height_m": 100, "elevation_m": 387, "maws": 4.51, "mawpd": 91.77, "pdf_page": 3, "source_table": "Mast", "project_type": null, "is_revision": false, "state": "GUJARAT", "status": "Closed", "clean_notes": null, "review_required": false, "review_reason": null, "latitude": 21.000444, "longitude": 73.804583}}, {"type": "Feature", "geometry": {"type": "Point", "coordinates": [72.664028, 22.187389]}, "properties": {"id": "S0180", "serial_no": 176, "state_serial_no": 77, "station_name": "KHAVI", "district": "BHARUCH", "commenced_on": "2013-10-21", "closed_on": "2016-11-18", "financial_year_commenced": "2013-2014", "financial_year_closed": "2016-2017", "mast_height_m": 100, "elevation_m": 29, "maws": 5.95, "mawpd": 206.32, "pdf_page": 3, "source_table": "Mast", "project_type": null, "is_revision": false, "state": "GUJARAT", "status": "Closed", "clean_notes": null, "review_required": false, "review_reason": null, "latitude": 22.187389, "longitude": 72.664028}}, {"type": "Feature", "geometry": {"type": "Point", "coordinates": [72.351169, 22.470989]}, "properties": {"id": "S0181", "serial_no": 177, "state_serial_no": 78, "station_name": "MOTIBARU", "district": "AHMEDABAD", "commenced_on": "2013-10-22", "closed_on": "2017-01-19", "financial_year_commenced": "2013-2014", "financial_year_closed": "2016-2017", "mast_height_m": 100, "elevation_m": 16, "maws": 6.33, "mawpd": 246.62, "pdf_page": 3, "source_table": "Mast", "project_type": null, "is_revision": false, "state": "GUJARAT", "status": "Closed", "clean_notes": null, "review_required": false, "review_reason": null, "latitude": 22.470989, "longitude": 72.351169}}, {"type": "Feature", "geometry": {"type": "Point", "coordinates": [72.014211, 21.574739]}, "properties": {"id": "S0182", "serial_no": 178, "state_serial_no": 79, "station_name": "AGIYALI", "district": "BHAVNAGAR", "commenced_on": "2013-10-23", "closed_on": "2017-01-05", "financial_year_commenced": "2013-2014", "financial_year_closed": "2016-2017", "mast_height_m": 100, "elevation_m": 165, "maws": 6.26, "mawpd": 206.48, "pdf_page": 3, "source_table": "Mast", "project_type": null, "is_revision": false, "state": "GUJARAT", "status": "Closed", "clean_notes": null, "review_required": false, "review_reason": null, "latitude": 21.574739, "longitude": 72.014211}}, {"type": "Feature", "geometry": {"type": "Point", "coordinates": [69.214389, 22.131419]}, "properties": {"id": "S0183", "serial_no": 179, "state_serial_no": 80, "station_name": "GAGA", "district": "JAMNAGAR", "commenced_on": "2013-10-25", "closed_on": "2016-12-17", "financial_year_commenced": "2013-2014", "financial_year_closed": "2016-2017", "mast_height_m": 100, "elevation_m": 2, "maws": 6.81, "mawpd": 266.44, "pdf_page": 3, "source_table": "Mast", "project_type": null, "is_revision": false, "state": "GUJARAT", "status": "Closed", "clean_notes": null, "review_required": false, "review_reason": null, "latitude": 22.131419, "longitude": 69.214389}}, {"type": "Feature", "geometry": {"type": "Point", "coordinates": [74.209511, 23.04845]}, "properties": {"id": "S0184", "serial_no": 180, "state_serial_no": 81, "station_name": "LILWA THAKOR", "district": "DAHOD", "commenced_on": "2013-12-04", "closed_on": "2016-03-13", "financial_year_commenced": "2013-2014", "financial_year_closed": "2015-2016", "mast_height_m": 100, "elevation_m": 306, "maws": 5.82, "mawpd": 179.36, "pdf_page": 3, "source_table": "Mast", "project_type": null, "is_revision": false, "state": "GUJARAT", "status": "Closed", "clean_notes": null, "review_required": false, "review_reason": null, "latitude": 23.04845, "longitude": 74.209511}}, {"type": "Feature", "geometry": {"type": "Point", "coordinates": [71.459889, 20.891617]}, "properties": {"id": "S0185", "serial_no": 181, "state_serial_no": 82, "station_name": "JAFRABAD(BHANKODAR)", "district": "AMERELI", "commenced_on": "2017-10-31", "closed_on": "2021-01-31", "financial_year_commenced": "2017-2018", "financial_year_closed": "2020-2021", "mast_height_m": 100, "elevation_m": 24, "maws": 7.01, "mawpd": 296.75, "pdf_page": 3, "source_table": "Mast", "project_type": null, "is_revision": false, "state": "GUJARAT", "status": "Closed", "clean_notes": null, "review_required": false, "review_reason": null, "latitude": 20.891617, "longitude": 71.459889}}, {"type": "Feature", "geometry": {"type": "Point", "coordinates": [71.136778, 22.678556]}, "properties": {"id": "S0186", "serial_no": 182, "state_serial_no": 83, "station_name": "CHITRAKHADA", "district": "RAJKOT", "commenced_on": "2019-12-11", "closed_on": "2022-07-31", "financial_year_commenced": "2019-2020", "financial_year_closed": "2022-2023", "mast_height_m": 100, "elevation_m": 118, "maws": 5.95, "mawpd": 184.73, "pdf_page": 3, "source_table": "Mast", "project_type": null, "is_revision": false, "state": "GUJARAT", "status": "Closed", "clean_notes": null, "review_required": false, "review_reason": null, "latitude": 22.678556, "longitude": 71.136778}}, {"type": "Feature", "geometry": {"type": "Point", "coordinates": [71.496022, 23.545917]}, "properties": {"id": "S0187", "serial_no": 183, "state_serial_no": 84, "station_name": "KODDHA", "district": "PATAN", "commenced_on": "2019-12-13", "closed_on": "2022-07-31", "financial_year_commenced": "2019-2020", "financial_year_closed": "2022-2023", "mast_height_m": 100, "elevation_m": 11, "maws": null, "mawpd": null, "pdf_page": 3, "source_table": "Mast", "project_type": null, "is_revision": false, "state": "GUJARAT", "status": "Closed", "clean_notes": null, "review_required": false, "review_reason": null, "latitude": 23.545917, "longitude": 71.496022}}, {"type": "Feature", "geometry": {"type": "Point", "coordinates": [69.133139, 23.349217]}, "properties": {"id": "S0188", "serial_no": 184, "state_serial_no": 85, "station_name": "UKHEDA", "district": "BHUJ KUTCH", "commenced_on": "2019-12-14", "closed_on": "2022-07-31", "financial_year_commenced": "2019-2020", "financial_year_closed": "2022-2023", "mast_height_m": 100, "elevation_m": 122, "maws": 6.1, "mawpd": 190.65, "pdf_page": 3, "source_table": "Mast", "project_type": null, "is_revision": false, "state": "GUJARAT", "status": "Closed", "clean_notes": null, "review_required": false, "review_reason": null, "latitude": 23.349217, "longitude": 69.133139}}, {"type": "Feature", "geometry": {"type": "Point", "coordinates": [69.136747, 22.922414]}, "properties": {"id": "S0189", "serial_no": 185, "state_serial_no": 86, "station_name": "BADA", "district": "BHUJ KUTCH", "commenced_on": "2019-12-16", "closed_on": "2022-07-31", "financial_year_commenced": "2019-2020", "financial_year_closed": "2022-2023", "mast_height_m": 100, "elevation_m": 17, "maws": null, "mawpd": null, "pdf_page": 3, "source_table": "Mast", "project_type": null, "is_revision": false, "state": "GUJARAT", "status": "Closed", "clean_notes": null, "review_required": false, "review_reason": null, "latitude": 22.922414, "longitude": 69.136747}}, {"type": "Feature", "geometry": {"type": "Point", "coordinates": [71.27, 21.820139]}, "properties": {"id": "S0190", "serial_no": 186, "state_serial_no": 87, "station_name": "LUNKI", "district": "AMRELI", "commenced_on": "2019-12-18", "closed_on": "2022-07-31", "financial_year_commenced": "2019-2020", "financial_year_closed": "2022-2023", "mast_height_m": 100, "elevation_m": 170, "maws": 6.32, "mawpd": 213.4, "pdf_page": 3, "source_table": "Mast", "project_type": null, "is_revision": false, "state": "GUJARAT", "status": "Closed", "clean_notes": null, "review_required": false, "review_reason": null, "latitude": 21.820139, "longitude": 71.27}}, {"type": "Feature", "geometry": {"type": "Point", "coordinates": [70.595908, 23.252597]}, "properties": {"id": "S0191", "serial_no": 187, "state_serial_no": 88, "station_name": "LAKHDHIRGADH", "district": "BHUJ KUTCH", "commenced_on": "2019-12-23", "closed_on": "2022-07-31", "financial_year_commenced": "2019-2020", "financial_year_closed": "2022-2023", "mast_height_m": 100, "elevation_m": 27, "maws": 5.34, "mawpd": 154.58, "pdf_page": 3, "source_table": "Mast", "project_type": null, "is_revision": false, "state": "GUJARAT", "status": "Closed", "clean_notes": null, "review_required": false, "review_reason": null, "latitude": 23.252597, "longitude": 70.595908}}, {"type": "Feature", "geometry": {"type": "Point", "coordinates": [70.126308, 21.963061]}, "properties": {"id": "S0192", "serial_no": 188, "state_serial_no": 89, "station_name": "DHRAFA", "district": "JAMNAGAR", "commenced_on": "2019-12-25", "closed_on": "2022-07-31", "financial_year_commenced": "2019-2020", "financial_year_closed": "2022-2023", "mast_height_m": 100, "elevation_m": 111, "maws": 5.99, "mawpd": 182.09, "pdf_page": 3, "source_table": "Mast", "project_type": null, "is_revision": false, "state": "GUJARAT", "status": "Closed", "clean_notes": null, "review_required": false, "review_reason": null, "latitude": 21.963061, "longitude": 70.126308}}, {"type": "Feature", "geometry": {"type": "Point", "coordinates": [68.690456, 23.428872]}, "properties": {"id": "S0193", "serial_no": 189, "state_serial_no": 90, "station_name": "VAYOR", "district": "KUTCH", "commenced_on": "2020-02-27", "closed_on": "2022-07-31", "financial_year_commenced": "2019-2020", "financial_year_closed": "2022-2023", "mast_height_m": 100, "elevation_m": 40, "maws": 6.67, "mawpd": 247.07, "pdf_page": 3, "source_table": "Mast", "project_type": null, "is_revision": false, "state": "GUJARAT", "status": "Closed", "clean_notes": null, "review_required": false, "review_reason": null, "latitude": 23.428872, "longitude": 68.690456}}, {"type": "Feature", "geometry": {"type": "Point", "coordinates": [70.92985, 22.081383]}, "properties": {"id": "S0194", "serial_no": 190, "state_serial_no": 91, "station_name": "DEVALIYA", "district": "RAJKOT", "commenced_on": "2020-02-29", "closed_on": "2022-07-31", "financial_year_commenced": "2019-2020", "financial_year_closed": "2022-2023", "mast_height_m": 100, "elevation_m": 188, "maws": 6.09, "mawpd": 191.91, "pdf_page": 3, "source_table": "Mast", "project_type": null, "is_revision": false, "state": "GUJARAT", "status": "Closed", "clean_notes": null, "review_required": false, "review_reason": null, "latitude": 22.081383, "longitude": 70.92985}}, {"type": "Feature", "geometry": {"type": "Point", "coordinates": [69.526689, 24.078906]}, "properties": {"id": "S0195", "serial_no": 191, "state_serial_no": 92, "station_name": "KHAVDA 1", "district": "KUTCH", "commenced_on": "2021-05-08", "closed_on": "2022-07-03", "financial_year_commenced": "2021-2022", "financial_year_closed": "2021-2022", "mast_height_m": 100, "elevation_m": 3, "maws": 7.71, "mawpd": 418.17, "pdf_page": 3, "source_table": "Mast", "project_type": "SNA project", "is_revision": false, "state": "GUJARAT", "status": "Closed", "clean_notes": null, "review_required": true, "review_reason": "Closed date 2022-07-03 does not match FY 2021-2022", "latitude": 24.078906, "longitude": 69.526689}}, {"type": "Feature", "geometry": {"type": "Point", "coordinates": [69.341389, 24.187056]}, "properties": {"id": "S0196", "serial_no": 192, "state_serial_no": 93, "station_name": "KHAVDA 2", "district": "KUTCH", "commenced_on": "2021-05-10", "closed_on": "2022-12-15", "financial_year_commenced": "2021-2022", "financial_year_closed": "2021-2022", "mast_height_m": 100, "elevation_m": 3, "maws": 7.72, "mawpd": 430.13, "pdf_page": 3, "source_table": "Mast", "project_type": "SNA project", "is_revision": false, "state": "GUJARAT", "status": "Closed", "clean_notes": null, "review_required": true, "review_reason": "Closed date 2022-12-15 does not match FY 2021-2022", "latitude": 24.187056, "longitude": 69.341389}}, {"type": "Feature", "geometry": {"type": "Point", "coordinates": [69.498075, 24.201119]}, "properties": {"id": "S0197", "serial_no": 193, "state_serial_no": 94, "station_name": "KHAVDA 3", "district": "KUTCH", "commenced_on": "2021-05-09", "closed_on": "2022-05-31", "financial_year_commenced": "2021-2022", "financial_year_closed": "2021-2022", "mast_height_m": 100, "elevation_m": 3, "maws": 7.86, "mawpd": 451.47, "pdf_page": 3, "source_table": "Mast", "project_type": "SNA project", "is_revision": false, "state": "GUJARAT", "status": "Closed", "clean_notes": null, "review_required": true, "review_reason": "Closed date 2022-05-31 does not match FY 2021-2022", "latitude": 24.201119, "longitude": 69.498075}}, {"type": "Feature", "geometry": {"type": "Point", "coordinates": [72.253639, 22.273931]}, "properties": {"id": "S0198", "serial_no": 194, "state_serial_no": 95, "station_name": "GOGLA", "district": "AHMEDABAD", "commenced_on": "2021-11-13", "closed_on": "2022-04-12", "financial_year_commenced": "2021-2022", "financial_year_closed": "2021-2022", "mast_height_m": 100, "elevation_m": 10, "maws": 6.13, "mawpd": 222.2, "pdf_page": 3, "source_table": "Mast", "project_type": null, "is_revision": false, "state": "GUJARAT", "status": "Closed", "clean_notes": null, "review_required": true, "review_reason": "Closed date 2022-04-12 does not match FY 2021-2022", "latitude": 22.273931, "longitude": 72.253639}}, {"type": "Feature", "geometry": {"type": "Point", "coordinates": [71.559922, 22.574419]}, "properties": {"id": "S0199", "serial_no": 195, "state_serial_no": 96, "station_name": "RAMPARA", "district": "SURENDRANAGAR", "commenced_on": "2021-11-14", "closed_on": "2022-12-17", "financial_year_commenced": "2021-2022", "financial_year_closed": "2021-2022", "mast_height_m": 100, "elevation_m": 101, "maws": 6.21, "mawpd": 210.43, "pdf_page": 3, "source_table": "Mast", "project_type": null, "is_revision": false, "state": "GUJARAT", "status": "Closed", "clean_notes": null, "review_required": true, "review_reason": "Closed date 2022-12-17 does not match FY 2021-2022", "latitude": 22.574419, "longitude": 71.559922}}, {"type": "Feature", "geometry": {"type": "Point", "coordinates": [69.645056, 22.13175]}, "properties": {"id": "S0200", "serial_no": 196, "state_serial_no": 97, "station_name": "LALIYA", "district": "NAVSARI", "commenced_on": "2021-11-16", "closed_on": null, "financial_year_commenced": "2021-2022", "financial_year_closed": null, "mast_height_m": 100, "elevation_m": 66, "maws": null, "mawpd": null, "pdf_page": 3, "source_table": "Mast", "project_type": null, "is_revision": false, "state": "GUJARAT", "status": "Closed", "clean_notes": null, "review_required": false, "review_reason": null, "latitude": 22.13175, "longitude": 69.645056}}, {"type": "Feature", "geometry": {"type": "Point", "coordinates": [69.279183, 21.902608]}, "properties": {"id": "S0201", "serial_no": 197, "state_serial_no": 97, "station_name": "LAMBA", "district": "DEVBHUMI DWARAKA", "commenced_on": "2021-11-17", "closed_on": "2023-06-15", "financial_year_commenced": "2021-2022", "financial_year_closed": "2022-2023", "mast_height_m": 100, "elevation_m": 12, "maws": 6.75, "mawpd": 256.57, "pdf_page": 3, "source_table": "Mast", "project_type": null, "is_revision": false, "state": "GUJARAT", "status": "Closed", "clean_notes": null, "review_required": true, "review_reason": "Closed date 2023-06-15 does not match FY 2022-2023", "latitude": 21.902608, "longitude": 69.279183}}, {"type": "Feature", "geometry": {"type": "Point", "coordinates": [68.787611, 23.082058]}, "properties": {"id": "S0202", "serial_no": 198, "state_serial_no": 98, "station_name": "GADHWALI", "district": "KUTCH", "commenced_on": "2021-11-22", "closed_on": "2022-12-10", "financial_year_commenced": "2021-2022", "financial_year_closed": "2021-2022", "mast_height_m": 100, "elevation_m": 4, "maws": 6.44, "mawpd": 220.61, "pdf_page": 3, "source_table": "Mast", "project_type": null, "is_revision": false, "state": "GUJARAT", "status": "Closed", "clean_notes": null, "review_required": true, "review_reason": "Closed date 2022-12-10 does not match FY 2021-2022", "latitude": 23.082058, "longitude": 68.787611}}, {"type": "Feature", "geometry": {"type": "Point", "coordinates": [87.025278, 21.440556]}, "properties": {"id": "S0203", "serial_no": 199, "state_serial_no": 1, "station_name": "CHANDIPUR", "district": "BALASORE", "commenced_on": "1986-09-10", "closed_on": "1990-08-22", "financial_year_commenced": "1986-1987", "financial_year_closed": "1990-1991", "mast_height_m": 20, "elevation_m": 5, "maws": 4.21, "mawpd": 120.1, "pdf_page": 3, "source_table": "Mast", "project_type": null, "is_revision": false, "state": "ODISHA", "status": "Closed", "clean_notes": null, "review_required": false, "review_reason": null, "latitude": 21.440556, "longitude": 87.025278}}, {"type": "Feature", "geometry": {"type": "Point", "coordinates": [84.965833, 19.316944]}, "properties": {"id": "S0204", "serial_no": 200, "state_serial_no": 2, "station_name": "CHATRAPUR", "district": "GANJAM", "commenced_on": "1986-09-15", "closed_on": "1990-08-24", "financial_year_commenced": "1986-1987", "financial_year_closed": "1990-1991", "mast_height_m": 20, "elevation_m": 12, "maws": 4, "mawpd": 101, "pdf_page": 3, "source_table": "Mast", "project_type": null, "is_revision": false, "state": "ODISHA", "status": "Closed", "clean_notes": null, "review_required": false, "review_reason": null, "latitude": 19.316944, "longitude": 84.965833}}, {"type": "Feature", "geometry": {"type": "Point", "coordinates": [83.003611, 18.821111]}, "properties": {"id": "S0205", "serial_no": 201, "state_serial_no": 3, "station_name": "DAMANJODI (1)", "district": "ODISHA", "commenced_on": "1995-09-06", "closed_on": "1997-03-27", "financial_year_commenced": "1995-1996", "financial_year_closed": "1996-1997", "mast_height_m": 20, "elevation_m": 1325, "maws": 4.55, "mawpd": 128.6, "pdf_page": 3, "source_table": "Mast", "project_type": null, "is_revision": false, "state": "ODISHA", "status": "Closed", "clean_notes": null, "review_required": false, "review_reason": null, "latitude": 18.821111, "longitude": 83.003611}}, {"type": "Feature", "geometry": {"type": "Point", "coordinates": [83.007222, 18.828333]}, "properties": {"id": "S0206", "serial_no": null, "state_serial_no": null, "station_name": "DAMANJODI (2)", "district": "KORAPUT", "commenced_on": "1998-01-30", "closed_on": "1999-06-26", "financial_year_commenced": "1997-1998", "financial_year_closed": "1999-2000", "mast_height_m": 20, "elevation_m": 1340, "maws": 5.18, "mawpd": 150.4, "pdf_page": 3, "source_table": "Mast", "project_type": null, "is_revision": true, "state": "ODISHA", "status": "Closed", "clean_notes": null, "review_required": false, "review_reason": null, "latitude": 18.828333, "longitude": 83.007222}}, {"type": "Feature", "geometry": {"type": "Point", "coordinates": [84.906389, 19.255833]}, "properties": {"id": "S0207", "serial_no": 202, "state_serial_no": 4, "station_name": "GOPALPUR", "district": "GANJAM", "commenced_on": "1986-09-15", "closed_on": "1990-08-24", "financial_year_commenced": "1986-1987", "financial_year_closed": "1990-1991", "mast_height_m": 20, "elevation_m": 15, "maws": 3.97, "mawpd": 123.9, "pdf_page": 3, "source_table": "Mast", "project_type": null, "is_revision": false, "state": "ODISHA", "status": "Closed", "clean_notes": null, "review_required": false, "review_reason": null, "latitude": 19.255833, "longitude": 84.906389}}, {"type": "Feature", "geometry": {"type": "Point", "coordinates": [85.588056, 20.121667]}, "properties": {"id": "S0208", "serial_no": 203, "state_serial_no": 5, "station_name": "KAIPADAR 1", "district": "KHORDHA", "commenced_on": "1986-09-08", "closed_on": "1991-10-14", "financial_year_commenced": "1986-1987", "financial_year_closed": "1991-1992", "mast_height_m": 20, "elevation_m": 72, "maws": 4.3, "mawpd": 129.9, "pdf_page": 3, "source_table": "Mast", "project_type": null, "is_revision": false, "state": "ODISHA", "status": "Closed", "clean_notes": null, "review_required": false, "review_reason": null, "latitude": 20.121667, "longitude": 85.588056}}, {"type": "Feature", "geometry": {"type": "Point", "coordinates": [85.581111, 20.117778]}, "properties": {"id": "S0209", "serial_no": 204, "state_serial_no": 6, "station_name": "KAIPADAR 2", "district": "KHORDHA", "commenced_on": "1986-09-08", "closed_on": "1988-05-04", "financial_year_commenced": "1986-1987", "financial_year_closed": "1988-1989", "mast_height_m": 20, "elevation_m": 109, "maws": 4.5, "mawpd": 114.5, "pdf_page": 3, "source_table": "Mast", "project_type": null, "is_revision": false, "state": "ODISHA", "status": "Closed", "clean_notes": null, "review_required": false, "review_reason": null, "latitude": 20.117778, "longitude": 85.581111}}, {"type": "Feature", "geometry": {"type": "Point", "coordinates": [85.983611, 19.844167]}, "properties": {"id": "S0210", "serial_no": 205, "state_serial_no": 7, "station_name": "MARINE DRIVE", "district": "PURI", "commenced_on": "1986-09-13", "closed_on": "1990-08-23", "financial_year_commenced": "1986-1987", "financial_year_closed": "1990-1991", "mast_height_m": 20, "elevation_m": 8, "maws": 3.4, "mawpd": 57.5, "pdf_page": 3, "source_table": "Mast", "project_type": null, "is_revision": false, "state": "ODISHA", "status": "Closed", "clean_notes": null, "review_required": false, "review_reason": null, "latitude": 19.844167, "longitude": 85.983611}}, {"type": "Feature", "geometry": {"type": "Point", "coordinates": [86.6525, 20.251667]}, "properties": {"id": "S0211", "serial_no": 206, "state_serial_no": 8, "station_name": "PARADWIP", "district": "JAGATSINGHPUR", "commenced_on": "1986-09-11", "closed_on": "1990-08-20", "financial_year_commenced": "1986-1987", "financial_year_closed": "1990-1991", "mast_height_m": 20, "elevation_m": 2, "maws": 4.95, "mawpd": 152.9, "pdf_page": 3, "source_table": "Mast", "project_type": null, "is_revision": false, "state": "ODISHA", "status": "Closed", "clean_notes": null, "review_required": false, "review_reason": null, "latitude": 20.251667, "longitude": 86.6525}}, {"type": "Feature", "geometry": {"type": "Point", "coordinates": [85.800608, 19.787319]}, "properties": {"id": "S0212", "serial_no": 207, "state_serial_no": 9, "station_name": "PURI", "district": "PURI", "commenced_on": "1986-09-03", "closed_on": "1990-08-23", "financial_year_commenced": "1986-1987", "financial_year_closed": "1990-1991", "mast_height_m": 20, "elevation_m": 7, "maws": 4.83, "mawpd": 136.6, "pdf_page": 3, "source_table": "Mast", "project_type": null, "is_revision": false, "state": "ODISHA", "status": "Closed", "clean_notes": null, "review_required": false, "review_reason": null, "latitude": 19.787319, "longitude": 85.800608}}, {"type": "Feature", "geometry": {"type": "Point", "coordinates": [85.15575, 19.6305]}, "properties": {"id": "S0213", "serial_no": 208, "state_serial_no": 10, "station_name": "U ALLUPUR", "district": "GANJAM", "commenced_on": "2012-10-14", "closed_on": "2014-11-28", "financial_year_commenced": "2012-2013", "financial_year_closed": "2014-2015", "mast_height_m": 80, "elevation_m": 21, "maws": 3.72, "mawpd": 75.71, "pdf_page": 3, "source_table": "Mast", "project_type": null, "is_revision": false, "state": "ODISHA", "status": "Closed", "clean_notes": null, "review_required": false, "review_reason": null, "latitude": 19.6305, "longitude": 85.15575}}, {"type": "Feature", "geometry": {"type": "Point", "coordinates": [82.954792, 18.792472]}, "properties": {"id": "S0214", "serial_no": 209, "state_serial_no": 11, "station_name": "ARIPUTRAGHATI", "district": "KORAPUT", "commenced_on": "2012-10-16", "closed_on": "2015-12-28", "financial_year_commenced": "2012-2013", "financial_year_closed": "2015-2016", "mast_height_m": 80, "elevation_m": 1139, "maws": 4.46, "mawpd": 103.41, "pdf_page": 3, "source_table": "Mast", "project_type": null, "is_revision": false, "state": "ODISHA", "status": "Closed", "clean_notes": null, "review_required": false, "review_reason": null, "latitude": 18.792472, "longitude": 82.954792}}, {"type": "Feature", "geometry": {"type": "Point", "coordinates": [83.164306, 19.666389]}, "properties": {"id": "S0215", "serial_no": 210, "state_serial_no": 12, "station_name": "ZILLAGAON", "district": "KALAHANDI", "commenced_on": "2012-10-19", "closed_on": "2015-12-28", "financial_year_commenced": "2012-2013", "financial_year_closed": "2015-2016", "mast_height_m": 80, "elevation_m": 1010, "maws": 4.64, "mawpd": 105.77, "pdf_page": 3, "source_table": "Mast", "project_type": null, "is_revision": false, "state": "ODISHA", "status": "Closed", "clean_notes": null, "review_required": false, "review_reason": null, "latitude": 19.666389, "longitude": 83.164306}}, {"type": "Feature", "geometry": {"type": "Point", "coordinates": [83.092139, 19.19125]}, "properties": {"id": "S0216", "serial_no": 211, "state_serial_no": 13, "station_name": "DHILIPANBANDHA", "district": "RAYAGADA", "commenced_on": "2012-10-22", "closed_on": "2015-01-31", "financial_year_commenced": "2012-2013", "financial_year_closed": "2014-2015", "mast_height_m": 80, "elevation_m": 1044, "maws": 5.33, "mawpd": 161.89, "pdf_page": 3, "source_table": "Mast", "project_type": null, "is_revision": false, "state": "ODISHA", "status": "Closed", "clean_notes": null, "review_required": false, "review_reason": null, "latitude": 19.19125, "longitude": 83.092139}}, {"type": "Feature", "geometry": {"type": "Point", "coordinates": [86.648083, 20.250389]}, "properties": {"id": "S0217", "serial_no": 212, "state_serial_no": 14, "station_name": "PARADEEP", "district": "JAGATSINGHPUR", "commenced_on": "2012-10-24", "closed_on": "2014-11-28", "financial_year_commenced": "2012-2013", "financial_year_closed": "2014-2015", "mast_height_m": 80, "elevation_m": 43, "maws": 5.72, "mawpd": 203.7, "pdf_page": 3, "source_table": "Mast", "project_type": null, "is_revision": false, "state": "ODISHA", "status": "Closed", "clean_notes": null, "review_required": false, "review_reason": null, "latitude": 20.250389, "longitude": 86.648083}}, {"type": "Feature", "geometry": {"type": "Point", "coordinates": [85.327667, 21.783806]}, "properties": {"id": "S0218", "serial_no": 213, "state_serial_no": 15, "station_name": "KADAKALA", "district": "KEONJHAR", "commenced_on": "2012-10-24", "closed_on": "2014-11-28", "financial_year_commenced": "2012-2013", "financial_year_closed": "2014-2015", "mast_height_m": 80, "elevation_m": 911, "maws": 4.25, "mawpd": 80.29, "pdf_page": 3, "source_table": "Mast", "project_type": null, "is_revision": false, "state": "ODISHA", "status": "Closed", "clean_notes": null, "review_required": false, "review_reason": null, "latitude": 21.783806, "longitude": 85.327667}}, {"type": "Feature", "geometry": {"type": "Point", "coordinates": [85.775611, 19.810306]}, "properties": {"id": "S0219", "serial_no": 214, "state_serial_no": 16, "station_name": "KASIJEGANATHPUR", "district": "PURI", "commenced_on": "2013-03-04", "closed_on": "2015-12-28", "financial_year_commenced": "2012-2013", "financial_year_closed": "2015-2016", "mast_height_m": 80, "elevation_m": 13, "maws": null, "mawpd": null, "pdf_page": 3, "source_table": "Mast", "project_type": null, "is_revision": false, "state": "ODISHA", "status": "Closed", "clean_notes": null, "review_required": false, "review_reason": null, "latitude": 19.810306, "longitude": 85.775611}}, {"type": "Feature", "geometry": {"type": "Point", "coordinates": [87.022861, 21.451222]}, "properties": {"id": "S0220", "serial_no": 215, "state_serial_no": 17, "station_name": "SRIKONA", "district": "BALESHWAR", "commenced_on": "2013-03-02", "closed_on": "2015-04-17", "financial_year_commenced": "2012-2013", "financial_year_closed": "2015-2016", "mast_height_m": 80, "elevation_m": 5, "maws": 4.83, "mawpd": 131.88, "pdf_page": 3, "source_table": "Mast", "project_type": null, "is_revision": false, "state": "ODISHA", "status": "Closed", "clean_notes": null, "review_required": false, "review_reason": null, "latitude": 21.451222, "longitude": 87.022861}}, {"type": "Feature", "geometry": {"type": "Point", "coordinates": [86.858722, 20.859972]}, "properties": {"id": "S0221", "serial_no": 216, "state_serial_no": 18, "station_name": "CHEDAK", "district": "BHADRAK", "commenced_on": "2013-03-07", "closed_on": "2015-12-28", "financial_year_commenced": "2012-2013", "financial_year_closed": "2015-2016", "mast_height_m": 80, "elevation_m": 3, "maws": null, "mawpd": null, "pdf_page": 3, "source_table": "Mast", "project_type": null, "is_revision": false, "state": "ODISHA", "status": "Closed", "clean_notes": null, "review_required": false, "review_reason": null, "latitude": 20.859972, "longitude": 86.858722}}, {"type": "Feature", "geometry": {"type": "Point", "coordinates": [85.2455, 19.586328]}, "properties": {"id": "S0222", "serial_no": 217, "state_serial_no": 19, "station_name": "PARHARGANJ", "district": "PURI", "commenced_on": "2015-03-07", "closed_on": "2017-01-17", "financial_year_commenced": "2014-2015", "financial_year_closed": "2016-2017", "mast_height_m": 80, "elevation_m": 6, "maws": 4.69, "mawpd": 133.54, "pdf_page": 3, "source_table": "Mast", "project_type": null, "is_revision": false, "state": "ODISHA", "status": "Closed", "clean_notes": null, "review_required": false, "review_reason": null, "latitude": 19.586328, "longitude": 85.2455}}, {"type": "Feature", "geometry": {"type": "Point", "coordinates": [74.373889, 16.765556]}, "properties": {"id": "S0223", "serial_no": 218, "state_serial_no": 1, "station_name": "ALAMPRABHU PATHAR", "district": "KOLHAPUR", "commenced_on": "1996-03-28", "closed_on": "1998-06-12", "financial_year_commenced": "1995-1996", "financial_year_closed": "1998-1999", "mast_height_m": 25, "elevation_m": 790, "maws": 5.58, "mawpd": 164.3, "pdf_page": 3, "source_table": "Mast", "project_type": null, "is_revision": false, "state": "MAHARASHTRA", "status": "Closed", "clean_notes": null, "review_required": false, "review_reason": null, "latitude": 16.765556, "longitude": 74.373889}}, {"type": "Feature", "geometry": {"type": "Point", "coordinates": [74.771275, 16.992497]}, "properties": {"id": "S0224", "serial_no": 219, "state_serial_no": 2, "station_name": "ALKUD", "district": "SANGLI", "commenced_on": "1998-02-14", "closed_on": "1999-04-09", "financial_year_commenced": "1997-1998", "financial_year_closed": "1999-2000", "mast_height_m": 25, "elevation_m": 704, "maws": 4.75, "mawpd": 116.6, "pdf_page": 3, "source_table": "Mast", "project_type": null, "is_revision": false, "state": "MAHARASHTRA", "status": "Closed", "clean_notes": null, "review_required": false, "review_reason": null, "latitude": 16.992497, "longitude": 74.771275}}, {"type": "Feature", "geometry": {"type": "Point", "coordinates": [73.491167, 17.097667]}, "properties": {"id": "S0225", "serial_no": 220, "state_serial_no": 3, "station_name": "AMBED (II)", "district": "RATNAGIRI", "commenced_on": "2003-11-18", "closed_on": "2006-12-31", "financial_year_commenced": "2003-2004", "financial_year_closed": "2006-2007", "mast_height_m": 50, "elevation_m": 231, "maws": 3.7, "mawpd": 78, "pdf_page": 3, "source_table": "Mast", "project_type": "SNA project", "is_revision": false, "state": "MAHARASHTRA", "status": "Closed", "clean_notes": null, "review_required": false, "review_reason": null, "latitude": 17.097667, "longitude": 73.491167}}, {"type": "Feature", "geometry": {"type": "Point", "coordinates": [74.299044, 17.585217]}, "properties": {"id": "S0226", "serial_no": 221, "state_serial_no": 4, "station_name": "AMBERI", "district": "SATARA", "commenced_on": "1999-04-08", "closed_on": "2001-06-10", "financial_year_commenced": "1999-2000", "financial_year_closed": "2001-2002", "mast_height_m": 25, "elevation_m": 980, "maws": 6.39, "mawpd": 236.5, "pdf_page": 3, "source_table": "Mast", "project_type": null, "is_revision": false, "state": "MAHARASHTRA", "status": "Closed", "clean_notes": null, "review_required": false, "review_reason": null, "latitude": 17.585217, "longitude": 74.299044}}, {"type": "Feature", "geometry": {"type": "Point", "coordinates": [73.833083, 17.907306]}, "properties": {"id": "S0227", "serial_no": 222, "state_serial_no": 5, "station_name": "AMBRAL", "district": "SATARA", "commenced_on": "1998-02-09", "closed_on": "1999-12-03", "financial_year_commenced": "1997-1998", "financial_year_closed": "1999-2000", "mast_height_m": 25, "elevation_m": 1302, "maws": 5.11, "mawpd": 134.3, "pdf_page": 3, "source_table": "Mast", "project_type": "SNA project", "is_revision": false, "state": "MAHARASHTRA", "status": "Closed", "clean_notes": null, "review_required": false, "review_reason": null, "latitude": 17.907306, "longitude": 73.833083}}, {"type": "Feature", "geometry": {"type": "Point", "coordinates": [73.882167, 19.764806]}, "properties": {"id": "S0228", "serial_no": 223, "state_serial_no": 6, "station_name": "AUNDHEWADI", "district": "NASIK", "commenced_on": "2001-11-24", "closed_on": "2004-07-12", "financial_year_commenced": "2001-2002", "financial_year_closed": "2004-2005", "mast_height_m": 25, "elevation_m": 858, "maws": 6.58, "mawpd": 294, "pdf_page": 3, "source_table": "Mast", "project_type": "SNA project", "is_revision": false, "state": "MAHARASHTRA", "status": "Closed", "clean_notes": null, "review_required": false, "review_reason": null, "latitude": 19.764806, "longitude": 73.882167}}, {"type": "Feature", "geometry": {"type": "Point", "coordinates": [74.761, 16.804917]}, "properties": {"id": "S0229", "serial_no": 224, "state_serial_no": 7, "station_name": "BEDAG", "district": "SANGLI", "commenced_on": "1998-04-07", "closed_on": "1999-06-03", "financial_year_commenced": "1998-1999", "financial_year_closed": "1999-2000", "mast_height_m": 25, "elevation_m": 620, "maws": 4.18, "mawpd": 83.1, "pdf_page": 3, "source_table": "Mast", "project_type": null, "is_revision": false, "state": "MAHARASHTRA", "status": "Closed", "clean_notes": null, "review_required": false, "review_reason": null, "latitude": 16.804917, "longitude": 74.761}}, {"type": "Feature", "geometry": {"type": "Point", "coordinates": [75.533639, 18.948033]}, "properties": {"id": "S0230", "serial_no": 225, "state_serial_no": 8, "station_name": "BEDARWADI", "district": "BEED", "commenced_on": "2000-10-20", "closed_on": "2002-02-19", "financial_year_commenced": "2000-2001", "financial_year_closed": "2001-2002", "mast_height_m": 20, "elevation_m": 750, "maws": 4.38, "mawpd": 86, "pdf_page": 4, "source_table": "Mast", "project_type": null, "is_revision": false, "state": "MAHARASHTRA", "status": "Closed", "clean_notes": null, "review_required": false, "review_reason": null, "latitude": 18.948033, "longitude": 75.533639}}, {"type": "Feature", "geometry": {"type": "Point", "coordinates": [74.701889, 17.342639]}, "properties": {"id": "S0231", "serial_no": 226, "state_serial_no": 9, "station_name": "BHUD", "district": "SANGLI", "commenced_on": "2003-10-21", "closed_on": "2006-12-31", "financial_year_commenced": "2003-2004", "financial_year_closed": "2006-2007", "mast_height_m": 25, "elevation_m": 809, "maws": 5.48, "mawpd": 160, "pdf_page": 4, "source_table": "Mast", "project_type": "SNA project", "is_revision": false, "state": "MAHARASHTRA", "status": "Closed", "clean_notes": null, "review_required": false, "review_reason": null, "latitude": 17.342639, "longitude": 74.701889}}, {"type": "Feature", "geometry": {"type": "Point", "coordinates": [74.205331, 21.156897]}, "properties": {"id": "S0232", "serial_no": 227, "state_serial_no": 10, "station_name": "BRAHMANVEL", "district": "DHULE", "commenced_on": "1999-03-30", "closed_on": "2001-06-13", "financial_year_commenced": "1998-1999", "financial_year_closed": "2001-2002", "mast_height_m": 25, "elevation_m": 596, "maws": 6.42, "mawpd": 277.8, "pdf_page": 4, "source_table": "Mast", "project_type": null, "is_revision": false, "state": "MAHARASHTRA", "status": "Closed", "clean_notes": null, "review_required": false, "review_reason": null, "latitude": 21.156897, "longitude": 74.205331}}, {"type": "Feature", "geometry": {"type": "Point", "coordinates": [74.316639, 21.316706]}, "properties": {"id": "S0233", "serial_no": 228, "state_serial_no": 11, "station_name": "CHAKLA", "district": "NANDURBAR", "commenced_on": "1999-04-01", "closed_on": "2001-06-14", "financial_year_commenced": "1999-2000", "financial_year_closed": "2001-2002", "mast_height_m": 25, "elevation_m": 352, "maws": 6.02, "mawpd": 242.2, "pdf_page": 4, "source_table": "Mast", "project_type": null, "is_revision": false, "state": "MAHARASHTRA", "status": "Closed", "clean_notes": null, "review_required": false, "review_reason": null, "latitude": 21.316706, "longitude": 74.316639}}, {"type": "Feature", "geometry": {"type": "Point", "coordinates": [73.811389, 17.623611]}, "properties": {"id": "S0234", "serial_no": 229, "state_serial_no": 12, "station_name": "CHALKEWADI", "district": "SATARA", "commenced_on": "1988-12-11", "closed_on": "1993-08-27", "financial_year_commenced": "1988-1989", "financial_year_closed": "1993-1994", "mast_height_m": 20, "elevation_m": 1185, "maws": 5.61, "mawpd": 205.9, "pdf_page": 4, "source_table": "Mast", "project_type": null, "is_revision": false, "state": "MAHARASHTRA", "status": "Closed", "clean_notes": null, "review_required": false, "review_reason": null, "latitude": 17.623611, "longitude": 73.811389}}, {"type": "Feature", "geometry": {"type": "Point", "coordinates": [73.372778, 16.369667]}, "properties": {"id": "S0235", "serial_no": 230, "state_serial_no": 13, "station_name": "DEOGAD", "district": "SINDHUDURG", "commenced_on": "1986-12-16", "closed_on": "1993-05-17", "financial_year_commenced": "1986-1987", "financial_year_closed": "1993-1994", "mast_height_m": 20, "elevation_m": 40, "maws": 4.58, "mawpd": 124.3, "pdf_page": 4, "source_table": "Mast", "project_type": null, "is_revision": false, "state": "MAHARASHTRA", "status": "Closed", "clean_notes": null, "review_required": false, "review_reason": null, "latitude": 16.369667, "longitude": 73.372778}}, {"type": "Feature", "geometry": {"type": "Point", "coordinates": [73.786778, 19.019583]}, "properties": {"id": "S0236", "serial_no": 231, "state_serial_no": 14, "station_name": "DHAKALE", "district": "PUNE", "commenced_on": "1998-02-07", "closed_on": "1999-05-25", "financial_year_commenced": "1997-1998", "financial_year_closed": "1999-2000", "mast_height_m": 25, "elevation_m": 880, "maws": 3.91, "mawpd": 69.4, "pdf_page": 4, "source_table": "Mast", "project_type": null, "is_revision": false, "state": "MAHARASHTRA", "status": "Closed", "clean_notes": null, "review_required": false, "review_reason": null, "latitude": 19.019583, "longitude": 73.786778}}, {"type": "Feature", "geometry": {"type": "Point", "coordinates": [74.980833, 17.136389]}, "properties": {"id": "S0237", "serial_no": 232, "state_serial_no": 15, "station_name": "DHALGAON", "district": "SANGLI", "commenced_on": "1996-03-23", "closed_on": "1998-04-06", "financial_year_commenced": "1995-1996", "financial_year_closed": "1998-1999", "mast_height_m": 20, "elevation_m": 805, "maws": 5.89, "mawpd": 215.8, "pdf_page": 4, "source_table": "Mast", "project_type": null, "is_revision": false, "state": "MAHARASHTRA", "status": "Closed", "clean_notes": null, "review_required": false, "review_reason": null, "latitude": 17.136389, "longitude": 74.980833}}, {"type": "Feature", "geometry": {"type": "Point", "coordinates": [73.6, 16.15]}, "properties": {"id": "S0238", "serial_no": 233, "state_serial_no": 16, "station_name": "DHANGARWADI (II)", "district": "SANGLI", "commenced_on": "2003-10-16", "closed_on": "2006-12-31", "financial_year_commenced": "2003-2004", "financial_year_closed": "2006-2007", "mast_height_m": 25, "elevation_m": 191, "maws": 3.69, "mawpd": 49, "pdf_page": 4, "source_table": "Mast", "project_type": "SNA project", "is_revision": false, "state": "MAHARASHTRA", "status": "Closed", "clean_notes": null, "review_required": false, "review_reason": null, "latitude": 16.15, "longitude": 73.6}}, {"type": "Feature", "geometry": {"type": "Point", "coordinates": [75.322111, 20.339806]}, "properties": {"id": "S0239", "serial_no": 234, "state_serial_no": 17, "station_name": "DHANGER MALEGAON", "district": "AURANGABAD", "commenced_on": "2004-04-14", "closed_on": "2006-09-01", "financial_year_commenced": "2004-2005", "financial_year_closed": "2006-2007", "mast_height_m": 50, "elevation_m": 838, "maws": 5.53, "mawpd": 126, "pdf_page": 4, "source_table": "Mast", "project_type": null, "is_revision": false, "state": "MAHARASHTRA", "status": "Closed", "clean_notes": null, "review_required": false, "review_reason": null, "latitude": 20.339806, "longitude": 75.322111}}, {"type": "Feature", "geometry": {"type": "Point", "coordinates": [74.838417, 16.899592]}, "properties": {"id": "S0240", "serial_no": 235, "state_serial_no": 18, "station_name": "DONGERWADI", "district": "SANGLI", "commenced_on": "1998-02-15", "closed_on": "2000-12-22", "financial_year_commenced": "1997-1998", "financial_year_closed": "2000-2001", "mast_height_m": 25, "elevation_m": 830, "maws": 5.94, "mawpd": 179, "pdf_page": 4, "source_table": "Mast", "project_type": null, "is_revision": false, "state": "MAHARASHTRA", "status": "Closed", "clean_notes": null, "review_required": false, "review_reason": null, "latitude": 16.899592, "longitude": 74.838417}}, {"type": "Feature", "geometry": {"type": "Point", "coordinates": [76.055917, 20.424889]}, "properties": {"id": "S0241", "serial_no": 236, "state_serial_no": 19, "station_name": "DUDHA", "district": "BULDHANA", "commenced_on": "2004-04-16", "closed_on": "2006-09-01", "financial_year_commenced": "2004-2005", "financial_year_closed": "2006-2007", "mast_height_m": 50, "elevation_m": 718, "maws": 5.57, "mawpd": 130, "pdf_page": 4, "source_table": "Mast", "project_type": null, "is_revision": false, "state": "MAHARASHTRA", "status": "Closed", "clean_notes": null, "review_required": false, "review_reason": null, "latitude": 20.424889, "longitude": 76.055917}}, {"type": "Feature", "geometry": {"type": "Point", "coordinates": [72.934194, 18.954528]}, "properties": {"id": "S0242", "serial_no": 237, "state_serial_no": 20, "station_name": "ELEPHANTA ISLAND", "district": "RAIGAD", "commenced_on": "2002-07-02", "closed_on": "2003-11-22", "financial_year_commenced": "2002-2003", "financial_year_closed": "2003-2004", "mast_height_m": 25, "elevation_m": 20, "maws": 4.48, "mawpd": 120, "pdf_page": 4, "source_table": "Mast", "project_type": "SNA project", "is_revision": false, "state": "MAHARASHTRA", "status": "Closed", "clean_notes": null, "review_required": false, "review_reason": null, "latitude": 18.954528, "longitude": 72.934194}}, {"type": "Feature", "geometry": {"type": "Point", "coordinates": [73.751083, 20.1015]}, "properties": {"id": "S0243", "serial_no": 238, "state_serial_no": 21, "station_name": "GAWALWADI", "district": "NASIK", "commenced_on": "1998-03-31", "closed_on": "2000-05-23", "financial_year_commenced": "1997-1998", "financial_year_closed": "2000-2001", "mast_height_m": 20, "elevation_m": 750, "maws": 5.28, "mawpd": 140, "pdf_page": 4, "source_table": "Mast", "project_type": null, "is_revision": false, "state": "MAHARASHTRA", "status": "Closed", "clean_notes": null, "review_required": false, "review_reason": null, "latitude": 20.1015, "longitude": 73.751083}}, {"type": "Feature", "geometry": {"type": "Point", "coordinates": [73.98, 17.113889]}, "properties": {"id": "S0244", "serial_no": 239, "state_serial_no": 22, "station_name": "GUDE PANCHAGANI", "district": "SANGLI", "commenced_on": "1993-01-17", "closed_on": "1997-10-24", "financial_year_commenced": "1992-1993", "financial_year_closed": "1997-1998", "mast_height_m": 20, "elevation_m": 903, "maws": 5.5, "mawpd": 177.7, "pdf_page": 4, "source_table": "Mast", "project_type": null, "is_revision": false, "state": "MAHARASHTRA", "status": "Closed", "clean_notes": null, "review_required": false, "review_reason": null, "latitude": 17.113889, "longitude": 73.98}}, {"type": "Feature", "geometry": {"type": "Point", "coordinates": [73.904353, 17.709419]}, "properties": {"id": "S0245", "serial_no": 240, "state_serial_no": 23, "station_name": "JAMBULMURE", "district": "SATARA", "commenced_on": "1998-02-10", "closed_on": "1999-04-07", "financial_year_commenced": "1997-1998", "financial_year_closed": "1999-2000", "mast_height_m": 25, "elevation_m": 1107, "maws": 4.19, "mawpd": 108.8, "pdf_page": 4, "source_table": "Mast", "project_type": "SNA project", "is_revision": false, "state": "MAHARASHTRA", "status": "Closed", "clean_notes": null, "review_required": false, "review_reason": null, "latitude": 17.709419, "longitude": 73.904353}}, {"type": "Feature", "geometry": {"type": "Point", "coordinates": [74.725056, 21.586167]}, "properties": {"id": "S0246", "serial_no": 241, "state_serial_no": 24, "station_name": "KAMRAVAD", "district": "NANDURBAR", "commenced_on": "1999-03-31", "closed_on": "2001-06-14", "financial_year_commenced": "1998-1999", "financial_year_closed": "2001-2002", "mast_height_m": 25, "elevation_m": 300, "maws": 5.04, "mawpd": 141.5, "pdf_page": 4, "source_table": "Mast", "project_type": null, "is_revision": false, "state": "MAHARASHTRA", "status": "Closed", "clean_notes": null, "review_required": false, "review_reason": null, "latitude": 21.586167, "longitude": 74.725056}}, {"type": "Feature", "geometry": {"type": "Point", "coordinates": [74.258403, 17.383414]}, "properties": {"id": "S0247", "serial_no": 242, "state_serial_no": 25, "station_name": "KAMTHI", "district": "SATARA", "commenced_on": "1998-04-06", "closed_on": "1999-06-02", "financial_year_commenced": "1998-1999", "financial_year_closed": "1999-2000", "mast_height_m": 20, "elevation_m": 876, "maws": 4.74, "mawpd": 116.3, "pdf_page": 4, "source_table": "Mast", "project_type": null, "is_revision": false, "state": "MAHARASHTRA", "status": "Closed", "clean_notes": null, "review_required": false, "review_reason": null, "latitude": 17.383414, "longitude": 74.258403}}, {"type": "Feature", "geometry": {"type": "Point", "coordinates": [75.437778, 19.972222]}, "properties": {"id": "S0248", "serial_no": 243, "state_serial_no": 26, "station_name": "KANKORA", "district": "AURANGABAD", "commenced_on": "2001-11-22", "closed_on": "2004-07-13", "financial_year_commenced": "2001-2002", "financial_year_closed": "2004-2005", "mast_height_m": 25, "elevation_m": 920, "maws": 5.56, "mawpd": 127, "pdf_page": 4, "source_table": "Mast", "project_type": "SNA project", "is_revision": false, "state": "MAHARASHTRA", "status": "Closed", "clean_notes": null, "review_required": false, "review_reason": null, "latitude": 19.972222, "longitude": 75.437778}}, {"type": "Feature", "geometry": {"type": "Point", "coordinates": [73.809, 17.7395]}, "properties": {"id": "S0249", "serial_no": 244, "state_serial_no": 27, "station_name": "KAS", "district": "SATARA", "commenced_on": "1998-02-10", "closed_on": "2000-02-14", "financial_year_commenced": "1997-1998", "financial_year_closed": "1999-2000", "mast_height_m": 25, "elevation_m": 1232, "maws": 5.69, "mawpd": 194, "pdf_page": 4, "source_table": "Mast", "project_type": "SNA project", "is_revision": false, "state": "MAHARASHTRA", "status": "Closed", "clean_notes": null, "review_required": false, "review_reason": null, "latitude": 17.7395, "longitude": 73.809}}, {"type": "Feature", "geometry": {"type": "Point", "coordinates": [76.752167, 17.906361]}, "properties": {"id": "S0250", "serial_no": 245, "state_serial_no": 28, "station_name": "KASASIRSI", "district": "LATUR", "commenced_on": "2003-11-14", "closed_on": "2006-08-30", "financial_year_commenced": "2003-2004", "financial_year_closed": "2006-2007", "mast_height_m": 25, "elevation_m": 665, "maws": 5.09, "mawpd": 109, "pdf_page": 4, "source_table": "Mast", "project_type": "SNA project", "is_revision": false, "state": "MAHARASHTRA", "status": "Closed", "clean_notes": null, "review_required": false, "review_reason": null, "latitude": 17.906361, "longitude": 76.752167}}, {"type": "Feature", "geometry": {"type": "Point", "coordinates": [76.083333, 18.083333]}, "properties": {"id": "S0251", "serial_no": 246, "state_serial_no": 29, "station_name": "KAVALDHARA", "district": "OSMANABAD", "commenced_on": "1998-04-02", "closed_on": "1999-05-31", "financial_year_commenced": "1998-1999", "financial_year_closed": "1999-2000", "mast_height_m": 20, "elevation_m": 670, "maws": 4.73, "mawpd": 92.2, "pdf_page": 4, "source_table": "Mast", "project_type": null, "is_revision": false, "state": "MAHARASHTRA", "status": "Closed", "clean_notes": null, "review_required": false, "review_reason": null, "latitude": 18.083333, "longitude": 76.083333}}, {"type": "Feature", "geometry": {"type": "Point", "coordinates": [74.533889, 19.006917]}, "properties": {"id": "S0252", "serial_no": 247, "state_serial_no": 30, "station_name": "KAVDYA DONGER", "district": "AHMED NAGAR", "commenced_on": "1998-04-03", "closed_on": "2000-12-13", "financial_year_commenced": "1998-1999", "financial_year_closed": "2000-2001", "mast_height_m": 25, "elevation_m": 900, "maws": 6.44, "mawpd": 224, "pdf_page": 4, "source_table": "Mast", "project_type": null, "is_revision": false, "state": "MAHARASHTRA", "status": "Closed", "clean_notes": null, "review_required": false, "review_reason": null, "latitude": 19.006917, "longitude": 74.533889}}, {"type": "Feature", "geometry": {"type": "Point", "coordinates": [74.875278, 19.133333]}, "properties": {"id": "S0253", "serial_no": 248, "state_serial_no": 31, "station_name": "KHANDKE", "district": "AHMED NAGAR", "commenced_on": "1996-03-20", "closed_on": "1998-03-25", "financial_year_commenced": "1995-1996", "financial_year_closed": "1997-1998", "mast_height_m": 20, "elevation_m": 920, "maws": 5.44, "mawpd": 146.2, "pdf_page": 4, "source_table": "Mast", "project_type": null, "is_revision": false, "state": "MAHARASHTRA", "status": "Closed", "clean_notes": null, "review_required": false, "review_reason": null, "latitude": 19.133333, "longitude": 74.875278}}, {"type": "Feature", "geometry": {"type": "Point", "coordinates": [73.233333, 19.916667]}, "properties": {"id": "S0254", "serial_no": 249, "state_serial_no": 32, "station_name": "KHARUMBHAPADA", "district": "THANE", "commenced_on": "2001-11-30", "closed_on": "2003-02-09", "financial_year_commenced": "2001-2002", "financial_year_closed": "2002-2003", "mast_height_m": 25, "elevation_m": 517, "maws": 4.81, "mawpd": 98, "pdf_page": 4, "source_table": "Mast", "project_type": "SNA project", "is_revision": false, "state": "MAHARASHTRA", "status": "Closed", "clean_notes": null, "review_required": false, "review_reason": null, "latitude": 19.916667, "longitude": 73.233333}}, {"type": "Feature", "geometry": {"type": "Point", "coordinates": [74.371778, 17.807167]}, "properties": {"id": "S0255", "serial_no": 250, "state_serial_no": 33, "station_name": "KHOKADE", "district": "SATARA", "commenced_on": "1995-05-04", "closed_on": "1997-10-23", "financial_year_commenced": "1995-1996", "financial_year_closed": "1997-1998", "mast_height_m": 25, "elevation_m": 1047, "maws": 5.03, "mawpd": 114.1, "pdf_page": 4, "source_table": "Mast", "project_type": null, "is_revision": false, "state": "MAHARASHTRA", "status": "Closed", "clean_notes": null, "review_required": false, "review_reason": null, "latitude": 17.807167, "longitude": 74.371778}}, {"type": "Feature", "geometry": {"type": "Point", "coordinates": [73.2, 19.966667]}, "properties": {"id": "S0256", "serial_no": 251, "state_serial_no": 34, "station_name": "KOGDA", "district": "THANE", "commenced_on": "2001-12-01", "closed_on": "2003-02-09", "financial_year_commenced": "2001-2002", "financial_year_closed": "2002-2003", "mast_height_m": 20, "elevation_m": 474, "maws": 4.03, "mawpd": 55, "pdf_page": 4, "source_table": "Mast", "project_type": "SNA project", "is_revision": false, "state": "MAHARASHTRA", "status": "Closed", "clean_notes": null, "review_required": false, "review_reason": null, "latitude": 19.966667, "longitude": 73.2}}, {"type": "Feature", "geometry": {"type": "Point", "coordinates": [74.24725, 16.610972]}, "properties": {"id": "S0257", "serial_no": 252, "state_serial_no": 35, "station_name": "KOGIL", "district": "KOLHAPUR", "commenced_on": "2000-10-22", "closed_on": "2002-02-21", "financial_year_commenced": "2000-2001", "financial_year_closed": "2001-2002", "mast_height_m": 25, "elevation_m": 718, "maws": 4.5, "mawpd": 106, "pdf_page": 4, "source_table": "Mast", "project_type": null, "is_revision": false, "state": "MAHARASHTRA", "status": "Closed", "clean_notes": null, "review_required": false, "review_reason": null, "latitude": 16.610972, "longitude": 74.24725}}, {"type": "Feature", "geometry": {"type": "Point", "coordinates": [74.708889, 18.833889]}, "properties": {"id": "S0258", "serial_no": 253, "state_serial_no": 36, "station_name": "KOLGAON", "district": "AHMED NAGAR", "commenced_on": "1995-05-02", "closed_on": "1998-06-04", "financial_year_commenced": "1995-1996", "financial_year_closed": "1998-1999", "mast_height_m": 25, "elevation_m": 800, "maws": 5.69, "mawpd": 177.1, "pdf_page": 4, "source_table": "Mast", "project_type": null, "is_revision": false, "state": "MAHARASHTRA", "status": "Closed", "clean_notes": null, "review_required": false, "review_reason": null, "latitude": 18.833889, "longitude": 74.708889}}, {"type": "Feature", "geometry": {"type": "Point", "coordinates": [73.974556, 16.965056]}, "properties": {"id": "S0259", "serial_no": 254, "state_serial_no": 37, "station_name": "KOTHOLI", "district": "KOLHAPUR", "commenced_on": "1994-05-03", "closed_on": "1997-10-26", "financial_year_commenced": "1994-1995", "financial_year_closed": "1997-1998", "mast_height_m": 20, "elevation_m": 782, "maws": 4.96, "mawpd": 163.5, "pdf_page": 4, "source_table": "Mast", "project_type": null, "is_revision": false, "state": "MAHARASHTRA", "status": "Closed", "clean_notes": null, "review_required": false, "review_reason": null, "latitude": 16.965056, "longitude": 73.974556}}, {"type": "Feature", "geometry": {"type": "Point", "coordinates": [73.3775, 18.777778]}, "properties": {"id": "S0260", "serial_no": 255, "state_serial_no": 38, "station_name": "LONAVLA", "district": "PUNE", "commenced_on": "1988-06-05", "closed_on": "1993-08-24", "financial_year_commenced": "1988-1989", "financial_year_closed": "1993-1994", "mast_height_m": 20, "elevation_m": 580, "maws": 4.31, "mawpd": 121.6, "pdf_page": 4, "source_table": "Mast", "project_type": null, "is_revision": false, "state": "MAHARASHTRA", "status": "Closed", "clean_notes": null, "review_required": false, "review_reason": null, "latitude": 18.777778, "longitude": 73.3775}}, {"type": "Feature", "geometry": {"type": "Point", "coordinates": [73.568417, 16.423722]}, "properties": {"id": "S0261", "serial_no": 256, "state_serial_no": 39, "station_name": "MAHALUNGE", "district": "SINDHUDURG", "commenced_on": "2003-10-15", "closed_on": "2005-05-31", "financial_year_commenced": "2003-2004", "financial_year_closed": "2005-2006", "mast_height_m": 50, "elevation_m": 196, "maws": 4.6, "mawpd": 100, "pdf_page": 4, "source_table": "Mast", "project_type": "SNA project", "is_revision": false, "state": "MAHARASHTRA", "status": "Closed", "clean_notes": null, "review_required": false, "review_reason": null, "latitude": 16.423722, "longitude": 73.568417}}, {"type": "Feature", "geometry": {"type": "Point", "coordinates": [75.03175, 18.634722]}, "properties": {"id": "S0262", "serial_no": 257, "state_serial_no": 40, "station_name": "MAHIJALGAON", "district": "AHMED NAGAR", "commenced_on": "1994-05-01", "closed_on": "1996-12-16", "financial_year_commenced": "1994-1995", "financial_year_closed": "1996-1997", "mast_height_m": 20, "elevation_m": 590, "maws": 4.67, "mawpd": 126.5, "pdf_page": 4, "source_table": "Mast", "project_type": null, "is_revision": false, "state": "MAHARASHTRA", "status": "Closed", "clean_notes": null, "review_required": false, "review_reason": null, "latitude": 18.634722, "longitude": 75.03175}}, {"type": "Feature", "geometry": {"type": "Point", "coordinates": [75.183333, 20.083333]}, "properties": {"id": "S0263", "serial_no": 258, "state_serial_no": 41, "station_name": "MAHISMAL", "district": "AURANGABAD", "commenced_on": "1998-12-05", "closed_on": "2000-02-11", "financial_year_commenced": "1998-1999", "financial_year_closed": "1999-2000", "mast_height_m": 25, "elevation_m": 870, "maws": 4.56, "mawpd": 73, "pdf_page": 4, "source_table": "Mast", "project_type": null, "is_revision": false, "state": "MAHARASHTRA", "status": "Closed", "clean_notes": null, "review_required": false, "review_reason": null, "latitude": 20.083333, "longitude": 75.183333}}, {"type": "Feature", "geometry": {"type": "Point", "coordinates": [74.5, 20.2]}, "properties": {"id": "S0264", "serial_no": 259, "state_serial_no": 42, "station_name": "MALEGAON KARIYAT", "district": "NASIK", "commenced_on": "1999-03-28", "closed_on": "2000-08-29", "financial_year_commenced": "1998-1999", "financial_year_closed": "2000-2001", "mast_height_m": 25, "elevation_m": 690, "maws": 4.97, "mawpd": 111.1, "pdf_page": 4, "source_table": "Mast", "project_type": null, "is_revision": false, "state": "MAHARASHTRA", "status": "Closed", "clean_notes": null, "review_required": false, "review_reason": null, "latitude": 20.2, "longitude": 74.5}}, {"type": "Feature", "geometry": {"type": "Point", "coordinates": [73.481111, 16.066389]}, "properties": {"id": "S0265", "serial_no": 260, "state_serial_no": 43, "station_name": "MALWAN", "district": "SINDHUDURG", "commenced_on": "1986-12-18", "closed_on": "1992-09-17", "financial_year_commenced": "1986-1987", "financial_year_closed": "1992-1993", "mast_height_m": 20, "elevation_m": 50, "maws": 3.72, "mawpd": 63.9, "pdf_page": 4, "source_table": "Mast", "project_type": null, "is_revision": false, "state": "MAHARASHTRA", "status": "Closed", "clean_notes": null, "review_required": false, "review_reason": null, "latitude": 16.066389, "longitude": 73.481111}}, {"type": "Feature", "geometry": {"type": "Point", "coordinates": [73.885944, 18.026194]}, "properties": {"id": "S0266", "serial_no": 261, "state_serial_no": 44, "station_name": "MANDHARDEO", "district": "SATARA", "commenced_on": "1998-02-09", "closed_on": "2000-02-13", "financial_year_commenced": "1997-1998", "financial_year_closed": "1999-2000", "mast_height_m": 25, "elevation_m": 1286, "maws": 5.64, "mawpd": 153.3, "pdf_page": 4, "source_table": "Mast", "project_type": "SNA project", "is_revision": false, "state": "MAHARASHTRA", "status": "Closed", "clean_notes": null, "review_required": false, "review_reason": null, "latitude": 18.026194, "longitude": 73.885944}}, {"type": "Feature", "geometry": {"type": "Point", "coordinates": [74.080572, 16.818353]}, "properties": {"id": "S0267", "serial_no": 262, "state_serial_no": 45, "station_name": "MASAIPATHAR", "district": "KOLHAPUR", "commenced_on": "1995-05-07", "closed_on": "1998-12-06", "financial_year_commenced": "1995-1996", "financial_year_closed": "1998-1999", "mast_height_m": 25, "elevation_m": 970, "maws": 5.28, "mawpd": 137.6, "pdf_page": 4, "source_table": "Mast", "project_type": null, "is_revision": false, "state": "MAHARASHTRA", "status": "Closed", "clean_notes": null, "review_required": false, "review_reason": null, "latitude": 16.818353, "longitude": 74.080572}}, {"type": "Feature", "geometry": {"type": "Point", "coordinates": [73.932778, 17.190278]}, "properties": {"id": "S0268", "serial_no": 263, "state_serial_no": 46, "station_name": "MATREWADI", "district": "SATARA", "commenced_on": "1996-03-26", "closed_on": "1998-04-05", "financial_year_commenced": "1995-1996", "financial_year_closed": "1998-1999", "mast_height_m": 25, "elevation_m": 898, "maws": 5.67, "mawpd": 210.8, "pdf_page": 4, "source_table": "Mast", "project_type": null, "is_revision": false, "state": "MAHARASHTRA", "status": "Closed", "clean_notes": null, "review_required": false, "review_reason": null, "latitude": 17.190278, "longitude": 73.932778}}, {"type": "Feature", "geometry": {"type": "Point", "coordinates": [74.511167, 17.872083]}, "properties": {"id": "S0269", "serial_no": 264, "state_serial_no": 47, "station_name": "MOGRALE", "district": "SATARA", "commenced_on": "1996-03-22", "closed_on": "1997-10-23", "financial_year_commenced": "1995-1996", "financial_year_closed": "1997-1998", "mast_height_m": 25, "elevation_m": 835, "maws": 4.67, "mawpd": 87.9, "pdf_page": 4, "source_table": "Mast", "project_type": null, "is_revision": false, "state": "MAHARASHTRA", "status": "Closed", "clean_notes": null, "review_required": false, "review_reason": null, "latitude": 17.872083, "longitude": 74.511167}}, {"type": "Feature", "geometry": {"type": "Point", "coordinates": [77.362222, 21.394444]}, "properties": {"id": "S0270", "serial_no": 265, "state_serial_no": 48, "station_name": "MOTHA", "district": "AMRAVATI", "commenced_on": "1996-03-17", "closed_on": "1998-03-26", "financial_year_commenced": "1995-1996", "financial_year_closed": "1997-1998", "mast_height_m": 25, "elevation_m": 1075, "maws": 5.19, "mawpd": 145.8, "pdf_page": 4, "source_table": "Mast", "project_type": null, "is_revision": false, "state": "MAHARASHTRA", "status": "Closed", "clean_notes": null, "review_required": false, "review_reason": null, "latitude": 21.394444, "longitude": 77.362222}}, {"type": "Feature", "geometry": {"type": "Point", "coordinates": [76.2, 18.35]}, "properties": {"id": "S0271", "serial_no": 266, "state_serial_no": 49, "station_name": "MURUD", "district": "LATUR", "commenced_on": "2003-11-13", "closed_on": "2006-08-30", "financial_year_commenced": "2003-2004", "financial_year_closed": "2006-2007", "mast_height_m": 50, "elevation_m": 716, "maws": 5.15, "mawpd": 115.11, "pdf_page": 4, "source_table": "Mast", "project_type": "SNA project", "is_revision": false, "state": "MAHARASHTRA", "status": "Closed", "clean_notes": null, "review_required": false, "review_reason": null, "latitude": 18.35, "longitude": 76.2}}, {"type": "Feature", "geometry": {"type": "Point", "coordinates": [73.204989, 17.275397]}, "properties": {"id": "S0272", "serial_no": 267, "state_serial_no": 50, "station_name": "NANDIVADE", "district": "RATNAGIRI", "commenced_on": "1994-05-05", "closed_on": "1996-12-20", "financial_year_commenced": "1994-1995", "financial_year_closed": "1996-1997", "mast_height_m": 20, "elevation_m": 40, "maws": 4.87, "mawpd": 130.7, "pdf_page": 4, "source_table": "Mast", "project_type": null, "is_revision": false, "state": "MAHARASHTRA", "status": "Closed", "clean_notes": null, "review_required": false, "review_reason": null, "latitude": 17.275397, "longitude": 73.204989}}, {"type": "Feature", "geometry": {"type": "Point", "coordinates": [73.563778, 16.671278]}, "properties": {"id": "S0273", "serial_no": 268, "state_serial_no": 51, "station_name": "NERKEWADI", "district": "RATNAGIRI", "commenced_on": "2003-11-19", "closed_on": "2005-05-31", "financial_year_commenced": "2003-2004", "financial_year_closed": "2005-2006", "mast_height_m": 25, "elevation_m": 252, "maws": 4.11, "mawpd": 77, "pdf_page": 4, "source_table": "Mast", "project_type": "SNA project", "is_revision": false, "state": "MAHARASHTRA", "status": "Closed", "clean_notes": null, "review_required": false, "review_reason": null, "latitude": 16.671278, "longitude": 73.563778}}, {"type": "Feature", "geometry": {"type": "Point", "coordinates": [73.85945, 17.285831]}, "properties": {"id": "S0274", "serial_no": 269, "state_serial_no": 52, "station_name": "PALSI", "district": "SATARA", "commenced_on": "2000-10-21", "closed_on": "2002-10-26", "financial_year_commenced": "2000-2001", "financial_year_closed": "2002-2003", "mast_height_m": 25, "elevation_m": 970, "maws": 5.24, "mawpd": 137, "pdf_page": 4, "source_table": "Mast", "project_type": null, "is_revision": false, "state": "MAHARASHTRA", "status": "Closed", "clean_notes": null, "review_required": false, "review_reason": null, "latitude": 17.285831, "longitude": 73.85945}}, {"type": "Feature", "geometry": {"type": "Point", "coordinates": [73.8125, 17.9275]}, "properties": {"id": "S0275", "serial_no": 270, "state_serial_no": 53, "station_name": "PANCHGANI", "district": "SATARA", "commenced_on": "1988-12-10", "closed_on": "1993-08-28", "financial_year_commenced": "1988-1989", "financial_year_closed": "1993-1994", "mast_height_m": 20, "elevation_m": 1318, "maws": 5.11, "mawpd": 132.9, "pdf_page": 4, "source_table": "Mast", "project_type": null, "is_revision": false, "state": "MAHARASHTRA", "status": "Closed", "clean_notes": null, "review_required": false, "review_reason": null, "latitude": 17.9275, "longitude": 73.8125}}, {"type": "Feature", "geometry": {"type": "Point", "coordinates": [73.884444, 19.727778]}, "properties": {"id": "S0276", "serial_no": 271, "state_serial_no": 54, "station_name": "PANCHPATTA", "district": "AHMED NAGAR", "commenced_on": "2001-02-14", "closed_on": "2003-02-09", "financial_year_commenced": "2000-2001", "financial_year_closed": "2002-2003", "mast_height_m": 25, "elevation_m": 1049, "maws": 5.7, "mawpd": 201, "pdf_page": 4, "source_table": "Mast", "project_type": null, "is_revision": false, "state": "MAHARASHTRA", "status": "Closed", "clean_notes": null, "review_required": false, "review_reason": null, "latitude": 19.727778, "longitude": 73.884444}}, {"type": "Feature", "geometry": {"type": "Point", "coordinates": [74.590306, 20.154278]}, "properties": {"id": "S0277", "serial_no": 272, "state_serial_no": 55, "station_name": "PANHAL SATHE", "district": "NASIK", "commenced_on": "1999-03-27", "closed_on": "2000-12-15", "financial_year_commenced": "1998-1999", "financial_year_closed": "2000-2001", "mast_height_m": 25, "elevation_m": 643, "maws": 4.69, "mawpd": 93.9, "pdf_page": 4, "source_table": "Mast", "project_type": null, "is_revision": false, "state": "MAHARASHTRA", "status": "Closed", "clean_notes": null, "review_required": false, "review_reason": null, "latitude": 20.154278, "longitude": 74.590306}}, {"type": "Feature", "geometry": {"type": "Point", "coordinates": [78.6275, 21.293694]}, "properties": {"id": "S0278", "serial_no": 273, "state_serial_no": 56, "station_name": "PATHAR", "district": "NAGPUR", "commenced_on": "2004-04-18", "closed_on": "2006-09-01", "financial_year_commenced": "2004-2005", "financial_year_closed": "2006-2007", "mast_height_m": 50, "elevation_m": 495, "maws": 4.61, "mawpd": 79, "pdf_page": 4, "source_table": "Mast", "project_type": null, "is_revision": false, "state": "MAHARASHTRA", "status": "Closed", "clean_notes": null, "review_required": false, "review_reason": null, "latitude": 21.293694, "longitude": 78.6275}}, {"type": "Feature", "geometry": {"type": "Point", "coordinates": [74.329306, 19.125056]}, "properties": {"id": "S0279", "serial_no": 274, "state_serial_no": 57, "station_name": "PIMPALGAON", "district": "AHMED NAGAR", "commenced_on": "1998-12-04", "closed_on": "2000-02-08", "financial_year_commenced": "1998-1999", "financial_year_closed": "1999-2000", "mast_height_m": 20, "elevation_m": 875, "maws": 4.52, "mawpd": 76.4, "pdf_page": 4, "source_table": "Mast", "project_type": null, "is_revision": false, "state": "MAHARASHTRA", "status": "Closed", "clean_notes": null, "review_required": false, "review_reason": null, "latitude": 19.125056, "longitude": 74.329306}}, {"type": "Feature", "geometry": {"type": "Point", "coordinates": [77.10305, 18.417581]}, "properties": {"id": "S0280", "serial_no": 275, "state_serial_no": 58, "station_name": "PIRTHANDA", "district": "LATUR", "commenced_on": "1998-12-07", "closed_on": "2000-12-18", "financial_year_commenced": "1998-1999", "financial_year_closed": "2000-2001", "mast_height_m": 25, "elevation_m": 640, "maws": 5.1, "mawpd": 98.1, "pdf_page": 4, "source_table": "Mast", "project_type": null, "is_revision": false, "state": "MAHARASHTRA", "status": "Closed", "clean_notes": null, "review_required": false, "review_reason": null, "latitude": 18.417581, "longitude": 77.10305}}, {"type": "Feature", "geometry": {"type": "Point", "coordinates": [74.3725, 21.049722]}, "properties": {"id": "S0281", "serial_no": 276, "state_serial_no": 59, "station_name": "RAIPUR", "district": "DHULE", "commenced_on": "1999-03-29", "closed_on": "2001-06-14", "financial_year_commenced": "1998-1999", "financial_year_closed": "2001-2002", "mast_height_m": 25, "elevation_m": 500, "maws": 5.25, "mawpd": 162.2, "pdf_page": 4, "source_table": "Mast", "project_type": null, "is_revision": false, "state": "MAHARASHTRA", "status": "Closed", "clean_notes": null, "review_required": false, "review_reason": null, "latitude": 21.049722, "longitude": 74.3725}}, {"type": "Feature", "geometry": {"type": "Point", "coordinates": [74.282833, 17.422139]}, "properties": {"id": "S0282", "serial_no": 277, "state_serial_no": 60, "station_name": "RAJACHIKURLI", "district": "SATARA", "commenced_on": "1998-02-13", "closed_on": "1999-10-07", "financial_year_commenced": "1997-1998", "financial_year_closed": "1999-2000", "mast_height_m": 25, "elevation_m": 896, "maws": 5.01, "mawpd": 133.1, "pdf_page": 4, "source_table": "Mast", "project_type": null, "is_revision": false, "state": "MAHARASHTRA", "status": "Closed", "clean_notes": null, "review_required": false, "review_reason": null, "latitude": 17.422139, "longitude": 74.282833}}, {"type": "Feature", "geometry": {"type": "Point", "coordinates": [73.707, 19.086333]}, "properties": {"id": "S0283", "serial_no": 278, "state_serial_no": 61, "station_name": "RAJEWADI", "district": "PUNE", "commenced_on": "2001-12-03", "closed_on": "2003-02-10", "financial_year_commenced": "2001-2002", "financial_year_closed": "2002-2003", "mast_height_m": 25, "elevation_m": 1007, "maws": 5.08, "mawpd": 119, "pdf_page": 4, "source_table": "Mast", "project_type": "SNA project", "is_revision": false, "state": "MAHARASHTRA", "status": "Closed", "clean_notes": null, "review_required": false, "review_reason": null, "latitude": 19.086333, "longitude": 73.707}}, {"type": "Feature", "geometry": {"type": "Point", "coordinates": [77.089347, 21.29355]}, "properties": {"id": "S0284", "serial_no": 279, "state_serial_no": 62, "station_name": "RANIGAON", "district": "AMRAVATI", "commenced_on": "1996-03-18", "closed_on": "1997-10-20", "financial_year_commenced": "1995-1996", "financial_year_closed": "1997-1998", "mast_height_m": 20, "elevation_m": 1065, "maws": 3.31, "mawpd": 34.4, "pdf_page": 4, "source_table": "Mast", "project_type": null, "is_revision": false, "state": "MAHARASHTRA", "status": "Closed", "clean_notes": null, "review_required": false, "review_reason": null, "latitude": 21.29355, "longitude": 77.089347}}, {"type": "Feature", "geometry": {"type": "Point", "coordinates": [74.611306, 17.268194]}, "properties": {"id": "S0285", "serial_no": 280, "state_serial_no": 63, "station_name": "RENAVI", "district": "SANGLI", "commenced_on": "1998-02-14", "closed_on": "1999-04-09", "financial_year_commenced": "1997-1998", "financial_year_closed": "1999-2000", "mast_height_m": 25, "elevation_m": 877, "maws": 5.01, "mawpd": 112.8, "pdf_page": 4, "source_table": "Mast", "project_type": null, "is_revision": false, "state": "MAHARASHTRA", "status": "Closed", "clean_notes": null, "review_required": false, "review_reason": null, "latitude": 17.268194, "longitude": 74.611306}}, {"type": "Feature", "geometry": {"type": "Point", "coordinates": [76.938022, 18.483319]}, "properties": {"id": "S0286", "serial_no": 281, "state_serial_no": 64, "station_name": "ROHINA", "district": "LATUR", "commenced_on": "2003-11-15", "closed_on": "2006-08-30", "financial_year_commenced": "2003-2004", "financial_year_closed": "2006-2007", "mast_height_m": 25, "elevation_m": 662, "maws": 5.57, "mawpd": 149, "pdf_page": 4, "source_table": "Mast", "project_type": "SNA project", "is_revision": false, "state": "MAHARASHTRA", "status": "Closed", "clean_notes": null, "review_required": false, "review_reason": null, "latitude": 18.483319, "longitude": 76.938022}}, {"type": "Feature", "geometry": {"type": "Point", "coordinates": [74.464583, 18.392361]}, "properties": {"id": "S0287", "serial_no": 282, "state_serial_no": 65, "station_name": "ROTI", "district": "PUNE", "commenced_on": "1995-05-01", "closed_on": "1996-12-13", "financial_year_commenced": "1995-1996", "financial_year_closed": "1996-1997", "mast_height_m": 25, "elevation_m": 653, "maws": 4.69, "mawpd": 103.1, "pdf_page": 4, "source_table": "Mast", "project_type": null, "is_revision": false, "state": "MAHARASHTRA", "status": "Closed", "clean_notes": null, "review_required": false, "review_reason": null, "latitude": 18.392361, "longitude": 74.464583}}, {"type": "Feature", "geometry": {"type": "Point", "coordinates": [73.898264, 20.405225]}, "properties": {"id": "S0288", "serial_no": 283, "state_serial_no": 66, "station_name": "SAPTHASRINGIGAD", "district": "NASIK", "commenced_on": "1991-02-06", "closed_on": "1994-02-27", "financial_year_commenced": "1990-1991", "financial_year_closed": "1993-1994", "mast_height_m": 20, "elevation_m": 1144, "maws": 4.94, "mawpd": 122.9, "pdf_page": 4, "source_table": "Mast", "project_type": null, "is_revision": false, "state": "MAHARASHTRA", "status": "Closed", "clean_notes": null, "review_required": false, "review_reason": null, "latitude": 20.405225, "longitude": 73.898264}}, {"type": "Feature", "geometry": {"type": "Point", "coordinates": [75.337222, 18.797778]}, "properties": {"id": "S0289", "serial_no": 284, "state_serial_no": 67, "station_name": "SAUTADA", "district": "BEED", "commenced_on": "1996-03-15", "closed_on": "1998-04-01", "financial_year_commenced": "1995-1996", "financial_year_closed": "1998-1999", "mast_height_m": 25, "elevation_m": 800, "maws": 5.68, "mawpd": 166.8, "pdf_page": 4, "source_table": "Mast", "project_type": null, "is_revision": false, "state": "MAHARASHTRA", "status": "Closed", "clean_notes": null, "review_required": false, "review_reason": null, "latitude": 18.797778, "longitude": 75.337222}}, {"type": "Feature", "geometry": {"type": "Point", "coordinates": [74.033333, 19.466667]}, "properties": {"id": "S0290", "serial_no": 285, "state_serial_no": 68, "station_name": "SHIRASGAON", "district": "AHMED NAGAR", "commenced_on": "2001-02-13", "closed_on": "2002-02-16", "financial_year_commenced": "2000-2001", "financial_year_closed": "2001-2002", "mast_height_m": 25, "elevation_m": 940, "maws": 4.48, "mawpd": 83, "pdf_page": 4, "source_table": "Mast", "project_type": null, "is_revision": false, "state": "MAHARASHTRA", "status": "Closed", "clean_notes": null, "review_required": false, "review_reason": null, "latitude": 19.466667, "longitude": 74.033333}}, {"type": "Feature", "geometry": {"type": "Point", "coordinates": [73.3415, 17.275333]}, "properties": {"id": "S0291", "serial_no": 286, "state_serial_no": 69, "station_name": "SHIVANE", "district": "RATNAGIRI", "commenced_on": "2003-10-18", "closed_on": "2005-05-31", "financial_year_commenced": "2003-2004", "financial_year_closed": "2005-2006", "mast_height_m": 50, "elevation_m": 232, "maws": 5.07, "mawpd": 129, "pdf_page": 4, "source_table": "Mast", "project_type": "SNA project", "is_revision": false, "state": "MAHARASHTRA", "status": "Closed", "clean_notes": null, "review_required": false, "review_reason": null, "latitude": 17.275333, "longitude": 73.3415}}, {"type": "Feature", "geometry": {"type": "Point", "coordinates": [74.046667, 21.077778]}, "properties": {"id": "S0292", "serial_no": 287, "state_serial_no": 70, "station_name": "TAKARMAULI", "district": "DHULE", "commenced_on": "1999-03-29", "closed_on": "2001-06-13", "financial_year_commenced": "1998-1999", "financial_year_closed": "2001-2002", "mast_height_m": 25, "elevation_m": 624, "maws": 5.78, "mawpd": 185.6, "pdf_page": 4, "source_table": "Mast", "project_type": null, "is_revision": false, "state": "MAHARASHTRA", "status": "Closed", "clean_notes": null, "review_required": false, "review_reason": null, "latitude": 21.077778, "longitude": 74.046667}}, {"type": "Feature", "geometry": {"type": "Point", "coordinates": [74.193444, 20.104556]}, "properties": {"id": "S0293", "serial_no": 288, "state_serial_no": 71, "station_name": "THOKALWADI", "district": "NASIK", "commenced_on": "1999-03-26", "closed_on": "2000-08-29", "financial_year_commenced": "1998-1999", "financial_year_closed": "2000-2001", "mast_height_m": 25, "elevation_m": 601, "maws": 5, "mawpd": 116.8, "pdf_page": 4, "source_table": "Mast", "project_type": null, "is_revision": false, "state": "MAHARASHTRA", "status": "Closed", "clean_notes": null, "review_required": false, "review_reason": null, "latitude": 20.104556, "longitude": 74.193444}}, {"type": "Feature", "geometry": {"type": "Point", "coordinates": [73.8875, 17.592722]}, "properties": {"id": "S0294", "serial_no": 289, "state_serial_no": 72, "station_name": "THOSEGHAR", "district": "SATARA", "commenced_on": "1995-05-05", "closed_on": "2005-06-01", "financial_year_commenced": "1995-1996", "financial_year_closed": "2005-2006", "mast_height_m": 20, "elevation_m": 1140, "maws": 6.03, "mawpd": 228.9, "pdf_page": 4, "source_table": "Mast", "project_type": null, "is_revision": false, "state": "MAHARASHTRA", "status": "Closed", "clean_notes": null, "review_required": false, "review_reason": null, "latitude": 17.592722, "longitude": 73.8875}}, {"type": "Feature", "geometry": {"type": "Point", "coordinates": [73.133333, 19.033333]}, "properties": {"id": "S0295", "serial_no": 290, "state_serial_no": 73, "station_name": "VAGERA", "district": "RAIGAD", "commenced_on": "2000-10-12", "closed_on": "2003-02-08", "financial_year_commenced": "2000-2001", "financial_year_closed": "2002-2003", "mast_height_m": 25, "elevation_m": 260, "maws": 3.67, "mawpd": 93, "pdf_page": 4, "source_table": "Mast", "project_type": null, "is_revision": false, "state": "MAHARASHTRA", "status": "Closed", "clean_notes": null, "review_required": false, "review_reason": null, "latitude": 19.033333, "longitude": 73.133333}}, {"type": "Feature", "geometry": {"type": "Point", "coordinates": [75.356778, 17.102861]}, "properties": {"id": "S0296", "serial_no": 291, "state_serial_no": 74, "station_name": "VASPET", "district": "LATUR", "commenced_on": "2003-10-20", "closed_on": "2006-12-31", "financial_year_commenced": "2003-2004", "financial_year_closed": "2006-2007", "mast_height_m": 50, "elevation_m": 680, "maws": 5.62, "mawpd": 220, "pdf_page": 4, "source_table": "Mast", "project_type": "SNA project", "is_revision": false, "state": "MAHARASHTRA", "status": "Closed", "clean_notes": null, "review_required": false, "review_reason": null, "latitude": 17.102861, "longitude": 75.356778}}, {"type": "Feature", "geometry": {"type": "Point", "coordinates": [73.833333, 17.45]}, "properties": {"id": "S0297", "serial_no": 292, "state_serial_no": 75, "station_name": "VANKUSAWADE", "district": "SATARA", "commenced_on": "2001-06-07", "closed_on": "2004-08-19", "financial_year_commenced": "2001-2002", "financial_year_closed": "2004-2005", "mast_height_m": 50, "elevation_m": 1100, "maws": 5.68, "mawpd": 188, "pdf_page": 4, "source_table": "Mast", "project_type": null, "is_revision": false, "state": "MAHARASHTRA", "status": "Closed", "clean_notes": null, "review_required": false, "review_reason": null, "latitude": 17.45, "longitude": 73.833333}}, {"type": "Feature", "geometry": {"type": "Point", "coordinates": [73.832778, 17.453889]}, "properties": {"id": "S0298", "serial_no": 293, "state_serial_no": 76, "station_name": "VANKUSAWADE", "district": "SATARA", "commenced_on": "1996-03-25", "closed_on": "1998-12-10", "financial_year_commenced": "1995-1996", "financial_year_closed": "1998-1999", "mast_height_m": 25, "elevation_m": 1100, "maws": 5.89, "mawpd": 230.6, "pdf_page": 4, "source_table": "Mast", "project_type": null, "is_revision": false, "state": "MAHARASHTRA", "status": "Closed", "clean_notes": null, "review_required": false, "review_reason": null, "latitude": 17.453889, "longitude": 73.832778}}, {"type": "Feature", "geometry": {"type": "Point", "coordinates": [73.984389, 17.20775]}, "properties": {"id": "S0299", "serial_no": 294, "state_serial_no": 77, "station_name": "VAREKARWADI", "district": "SATARA", "commenced_on": "1996-03-26", "closed_on": "1998-10-12", "financial_year_commenced": "1995-1996", "financial_year_closed": "1998-1999", "mast_height_m": 20, "elevation_m": 920, "maws": 5.46, "mawpd": 204, "pdf_page": 4, "source_table": "Mast", "project_type": null, "is_revision": false, "state": "MAHARASHTRA", "status": "Closed", "clean_notes": null, "review_required": false, "review_reason": null, "latitude": 17.20775, "longitude": 73.984389}}, {"type": "Feature", "geometry": {"type": "Point", "coordinates": [72.770972, 19.575694]}, "properties": {"id": "S0300", "serial_no": 295, "state_serial_no": 78, "station_name": "VEDI", "district": "THANE", "commenced_on": "2000-10-13", "closed_on": "2002-02-13", "financial_year_commenced": "2000-2001", "financial_year_closed": "2001-2002", "mast_height_m": 25, "elevation_m": 10, "maws": 3.57, "mawpd": 63, "pdf_page": 4, "source_table": "Mast", "project_type": null, "is_revision": false, "state": "MAHARASHTRA", "status": "Closed", "clean_notes": null, "review_required": false, "review_reason": null, "latitude": 19.575694, "longitude": 72.770972}}, {"type": "Feature", "geometry": {"type": "Point", "coordinates": [73.623528, 15.88425]}, "properties": {"id": "S0301", "serial_no": 296, "state_serial_no": 79, "station_name": "VENGURLA", "district": "SINDHUDURG", "commenced_on": "1988-12-09", "closed_on": "1992-09-16", "financial_year_commenced": "1988-1989", "financial_year_closed": "1992-1993", "mast_height_m": 20, "elevation_m": 80, "maws": 3.78, "mawpd": 67.4, "pdf_page": 4, "source_table": "Mast", "project_type": null, "is_revision": false, "state": "MAHARASHTRA", "status": "Closed", "clean_notes": null, "review_required": false, "review_reason": null, "latitude": 15.88425, "longitude": 73.623528}}, {"type": "Feature", "geometry": {"type": "Point", "coordinates": [73.333056, 16.500556]}, "properties": {"id": "S0302", "serial_no": 297, "state_serial_no": 80, "station_name": "VIJAYADURG", "district": "SINDHUDURG", "commenced_on": "1986-12-17", "closed_on": "1993-08-30", "financial_year_commenced": "1986-1987", "financial_year_closed": "1993-1994", "mast_height_m": 20, "elevation_m": 100, "maws": 5.44, "mawpd": 207, "pdf_page": 4, "source_table": "Mast", "project_type": null, "is_revision": false, "state": "MAHARASHTRA", "status": "Closed", "clean_notes": null, "review_required": false, "review_reason": null, "latitude": 16.500556, "longitude": 73.333056}}, {"type": "Feature", "geometry": {"type": "Point", "coordinates": [73.932917, 17.434444]}, "properties": {"id": "S0303", "serial_no": 298, "state_serial_no": 81, "station_name": "WAGHAPUR SADA", "district": "SATARA", "commenced_on": "1998-02-11", "closed_on": "1999-06-01", "financial_year_commenced": "1997-1998", "financial_year_closed": "1999-2000", "mast_height_m": 25, "elevation_m": 1086, "maws": 5.12, "mawpd": 129.3, "pdf_page": 4, "source_table": "Mast", "project_type": "SNA project", "is_revision": false, "state": "MAHARASHTRA", "status": "Closed", "clean_notes": null, "review_required": false, "review_reason": null, "latitude": 17.434444, "longitude": 73.932917}}, {"type": "Feature", "geometry": {"type": "Point", "coordinates": [77.138722, 18.76625]}, "properties": {"id": "S0304", "serial_no": 299, "state_serial_no": 82, "station_name": "POLICEWADI", "district": "NANDED", "commenced_on": "2006-07-31", "closed_on": "2010-03-31", "financial_year_commenced": "2006-2007", "financial_year_closed": "2009-2010", "mast_height_m": 50, "elevation_m": 535, "maws": 5.05, "mawpd": 111.08, "pdf_page": 4, "source_table": "Mast", "project_type": null, "is_revision": false, "state": "MAHARASHTRA", "status": "Closed", "clean_notes": null, "review_required": false, "review_reason": null, "latitude": 18.76625, "longitude": 77.138722}}, {"type": "Feature", "geometry": {"type": "Point", "coordinates": [77.637472, 19.70975]}, "properties": {"id": "S0305", "serial_no": 300, "state_serial_no": 83, "station_name": "GANGANMAL", "district": "YAVATMAL", "commenced_on": "2006-08-03", "closed_on": "2010-03-31", "financial_year_commenced": "2006-2007", "financial_year_closed": "2009-2010", "mast_height_m": 50, "elevation_m": 511, "maws": 4.61, "mawpd": 80.59, "pdf_page": 4, "source_table": "Mast", "project_type": null, "is_revision": false, "state": "MAHARASHTRA", "status": "Closed", "clean_notes": null, "review_required": false, "review_reason": null, "latitude": 19.70975, "longitude": 77.637472}}, {"type": "Feature", "geometry": {"type": "Point", "coordinates": [74.166722, 21.314722]}, "properties": {"id": "S0306", "serial_no": 301, "state_serial_no": 84, "station_name": "SONGIRPADA", "district": "NANDURBAR", "commenced_on": "2007-08-29", "closed_on": "2011-11-30", "financial_year_commenced": "2007-2008", "financial_year_closed": "2011-2012", "mast_height_m": 50, "elevation_m": 294, "maws": null, "mawpd": null, "pdf_page": 4, "source_table": "Mast", "project_type": null, "is_revision": false, "state": "MAHARASHTRA", "status": "Closed", "clean_notes": null, "review_required": false, "review_reason": null, "latitude": 21.314722, "longitude": 74.166722}}, {"type": "Feature", "geometry": {"type": "Point", "coordinates": [75.971944, 20.523889]}, "properties": {"id": "S0307", "serial_no": 302, "state_serial_no": 85, "station_name": "JAIDEVWADI", "district": "JALNA", "commenced_on": "2008-05-12", "closed_on": "2010-09-30", "financial_year_commenced": "2008-2009", "financial_year_closed": "2010-2011", "mast_height_m": 50, "elevation_m": 725, "maws": 5.24, "mawpd": 108.71, "pdf_page": 4, "source_table": "Mast", "project_type": null, "is_revision": false, "state": "MAHARASHTRA", "status": "Closed", "clean_notes": null, "review_required": false, "review_reason": null, "latitude": 20.523889, "longitude": 75.971944}}, {"type": "Feature", "geometry": {"type": "Point", "coordinates": [77.045, 19.7375]}, "properties": {"id": "S0308", "serial_no": 303, "state_serial_no": 86, "station_name": "KESAPUR", "district": "HINGOLI", "commenced_on": "2008-05-13", "closed_on": "2010-09-30", "financial_year_commenced": "2008-2009", "financial_year_closed": "2010-2011", "mast_height_m": 50, "elevation_m": 500, "maws": 4.76, "mawpd": 90, "pdf_page": 4, "source_table": "Mast", "project_type": null, "is_revision": false, "state": "MAHARASHTRA", "status": "Closed", "clean_notes": null, "review_required": false, "review_reason": null, "latitude": 19.7375, "longitude": 77.045}}, {"type": "Feature", "geometry": {"type": "Point", "coordinates": [78.796944, 21.073889]}, "properties": {"id": "S0309", "serial_no": 304, "state_serial_no": 87, "station_name": "UMRI", "district": "NAGPUR", "commenced_on": "2008-05-16", "closed_on": "2011-11-30", "financial_year_commenced": "2008-2009", "financial_year_closed": "2011-2012", "mast_height_m": 50, "elevation_m": 441, "maws": 4.42, "mawpd": 84.41, "pdf_page": 4, "source_table": "Mast", "project_type": null, "is_revision": false, "state": "MAHARASHTRA", "status": "Closed", "clean_notes": null, "review_required": false, "review_reason": null, "latitude": 21.073889, "longitude": 78.796944}}, {"type": "Feature", "geometry": {"type": "Point", "coordinates": [74.000556, 20.281111]}, "properties": {"id": "S0310", "serial_no": 305, "state_serial_no": 88, "station_name": "BAHADURI", "district": "NASIK", "commenced_on": "2008-05-31", "closed_on": "2011-06-30", "financial_year_commenced": "2008-2009", "financial_year_closed": "2011-2012", "mast_height_m": 50, "elevation_m": 721, "maws": 5.21, "mawpd": 124.61, "pdf_page": 4, "source_table": "Mast", "project_type": null, "is_revision": false, "state": "MAHARASHTRA", "status": "Closed", "clean_notes": null, "review_required": false, "review_reason": null, "latitude": 20.281111, "longitude": 74.000556}}, {"type": "Feature", "geometry": {"type": "Point", "coordinates": [77.337778, 21.395]}, "properties": {"id": "S0311", "serial_no": 306, "state_serial_no": 89, "station_name": "LAWADA", "district": "AMRAVATI", "commenced_on": "2008-06-08", "closed_on": "2010-06-30", "financial_year_commenced": "2008-2009", "financial_year_closed": "2010-2011", "mast_height_m": 50, "elevation_m": 1103, "maws": 5.54, "mawpd": 167, "pdf_page": 4, "source_table": "Mast", "project_type": null, "is_revision": false, "state": "MAHARASHTRA", "status": "Closed", "clean_notes": null, "review_required": false, "review_reason": null, "latitude": 21.395, "longitude": 77.337778}}, {"type": "Feature", "geometry": {"type": "Point", "coordinates": [76.52775, 21.148306]}, "properties": {"id": "S0312", "serial_no": 307, "state_serial_no": 90, "station_name": "BHINGARA", "district": "BULDANA", "commenced_on": "2008-06-11", "closed_on": "2010-06-30", "financial_year_commenced": "2008-2009", "financial_year_closed": "2010-2011", "mast_height_m": 50, "elevation_m": 754, "maws": 5.69, "mawpd": 155.2, "pdf_page": 5, "source_table": "Mast", "project_type": null, "is_revision": false, "state": "MAHARASHTRA", "status": "Closed", "clean_notes": null, "review_required": false, "review_reason": null, "latitude": 21.148306, "longitude": 76.52775}}, {"type": "Feature", "geometry": {"type": "Point", "coordinates": [76.876083, 19.910194]}, "properties": {"id": "S0313", "serial_no": 308, "state_serial_no": 91, "station_name": "KHAIRKHEDA", "district": "HINGOLI", "commenced_on": "2008-06-13", "closed_on": "2010-06-30", "financial_year_commenced": "2008-2009", "financial_year_closed": "2010-2011", "mast_height_m": 50, "elevation_m": 599, "maws": 4.74, "mawpd": 90, "pdf_page": 5, "source_table": "Mast", "project_type": null, "is_revision": false, "state": "MAHARASHTRA", "status": "Closed", "clean_notes": null, "review_required": false, "review_reason": null, "latitude": 19.910194, "longitude": 76.876083}}, {"type": "Feature", "geometry": {"type": "Point", "coordinates": [75.320333, 19.034833]}, "properties": {"id": "S0314", "serial_no": 309, "state_serial_no": 92, "station_name": "BAHIRWADI", "district": "BEED", "commenced_on": "2008-06-15", "closed_on": "2010-06-30", "financial_year_commenced": "2008-2009", "financial_year_closed": "2010-2011", "mast_height_m": 50, "elevation_m": 714, "maws": 5.29, "mawpd": 129.85, "pdf_page": 5, "source_table": "Mast", "project_type": null, "is_revision": false, "state": "MAHARASHTRA", "status": "Closed", "clean_notes": null, "review_required": false, "review_reason": null, "latitude": 19.034833, "longitude": 75.320333}}, {"type": "Feature", "geometry": {"type": "Point", "coordinates": [78.700528, 21.094944]}, "properties": {"id": "S0315", "serial_no": 310, "state_serial_no": 93, "station_name": "GUBADI", "district": "NAGPUR", "commenced_on": "2008-06-06", "closed_on": "2010-06-30", "financial_year_commenced": "2008-2009", "financial_year_closed": "2010-2011", "mast_height_m": 50, "elevation_m": 477, "maws": 4.45, "mawpd": 81, "pdf_page": 5, "source_table": "Mast", "project_type": null, "is_revision": false, "state": "MAHARASHTRA", "status": "Closed", "clean_notes": null, "review_required": false, "review_reason": null, "latitude": 21.094944, "longitude": 78.700528}}, {"type": "Feature", "geometry": {"type": "Point", "coordinates": [73.815139, 17.623889]}, "properties": {"id": "S0316", "serial_no": 311, "state_serial_no": 94, "station_name": "JAGMIN", "district": "SATARA", "commenced_on": "2008-11-20", "closed_on": "2015-12-21", "financial_year_commenced": "2008-2009", "financial_year_closed": "2015-2016", "mast_height_m": 120, "elevation_m": 1185, "maws": 7.42, "mawpd": 410.18, "pdf_page": 5, "source_table": "Mast", "project_type": null, "is_revision": false, "state": "MAHARASHTRA", "status": "Closed", "clean_notes": null, "review_required": false, "review_reason": null, "latitude": 17.623889, "longitude": 73.815139}}, {"type": "Feature", "geometry": {"type": "Point", "coordinates": [73.744056, 16.840972]}, "properties": {"id": "S0317", "serial_no": 312, "state_serial_no": 95, "station_name": "KESARKARWADI", "district": "KOLHAPUR", "commenced_on": "2009-11-07", "closed_on": "2011-11-30", "financial_year_commenced": "2009-2010", "financial_year_closed": "2011-2012", "mast_height_m": 50, "elevation_m": 675, "maws": 4.67, "mawpd": 109, "pdf_page": 5, "source_table": "Mast", "project_type": null, "is_revision": false, "state": "MAHARASHTRA", "status": "Closed", "clean_notes": null, "review_required": false, "review_reason": null, "latitude": 16.840972, "longitude": 73.744056}}, {"type": "Feature", "geometry": {"type": "Point", "coordinates": [74.218472, 19.399444]}, "properties": {"id": "S0318", "serial_no": 313, "state_serial_no": 96, "station_name": "DOLASANE", "district": "AHMED NAGAR", "commenced_on": "2009-11-09", "closed_on": "2011-11-30", "financial_year_commenced": "2009-2010", "financial_year_closed": "2011-2012", "mast_height_m": 50, "elevation_m": 812, "maws": 4.89, "mawpd": 106.65, "pdf_page": 5, "source_table": "Mast", "project_type": null, "is_revision": false, "state": "MAHARASHTRA", "status": "Closed", "clean_notes": null, "review_required": false, "review_reason": null, "latitude": 19.399444, "longitude": 74.218472}}, {"type": "Feature", "geometry": {"type": "Point", "coordinates": [77.115806, 20.562194]}, "properties": {"id": "S0319", "serial_no": 314, "state_serial_no": 97, "station_name": "GIRDA", "district": "WASHIM", "commenced_on": "2009-11-11", "closed_on": "2011-11-30", "financial_year_commenced": "2009-2010", "financial_year_closed": "2011-2012", "mast_height_m": 50, "elevation_m": 340, "maws": 4.86, "mawpd": 102.5, "pdf_page": 5, "source_table": "Mast", "project_type": null, "is_revision": false, "state": "MAHARASHTRA", "status": "Closed", "clean_notes": null, "review_required": false, "review_reason": null, "latitude": 20.562194, "longitude": 77.115806}}, {"type": "Feature", "geometry": {"type": "Point", "coordinates": [77.907278, 20.453222]}, "properties": {"id": "S0320", "serial_no": 315, "state_serial_no": 98, "station_name": "KOLURA", "district": "YAVATMAL", "commenced_on": "2009-11-12", "closed_on": "2011-11-30", "financial_year_commenced": "2009-2010", "financial_year_closed": "2011-2012", "mast_height_m": 50, "elevation_m": 345, "maws": 4.97, "mawpd": 113.42, "pdf_page": 5, "source_table": "Mast", "project_type": null, "is_revision": false, "state": "MAHARASHTRA", "status": "Closed", "clean_notes": null, "review_required": false, "review_reason": null, "latitude": 20.453222, "longitude": 77.907278}}, {"type": "Feature", "geometry": {"type": "Point", "coordinates": [77.582417, 20.004944]}, "properties": {"id": "S0321", "serial_no": 316, "state_serial_no": 99, "station_name": "DHUNDI", "district": "YAVATMAL", "commenced_on": "2009-11-13", "closed_on": "2011-11-30", "financial_year_commenced": "2009-2010", "financial_year_closed": "2011-2012", "mast_height_m": 50, "elevation_m": 401, "maws": 3.56, "mawpd": 51.66, "pdf_page": 5, "source_table": "Mast", "project_type": null, "is_revision": false, "state": "MAHARASHTRA", "status": "Closed", "clean_notes": null, "review_required": false, "review_reason": null, "latitude": 20.004944, "longitude": 77.582417}}, {"type": "Feature", "geometry": {"type": "Point", "coordinates": [78.417028, 20.368583]}, "properties": {"id": "S0322", "serial_no": 317, "state_serial_no": 100, "station_name": "PORTGAVAN", "district": "YAVATMAL", "commenced_on": "2009-11-15", "closed_on": "2011-11-30", "financial_year_commenced": "2009-2010", "financial_year_closed": "2011-2012", "mast_height_m": 50, "elevation_m": 389, "maws": 4.67, "mawpd": 89.92, "pdf_page": 5, "source_table": "Mast", "project_type": null, "is_revision": false, "state": "MAHARASHTRA", "status": "Closed", "clean_notes": null, "review_required": false, "review_reason": null, "latitude": 20.368583, "longitude": 78.417028}}, {"type": "Feature", "geometry": {"type": "Point", "coordinates": [78.624447, 21.183083]}, "properties": {"id": "S0323", "serial_no": 318, "state_serial_no": 101, "station_name": "METHEPATAR", "district": "NAGPUR", "commenced_on": "2009-11-16", "closed_on": "2011-11-30", "financial_year_commenced": "2009-2010", "financial_year_closed": "2011-2012", "mast_height_m": 50, "elevation_m": 500, "maws": 3.93, "mawpd": 53.57, "pdf_page": 5, "source_table": "Mast", "project_type": null, "is_revision": false, "state": "MAHARASHTRA", "status": "Closed", "clean_notes": null, "review_required": false, "review_reason": null, "latitude": 21.183083, "longitude": 78.624447}}, {"type": "Feature", "geometry": {"type": "Point", "coordinates": [77.707883, 20.236694]}, "properties": {"id": "S0324", "serial_no": 319, "state_serial_no": 102, "station_name": "JAWLA", "district": "YAVATMAL", "commenced_on": "2009-12-29", "closed_on": "2015-01-31", "financial_year_commenced": "2009-2010", "financial_year_closed": "2014-2015", "mast_height_m": 50, "elevation_m": 423, "maws": 4.93, "mawpd": 128.24, "pdf_page": 5, "source_table": "Mast", "project_type": null, "is_revision": false, "state": "MAHARASHTRA", "status": "Closed", "clean_notes": null, "review_required": false, "review_reason": null, "latitude": 20.236694, "longitude": 77.707883}}, {"type": "Feature", "geometry": {"type": "Point", "coordinates": [75.267056, 19.97725]}, "properties": {"id": "S0325", "serial_no": 320, "state_serial_no": 103, "station_name": "RASULPURA", "district": "AURANGABAD", "commenced_on": "2009-12-23", "closed_on": "2011-11-30", "financial_year_commenced": "2009-2010", "financial_year_closed": "2011-2012", "mast_height_m": 50, "elevation_m": 759, "maws": 4.71, "mawpd": 92.68, "pdf_page": 5, "source_table": "Mast", "project_type": null, "is_revision": false, "state": "MAHARASHTRA", "status": "Closed", "clean_notes": null, "review_required": false, "review_reason": null, "latitude": 19.97725, "longitude": 75.267056}}, {"type": "Feature", "geometry": {"type": "Point", "coordinates": [75.422583, 20.238111]}, "properties": {"id": "S0326", "serial_no": 321, "state_serial_no": 104, "station_name": "CHINCHOLI", "district": "AURANGABAD", "commenced_on": "2009-12-22", "closed_on": "2011-11-30", "financial_year_commenced": "2009-2010", "financial_year_closed": "2011-2012", "mast_height_m": 50, "elevation_m": 737, "maws": 5.41, "mawpd": 133.64, "pdf_page": 5, "source_table": "Mast", "project_type": null, "is_revision": false, "state": "MAHARASHTRA", "status": "Closed", "clean_notes": null, "review_required": false, "review_reason": null, "latitude": 20.238111, "longitude": 75.422583}}, {"type": "Feature", "geometry": {"type": "Point", "coordinates": [75.617611, 19.932917]}, "properties": {"id": "S0327", "serial_no": 322, "state_serial_no": 105, "station_name": "SHEWGA", "district": "AURANGABAD", "commenced_on": "2009-12-21", "closed_on": "2014-04-10", "financial_year_commenced": "2009-2010", "financial_year_closed": "2014-2015", "mast_height_m": 50, "elevation_m": 670, "maws": null, "mawpd": null, "pdf_page": 5, "source_table": "Mast", "project_type": null, "is_revision": false, "state": "MAHARASHTRA", "status": "Closed", "clean_notes": null, "review_required": false, "review_reason": null, "latitude": 19.932917, "longitude": 75.617611}}, {"type": "Feature", "geometry": {"type": "Point", "coordinates": [75.695861, 20.5075]}, "properties": {"id": "S0328", "serial_no": 323, "state_serial_no": 106, "station_name": "SARATI", "district": "AURANGABAD", "commenced_on": "2009-12-22", "closed_on": "2011-11-30", "financial_year_commenced": "2009-2010", "financial_year_closed": "2011-2012", "mast_height_m": 50, "elevation_m": 720, "maws": 5.5, "mawpd": 138.6, "pdf_page": 5, "source_table": "Mast", "project_type": null, "is_revision": false, "state": "MAHARASHTRA", "status": "Closed", "clean_notes": null, "review_required": false, "review_reason": null, "latitude": 20.5075, "longitude": 75.695861}}, {"type": "Feature", "geometry": {"type": "Point", "coordinates": [76.434722, 20.489639]}, "properties": {"id": "S0329", "serial_no": 324, "state_serial_no": 107, "station_name": "HARNHI", "district": "BULDANA", "commenced_on": "2009-12-23", "closed_on": "2013-05-15", "financial_year_commenced": "2009-2010", "financial_year_closed": "2013-2014", "mast_height_m": 50, "elevation_m": 574, "maws": 4.22, "mawpd": 66.65, "pdf_page": 5, "source_table": "Mast", "project_type": null, "is_revision": false, "state": "MAHARASHTRA", "status": "Closed", "clean_notes": null, "review_required": false, "review_reason": null, "latitude": 20.489639, "longitude": 76.434722}}, {"type": "Feature", "geometry": {"type": "Point", "coordinates": [78.380694, 21.072167]}, "properties": {"id": "S0330", "serial_no": 325, "state_serial_no": 108, "station_name": "GARPIT", "district": "WARDHA", "commenced_on": "2009-12-28", "closed_on": "2011-11-30", "financial_year_commenced": "2009-2010", "financial_year_closed": "2011-2012", "mast_height_m": 50, "elevation_m": 494, "maws": 4.34, "mawpd": 67.63, "pdf_page": 5, "source_table": "Mast", "project_type": null, "is_revision": false, "state": "MAHARASHTRA", "status": "Closed", "clean_notes": null, "review_required": false, "review_reason": null, "latitude": 21.072167, "longitude": 78.380694}}, {"type": "Feature", "geometry": {"type": "Point", "coordinates": [76.686722, 20.706861]}, "properties": {"id": "S0331", "serial_no": 326, "state_serial_no": 109, "station_name": "KOLASA", "district": "AKOLA", "commenced_on": "2009-12-25", "closed_on": "2011-11-30", "financial_year_commenced": "2009-2010", "financial_year_closed": "2011-2012", "mast_height_m": 50, "elevation_m": 276, "maws": 3.96, "mawpd": 70.09, "pdf_page": 5, "source_table": "Mast", "project_type": null, "is_revision": false, "state": "MAHARASHTRA", "status": "Closed", "clean_notes": null, "review_required": false, "review_reason": null, "latitude": 20.706861, "longitude": 76.686722}}, {"type": "Feature", "geometry": {"type": "Point", "coordinates": [77.971, 20.926278]}, "properties": {"id": "S0332", "serial_no": 327, "state_serial_no": 110, "station_name": "VIRGAVAHAN", "district": "AMRAVATI", "commenced_on": "2009-12-27", "closed_on": "2011-11-30", "financial_year_commenced": "2009-2010", "financial_year_closed": "2011-2012", "mast_height_m": 50, "elevation_m": 392, "maws": 4.71, "mawpd": 109.11, "pdf_page": 5, "source_table": "Mast", "project_type": null, "is_revision": false, "state": "MAHARASHTRA", "status": "Closed", "clean_notes": null, "review_required": false, "review_reason": null, "latitude": 20.926278, "longitude": 77.971}}, {"type": "Feature", "geometry": {"type": "Point", "coordinates": [76.954306, 20.373361]}, "properties": {"id": "S0333", "serial_no": 328, "state_serial_no": 111, "station_name": "GONDHALWADI", "district": "AKOLA", "commenced_on": "2009-12-24", "closed_on": "2011-11-30", "financial_year_commenced": "2009-2010", "financial_year_closed": "2011-2012", "mast_height_m": 50, "elevation_m": 462, "maws": 4.38, "mawpd": 76.34, "pdf_page": 5, "source_table": "Mast", "project_type": null, "is_revision": false, "state": "MAHARASHTRA", "status": "Closed", "clean_notes": null, "review_required": false, "review_reason": null, "latitude": 20.373361, "longitude": 76.954306}}, {"type": "Feature", "geometry": {"type": "Point", "coordinates": [77.344694, 20.564806]}, "properties": {"id": "S0334", "serial_no": 329, "state_serial_no": 112, "station_name": "JANORI", "district": "WASHIM", "commenced_on": "2009-12-31", "closed_on": "2011-11-30", "financial_year_commenced": "2009-2010", "financial_year_closed": "2011-2012", "mast_height_m": 50, "elevation_m": 364, "maws": 4.57, "mawpd": 91.14, "pdf_page": 5, "source_table": "Mast", "project_type": null, "is_revision": false, "state": "MAHARASHTRA", "status": "Closed", "clean_notes": null, "review_required": false, "review_reason": null, "latitude": 20.564806, "longitude": 77.344694}}, {"type": "Feature", "geometry": {"type": "Point", "coordinates": [74.246722, 16.045361]}, "properties": {"id": "S0335", "serial_no": 330, "state_serial_no": 113, "station_name": "MOREWADI", "district": "KOLHAPUR", "commenced_on": "2012-05-31", "closed_on": "2014-08-09", "financial_year_commenced": "2012-2013", "financial_year_closed": "2014-2015", "mast_height_m": 80, "elevation_m": 974, "maws": 6.46, "mawpd": 261.76, "pdf_page": 5, "source_table": "Mast", "project_type": null, "is_revision": false, "state": "MAHARASHTRA", "status": "Closed", "clean_notes": null, "review_required": false, "review_reason": null, "latitude": 16.045361, "longitude": 74.246722}}, {"type": "Feature", "geometry": {"type": "Point", "coordinates": [73.781472, 16.828083]}, "properties": {"id": "S0336", "serial_no": 331, "state_serial_no": 114, "station_name": "SHEMBAWANI", "district": "KOLHAPUR", "commenced_on": "2012-06-02", "closed_on": "2014-09-18", "financial_year_commenced": "2012-2013", "financial_year_closed": "2014-2015", "mast_height_m": 80, "elevation_m": 671, "maws": 5.41, "mawpd": 192.16, "pdf_page": 5, "source_table": "Mast", "project_type": null, "is_revision": false, "state": "MAHARASHTRA", "status": "Closed", "clean_notes": null, "review_required": false, "review_reason": null, "latitude": 16.828083, "longitude": 73.781472}}, {"type": "Feature", "geometry": {"type": "Point", "coordinates": [73.338361, 16.741389]}, "properties": {"id": "S0337", "serial_no": 332, "state_serial_no": 115, "station_name": "AADIWARE", "district": "RATNAGIRI", "commenced_on": "2012-06-04", "closed_on": "2014-09-18", "financial_year_commenced": "2012-2013", "financial_year_closed": "2014-2015", "mast_height_m": 80, "elevation_m": 59, "maws": 4.91, "mawpd": 115.98, "pdf_page": 5, "source_table": "Mast", "project_type": null, "is_revision": false, "state": "MAHARASHTRA", "status": "Closed", "clean_notes": null, "review_required": false, "review_reason": null, "latitude": 16.741389, "longitude": 73.338361}}, {"type": "Feature", "geometry": {"type": "Point", "coordinates": [73.756611, 19.185528]}, "properties": {"id": "S0338", "serial_no": 333, "state_serial_no": 116, "station_name": "HIVARAPAHADI", "district": "PUNE", "commenced_on": "2012-06-06", "closed_on": "2016-02-02", "financial_year_commenced": "2012-2013", "financial_year_closed": "2015-2016", "mast_height_m": 80, "elevation_m": 1093, "maws": null, "mawpd": null, "pdf_page": 5, "source_table": "Mast", "project_type": null, "is_revision": false, "state": "MAHARASHTRA", "status": "Closed", "clean_notes": null, "review_required": false, "review_reason": null, "latitude": 19.185528, "longitude": 73.756611}}, {"type": "Feature", "geometry": {"type": "Point", "coordinates": [74.458861, 20.798167]}, "properties": {"id": "S0339", "serial_no": 334, "state_serial_no": 117, "station_name": "CHINCHWE", "district": "NASHIK", "commenced_on": "2012-06-08", "closed_on": "2014-08-09", "financial_year_commenced": "2012-2013", "financial_year_closed": "2014-2015", "mast_height_m": 80, "elevation_m": 595, "maws": 4.44, "mawpd": 85.8, "pdf_page": 5, "source_table": "Mast", "project_type": null, "is_revision": false, "state": "MAHARASHTRA", "status": "Closed", "clean_notes": null, "review_required": false, "review_reason": null, "latitude": 20.798167, "longitude": 74.458861}}, {"type": "Feature", "geometry": {"type": "Point", "coordinates": [74.821083, 20.034528]}, "properties": {"id": "S0340", "serial_no": 335, "state_serial_no": 118, "station_name": "KHANDALA", "district": "AURANGABAD", "commenced_on": "2012-06-10", "closed_on": "2016-02-02", "financial_year_commenced": "2012-2013", "financial_year_closed": "2015-2016", "mast_height_m": 80, "elevation_m": 601, "maws": null, "mawpd": null, "pdf_page": 5, "source_table": "Mast", "project_type": null, "is_revision": false, "state": "MAHARASHTRA", "status": "Closed", "clean_notes": null, "review_required": false, "review_reason": null, "latitude": 20.034528, "longitude": 74.821083}}, {"type": "Feature", "geometry": {"type": "Point", "coordinates": [77.49725, 20.202972]}, "properties": {"id": "S0341", "serial_no": 336, "state_serial_no": 119, "station_name": "PIMPRI", "district": "WASHIM", "commenced_on": "2012-06-23", "closed_on": "2014-04-30", "financial_year_commenced": "2012-2013", "financial_year_closed": "2014-2015", "mast_height_m": 80, "elevation_m": 439, "maws": null, "mawpd": null, "pdf_page": 5, "source_table": "Mast", "project_type": null, "is_revision": false, "state": "MAHARASHTRA", "status": "Closed", "clean_notes": null, "review_required": false, "review_reason": null, "latitude": 20.202972, "longitude": 77.49725}}, {"type": "Feature", "geometry": {"type": "Point", "coordinates": [77.455139, 19.732417]}, "properties": {"id": "S0342", "serial_no": 337, "state_serial_no": 120, "station_name": "ISAPUR", "district": "YEAWATMAL", "commenced_on": "2012-06-25", "closed_on": "2015-02-28", "financial_year_commenced": "2012-2013", "financial_year_closed": "2014-2015", "mast_height_m": 80, "elevation_m": 439, "maws": 6.78, "mawpd": 249.45, "pdf_page": 5, "source_table": "Mast", "project_type": null, "is_revision": false, "state": "MAHARASHTRA", "status": "Closed", "clean_notes": null, "review_required": false, "review_reason": null, "latitude": 19.732417, "longitude": 77.455139}}, {"type": "Feature", "geometry": {"type": "Point", "coordinates": [76.898778, 19.201056]}, "properties": {"id": "S0343", "serial_no": 338, "state_serial_no": 121, "station_name": "MIRKHEL", "district": "PARBHANI", "commenced_on": "2012-06-27", "closed_on": "2014-09-18", "financial_year_commenced": "2012-2013", "financial_year_closed": "2014-2015", "mast_height_m": 80, "elevation_m": 402, "maws": 4.96, "mawpd": 119.4, "pdf_page": 5, "source_table": "Mast", "project_type": null, "is_revision": false, "state": "MAHARASHTRA", "status": "Closed", "clean_notes": null, "review_required": false, "review_reason": null, "latitude": 19.201056, "longitude": 76.898778}}, {"type": "Feature", "geometry": {"type": "Point", "coordinates": [75.51775, 20.266611]}, "properties": {"id": "S0344", "serial_no": 339, "state_serial_no": 122, "station_name": "PALSI", "district": "AURANGABAD", "commenced_on": "2012-06-29", "closed_on": "2016-02-02", "financial_year_commenced": "2012-2013", "financial_year_closed": "2015-2016", "mast_height_m": 80, "elevation_m": 738, "maws": null, "mawpd": null, "pdf_page": 5, "source_table": "Mast", "project_type": null, "is_revision": false, "state": "MAHARASHTRA", "status": "Closed", "clean_notes": null, "review_required": false, "review_reason": null, "latitude": 20.266611, "longitude": 75.51775}}, {"type": "Feature", "geometry": {"type": "Point", "coordinates": [74.545056, 17.6135]}, "properties": {"id": "S0345", "serial_no": 340, "state_serial_no": 123, "station_name": "BOMBHALE", "district": "SATARA", "commenced_on": "2012-07-03", "closed_on": "2014-09-18", "financial_year_commenced": "2012-2013", "financial_year_closed": "2014-2015", "mast_height_m": 80, "elevation_m": 811, "maws": 5.65, "mawpd": 161.66, "pdf_page": 5, "source_table": "Mast", "project_type": null, "is_revision": false, "state": "MAHARASHTRA", "status": "Closed", "clean_notes": null, "review_required": false, "review_reason": null, "latitude": 17.6135, "longitude": 74.545056}}, {"type": "Feature", "geometry": {"type": "Point", "coordinates": [74.376139, 17.802278]}, "properties": {"id": "S0346", "serial_no": 341, "state_serial_no": 124, "station_name": "KHOKADE", "district": "SATARA", "commenced_on": "2012-07-17", "closed_on": "2014-09-18", "financial_year_commenced": "2012-2013", "financial_year_closed": "2014-2015", "mast_height_m": 80, "elevation_m": 1046, "maws": 6.53, "mawpd": 238.56, "pdf_page": 5, "source_table": "Mast", "project_type": null, "is_revision": false, "state": "MAHARASHTRA", "status": "Closed", "clean_notes": null, "review_required": false, "review_reason": null, "latitude": 17.802278, "longitude": 74.376139}}, {"type": "Feature", "geometry": {"type": "Point", "coordinates": [74.318944, 20.356861]}, "properties": {"id": "S0347", "serial_no": 342, "state_serial_no": 125, "station_name": "USWAD", "district": "NASHIK", "commenced_on": "2012-07-20", "closed_on": "2014-09-18", "financial_year_commenced": "2012-2013", "financial_year_closed": "2014-2015", "mast_height_m": 80, "elevation_m": 748, "maws": 5.23, "mawpd": 166.77, "pdf_page": 5, "source_table": "Mast", "project_type": null, "is_revision": false, "state": "MAHARASHTRA", "status": "Closed", "clean_notes": null, "review_required": false, "review_reason": null, "latitude": 20.356861, "longitude": 74.318944}}, {"type": "Feature", "geometry": {"type": "Point", "coordinates": [75.320028, 20.3405]}, "properties": {"id": "S0348", "serial_no": 343, "state_serial_no": 126, "station_name": "DHANGER", "district": "AURANGABAD", "commenced_on": "2012-07-22", "closed_on": "2014-09-18", "financial_year_commenced": "2012-2013", "financial_year_closed": "2014-2015", "mast_height_m": 80, "elevation_m": 847, "maws": 6.09, "mawpd": 168, "pdf_page": 5, "source_table": "Mast", "project_type": null, "is_revision": false, "state": "MAHARASHTRA", "status": "Closed", "clean_notes": null, "review_required": false, "review_reason": null, "latitude": 20.3405, "longitude": 75.320028}}, {"type": "Feature", "geometry": {"type": "Point", "coordinates": [75.655333, 19.678194]}, "properties": {"id": "S0349", "serial_no": 344, "state_serial_no": 127, "station_name": "ROHILAGAD", "district": "JALNA", "commenced_on": "2012-07-26", "closed_on": "2014-09-18", "financial_year_commenced": "2012-2013", "financial_year_closed": "2014-2015", "mast_height_m": 80, "elevation_m": 651, "maws": 5.96, "mawpd": 183.87, "pdf_page": 5, "source_table": "Mast", "project_type": null, "is_revision": false, "state": "MAHARASHTRA", "status": "Closed", "clean_notes": null, "review_required": false, "review_reason": null, "latitude": 19.678194, "longitude": 75.655333}}, {"type": "Feature", "geometry": {"type": "Point", "coordinates": [75.215944, 20.2995]}, "properties": {"id": "S0350", "serial_no": 345, "state_serial_no": 128, "station_name": "NIMBHORA", "district": "AURANGABAD", "commenced_on": "2012-07-30", "closed_on": "2014-09-18", "financial_year_commenced": "2012-2013", "financial_year_closed": "2014-2015", "mast_height_m": 80, "elevation_m": 896, "maws": 5.7, "mawpd": 145.13, "pdf_page": 5, "source_table": "Mast", "project_type": null, "is_revision": false, "state": "MAHARASHTRA", "status": "Closed", "clean_notes": null, "review_required": false, "review_reason": null, "latitude": 20.2995, "longitude": 75.215944}}, {"type": "Feature", "geometry": {"type": "Point", "coordinates": [76.451283, 19.5022]}, "properties": {"id": "S0351", "serial_no": 346, "state_serial_no": 129, "station_name": "MOREGAON", "district": "PARBHANI", "commenced_on": "2012-10-12", "closed_on": "2014-09-18", "financial_year_commenced": "2012-2013", "financial_year_closed": "2014-2015", "mast_height_m": 80, "elevation_m": 407, "maws": 4.74, "mawpd": 104.61, "pdf_page": 5, "source_table": "Mast", "project_type": null, "is_revision": false, "state": "MAHARASHTRA", "status": "Closed", "clean_notes": null, "review_required": false, "review_reason": null, "latitude": 19.5022, "longitude": 76.451283}}, {"type": "Feature", "geometry": {"type": "Point", "coordinates": [73.343483, 19.749233]}, "properties": {"id": "S0352", "serial_no": 347, "state_serial_no": 130, "station_name": "SURYAMAL", "district": "THANE", "commenced_on": "2012-10-18", "closed_on": "2016-02-02", "financial_year_commenced": "2012-2013", "financial_year_closed": "2015-2016", "mast_height_m": 80, "elevation_m": 514, "maws": 4.97, "mawpd": 131.64, "pdf_page": 5, "source_table": "Mast", "project_type": null, "is_revision": false, "state": "MAHARASHTRA", "status": "Closed", "clean_notes": null, "review_required": false, "review_reason": null, "latitude": 19.749233, "longitude": 73.343483}}, {"type": "Feature", "geometry": {"type": "Point", "coordinates": [74.179333, 15.792889]}, "properties": {"id": "S0353", "serial_no": 348, "state_serial_no": 131, "station_name": "KODHALI", "district": "KOLHAPUR", "commenced_on": "2012-11-21", "closed_on": "2014-09-18", "financial_year_commenced": "2012-2013", "financial_year_closed": "2014-2015", "mast_height_m": 80, "elevation_m": 758, "maws": 5.66, "mawpd": 206.73, "pdf_page": 5, "source_table": "Mast", "project_type": null, "is_revision": false, "state": "MAHARASHTRA", "status": "Closed", "clean_notes": null, "review_required": false, "review_reason": null, "latitude": 15.792889, "longitude": 74.179333}}, {"type": "Feature", "geometry": {"type": "Point", "coordinates": [74.064056, 15.838611]}, "properties": {"id": "S0354", "serial_no": 349, "state_serial_no": 132, "station_name": "ISAPUR", "district": "KOLHAPUR", "commenced_on": "2012-12-31", "closed_on": "2015-01-31", "financial_year_commenced": "2012-2013", "financial_year_closed": "2014-2015", "mast_height_m": 80, "elevation_m": 890, "maws": 7.05, "mawpd": 332.6, "pdf_page": 5, "source_table": "Mast", "project_type": null, "is_revision": false, "state": "MAHARASHTRA", "status": "Closed", "clean_notes": null, "review_required": false, "review_reason": null, "latitude": 15.838611, "longitude": 74.064056}}, {"type": "Feature", "geometry": {"type": "Point", "coordinates": [76.012944, 18.272833]}, "properties": {"id": "S0355", "serial_no": 350, "state_serial_no": 133, "station_name": "GADHPATI", "district": "OSMANABAD", "commenced_on": "2013-07-24", "closed_on": "2016-02-17", "financial_year_commenced": "2013-2014", "financial_year_closed": "2015-2016", "mast_height_m": 100, "elevation_m": 697, "maws": 6.5, "mawpd": 223.53, "pdf_page": 5, "source_table": "Mast", "project_type": null, "is_revision": false, "state": "MAHARASHTRA", "status": "Closed", "clean_notes": null, "review_required": false, "review_reason": null, "latitude": 18.272833, "longitude": 76.012944}}, {"type": "Feature", "geometry": {"type": "Point", "coordinates": [75.614389, 18.795167]}, "properties": {"id": "S0356", "serial_no": 351, "state_serial_no": 134, "station_name": "WAGHIRA", "district": "BEED", "commenced_on": "2013-07-26", "closed_on": "2015-12-22", "financial_year_commenced": "2013-2014", "financial_year_closed": "2015-2016", "mast_height_m": 100, "elevation_m": 790, "maws": 6.91, "mawpd": 295, "pdf_page": 5, "source_table": "Mast", "project_type": null, "is_revision": false, "state": "MAHARASHTRA", "status": "Closed", "clean_notes": null, "review_required": false, "review_reason": null, "latitude": 18.795167, "longitude": 75.614389}}, {"type": "Feature", "geometry": {"type": "Point", "coordinates": [74.187139, 16.596083]}, "properties": {"id": "S0357", "serial_no": 352, "state_serial_no": 135, "station_name": "HANBARWADI", "district": "KOLHAPUR", "commenced_on": "2013-10-13", "closed_on": "2017-01-09", "financial_year_commenced": "2013-2014", "financial_year_closed": "2016-2017", "mast_height_m": 100, "elevation_m": 744, "maws": 6.5, "mawpd": 254.3, "pdf_page": 5, "source_table": "Mast", "project_type": null, "is_revision": false, "state": "MAHARASHTRA", "status": "Closed", "clean_notes": null, "review_required": false, "review_reason": null, "latitude": 16.596083, "longitude": 74.187139}}, {"type": "Feature", "geometry": {"type": "Point", "coordinates": [73.899778, 18.028389]}, "properties": {"id": "S0358", "serial_no": 353, "state_serial_no": 136, "station_name": "MANDHARDHEV", "district": "SATARA", "commenced_on": "2013-10-14", "closed_on": "2016-01-19", "financial_year_commenced": "2013-2014", "financial_year_closed": "2015-2016", "mast_height_m": 100, "elevation_m": 1241, "maws": 5.74, "mawpd": 209, "pdf_page": 5, "source_table": "Mast", "project_type": null, "is_revision": false, "state": "MAHARASHTRA", "status": "Closed", "clean_notes": null, "review_required": false, "review_reason": null, "latitude": 18.028389, "longitude": 73.899778}}, {"type": "Feature", "geometry": {"type": "Point", "coordinates": [73.704222, 19.088667]}, "properties": {"id": "S0359", "serial_no": 354, "state_serial_no": 137, "station_name": "RANGEWADI", "district": "PUNE", "commenced_on": "2013-10-16", "closed_on": "2016-01-25", "financial_year_commenced": "2013-2014", "financial_year_closed": "2015-2016", "mast_height_m": 100, "elevation_m": 1009, "maws": 5.83, "mawpd": 174.77, "pdf_page": 5, "source_table": "Mast", "project_type": null, "is_revision": false, "state": "MAHARASHTRA", "status": "Closed", "clean_notes": null, "review_required": false, "review_reason": null, "latitude": 19.088667, "longitude": 73.704222}}, {"type": "Feature", "geometry": {"type": "Point", "coordinates": [73.563944, 20.301167]}, "properties": {"id": "S0360", "serial_no": 355, "state_serial_no": 138, "station_name": "BAGACHAPADA", "district": "NASHIK", "commenced_on": "2013-10-18", "closed_on": "2015-10-17", "financial_year_commenced": "2013-2014", "financial_year_closed": "2015-2016", "mast_height_m": 100, "elevation_m": 612, "maws": 5.51, "mawpd": 155.76, "pdf_page": 5, "source_table": "Mast", "project_type": null, "is_revision": false, "state": "MAHARASHTRA", "status": "Closed", "clean_notes": null, "review_required": false, "review_reason": null, "latitude": 20.301167, "longitude": 73.563944}}, {"type": "Feature", "geometry": {"type": "Point", "coordinates": [73.664439, 20.312581]}, "properties": {"id": "S0361", "serial_no": 356, "state_serial_no": 139, "station_name": "VANI", "district": "NASHIK", "commenced_on": "2013-10-19", "closed_on": "2015-07-18", "financial_year_commenced": "2013-2014", "financial_year_closed": "2015-2016", "mast_height_m": 100, "elevation_m": 734, "maws": 6.33, "mawpd": 214.49, "pdf_page": 5, "source_table": "Mast", "project_type": null, "is_revision": false, "state": "MAHARASHTRA", "status": "Closed", "clean_notes": null, "review_required": false, "review_reason": null, "latitude": 20.312581, "longitude": 73.664439}}, {"type": "Feature", "geometry": {"type": "Point", "coordinates": [75.424333, 19.97225]}, "properties": {"id": "S0362", "serial_no": 357, "state_serial_no": 140, "station_name": "SAROLA", "district": "AURANGABAD", "commenced_on": "2013-10-24", "closed_on": "2017-01-19", "financial_year_commenced": "2013-2014", "financial_year_closed": "2016-2017", "mast_height_m": 100, "elevation_m": 927, "maws": 6.62, "mawpd": 233.94, "pdf_page": 5, "source_table": "Mast", "project_type": null, "is_revision": false, "state": "MAHARASHTRA", "status": "Closed", "clean_notes": null, "review_required": false, "review_reason": null, "latitude": 19.97225, "longitude": 75.424333}}, {"type": "Feature", "geometry": {"type": "Point", "coordinates": [74.762731, 17.149281]}, "properties": {"id": "S0363", "serial_no": 358, "state_serial_no": 141, "station_name": "SHEDHEWADI", "district": "SANGALI", "commenced_on": "2021-09-30", "closed_on": "2022-12-22", "financial_year_commenced": "2021-2022", "financial_year_closed": "2021-2022", "mast_height_m": 100, "elevation_m": 122, "maws": 5.39, "mawpd": 150.2, "pdf_page": 5, "source_table": "Mast", "project_type": null, "is_revision": false, "state": "MAHARASHTRA", "status": "Closed", "clean_notes": null, "review_required": true, "review_reason": "Closed date 2022-12-22 does not match FY 2021-2022", "latitude": 17.149281, "longitude": 74.762731}}, {"type": "Feature", "geometry": {"type": "Point", "coordinates": [74.912389, 17.665306]}, "properties": {"id": "S0364", "serial_no": 359, "state_serial_no": 142, "station_name": "SULEWADI", "district": "SOLAPUR", "commenced_on": "2021-10-04", "closed_on": "2022-12-20", "financial_year_commenced": "2021-2022", "financial_year_closed": "2021-2022", "mast_height_m": 100, "elevation_m": 122, "maws": 5.38, "mawpd": 148.9, "pdf_page": 5, "source_table": "Mast", "project_type": null, "is_revision": false, "state": "MAHARASHTRA", "status": "Closed", "clean_notes": null, "review_required": true, "review_reason": "Closed date 2022-12-20 does not match FY 2021-2022", "latitude": 17.665306, "longitude": 74.912389}}, {"type": "Feature", "geometry": {"type": "Point", "coordinates": [74.152447, 21.174147]}, "properties": {"id": "S0365", "serial_no": 360, "state_serial_no": 143, "station_name": "DHULE", "district": "DHULE", "commenced_on": "2021-10-06", "closed_on": "2022-12-19", "financial_year_commenced": "2021-2022", "financial_year_closed": "2021-2022", "mast_height_m": 100, "elevation_m": 122, "maws": 6.67, "mawpd": 265.58, "pdf_page": 5, "source_table": "Mast", "project_type": null, "is_revision": false, "state": "MAHARASHTRA", "status": "Closed", "clean_notes": null, "review_required": true, "review_reason": "Closed date 2022-12-19 does not match FY 2021-2022", "latitude": 21.174147, "longitude": 74.152447}}, {"type": "Feature", "geometry": {"type": "Point", "coordinates": [77.800278, 14.848611]}, "properties": {"id": "S0366", "serial_no": 361, "state_serial_no": 1, "station_name": "ALANGARAPETA", "district": "ANANTAPUR", "commenced_on": "2000-09-16", "closed_on": "2002-10-17", "financial_year_commenced": "2000-2001", "financial_year_closed": "2002-2003", "mast_height_m": 25, "elevation_m": 360, "maws": 5.85, "mawpd": 244, "pdf_page": 5, "source_table": "Mast", "project_type": null, "is_revision": false, "state": "ANDHRA PRADESH", "status": "Closed", "clean_notes": null, "review_required": false, "review_reason": null, "latitude": 14.848611, "longitude": 77.800278}}, {"type": "Feature", "geometry": {"type": "Point", "coordinates": [77.394167, 14.925]}, "properties": {"id": "S0367", "serial_no": 362, "state_serial_no": 2, "station_name": "BADHRAMPALLI KOTTALA", "district": "ANANTAPUR", "commenced_on": "1994-09-25", "closed_on": "1998-01-22", "financial_year_commenced": "1994-1995", "financial_year_closed": "1997-1998", "mast_height_m": 25, "elevation_m": 433, "maws": 5.92, "mawpd": 247.7, "pdf_page": 5, "source_table": "Mast", "project_type": null, "is_revision": false, "state": "ANDHRA PRADESH", "status": "Closed", "clean_notes": null, "review_required": false, "review_reason": null, "latitude": 14.925, "longitude": 77.394167}}, {"type": "Feature", "geometry": {"type": "Point", "coordinates": [79.087194, 14.749083]}, "properties": {"id": "S0368", "serial_no": 363, "state_serial_no": 3, "station_name": "BADVEL", "district": "CUDDAPAH", "commenced_on": "2000-09-21", "closed_on": "2002-10-20", "financial_year_commenced": "2000-2001", "financial_year_closed": "2002-2003", "mast_height_m": 25, "elevation_m": 204, "maws": 4.99, "mawpd": 167, "pdf_page": 5, "source_table": "Mast", "project_type": null, "is_revision": false, "state": "ANDHRA PRADESH", "status": "Closed", "clean_notes": null, "review_required": false, "review_reason": null, "latitude": 14.749083, "longitude": 79.087194}}, {"type": "Feature", "geometry": {"type": "Point", "coordinates": [77.978056, 14.794167]}, "properties": {"id": "S0369", "serial_no": 364, "state_serial_no": 4, "station_name": "BALAPURAM", "district": "ANANTAPUR", "commenced_on": "1999-08-29", "closed_on": "2000-11-21", "financial_year_commenced": "1999-2000", "financial_year_closed": "2000-2001", "mast_height_m": 25, "elevation_m": 290, "maws": 4.47, "mawpd": 104.8, "pdf_page": 5, "source_table": "Mast", "project_type": null, "is_revision": false, "state": "ANDHRA PRADESH", "status": "Closed", "clean_notes": null, "review_required": false, "review_reason": null, "latitude": 14.794167, "longitude": 77.978056}}, {"type": "Feature", "geometry": {"type": "Point", "coordinates": [77.433444, 15.719944]}, "properties": {"id": "S0370", "serial_no": 365, "state_serial_no": 5, "station_name": "BANAVASI", "district": "KURNOOL", "commenced_on": "1992-12-07", "closed_on": "1994-01-30", "financial_year_commenced": "1992-1993", "financial_year_closed": "1993-1994", "mast_height_m": 25, "elevation_m": 400, "maws": 4.14, "mawpd": 82.8, "pdf_page": 5, "source_table": "Mast", "project_type": null, "is_revision": false, "state": "ANDHRA PRADESH", "status": "Closed", "clean_notes": null, "review_required": false, "review_reason": null, "latitude": 15.719944, "longitude": 77.433444}}, {"type": "Feature", "geometry": {"type": "Point", "coordinates": [78.061111, 15.011944]}, "properties": {"id": "S0371", "serial_no": 366, "state_serial_no": 6, "station_name": "BANDERLAPALLI", "district": "KURNOOL", "commenced_on": "1997-03-23", "closed_on": "1999-04-30", "financial_year_commenced": "1996-1997", "financial_year_closed": "1999-2000", "mast_height_m": 25, "elevation_m": 438, "maws": 5.58, "mawpd": 240.2, "pdf_page": 5, "source_table": "Mast", "project_type": null, "is_revision": false, "state": "ANDHRA PRADESH", "status": "Closed", "clean_notes": null, "review_required": false, "review_reason": null, "latitude": 15.011944, "longitude": 78.061111}}, {"type": "Feature", "geometry": {"type": "Point", "coordinates": [83.407528, 17.817694]}, "properties": {"id": "S0372", "serial_no": 367, "state_serial_no": 7, "station_name": "BHIMUNIPATNAM", "district": "VISHAKAPATNAM", "commenced_on": "1988-09-03", "closed_on": "1991-12-15", "financial_year_commenced": "1988-1989", "financial_year_closed": "1991-1992", "mast_height_m": 20, "elevation_m": 115, "maws": 5.31, "mawpd": 194.7, "pdf_page": 5, "source_table": "Mast", "project_type": null, "is_revision": false, "state": "ANDHRA PRADESH", "status": "Closed", "clean_notes": null, "review_required": false, "review_reason": null, "latitude": 17.817694, "longitude": 83.407528}}, {"type": "Feature", "geometry": {"type": "Point", "coordinates": [77.151944, 14.5875]}, "properties": {"id": "S0373", "serial_no": 368, "state_serial_no": 8, "station_name": "BORAMPALLI", "district": "ANANTAPUR", "commenced_on": "1998-07-19", "closed_on": "2000-09-15", "financial_year_commenced": "1998-1999", "financial_year_closed": "2000-2001", "mast_height_m": 25, "elevation_m": 550, "maws": 5.45, "mawpd": 163.1, "pdf_page": 5, "source_table": "Mast", "project_type": null, "is_revision": false, "state": "ANDHRA PRADESH", "status": "Closed", "clean_notes": null, "review_required": false, "review_reason": null, "latitude": 14.5875, "longitude": 77.151944}}, {"type": "Feature", "geometry": {"type": "Point", "coordinates": [77.553944, 14.091639]}, "properties": {"id": "S0374", "serial_no": 369, "state_serial_no": 9, "station_name": "BOXAMPALLI", "district": "ANANTAPUR", "commenced_on": "1994-09-22", "closed_on": "1997-11-21", "financial_year_commenced": "1994-1995", "financial_year_closed": "1997-1998", "mast_height_m": 25, "elevation_m": 639, "maws": 4.7, "mawpd": 128.5, "pdf_page": 5, "source_table": "Mast", "project_type": null, "is_revision": false, "state": "ANDHRA PRADESH", "status": "Closed", "clean_notes": null, "review_required": false, "review_reason": null, "latitude": 14.091639, "longitude": 77.553944}}, {"type": "Feature", "geometry": {"type": "Point", "coordinates": [77.956389, 15.129722]}, "properties": {"id": "S0375", "serial_no": 370, "state_serial_no": 10, "station_name": "BURUGULA", "district": "KURNOOL", "commenced_on": "1998-09-18", "closed_on": "2000-11-25", "financial_year_commenced": "1998-1999", "financial_year_closed": "2000-2001", "mast_height_m": 25, "elevation_m": 540, "maws": 5.11, "mawpd": 147.4, "pdf_page": 5, "source_table": "Mast", "project_type": null, "is_revision": false, "state": "ANDHRA PRADESH", "status": "Closed", "clean_notes": null, "review_required": false, "review_reason": null, "latitude": 15.129722, "longitude": 77.956389}}, {"type": "Feature", "geometry": {"type": "Point", "coordinates": [78.580772, 14.437575]}, "properties": {"id": "S0376", "serial_no": 371, "state_serial_no": 11, "station_name": "CHIMALAPENTA", "district": "CUDDAPAH", "commenced_on": "2000-09-20", "closed_on": "2002-02-17", "financial_year_commenced": "2000-2001", "financial_year_closed": "2001-2002", "mast_height_m": 25, "elevation_m": 260, "maws": 4.23, "mawpd": 89, "pdf_page": 5, "source_table": "Mast", "project_type": null, "is_revision": false, "state": "ANDHRA PRADESH", "status": "Closed", "clean_notes": null, "review_required": false, "review_reason": null, "latitude": 14.437575, "longitude": 78.580772}}, {"type": "Feature", "geometry": {"type": "Point", "coordinates": [77.625972, 13.961944]}, "properties": {"id": "S0377", "serial_no": 372, "state_serial_no": 12, "station_name": "CHINNABABAYAPALLI", "district": "ANANTAPUR", "commenced_on": "1998-07-21", "closed_on": "2000-11-23", "financial_year_commenced": "1998-1999", "financial_year_closed": "2000-2001", "mast_height_m": 25, "elevation_m": 762, "maws": 5.14, "mawpd": 132.3, "pdf_page": 5, "source_table": "Mast", "project_type": null, "is_revision": false, "state": "ANDHRA PRADESH", "status": "Closed", "clean_notes": null, "review_required": false, "review_reason": null, "latitude": 13.961944, "longitude": 77.625972}}, {"type": "Feature", "geometry": {"type": "Point", "coordinates": [79.570333, 14.118611]}, "properties": {"id": "S0378", "serial_no": 373, "state_serial_no": 13, "station_name": "DAKKILI", "district": "NELLORE", "commenced_on": "2000-09-23", "closed_on": "2002-02-19", "financial_year_commenced": "2000-2001", "financial_year_closed": "2001-2002", "mast_height_m": 25, "elevation_m": 60, "maws": 3.19, "mawpd": 53, "pdf_page": 5, "source_table": "Mast", "project_type": null, "is_revision": false, "state": "ANDHRA PRADESH", "status": "Closed", "clean_notes": null, "review_required": false, "review_reason": null, "latitude": 14.118611, "longitude": 79.570333}}, {"type": "Feature", "geometry": {"type": "Point", "coordinates": [82.989917, 18.272639]}, "properties": {"id": "S0379", "serial_no": 374, "state_serial_no": 14, "station_name": "GALIKONDA", "district": "VISHAKAPATNAM", "commenced_on": "1988-03-23", "closed_on": "1989-07-26", "financial_year_commenced": "1987-1988", "financial_year_closed": "1989-1990", "mast_height_m": 20, "elevation_m": 1329, "maws": 4.11, "mawpd": 117.9, "pdf_page": 5, "source_table": "Mast", "project_type": null, "is_revision": false, "state": "ANDHRA PRADESH", "status": "Closed", "clean_notes": null, "review_required": false, "review_reason": null, "latitude": 18.272639, "longitude": 82.989917}}, {"type": "Feature", "geometry": {"type": "Point", "coordinates": [78.367833, 14.732556]}, "properties": {"id": "S0380", "serial_no": 375, "state_serial_no": 15, "station_name": "JAMALAMADUGU 1", "district": "CUDDAPAH", "commenced_on": "1992-12-12", "closed_on": "1995-12-28", "financial_year_commenced": "1992-1993", "financial_year_closed": "1995-1996", "mast_height_m": 25, "elevation_m": 390, "maws": 4.86, "mawpd": 161.4, "pdf_page": 5, "source_table": "Mast", "project_type": null, "is_revision": false, "state": "ANDHRA PRADESH", "status": "Closed", "clean_notes": null, "review_required": false, "review_reason": null, "latitude": 14.732556, "longitude": 78.367833}}, {"type": "Feature", "geometry": {"type": "Point", "coordinates": [78.375278, 14.732222]}, "properties": {"id": "S0381", "serial_no": 376, "state_serial_no": 16, "station_name": "JAMALAMADUGU 2", "district": "CUDDAPAH", "commenced_on": "1992-12-11", "closed_on": "1995-12-27", "financial_year_commenced": "1992-1993", "financial_year_closed": "1995-1996", "mast_height_m": 25, "elevation_m": 380, "maws": 5.17, "mawpd": 164.8, "pdf_page": 5, "source_table": "Mast", "project_type": null, "is_revision": false, "state": "ANDHRA PRADESH", "status": "Closed", "clean_notes": null, "review_required": false, "review_reason": null, "latitude": 14.732222, "longitude": 78.375278}}, {"type": "Feature", "geometry": {"type": "Point", "coordinates": [79.134472, 15.647056]}, "properties": {"id": "S0382", "serial_no": 377, "state_serial_no": 17, "station_name": "JANGAMGUNTLA", "district": "PRAKASAM", "commenced_on": "1997-03-30", "closed_on": "1999-05-03", "financial_year_commenced": "1996-1997", "financial_year_closed": "1999-2000", "mast_height_m": 20, "elevation_m": 237, "maws": 4.45, "mawpd": 148.6, "pdf_page": 5, "source_table": "Mast", "project_type": null, "is_revision": false, "state": "ANDHRA PRADESH", "status": "Closed", "clean_notes": null, "review_required": false, "review_reason": null, "latitude": 15.647056, "longitude": 79.134472}}, {"type": "Feature", "geometry": {"type": "Point", "coordinates": [77.921389, 14.854722]}, "properties": {"id": "S0383", "serial_no": 378, "state_serial_no": 18, "station_name": "KADAVAKALLU (1)", "district": "ANANTAPUR", "commenced_on": "1992-12-04", "closed_on": "1998-07-14", "financial_year_commenced": "1992-1993", "financial_year_closed": "1998-1999", "mast_height_m": 25, "elevation_m": 368, "maws": 6.14, "mawpd": 303.1, "pdf_page": 5, "source_table": "Mast", "project_type": null, "is_revision": false, "state": "ANDHRA PRADESH", "status": "Closed", "clean_notes": null, "review_required": false, "review_reason": null, "latitude": 14.854722, "longitude": 77.921389}}, {"type": "Feature", "geometry": {"type": "Point", "coordinates": [77.9525, 14.790556]}, "properties": {"id": "S0384", "serial_no": null, "state_serial_no": null, "station_name": "KADAVAKALLU (2)", "district": "ANANTAPUR", "commenced_on": "2001-05-20", "closed_on": "2010-12-26", "financial_year_commenced": "2001-2002", "financial_year_closed": "2010-2011", "mast_height_m": 25, "elevation_m": 386, "maws": 6.31, "mawpd": 314, "pdf_page": 5, "source_table": "Mast", "project_type": null, "is_revision": true, "state": "ANDHRA PRADESH", "status": "Closed", "clean_notes": null, "review_required": false, "review_reason": null, "latitude": 14.790556, "longitude": 77.9525}}, {"type": "Feature", "geometry": {"type": "Point", "coordinates": [79.360861, 13.690194]}, "properties": {"id": "S0385", "serial_no": 379, "state_serial_no": 19, "station_name": "KAKULA KONDA", "district": "CHITTOOR", "commenced_on": "1988-08-24", "closed_on": "1993-09-25", "financial_year_commenced": "1988-1989", "financial_year_closed": "1993-1994", "mast_height_m": 20, "elevation_m": 972, "maws": 6.42, "mawpd": 331.9, "pdf_page": 5, "source_table": "Mast", "project_type": null, "is_revision": false, "state": "ANDHRA PRADESH", "status": "Closed", "clean_notes": null, "review_required": false, "review_reason": null, "latitude": 13.690194, "longitude": 79.360861}}, {"type": "Feature", "geometry": {"type": "Point", "coordinates": [77.7675, 15.690361]}, "properties": {"id": "S0386", "serial_no": 380, "state_serial_no": 20, "station_name": "KODUMURU", "district": "KURNOOL", "commenced_on": "2000-09-18", "closed_on": "2002-10-19", "financial_year_commenced": "2000-2001", "financial_year_closed": "2002-2003", "mast_height_m": 25, "elevation_m": 406, "maws": 5.92, "mawpd": 225, "pdf_page": 5, "source_table": "Mast", "project_type": null, "is_revision": false, "state": "ANDHRA PRADESH", "status": "Closed", "clean_notes": null, "review_required": false, "review_reason": null, "latitude": 15.690361, "longitude": 77.7675}}, {"type": "Feature", "geometry": {"type": "Point", "coordinates": [78.041944, 15.054167]}, "properties": {"id": "S0387", "serial_no": 381, "state_serial_no": 21, "station_name": "KONDAMEDAPALLI", "district": "KURNOOL", "commenced_on": "1997-03-22", "closed_on": "1999-04-30", "financial_year_commenced": "1996-1997", "financial_year_closed": "1999-2000", "mast_height_m": 25, "elevation_m": 439, "maws": 5.62, "mawpd": 251.6, "pdf_page": 5, "source_table": "Mast", "project_type": null, "is_revision": false, "state": "ANDHRA PRADESH", "status": "Closed", "clean_notes": null, "review_required": false, "review_reason": null, "latitude": 15.054167, "longitude": 78.041944}}, {"type": "Feature", "geometry": {"type": "Point", "coordinates": [77.325833, 14.785833]}, "properties": {"id": "S0388", "serial_no": 382, "state_serial_no": 22, "station_name": "KORRAKODU", "district": "ANANTAPUR", "commenced_on": "2000-09-14", "closed_on": "2002-10-18", "financial_year_commenced": "2000-2001", "financial_year_closed": "2002-2003", "mast_height_m": 25, "elevation_m": 460, "maws": 5.19, "mawpd": 146, "pdf_page": 5, "source_table": "Mast", "project_type": null, "is_revision": false, "state": "ANDHRA PRADESH", "status": "Closed", "clean_notes": null, "review_required": false, "review_reason": null, "latitude": 14.785833, "longitude": 77.325833}}, {"type": "Feature", "geometry": {"type": "Point", "coordinates": [80.006972, 14.037611]}, "properties": {"id": "S0389", "serial_no": 383, "state_serial_no": 23, "station_name": "KOTA", "district": "NELLORE", "commenced_on": "2000-09-22", "closed_on": "2002-02-20", "financial_year_commenced": "2000-2001", "financial_year_closed": "2001-2002", "mast_height_m": 25, "elevation_m": 30, "maws": 4.02, "mawpd": 65, "pdf_page": 5, "source_table": "Mast", "project_type": null, "is_revision": false, "state": "ANDHRA PRADESH", "status": "Closed", "clean_notes": null, "review_required": false, "review_reason": null, "latitude": 14.037611, "longitude": 80.006972}}, {"type": "Feature", "geometry": {"type": "Point", "coordinates": [79.311806, 16.453417]}, "properties": {"id": "S0390", "serial_no": 384, "state_serial_no": 24, "station_name": "LACHAMBAVI", "district": "GUNTUR", "commenced_on": "1999-03-08", "closed_on": "2000-09-25", "financial_year_commenced": "1998-1999", "financial_year_closed": "2000-2001", "mast_height_m": 25, "elevation_m": 287, "maws": 4.28, "mawpd": 98, "pdf_page": 5, "source_table": "Mast", "project_type": null, "is_revision": false, "state": "ANDHRA PRADESH", "status": "Closed", "clean_notes": null, "review_required": false, "review_reason": null, "latitude": 16.453417, "longitude": 79.311806}}, {"type": "Feature", "geometry": {"type": "Point", "coordinates": [77.465647, 14.818556]}, "properties": {"id": "S0391", "serial_no": 385, "state_serial_no": 25, "station_name": "M.P.R. DAM", "district": "ANANTAPUR", "commenced_on": "1988-08-27", "closed_on": "1993-09-29", "financial_year_commenced": "1988-1989", "financial_year_closed": "1993-1994", "mast_height_m": 20, "elevation_m": 404, "maws": 5.53, "mawpd": 227.9, "pdf_page": 5, "source_table": "Mast", "project_type": null, "is_revision": false, "state": "ANDHRA PRADESH", "status": "Closed", "clean_notes": null, "review_required": false, "review_reason": null, "latitude": 14.818556, "longitude": 77.465647}}, {"type": "Feature", "geometry": {"type": "Point", "coordinates": [77.400806, 15.239694]}, "properties": {"id": "S0392", "serial_no": 386, "state_serial_no": 26, "station_name": "MADIKERE", "district": "KURNOOL", "commenced_on": "1998-07-23", "closed_on": "2000-01-03", "financial_year_commenced": "1998-1999", "financial_year_closed": "1999-2000", "mast_height_m": 25, "elevation_m": 493, "maws": 4.74, "mawpd": 120.9, "pdf_page": 5, "source_table": "Mast", "project_type": null, "is_revision": false, "state": "ANDHRA PRADESH", "status": "Closed", "clean_notes": null, "review_required": false, "review_reason": null, "latitude": 15.239694, "longitude": 77.400806}}, {"type": "Feature", "geometry": {"type": "Point", "coordinates": [77.851944, 14.708333]}, "properties": {"id": "S0393", "serial_no": 387, "state_serial_no": 27, "station_name": "MADUGUPALLI", "district": "ANANTAPUR", "commenced_on": "1998-07-20", "closed_on": "2000-11-21", "financial_year_commenced": "1998-1999", "financial_year_closed": "2000-2001", "mast_height_m": 25, "elevation_m": 440, "maws": 5.19, "mawpd": 152, "pdf_page": 6, "source_table": "Mast", "project_type": null, "is_revision": false, "state": "ANDHRA PRADESH", "status": "Closed", "clean_notes": null, "review_required": false, "review_reason": null, "latitude": 14.708333, "longitude": 77.851944}}, {"type": "Feature", "geometry": {"type": "Point", "coordinates": [77.514167, 14.251944]}, "properties": {"id": "S0394", "serial_no": 388, "state_serial_no": 28, "station_name": "MUSTIKOVALA", "district": "ANANTAPUR", "commenced_on": "1992-08-18", "closed_on": "2001-05-21", "financial_year_commenced": "1992-1993", "financial_year_closed": "2001-2002", "mast_height_m": 20, "elevation_m": 570, "maws": 5.61, "mawpd": 200.9, "pdf_page": 6, "source_table": "Mast", "project_type": null, "is_revision": false, "state": "ANDHRA PRADESH", "status": "Closed", "clean_notes": null, "review_required": false, "review_reason": null, "latitude": 14.251944, "longitude": 77.514167}}, {"type": "Feature", "geometry": {"type": "Point", "coordinates": [77.562322, 14.128853]}, "properties": {"id": "S0395", "serial_no": 389, "state_serial_no": 29, "station_name": "NALLAKONDA", "district": "ANANTAPUR", "commenced_on": "1994-11-20", "closed_on": "1998-01-20", "financial_year_commenced": "1994-1995", "financial_year_closed": "1997-1998", "mast_height_m": 25, "elevation_m": 735, "maws": 6.33, "mawpd": 275.9, "pdf_page": 6, "source_table": "Mast", "project_type": null, "is_revision": false, "state": "ANDHRA PRADESH", "status": "Closed", "clean_notes": null, "review_required": false, "review_reason": null, "latitude": 14.128853, "longitude": 77.562322}}, {"type": "Feature", "geometry": {"type": "Point", "coordinates": [79.8785, 14.459472]}, "properties": {"id": "S0396", "serial_no": 390, "state_serial_no": 30, "station_name": "NARASIMHA KONDA", "district": "NELLORE", "commenced_on": "1988-08-31", "closed_on": "1993-09-26", "financial_year_commenced": "1988-1989", "financial_year_closed": "1993-1994", "mast_height_m": 20, "elevation_m": 138, "maws": 5.58, "mawpd": 185.8, "pdf_page": 6, "source_table": "Mast", "project_type": null, "is_revision": false, "state": "ANDHRA PRADESH", "status": "Closed", "clean_notes": null, "review_required": false, "review_reason": null, "latitude": 14.459472, "longitude": 79.8785}}, {"type": "Feature", "geometry": {"type": "Point", "coordinates": [78.980972, 14.439278]}, "properties": {"id": "S0397", "serial_no": 391, "state_serial_no": 31, "station_name": "NEKHANAPURAM", "district": "CUDDAPAH", "commenced_on": "1997-03-27", "closed_on": "1998-05-18", "financial_year_commenced": "1996-1997", "financial_year_closed": "1998-1999", "mast_height_m": 25, "elevation_m": 252, "maws": 4.63, "mawpd": 141.2, "pdf_page": 6, "source_table": "Mast", "project_type": null, "is_revision": false, "state": "ANDHRA PRADESH", "status": "Closed", "clean_notes": null, "review_required": false, "review_reason": null, "latitude": 14.439278, "longitude": 78.980972}}, {"type": "Feature", "geometry": {"type": "Point", "coordinates": [78.303861, 12.780583]}, "properties": {"id": "S0398", "serial_no": 392, "state_serial_no": 32, "station_name": "PACHARLAPALLI", "district": "CHITTOOR", "commenced_on": "1997-03-25", "closed_on": "1998-05-14", "financial_year_commenced": "1996-1997", "financial_year_closed": "1998-1999", "mast_height_m": 20, "elevation_m": 757, "maws": 4.61, "mawpd": 137.8, "pdf_page": 6, "source_table": "Mast", "project_type": null, "is_revision": false, "state": "ANDHRA PRADESH", "status": "Closed", "clean_notes": null, "review_required": false, "review_reason": null, "latitude": 12.780583, "longitude": 78.303861}}, {"type": "Feature", "geometry": {"type": "Point", "coordinates": [77.403611, 14.640833]}, "properties": {"id": "S0399", "serial_no": 393, "state_serial_no": 33, "station_name": "PAMPANOOR THANDA", "district": "ANANTAPUR", "commenced_on": "1994-09-24", "closed_on": "1997-11-23", "financial_year_commenced": "1994-1995", "financial_year_closed": "1997-1998", "mast_height_m": 25, "elevation_m": 490, "maws": 5.44, "mawpd": 182.2, "pdf_page": 6, "source_table": "Mast", "project_type": null, "is_revision": false, "state": "ANDHRA PRADESH", "status": "Closed", "clean_notes": null, "review_required": false, "review_reason": null, "latitude": 14.640833, "longitude": 77.403611}}, {"type": "Feature", "geometry": {"type": "Point", "coordinates": [79.029583, 14.874861]}, "properties": {"id": "S0400", "serial_no": 394, "state_serial_no": 34, "station_name": "PAYALAKUNTLA", "district": "CUDDAPAH", "commenced_on": "1988-08-25", "closed_on": "1993-09-27", "financial_year_commenced": "1988-1989", "financial_year_closed": "1993-1994", "mast_height_m": 20, "elevation_m": 355, "maws": 5.68, "mawpd": 230, "pdf_page": 6, "source_table": "Mast", "project_type": null, "is_revision": false, "state": "ANDHRA PRADESH", "status": "Closed", "clean_notes": null, "review_required": false, "review_reason": null, "latitude": 14.874861, "longitude": 79.029583}}, {"type": "Feature", "geometry": {"type": "Point", "coordinates": [80.158303, 16.769944]}, "properties": {"id": "S0401", "serial_no": 395, "state_serial_no": 35, "station_name": "PEDDAVARAM", "district": "KRISHNA", "commenced_on": "1999-09-04", "closed_on": "2000-11-30", "financial_year_commenced": "1999-2000", "financial_year_closed": "2000-2001", "mast_height_m": 25, "elevation_m": 137, "maws": 4.17, "mawpd": 83.2, "pdf_page": 6, "source_table": "Mast", "project_type": null, "is_revision": false, "state": "ANDHRA PRADESH", "status": "Closed", "clean_notes": null, "review_required": false, "review_reason": null, "latitude": 16.769944, "longitude": 80.158303}}, {"type": "Feature", "geometry": {"type": "Point", "coordinates": [77.802806, 14.158639]}, "properties": {"id": "S0402", "serial_no": 396, "state_serial_no": 36, "station_name": "PUTTAPARTHY", "district": "ANANTAPUR", "commenced_on": "1993-06-02", "closed_on": "1996-06-08", "financial_year_commenced": "1993-1994", "financial_year_closed": "1996-1997", "mast_height_m": 25, "elevation_m": 542, "maws": 4.92, "mawpd": 149, "pdf_page": 6, "source_table": "Mast", "project_type": null, "is_revision": false, "state": "ANDHRA PRADESH", "status": "Closed", "clean_notes": null, "review_required": false, "review_reason": null, "latitude": 14.158639, "longitude": 77.802806}}, {"type": "Feature", "geometry": {"type": "Point", "coordinates": [77.515278, 14.284167]}, "properties": {"id": "S0403", "serial_no": 397, "state_serial_no": 37, "station_name": "RAMAGIRI (2)", "district": "ANANTAPUR", "commenced_on": "2001-05-21", "closed_on": "2005-06-28", "financial_year_commenced": "2001-2002", "financial_year_closed": "2005-2006", "mast_height_m": 25, "elevation_m": 567, "maws": 5.88, "mawpd": 197, "pdf_page": 6, "source_table": "Mast", "project_type": null, "is_revision": false, "state": "ANDHRA PRADESH", "status": "Closed", "clean_notes": null, "review_required": false, "review_reason": null, "latitude": 14.284167, "longitude": 77.515278}}, {"type": "Feature", "geometry": {"type": "Point", "coordinates": [77.515428, 14.270247]}, "properties": {"id": "S0404", "serial_no": null, "state_serial_no": null, "station_name": "RAMAGIRI (I)", "district": "ANANTAPUR", "commenced_on": "1988-08-28", "closed_on": "1993-09-30", "financial_year_commenced": "1988-1989", "financial_year_closed": "1993-1994", "mast_height_m": 20, "elevation_m": 573, "maws": 5.42, "mawpd": 205.1, "pdf_page": 6, "source_table": "Mast", "project_type": null, "is_revision": true, "state": "ANDHRA PRADESH", "status": "Closed", "clean_notes": null, "review_required": false, "review_reason": null, "latitude": 14.270247, "longitude": 77.515428}}, {"type": "Feature", "geometry": {"type": "Point", "coordinates": [77.521667, 14.345278]}, "properties": {"id": "S0405", "serial_no": 398, "state_serial_no": 38, "station_name": "RAMAGIRI III", "district": "ANANTAPUR", "commenced_on": "1991-09-27", "closed_on": "1995-08-28", "financial_year_commenced": "1991-1992", "financial_year_closed": "1995-1996", "mast_height_m": 20, "elevation_m": 550, "maws": 5.39, "mawpd": 189.7, "pdf_page": 6, "source_table": "Mast", "project_type": null, "is_revision": false, "state": "ANDHRA PRADESH", "status": "Closed", "clean_notes": null, "review_required": false, "review_reason": null, "latitude": 14.345278, "longitude": 77.521667}}, {"type": "Feature", "geometry": {"type": "Point", "coordinates": [79.423972, 13.517806]}, "properties": {"id": "S0406", "serial_no": 399, "state_serial_no": 39, "station_name": "RAMANAIDU KANDRIKA", "district": "CHITTOOR", "commenced_on": "1988-08-23", "closed_on": "1991-06-23", "financial_year_commenced": "1988-1989", "financial_year_closed": "1991-1992", "mast_height_m": 20, "elevation_m": 442, "maws": 4.36, "mawpd": 97, "pdf_page": 6, "source_table": "Mast", "project_type": null, "is_revision": false, "state": "ANDHRA PRADESH", "status": "Closed", "clean_notes": null, "review_required": false, "review_reason": null, "latitude": 13.517806, "longitude": 79.423972}}, {"type": "Feature", "geometry": {"type": "Point", "coordinates": [77.514722, 14.190278]}, "properties": {"id": "S0407", "serial_no": 400, "state_serial_no": 40, "station_name": "SHAHPURAM", "district": "ANANTAPUR", "commenced_on": "1997-03-18", "closed_on": "1999-04-27", "financial_year_commenced": "1996-1997", "financial_year_closed": "1999-2000", "mast_height_m": 25, "elevation_m": 605, "maws": 4.81, "mawpd": 135, "pdf_page": 6, "source_table": "Mast", "project_type": null, "is_revision": false, "state": "ANDHRA PRADESH", "status": "Closed", "clean_notes": null, "review_required": false, "review_reason": null, "latitude": 14.190278, "longitude": 77.514722}}, {"type": "Feature", "geometry": {"type": "Point", "coordinates": [77.723333, 14.787222]}, "properties": {"id": "S0408", "serial_no": 401, "state_serial_no": 41, "station_name": "SHIVAPURAM", "district": "ANANTAPUR", "commenced_on": "1997-07-16", "closed_on": "1998-11-10", "financial_year_commenced": "1997-1998", "financial_year_closed": "1998-1999", "mast_height_m": 25, "elevation_m": 295, "maws": 3.9, "mawpd": 100.5, "pdf_page": 6, "source_table": "Mast", "project_type": null, "is_revision": false, "state": "ANDHRA PRADESH", "status": "Closed", "clean_notes": null, "review_required": false, "review_reason": null, "latitude": 14.787222, "longitude": 77.723333}}, {"type": "Feature", "geometry": {"type": "Point", "coordinates": [78.051972, 15.570694]}, "properties": {"id": "S0409", "serial_no": 402, "state_serial_no": 42, "station_name": "SIDDANAGATTA", "district": "KURNOOL", "commenced_on": "1999-01-09", "closed_on": "2000-11-26", "financial_year_commenced": "1998-1999", "financial_year_closed": "2000-2001", "mast_height_m": 25, "elevation_m": 499, "maws": 4.97, "mawpd": 126.3, "pdf_page": 6, "source_table": "Mast", "project_type": null, "is_revision": false, "state": "ANDHRA PRADESH", "status": "Closed", "clean_notes": null, "review_required": false, "review_reason": null, "latitude": 15.570694, "longitude": 78.051972}}, {"type": "Feature", "geometry": {"type": "Point", "coordinates": [77.721389, 14.775833]}, "properties": {"id": "S0410", "serial_no": 403, "state_serial_no": 43, "station_name": "SINGANAMALA", "district": "ANANTAPUR", "commenced_on": "1992-12-05", "closed_on": "1998-01-24", "financial_year_commenced": "1992-1993", "financial_year_closed": "1997-1998", "mast_height_m": 20, "elevation_m": 425, "maws": 6.61, "mawpd": 366.4, "pdf_page": 6, "source_table": "Mast", "project_type": null, "is_revision": false, "state": "ANDHRA PRADESH", "status": "Closed", "clean_notes": null, "review_required": false, "review_reason": null, "latitude": 14.775833, "longitude": 77.721389}}, {"type": "Feature", "geometry": {"type": "Point", "coordinates": [79.960694, 15.850972]}, "properties": {"id": "S0411", "serial_no": 404, "state_serial_no": 44, "station_name": "SINGARIKONDA", "district": "PRAKASAM", "commenced_on": "1997-03-29", "closed_on": "1998-05-19", "financial_year_commenced": "1996-1997", "financial_year_closed": "1998-1999", "mast_height_m": 20, "elevation_m": 83, "maws": 4.41, "mawpd": 115.4, "pdf_page": 6, "source_table": "Mast", "project_type": null, "is_revision": false, "state": "ANDHRA PRADESH", "status": "Closed", "clean_notes": null, "review_required": false, "review_reason": null, "latitude": 15.850972, "longitude": 79.960694}}, {"type": "Feature", "geometry": {"type": "Point", "coordinates": [78.053056, 14.944444]}, "properties": {"id": "S0412", "serial_no": 405, "state_serial_no": 45, "station_name": "TALARICHERUVU", "district": "ANANTAPUR", "commenced_on": "1997-03-19", "closed_on": "1999-04-29", "financial_year_commenced": "1996-1997", "financial_year_closed": "1999-2000", "mast_height_m": 25, "elevation_m": 360, "maws": 5.03, "mawpd": 143.6, "pdf_page": 6, "source_table": "Mast", "project_type": null, "is_revision": false, "state": "ANDHRA PRADESH", "status": "Closed", "clean_notes": null, "review_required": false, "review_reason": null, "latitude": 14.944444, "longitude": 78.053056}}, {"type": "Feature", "geometry": {"type": "Point", "coordinates": [77.538611, 14.374167]}, "properties": {"id": "S0413", "serial_no": 406, "state_serial_no": 46, "station_name": "TALLIMADUGULA", "district": "ANANTAPUR", "commenced_on": "1994-09-20", "closed_on": "1998-01-21", "financial_year_commenced": "1994-1995", "financial_year_closed": "1997-1998", "mast_height_m": 25, "elevation_m": 555, "maws": 6.17, "mawpd": 259.6, "pdf_page": 6, "source_table": "Mast", "project_type": null, "is_revision": false, "state": "ANDHRA PRADESH", "status": "Closed", "clean_notes": null, "review_required": false, "review_reason": null, "latitude": 14.374167, "longitude": 77.538611}}, {"type": "Feature", "geometry": {"type": "Point", "coordinates": [77.971944, 14.886111]}, "properties": {"id": "S0414", "serial_no": 407, "state_serial_no": 47, "station_name": "TERANAPALLE", "district": "ANANTAPUR", "commenced_on": "1997-03-20", "closed_on": "1998-05-16", "financial_year_commenced": "1996-1997", "financial_year_closed": "1998-1999", "mast_height_m": 20, "elevation_m": 245, "maws": 4.14, "mawpd": 110.1, "pdf_page": 6, "source_table": "Mast", "project_type": null, "is_revision": false, "state": "ANDHRA PRADESH", "status": "Closed", "clean_notes": null, "review_required": false, "review_reason": null, "latitude": 14.886111, "longitude": 77.971944}}, {"type": "Feature", "geometry": {"type": "Point", "coordinates": [79.354861, 13.673194]}, "properties": {"id": "S0415", "serial_no": 408, "state_serial_no": 48, "station_name": "TIRUMALA", "district": "CHITTOOR", "commenced_on": "1987-11-21", "closed_on": "1992-06-19", "financial_year_commenced": "1987-1988", "financial_year_closed": "1992-1993", "mast_height_m": 20, "elevation_m": 946, "maws": 5.67, "mawpd": 225.6, "pdf_page": 6, "source_table": "Mast", "project_type": null, "is_revision": false, "state": "ANDHRA PRADESH", "status": "Closed", "clean_notes": null, "review_required": false, "review_reason": null, "latitude": 13.673194, "longitude": 79.354861}}, {"type": "Feature", "geometry": {"type": "Point", "coordinates": [78.183861, 14.894583]}, "properties": {"id": "S0416", "serial_no": 409, "state_serial_no": 49, "station_name": "TIRUMALAYAPALLI", "district": "CUDDAPAH", "commenced_on": "1997-03-26", "closed_on": "1999-05-01", "financial_year_commenced": "1996-1997", "financial_year_closed": "1999-2000", "mast_height_m": 20, "elevation_m": 453, "maws": 5.28, "mawpd": 153.9, "pdf_page": 6, "source_table": "Mast", "project_type": null, "is_revision": false, "state": "ANDHRA PRADESH", "status": "Closed", "clean_notes": null, "review_required": false, "review_reason": null, "latitude": 14.894583, "longitude": 78.183861}}, {"type": "Feature", "geometry": {"type": "Point", "coordinates": [77.985192, 15.642856]}, "properties": {"id": "S0417", "serial_no": 410, "state_serial_no": 50, "station_name": "ULINDAKONDA", "district": "KURNOOL", "commenced_on": "2000-09-19", "closed_on": "2002-10-19", "financial_year_commenced": "2000-2001", "financial_year_closed": "2002-2003", "mast_height_m": 25, "elevation_m": 418, "maws": 4.87, "mawpd": 130, "pdf_page": 6, "source_table": "Mast", "project_type": null, "is_revision": false, "state": "ANDHRA PRADESH", "status": "Closed", "clean_notes": null, "review_required": false, "review_reason": null, "latitude": 15.642856, "longitude": 77.985192}}, {"type": "Feature", "geometry": {"type": "Point", "coordinates": [77.319361, 14.975222]}, "properties": {"id": "S0418", "serial_no": 411, "state_serial_no": 51, "station_name": "VAJRAKARUR", "district": "ANANTAPUR", "commenced_on": "1997-03-21", "closed_on": "2000-07-30", "financial_year_commenced": "1996-1997", "financial_year_closed": "2000-2001", "mast_height_m": 20, "elevation_m": 512, "maws": 5.3, "mawpd": 173.3, "pdf_page": 6, "source_table": "Mast", "project_type": null, "is_revision": false, "state": "ANDHRA PRADESH", "status": "Closed", "clean_notes": null, "review_required": false, "review_reason": null, "latitude": 14.975222, "longitude": 77.319361}}, {"type": "Feature", "geometry": {"type": "Point", "coordinates": [77.319667, 14.974917]}, "properties": {"id": "S0419", "serial_no": 412, "state_serial_no": 52, "station_name": "VAJRAKARUR", "district": "ANANTAPUR", "commenced_on": "1999-03-15", "closed_on": "2001-07-30", "financial_year_commenced": "1998-1999", "financial_year_closed": "2001-2002", "mast_height_m": 50, "elevation_m": 511, "maws": 5.41, "mawpd": 202, "pdf_page": 6, "source_table": "Mast", "project_type": null, "is_revision": false, "state": "ANDHRA PRADESH", "status": "Closed", "clean_notes": null, "review_required": false, "review_reason": null, "latitude": 14.974917, "longitude": 77.319667}}, {"type": "Feature", "geometry": {"type": "Point", "coordinates": [76.904444, 14.543889]}, "properties": {"id": "S0420", "serial_no": 413, "state_serial_no": 53, "station_name": "VEPULAPARTHY", "district": "ANANTAPUR", "commenced_on": "2000-09-15", "closed_on": "2002-02-15", "financial_year_commenced": "2000-2001", "financial_year_closed": "2001-2002", "mast_height_m": 25, "elevation_m": 515, "maws": 4.83, "mawpd": 122, "pdf_page": 6, "source_table": "Mast", "project_type": null, "is_revision": false, "state": "ANDHRA PRADESH", "status": "Closed", "clean_notes": null, "review_required": false, "review_reason": null, "latitude": 14.543889, "longitude": 76.904444}}, {"type": "Feature", "geometry": {"type": "Point", "coordinates": [78.114528, 14.160444]}, "properties": {"id": "S0421", "serial_no": 414, "state_serial_no": 54, "station_name": "YERADODDI", "district": "ANANTAPUR", "commenced_on": "1992-12-09", "closed_on": "1995-12-26", "financial_year_commenced": "1992-1993", "financial_year_closed": "1995-1996", "mast_height_m": 25, "elevation_m": 521, "maws": 4.39, "mawpd": 108.1, "pdf_page": 6, "source_table": "Mast", "project_type": null, "is_revision": false, "state": "ANDHRA PRADESH", "status": "Closed", "clean_notes": null, "review_required": false, "review_reason": null, "latitude": 14.160444, "longitude": 78.114528}}, {"type": "Feature", "geometry": {"type": "Point", "coordinates": [82.932917, 17.549139]}, "properties": {"id": "S0422", "serial_no": 415, "state_serial_no": 55, "station_name": "PACHARLAKONDA", "district": "VISHAKAPATNAM", "commenced_on": "2006-08-09", "closed_on": "2009-02-28", "financial_year_commenced": "2006-2007", "financial_year_closed": "2008-2009", "mast_height_m": 50, "elevation_m": 258, "maws": 5.23, "mawpd": 143, "pdf_page": 6, "source_table": "Mast", "project_type": null, "is_revision": false, "state": "ANDHRA PRADESH", "status": "Closed", "clean_notes": null, "review_required": false, "review_reason": null, "latitude": 17.549139, "longitude": 82.932917}}, {"type": "Feature", "geometry": {"type": "Point", "coordinates": [78.941667, 19.358333]}, "properties": {"id": "S0423", "serial_no": 416, "state_serial_no": 56, "station_name": "CHINNAPALASA", "district": "ADILABAD", "commenced_on": "2008-05-16", "closed_on": "2012-10-15", "financial_year_commenced": "2008-2009", "financial_year_closed": "2012-2013", "mast_height_m": 50, "elevation_m": 540, "maws": 4.36, "mawpd": 71.85, "pdf_page": 6, "source_table": "Mast", "project_type": null, "is_revision": false, "state": "ANDHRA PRADESH", "status": "Closed", "clean_notes": null, "review_required": false, "review_reason": null, "latitude": 19.358333, "longitude": 78.941667}}, {"type": "Feature", "geometry": {"type": "Point", "coordinates": [77.164806, 14.885722]}, "properties": {"id": "S0424", "serial_no": 417, "state_serial_no": 57, "station_name": "VYSAPURAM", "district": "ANANTAPUR", "commenced_on": "2011-08-12", "closed_on": "2014-09-18", "financial_year_commenced": "2011-2012", "financial_year_closed": "2014-2015", "mast_height_m": 80, "elevation_m": 479, "maws": 6.96, "mawpd": 284.6, "pdf_page": 6, "source_table": "Mast", "project_type": null, "is_revision": false, "state": "ANDHRA PRADESH", "status": "Closed", "clean_notes": null, "review_required": false, "review_reason": null, "latitude": 14.885722, "longitude": 77.164806}}, {"type": "Feature", "geometry": {"type": "Point", "coordinates": [76.978833, 14.322806]}, "properties": {"id": "S0425", "serial_no": 418, "state_serial_no": 58, "station_name": "BASAVAPURAM", "district": "ANANTAPUR", "commenced_on": "2011-08-14", "closed_on": "2014-09-18", "financial_year_commenced": "2011-2012", "financial_year_closed": "2014-2015", "mast_height_m": 80, "elevation_m": 587, "maws": 5.93, "mawpd": 185.8, "pdf_page": 6, "source_table": "Mast", "project_type": null, "is_revision": false, "state": "ANDHRA PRADESH", "status": "Closed", "clean_notes": null, "review_required": false, "review_reason": null, "latitude": 14.322806, "longitude": 76.978833}}, {"type": "Feature", "geometry": {"type": "Point", "coordinates": [77.929778, 14.124194]}, "properties": {"id": "S0426", "serial_no": 419, "state_serial_no": 59, "station_name": "KUTTALAPALLI", "district": "ANANTAPUR", "commenced_on": "2011-08-16", "closed_on": "2014-09-18", "financial_year_commenced": "2011-2012", "financial_year_closed": "2014-2015", "mast_height_m": 80, "elevation_m": 697, "maws": 6.66, "mawpd": 248.4, "pdf_page": 6, "source_table": "Mast", "project_type": null, "is_revision": false, "state": "ANDHRA PRADESH", "status": "Closed", "clean_notes": null, "review_required": false, "review_reason": null, "latitude": 14.124194, "longitude": 77.929778}}, {"type": "Feature", "geometry": {"type": "Point", "coordinates": [78.245833, 12.789194]}, "properties": {"id": "S0427", "serial_no": 420, "state_serial_no": 60, "station_name": "KODIGANIPALLI", "district": "CHITTOOR", "commenced_on": "2011-08-19", "closed_on": "2014-04-30", "financial_year_commenced": "2011-2012", "financial_year_closed": "2014-2015", "mast_height_m": 80, "elevation_m": 929, "maws": 7.31, "mawpd": 306.33, "pdf_page": 6, "source_table": "Mast", "project_type": null, "is_revision": false, "state": "ANDHRA PRADESH", "status": "Closed", "clean_notes": null, "review_required": false, "review_reason": null, "latitude": 12.789194, "longitude": 78.245833}}, {"type": "Feature", "geometry": {"type": "Point", "coordinates": [77.319028, 15.369472]}, "properties": {"id": "S0428", "serial_no": 421, "state_serial_no": 61, "station_name": "MOLAGAVALLI", "district": "KURNOOL", "commenced_on": "2011-08-21", "closed_on": "2014-09-18", "financial_year_commenced": "2011-2012", "financial_year_closed": "2014-2015", "mast_height_m": 80, "elevation_m": 477, "maws": 6.95, "mawpd": 281.04, "pdf_page": 6, "source_table": "Mast", "project_type": null, "is_revision": false, "state": "ANDHRA PRADESH", "status": "Closed", "clean_notes": null, "review_required": false, "review_reason": null, "latitude": 15.369472, "longitude": 77.319028}}, {"type": "Feature", "geometry": {"type": "Point", "coordinates": [78.329139, 14.573361]}, "properties": {"id": "S0429", "serial_no": 422, "state_serial_no": 62, "station_name": "GANGADEVIPALLI", "district": "CUDDAPAH", "commenced_on": "2011-08-29", "closed_on": "2014-09-18", "financial_year_commenced": "2011-2012", "financial_year_closed": "2014-2015", "mast_height_m": 80, "elevation_m": 406, "maws": 7.42, "mawpd": 386.7, "pdf_page": 6, "source_table": "Mast", "project_type": null, "is_revision": false, "state": "ANDHRA PRADESH", "status": "Closed", "clean_notes": null, "review_required": false, "review_reason": null, "latitude": 14.573361, "longitude": 78.329139}}, {"type": "Feature", "geometry": {"type": "Point", "coordinates": [82.468556, 17.217278]}, "properties": {"id": "S0430", "serial_no": 423, "state_serial_no": 63, "station_name": "ONTIMAMIDI", "district": "EAST GODAVARI", "commenced_on": "2011-10-24", "closed_on": "2014-09-18", "financial_year_commenced": "2011-2012", "financial_year_closed": "2014-2015", "mast_height_m": 80, "elevation_m": 3, "maws": 4.98, "mawpd": 130.39, "pdf_page": 6, "source_table": "Mast", "project_type": null, "is_revision": false, "state": "ANDHRA PRADESH", "status": "Closed", "clean_notes": null, "review_required": false, "review_reason": null, "latitude": 17.217278, "longitude": 82.468556}}, {"type": "Feature", "geometry": {"type": "Point", "coordinates": [79.079778, 15.090139]}, "properties": {"id": "S0431", "serial_no": 424, "state_serial_no": 64, "station_name": "MALAMEEDAPALLI", "district": "PRAKASAM", "commenced_on": "2011-10-25", "closed_on": "2014-09-18", "financial_year_commenced": "2011-2012", "financial_year_closed": "2014-2015", "mast_height_m": 80, "elevation_m": 601, "maws": 6.52, "mawpd": 244.75, "pdf_page": 6, "source_table": "Mast", "project_type": null, "is_revision": false, "state": "ANDHRA PRADESH", "status": "Closed", "clean_notes": null, "review_required": false, "review_reason": null, "latitude": 15.090139, "longitude": 79.079778}}, {"type": "Feature", "geometry": {"type": "Point", "coordinates": [80.14975, 14.009333]}, "properties": {"id": "S0432", "serial_no": 425, "state_serial_no": 65, "station_name": "KONDURPALEM", "district": "NELLORE", "commenced_on": "2013-07-12", "closed_on": "2016-02-22", "financial_year_commenced": "2013-2014", "financial_year_closed": "2015-2016", "mast_height_m": 100, "elevation_m": 4, "maws": 6.07, "mawpd": 188.73, "pdf_page": 6, "source_table": "Mast", "project_type": null, "is_revision": false, "state": "ANDHRA PRADESH", "status": "Closed", "clean_notes": null, "review_required": false, "review_reason": null, "latitude": 14.009333, "longitude": 80.14975}}, {"type": "Feature", "geometry": {"type": "Point", "coordinates": [76.962583, 14.668917]}, "properties": {"id": "S0433", "serial_no": 426, "state_serial_no": 66, "station_name": "DEVEREDDYPALLI", "district": "ANANTAPUR", "commenced_on": "2013-07-15", "closed_on": "2016-08-25", "financial_year_commenced": "2013-2014", "financial_year_closed": "2016-2017", "mast_height_m": 100, "elevation_m": 507, "maws": 6.6, "mawpd": 252.2, "pdf_page": 6, "source_table": "Mast", "project_type": null, "is_revision": false, "state": "ANDHRA PRADESH", "status": "Closed", "clean_notes": null, "review_required": false, "review_reason": null, "latitude": 14.668917, "longitude": 76.962583}}, {"type": "Feature", "geometry": {"type": "Point", "coordinates": [77.541667, 15.404528]}, "properties": {"id": "S0434", "serial_no": 427, "state_serial_no": 67, "station_name": "GUNDUTHANDA", "district": "KURNOOL", "commenced_on": "2013-07-17", "closed_on": "2016-08-24", "financial_year_commenced": "2013-2014", "financial_year_closed": "2016-2017", "mast_height_m": 100, "elevation_m": 517, "maws": 6.8, "mawpd": 259.45, "pdf_page": 6, "source_table": "Mast", "project_type": null, "is_revision": false, "state": "ANDHRA PRADESH", "status": "Closed", "clean_notes": null, "review_required": false, "review_reason": null, "latitude": 15.404528, "longitude": 77.541667}}, {"type": "Feature", "geometry": {"type": "Point", "coordinates": [80.959806, 15.86975]}, "properties": {"id": "S0435", "serial_no": 428, "state_serial_no": 68, "station_name": "SORLAGONDI", "district": "KRISHNA", "commenced_on": "2013-08-26", "closed_on": "2016-08-30", "financial_year_commenced": "2013-2014", "financial_year_closed": "2016-2017", "mast_height_m": 100, "elevation_m": 3, "maws": 5.81, "mawpd": 166.53, "pdf_page": 6, "source_table": "Mast", "project_type": null, "is_revision": false, "state": "ANDHRA PRADESH", "status": "Closed", "clean_notes": null, "review_required": false, "review_reason": null, "latitude": 15.86975, "longitude": 80.959806}}, {"type": "Feature", "geometry": {"type": "Point", "coordinates": [81.330583, 17.009583]}, "properties": {"id": "S0436", "serial_no": 429, "state_serial_no": 69, "station_name": "GODUGUPETA", "district": "WEST GODAVARI", "commenced_on": "2013-08-28", "closed_on": "2016-02-20", "financial_year_commenced": "2013-2014", "financial_year_closed": "2015-2016", "mast_height_m": 100, "elevation_m": 157, "maws": 4.99, "mawpd": 114.98, "pdf_page": 6, "source_table": "Mast", "project_type": null, "is_revision": false, "state": "ANDHRA PRADESH", "status": "Closed", "clean_notes": null, "review_required": false, "review_reason": null, "latitude": 17.009583, "longitude": 81.330583}}, {"type": "Feature", "geometry": {"type": "Point", "coordinates": [78.440089, 15.83115]}, "properties": {"id": "S0437", "serial_no": 430, "state_serial_no": 70, "station_name": "TARIGOPULA (RAMASAMUDRAM)", "district": "KURNOOL", "commenced_on": "2021-03-19", "closed_on": "2022-10-14", "financial_year_commenced": "2020-2021", "financial_year_closed": "2021-2022", "mast_height_m": 100, "elevation_m": 293, "maws": null, "mawpd": null, "pdf_page": 6, "source_table": "Mast", "project_type": null, "is_revision": false, "state": "ANDHRA PRADESH", "status": "Closed", "clean_notes": null, "review_required": true, "review_reason": "Closed date 2022-10-14 does not match FY 2021-2022", "latitude": 15.83115, "longitude": 78.440089}}, {"type": "Feature", "geometry": {"type": "Point", "coordinates": [77.617422, 14.563578]}, "properties": {"id": "S0438", "serial_no": 431, "state_serial_no": 71, "station_name": "HAMPAPURAM", "district": "ANANTAPURAM", "commenced_on": "2021-03-21", "closed_on": "2023-07-06", "financial_year_commenced": "2020-2021", "financial_year_closed": "2022-2023", "mast_height_m": 100, "elevation_m": 384, "maws": 5.63, "mawpd": 169.15, "pdf_page": 6, "source_table": "Mast", "project_type": null, "is_revision": false, "state": "ANDHRA PRADESH", "status": "Closed", "clean_notes": null, "review_required": true, "review_reason": "Closed date 2023-07-06 does not match FY 2022-2023", "latitude": 14.563578, "longitude": 77.617422}}, {"type": "Feature", "geometry": {"type": "Point", "coordinates": [78.518611, 16.708333]}, "properties": {"id": "S0439", "serial_no": 432, "state_serial_no": 1, "station_name": "KOTRATHANDA", "district": "MAHBUBNAGAR", "commenced_on": "1994-11-15", "closed_on": "1997-05-26", "financial_year_commenced": "1994-1995", "financial_year_closed": "1997-1998", "mast_height_m": 25, "elevation_m": 550, "maws": 4.81, "mawpd": 111.2, "pdf_page": 6, "source_table": "Mast", "project_type": "SNA project", "is_revision": false, "state": "TELANGANA", "status": "Closed", "clean_notes": null, "review_required": false, "review_reason": null, "latitude": 16.708333, "longitude": 78.518611}}, {"type": "Feature", "geometry": {"type": "Point", "coordinates": [77.771689, 17.645739]}, "properties": {"id": "S0440", "serial_no": 433, "state_serial_no": 2, "station_name": "KOTTURU", "district": "MEDAK", "commenced_on": "1994-11-13", "closed_on": "1997-05-28", "financial_year_commenced": "1994-1995", "financial_year_closed": "1997-1998", "mast_height_m": 25, "elevation_m": 664, "maws": 5.36, "mawpd": 137.2, "pdf_page": 6, "source_table": "Mast", "project_type": "SNA project", "is_revision": false, "state": "TELANGANA", "status": "Closed", "clean_notes": null, "review_required": false, "review_reason": null, "latitude": 17.645739, "longitude": 77.771689}}, {"type": "Feature", "geometry": {"type": "Point", "coordinates": [77.833389, 16.302222]}, "properties": {"id": "S0441", "serial_no": 434, "state_serial_no": 3, "station_name": "MOTLAMPALLI", "district": "MAHBUBNAGAR", "commenced_on": "1994-11-16", "closed_on": "1997-05-26", "financial_year_commenced": "1994-1995", "financial_year_closed": "1997-1998", "mast_height_m": 25, "elevation_m": 348, "maws": 4.65, "mawpd": 133.2, "pdf_page": 6, "source_table": "Mast", "project_type": "SNA project", "is_revision": false, "state": "TELANGANA", "status": "Closed", "clean_notes": null, "review_required": false, "review_reason": null, "latitude": 16.302222, "longitude": 77.833389}}, {"type": "Feature", "geometry": {"type": "Point", "coordinates": [77.915267, 17.184158]}, "properties": {"id": "S0442", "serial_no": 435, "state_serial_no": 4, "station_name": "NAZEERABAD", "district": "RANGAREDDY", "commenced_on": "1994-11-10", "closed_on": "1997-05-29", "financial_year_commenced": "1994-1995", "financial_year_closed": "1997-1998", "mast_height_m": 25, "elevation_m": 663, "maws": 5.83, "mawpd": 176, "pdf_page": 6, "source_table": "Mast", "project_type": "SNA project", "is_revision": false, "state": "TELANGANA", "status": "Closed", "clean_notes": null, "review_required": false, "review_reason": null, "latitude": 17.184158, "longitude": 77.915267}}, {"type": "Feature", "geometry": {"type": "Point", "coordinates": [78.257778, 18.316389]}, "properties": {"id": "S0443", "serial_no": 436, "state_serial_no": 5, "station_name": "TADWAI", "district": "NIZAMABAD", "commenced_on": "1994-11-12", "closed_on": "1997-05-27", "financial_year_commenced": "1994-1995", "financial_year_closed": "1997-1998", "mast_height_m": 25, "elevation_m": 612, "maws": 4.64, "mawpd": 100.7, "pdf_page": 6, "source_table": "Mast", "project_type": "SNA project", "is_revision": false, "state": "TELANGANA", "status": "Closed", "clean_notes": null, "review_required": false, "review_reason": null, "latitude": 18.316389, "longitude": 78.257778}}, {"type": "Feature", "geometry": {"type": "Point", "coordinates": [78.674831, 17.253381]}, "properties": {"id": "S0444", "serial_no": 437, "state_serial_no": 6, "station_name": "SANGHI NAGAR", "district": "RANGAREDDY", "commenced_on": "2006-08-07", "closed_on": "2009-03-31", "financial_year_commenced": "2006-2007", "financial_year_closed": "2008-2009", "mast_height_m": 50, "elevation_m": 515, "maws": 5.53, "mawpd": 154, "pdf_page": 6, "source_table": "Mast", "project_type": null, "is_revision": false, "state": "TELANGANA", "status": "Closed", "clean_notes": null, "review_required": false, "review_reason": null, "latitude": 17.253381, "longitude": 78.674831}}, {"type": "Feature", "geometry": {"type": "Point", "coordinates": [78.616667, 18.159722]}, "properties": {"id": "S0445", "serial_no": 438, "state_serial_no": 7, "station_name": "CHOWDARAPALI", "district": "MEDAK", "commenced_on": "2007-09-22", "closed_on": "2009-10-30", "financial_year_commenced": "2007-2008", "financial_year_closed": "2009-2010", "mast_height_m": 50, "elevation_m": 510, "maws": 4.91, "mawpd": 100.62, "pdf_page": 6, "source_table": "Mast", "project_type": null, "is_revision": false, "state": "TELANGANA", "status": "Closed", "clean_notes": null, "review_required": false, "review_reason": null, "latitude": 18.159722, "longitude": 78.616667}}, {"type": "Feature", "geometry": {"type": "Point", "coordinates": [78.024083, 15.460861]}, "properties": {"id": "S0446", "serial_no": 439, "state_serial_no": 8, "station_name": "CHINNAKOLUMULAPALLI", "district": "KURNOOL", "commenced_on": "2011-08-27", "closed_on": "2014-09-18", "financial_year_commenced": "2011-2012", "financial_year_closed": "2014-2015", "mast_height_m": 80, "elevation_m": 570, "maws": 7.23, "mawpd": 296.15, "pdf_page": 6, "source_table": "Mast", "project_type": null, "is_revision": false, "state": "TELANGANA", "status": "Closed", "clean_notes": null, "review_required": false, "review_reason": null, "latitude": 15.460861, "longitude": 78.024083}}, {"type": "Feature", "geometry": {"type": "Point", "coordinates": [77.541722, 16.814222]}, "properties": {"id": "S0447", "serial_no": 440, "state_serial_no": 9, "station_name": "OTTUGUNTLA", "district": "MAHBUBNAGAR", "commenced_on": "2011-09-02", "closed_on": "2014-09-18", "financial_year_commenced": "2011-2012", "financial_year_closed": "2014-2015", "mast_height_m": 80, "elevation_m": 606, "maws": 5.92, "mawpd": 169.62, "pdf_page": 6, "source_table": "Mast", "project_type": null, "is_revision": false, "state": "TELANGANA", "status": "Closed", "clean_notes": null, "review_required": false, "review_reason": null, "latitude": 16.814222, "longitude": 77.541722}}, {"type": "Feature", "geometry": {"type": "Point", "coordinates": [77.645389, 17.450833]}, "properties": {"id": "S0448", "serial_no": 441, "state_serial_no": 10, "station_name": "BANDAMEEDAPALLI", "district": "RANGAREDDY", "commenced_on": "2011-09-04", "closed_on": "2014-09-18", "financial_year_commenced": "2011-2012", "financial_year_closed": "2014-2015", "mast_height_m": 80, "elevation_m": 657, "maws": 6.09, "mawpd": 174.83, "pdf_page": 6, "source_table": "Mast", "project_type": null, "is_revision": false, "state": "TELANGANA", "status": "Closed", "clean_notes": null, "review_required": false, "review_reason": null, "latitude": 17.450833, "longitude": 77.645389}}, {"type": "Feature", "geometry": {"type": "Point", "coordinates": [77.666417, 17.799083]}, "properties": {"id": "S0449", "serial_no": 442, "state_serial_no": 11, "station_name": "MANGITHANDA", "district": "MEDAK", "commenced_on": "2011-09-06", "closed_on": "2014-09-18", "financial_year_commenced": "2011-2012", "financial_year_closed": "2014-2015", "mast_height_m": 80, "elevation_m": 650, "maws": 6.68, "mawpd": 230.6, "pdf_page": 6, "source_table": "Mast", "project_type": null, "is_revision": false, "state": "TELANGANA", "status": "Closed", "clean_notes": null, "review_required": false, "review_reason": null, "latitude": 17.799083, "longitude": 77.666417}}, {"type": "Feature", "geometry": {"type": "Point", "coordinates": [77.666056, 18.055806]}, "properties": {"id": "S0450", "serial_no": 443, "state_serial_no": 12, "station_name": "GOPIYANYKTHANDA", "district": "MEDAK", "commenced_on": "2011-09-08", "closed_on": "2014-09-18", "financial_year_commenced": "2011-2012", "financial_year_closed": "2014-2015", "mast_height_m": 80, "elevation_m": 595, "maws": 6.37, "mawpd": 213.5, "pdf_page": 6, "source_table": "Mast", "project_type": null, "is_revision": false, "state": "TELANGANA", "status": "Closed", "clean_notes": null, "review_required": false, "review_reason": null, "latitude": 18.055806, "longitude": 77.666056}}, {"type": "Feature", "geometry": {"type": "Point", "coordinates": [77.700417, 18.276722]}, "properties": {"id": "S0451", "serial_no": 444, "state_serial_no": 13, "station_name": "SAMUDRATHANDA", "district": "NIZAMABAD", "commenced_on": "2011-10-20", "closed_on": "2014-09-18", "financial_year_commenced": "2011-2012", "financial_year_closed": "2014-2015", "mast_height_m": 80, "elevation_m": 549, "maws": 5.86, "mawpd": 173.1, "pdf_page": 6, "source_table": "Mast", "project_type": null, "is_revision": false, "state": "TELANGANA", "status": "Closed", "clean_notes": null, "review_required": false, "review_reason": null, "latitude": 18.276722, "longitude": 77.700417}}, {"type": "Feature", "geometry": {"type": "Point", "coordinates": [78.442222, 19.510667]}, "properties": {"id": "S0452", "serial_no": 445, "state_serial_no": 14, "station_name": "PATHA ANANTHAPUR", "district": "ADILABAD", "commenced_on": "2011-10-22", "closed_on": "2014-09-18", "financial_year_commenced": "2011-2012", "financial_year_closed": "2014-2015", "mast_height_m": 80, "elevation_m": 556, "maws": 5.54, "mawpd": 146.8, "pdf_page": 6, "source_table": "Mast", "project_type": null, "is_revision": false, "state": "TELANGANA", "status": "Closed", "clean_notes": null, "review_required": false, "review_reason": null, "latitude": 19.510667, "longitude": 78.442222}}, {"type": "Feature", "geometry": {"type": "Point", "coordinates": [77.871306, 17.374194]}, "properties": {"id": "S0453", "serial_no": 446, "state_serial_no": 15, "station_name": "KOMPALLI", "district": "RANGAREDDY", "commenced_on": "2013-07-21", "closed_on": "2016-08-29", "financial_year_commenced": "2013-2014", "financial_year_closed": "2016-2017", "mast_height_m": 100, "elevation_m": 682, "maws": 6.69, "mawpd": 239.11, "pdf_page": 6, "source_table": "Mast", "project_type": null, "is_revision": false, "state": "TELANGANA", "status": "Closed", "clean_notes": null, "review_required": false, "review_reason": null, "latitude": 17.374194, "longitude": 77.871306}}, {"type": "Feature", "geometry": {"type": "Point", "coordinates": [79.366, 16.686194]}, "properties": {"id": "S0454", "serial_no": 447, "state_serial_no": 16, "station_name": "SUNKISALA", "district": "NALGONDA", "commenced_on": "2013-12-27", "closed_on": "2015-08-02", "financial_year_commenced": "2013-2014", "financial_year_closed": "2015-2016", "mast_height_m": 100, "elevation_m": 225, "maws": 6.23, "mawpd": 268.65, "pdf_page": 6, "source_table": "Mast", "project_type": null, "is_revision": false, "state": "TELANGANA", "status": "Closed", "clean_notes": null, "review_required": false, "review_reason": null, "latitude": 16.686194, "longitude": 79.366}}, {"type": "Feature", "geometry": {"type": "Point", "coordinates": [78.921528, 17.803028]}, "properties": {"id": "S0455", "serial_no": 448, "state_serial_no": 17, "station_name": "LINGAMPALLI", "district": "WARANGAL", "commenced_on": "2013-12-28", "closed_on": "2016-02-18", "financial_year_commenced": "2013-2014", "financial_year_closed": "2015-2016", "mast_height_m": 100, "elevation_m": 534, "maws": 6.13, "mawpd": 208.39, "pdf_page": 6, "source_table": "Mast", "project_type": null, "is_revision": false, "state": "TELANGANA", "status": "Closed", "clean_notes": null, "review_required": false, "review_reason": null, "latitude": 17.803028, "longitude": 78.921528}}, {"type": "Feature", "geometry": {"type": "Point", "coordinates": [78.077692, 18.462442]}, "properties": {"id": "S0456", "serial_no": 449, "state_serial_no": 18, "station_name": "CHADMAL", "district": "NIZAMABAD", "commenced_on": "2013-12-30", "closed_on": "2016-02-15", "financial_year_commenced": "2013-2014", "financial_year_closed": "2015-2016", "mast_height_m": 100, "elevation_m": 633, "maws": 6.54, "mawpd": 233.26, "pdf_page": 6, "source_table": "Mast", "project_type": null, "is_revision": false, "state": "TELANGANA", "status": "Closed", "clean_notes": null, "review_required": false, "review_reason": null, "latitude": 18.462442, "longitude": 78.077692}}, {"type": "Feature", "geometry": {"type": "Point", "coordinates": [78.677889, 19.593833]}, "properties": {"id": "S0457", "serial_no": 450, "state_serial_no": 19, "station_name": "MOLALAGUTTA", "district": "ADILABAD", "commenced_on": "2013-12-31", "closed_on": "2016-02-14", "financial_year_commenced": "2013-2014", "financial_year_closed": "2015-2016", "mast_height_m": 100, "elevation_m": 537, "maws": 5.57, "mawpd": 162.3, "pdf_page": 6, "source_table": "Mast", "project_type": null, "is_revision": false, "state": "TELANGANA", "status": "Closed", "clean_notes": null, "review_required": false, "review_reason": null, "latitude": 19.593833, "longitude": 78.677889}}, {"type": "Feature", "geometry": {"type": "Point", "coordinates": [79.176575, 17.956831]}, "properties": {"id": "S0458", "serial_no": 451, "state_serial_no": 20, "station_name": "THARIGOPULA", "district": "JANGAON", "commenced_on": "2017-12-20", "closed_on": "2019-12-31", "financial_year_commenced": "2017-2018", "financial_year_closed": "2019-2020", "mast_height_m": 100, "elevation_m": 435, "maws": 5.68, "mawpd": 168.36, "pdf_page": 6, "source_table": "Mast", "project_type": null, "is_revision": false, "state": "TELANGANA", "status": "Closed", "clean_notes": null, "review_required": false, "review_reason": null, "latitude": 17.956831, "longitude": 79.176575}}, {"type": "Feature", "geometry": {"type": "Point", "coordinates": [79.533789, 17.295083]}, "properties": {"id": "S0459", "serial_no": 452, "state_serial_no": 21, "station_name": "KUNCHAMARTHY", "district": "SURYAPET", "commenced_on": "2018-03-09", "closed_on": "2019-12-31", "financial_year_commenced": "2017-2018", "financial_year_closed": "2019-2020", "mast_height_m": 100, "elevation_m": 219, "maws": 4.9, "mawpd": 124.05, "pdf_page": 6, "source_table": "Mast", "project_type": null, "is_revision": false, "state": "TELANGANA", "status": "Closed", "clean_notes": null, "review_required": false, "review_reason": null, "latitude": 17.295083, "longitude": 79.533789}}, {"type": "Feature", "geometry": {"type": "Point", "coordinates": [78.258642, 16.038953]}, "properties": {"id": "S0460", "serial_no": 453, "state_serial_no": 22, "station_name": "MANCHALAKATTA", "district": "MAHABUBNAGAR", "commenced_on": "2018-03-12", "closed_on": "2019-12-31", "financial_year_commenced": "2017-2018", "financial_year_closed": "2019-2020", "mast_height_m": 100, "elevation_m": 288, "maws": 5.47, "mawpd": 172.47, "pdf_page": 6, "source_table": "Mast", "project_type": null, "is_revision": false, "state": "TELANGANA", "status": "Closed", "clean_notes": null, "review_required": false, "review_reason": null, "latitude": 16.038953, "longitude": 78.258642}}, {"type": "Feature", "geometry": {"type": "Point", "coordinates": [78.221892, 16.294839]}, "properties": {"id": "S0461", "serial_no": 454, "state_serial_no": 23, "station_name": "TURKADINNE", "district": "MAHABUBNAGAR", "commenced_on": "2018-03-14", "closed_on": "2019-12-31", "financial_year_commenced": "2017-2018", "financial_year_closed": "2019-2020", "mast_height_m": 100, "elevation_m": 412, "maws": 5.26, "mawpd": 139.88, "pdf_page": 6, "source_table": "Mast", "project_type": null, "is_revision": false, "state": "TELANGANA", "status": "Closed", "clean_notes": null, "review_required": false, "review_reason": null, "latitude": 16.294839, "longitude": 78.221892}}, {"type": "Feature", "geometry": {"type": "Point", "coordinates": [77.627531, 17.274858]}, "properties": {"id": "S0462", "serial_no": 455, "state_serial_no": 24, "station_name": "KANDANELLY", "district": "RANGAREDDY", "commenced_on": "2018-11-02", "closed_on": "2020-05-20", "financial_year_commenced": "2018-2019", "financial_year_closed": "2020-2021", "mast_height_m": 100, "elevation_m": 517, "maws": 5.54, "mawpd": 152.78, "pdf_page": 6, "source_table": "Mast", "project_type": null, "is_revision": false, "state": "TELANGANA", "status": "Closed", "clean_notes": null, "review_required": false, "review_reason": null, "latitude": 17.274858, "longitude": 77.627531}}, {"type": "Feature", "geometry": {"type": "Point", "coordinates": [79.186367, 17.051497]}, "properties": {"id": "S0463", "serial_no": 456, "state_serial_no": 25, "station_name": "DONAKAL", "district": "NALGONDA", "commenced_on": "2021-03-17", "closed_on": "2023-07-07", "financial_year_commenced": "2020-2021", "financial_year_closed": "2022-2023", "mast_height_m": 100, "elevation_m": 243, "maws": 4.83, "mawpd": 106.55, "pdf_page": 6, "source_table": "Mast", "project_type": null, "is_revision": false, "state": "TELANGANA", "status": "Closed", "clean_notes": null, "review_required": true, "review_reason": "Closed date 2023-07-07 does not match FY 2022-2023", "latitude": 17.051497, "longitude": 79.186367}}, {"type": "Feature", "geometry": {"type": "Point", "coordinates": [73.919722, 29.191944]}, "properties": {"id": "S0464", "serial_no": 457, "state_serial_no": 1, "station_name": "1.6 RD", "district": "GANGA NAGAR", "commenced_on": "2001-03-05", "closed_on": "2003-03-26", "financial_year_commenced": "2000-2001", "financial_year_closed": "2002-2003", "mast_height_m": 20, "elevation_m": 191, "maws": 3.31, "mawpd": 38, "pdf_page": 6, "source_table": "Mast", "project_type": null, "is_revision": false, "state": "RAJASTHAN", "status": "Closed", "clean_notes": null, "review_required": false, "review_reason": null, "latitude": 29.191944, "longitude": 73.919722}}, {"type": "Feature", "geometry": {"type": "Point", "coordinates": [72.499444, 26.385278]}, "properties": {"id": "S0465", "serial_no": 458, "state_serial_no": 2, "station_name": "BALESAR", "district": "JODHPUR", "commenced_on": "2002-09-04", "closed_on": "2004-03-12", "financial_year_commenced": "2002-2003", "financial_year_closed": "2003-2004", "mast_height_m": 25, "elevation_m": 250, "maws": 4.5, "mawpd": 116, "pdf_page": 6, "source_table": "Mast", "project_type": null, "is_revision": false, "state": "RAJASTHAN", "status": "Closed", "clean_notes": null, "review_required": false, "review_reason": null, "latitude": 26.385278, "longitude": 72.499444}}, {"type": "Feature", "geometry": {"type": "Point", "coordinates": [74.476667, 24.409056]}, "properties": {"id": "S0466", "serial_no": 459, "state_serial_no": 3, "station_name": "BARI SADRI", "district": "CHITTORGARH", "commenced_on": "1996-09-22", "closed_on": "1998-05-15", "financial_year_commenced": "1996-1997", "financial_year_closed": "1998-1999", "mast_height_m": 25, "elevation_m": 572, "maws": 5.19, "mawpd": 120.9, "pdf_page": 6, "source_table": "Mast", "project_type": null, "is_revision": false, "state": "RAJASTHAN", "status": "Closed", "clean_notes": null, "review_required": false, "review_reason": null, "latitude": 24.409056, "longitude": 74.476667}}, {"type": "Feature", "geometry": {"type": "Point", "coordinates": [72.907778, 26.311667]}, "properties": {"id": "S0467", "serial_no": 460, "state_serial_no": 4, "station_name": "BARLI", "district": "JODHPUR", "commenced_on": "1988-12-28", "closed_on": "1993-08-13", "financial_year_commenced": "1988-1989", "financial_year_closed": "1993-1994", "mast_height_m": 20, "elevation_m": 290, "maws": 4.49, "mawpd": 99, "pdf_page": 6, "source_table": "Mast", "project_type": null, "is_revision": false, "state": "RAJASTHAN", "status": "Closed", "clean_notes": null, "review_required": false, "review_reason": null, "latitude": 26.311667, "longitude": 72.907778}}, {"type": "Feature", "geometry": {"type": "Point", "coordinates": [74.778194, 25.008928]}, "properties": {"id": "S0468", "serial_no": 461, "state_serial_no": 5, "station_name": "BASI", "district": "CHITTORGARH", "commenced_on": "1997-07-19", "closed_on": "1999-01-16", "financial_year_commenced": "1997-1998", "financial_year_closed": "1998-1999", "mast_height_m": 20, "elevation_m": 560, "maws": 4.41, "mawpd": 83.4, "pdf_page": 6, "source_table": "Mast", "project_type": null, "is_revision": false, "state": "RAJASTHAN", "status": "Closed", "clean_notes": null, "review_required": false, "review_reason": null, "latitude": 25.008928, "longitude": 74.778194}}, {"type": "Feature", "geometry": {"type": "Point", "coordinates": [71.362222, 26.003333]}, "properties": {"id": "S0469", "serial_no": 462, "state_serial_no": 6, "station_name": "BHADKHA", "district": "BARMER", "commenced_on": "1988-12-26", "closed_on": "1993-08-17", "financial_year_commenced": "1988-1989", "financial_year_closed": "1993-1994", "mast_height_m": 20, "elevation_m": 189, "maws": 4.2, "mawpd": 99.4, "pdf_page": 6, "source_table": "Mast", "project_type": null, "is_revision": false, "state": "RAJASTHAN", "status": "Closed", "clean_notes": null, "review_required": false, "review_reason": null, "latitude": 26.003333, "longitude": 71.362222}}, {"type": "Feature", "geometry": {"type": "Point", "coordinates": [74.024808, 25.779969]}, "properties": {"id": "S0470", "serial_no": 463, "state_serial_no": 7, "station_name": "BHAGAVANPUR", "district": "AJMER", "commenced_on": "1994-12-15", "closed_on": "1996-04-04", "financial_year_commenced": "1994-1995", "financial_year_closed": "1996-1997", "mast_height_m": 20, "elevation_m": 537, "maws": 3.89, "mawpd": 87.6, "pdf_page": 6, "source_table": "Mast", "project_type": null, "is_revision": false, "state": "RAJASTHAN", "status": "Closed", "clean_notes": null, "review_required": false, "review_reason": null, "latitude": 25.779969, "longitude": 74.024808}}, {"type": "Feature", "geometry": {"type": "Point", "coordinates": [72.573611, 25.456389]}, "properties": {"id": "S0471", "serial_no": 464, "state_serial_no": 8, "station_name": "BISHENGARH", "district": "JALOR", "commenced_on": "1991-02-20", "closed_on": "1993-08-18", "financial_year_commenced": "1990-1991", "financial_year_closed": "1993-1994", "mast_height_m": 20, "elevation_m": 145, "maws": 3.07, "mawpd": 59.6, "pdf_page": 7, "source_table": "Mast", "project_type": null, "is_revision": false, "state": "RAJASTHAN", "status": "Closed", "clean_notes": null, "review_required": false, "review_reason": null, "latitude": 25.456389, "longitude": 72.573611}}, {"type": "Feature", "geometry": {"type": "Point", "coordinates": [75.092778, 28.240556]}, "properties": {"id": "S0472", "serial_no": 465, "state_serial_no": 9, "station_name": "BISSAU", "district": "JHUNJHUNU", "commenced_on": "2001-08-07", "closed_on": "2003-08-20", "financial_year_commenced": "2001-2002", "financial_year_closed": "2003-2004", "mast_height_m": 20, "elevation_m": 298, "maws": 2.68, "mawpd": 30, "pdf_page": 7, "source_table": "Mast", "project_type": null, "is_revision": false, "state": "RAJASTHAN", "status": "Closed", "clean_notes": null, "review_required": false, "review_reason": null, "latitude": 28.240556, "longitude": 75.092778}}, {"type": "Feature", "geometry": {"type": "Point", "coordinates": [75.23, 28.675]}, "properties": {"id": "S0473", "serial_no": 466, "state_serial_no": 10, "station_name": "DADREWA", "district": "CHURU", "commenced_on": "2001-08-08", "closed_on": "2003-08-21", "financial_year_commenced": "2001-2002", "financial_year_closed": "2003-2004", "mast_height_m": 25, "elevation_m": 230, "maws": 3.66, "mawpd": 60, "pdf_page": 7, "source_table": "Mast", "project_type": null, "is_revision": false, "state": "RAJASTHAN", "status": "Closed", "clean_notes": null, "review_required": false, "review_reason": null, "latitude": 28.675, "longitude": 75.23}}, {"type": "Feature", "geometry": {"type": "Point", "coordinates": [74.736667, 24.118611]}, "properties": {"id": "S0474", "serial_no": 467, "state_serial_no": 11, "station_name": "DAMOTAR", "district": "PRATAPGARH", "commenced_on": "1994-12-18", "closed_on": "1997-07-16", "financial_year_commenced": "1994-1995", "financial_year_closed": "1997-1998", "mast_height_m": 20, "elevation_m": 526, "maws": 5.31, "mawpd": 149.2, "pdf_page": 7, "source_table": "Mast", "project_type": null, "is_revision": false, "state": "RAJASTHAN", "status": "Closed", "clean_notes": null, "review_required": false, "review_reason": null, "latitude": 24.118611, "longitude": 74.736667}}, {"type": "Feature", "geometry": {"type": "Point", "coordinates": [71.185278, 25.798056]}, "properties": {"id": "S0475", "serial_no": 468, "state_serial_no": 12, "station_name": "DERASAR", "district": "BARMER", "commenced_on": "1988-12-25", "closed_on": "1992-08-15", "financial_year_commenced": "1988-1989", "financial_year_closed": "1992-1993", "mast_height_m": 20, "elevation_m": 240, "maws": 3.52, "mawpd": 76.9, "pdf_page": 7, "source_table": "Mast", "project_type": null, "is_revision": false, "state": "RAJASTHAN", "status": "Closed", "clean_notes": null, "review_required": false, "review_reason": null, "latitude": 25.798056, "longitude": 71.185278}}, {"type": "Feature", "geometry": {"type": "Point", "coordinates": [74.652778, 24.043056]}, "properties": {"id": "S0476", "serial_no": 469, "state_serial_no": 13, "station_name": "DEVGARH", "district": "PRATAPGARH", "commenced_on": "1996-07-25", "closed_on": "1999-01-17", "financial_year_commenced": "1996-1997", "financial_year_closed": "1998-1999", "mast_height_m": 25, "elevation_m": 520, "maws": 5.62, "mawpd": 151, "pdf_page": 7, "source_table": "Mast", "project_type": null, "is_revision": false, "state": "RAJASTHAN", "status": "Closed", "clean_notes": null, "review_required": false, "review_reason": null, "latitude": 24.043056, "longitude": 74.652778}}, {"type": "Feature", "geometry": {"type": "Point", "coordinates": [75.371667, 25.679167]}, "properties": {"id": "S0477", "serial_no": 470, "state_serial_no": 14, "station_name": "GADOLI", "district": "BHILWARA", "commenced_on": "1994-06-17", "closed_on": "1995-10-09", "financial_year_commenced": "1994-1995", "financial_year_closed": "1995-1996", "mast_height_m": 20, "elevation_m": 410, "maws": 3.46, "mawpd": 49.7, "pdf_page": 7, "source_table": "Mast", "project_type": null, "is_revision": false, "state": "RAJASTHAN", "status": "Closed", "clean_notes": null, "review_required": false, "review_reason": null, "latitude": 25.679167, "longitude": 75.371667}}, {"type": "Feature", "geometry": {"type": "Point", "coordinates": [73.053056, 27.961111]}, "properties": {"id": "S0478", "serial_no": 471, "state_serial_no": 15, "station_name": "GAJNER", "district": "BIKANER", "commenced_on": "2004-05-09", "closed_on": "2007-03-13", "financial_year_commenced": "2004-2005", "financial_year_closed": "2006-2007", "mast_height_m": 50, "elevation_m": 222, "maws": 4.95, "mawpd": 130, "pdf_page": 7, "source_table": "Mast", "project_type": null, "is_revision": false, "state": "RAJASTHAN", "status": "Closed", "clean_notes": null, "review_required": false, "review_reason": null, "latitude": 27.961111, "longitude": 73.053056}}, {"type": "Feature", "geometry": {"type": "Point", "coordinates": [75.173333, 27.499722]}, "properties": {"id": "S0479", "serial_no": 472, "state_serial_no": 16, "station_name": "HARSHNATH", "district": "SIKAR", "commenced_on": "1996-09-20", "closed_on": "1998-11-13", "financial_year_commenced": "1996-1997", "financial_year_closed": "1998-1999", "mast_height_m": 25, "elevation_m": 891, "maws": 5.73, "mawpd": 206.4, "pdf_page": 7, "source_table": "Mast", "project_type": null, "is_revision": false, "state": "RAJASTHAN", "status": "Closed", "clean_notes": null, "review_required": false, "review_reason": null, "latitude": 27.499722, "longitude": 75.173333}}, {"type": "Feature", "geometry": {"type": "Point", "coordinates": [70.893889, 26.9425]}, "properties": {"id": "S0480", "serial_no": 473, "state_serial_no": 17, "station_name": "JAISALMER 1)", "district": "JAISALMER", "commenced_on": "1988-06-08", "closed_on": "1993-08-16", "financial_year_commenced": "1988-1989", "financial_year_closed": "1993-1994", "mast_height_m": 20, "elevation_m": 241, "maws": 4.83, "mawpd": 159.3, "pdf_page": 7, "source_table": "Mast", "project_type": null, "is_revision": false, "state": "RAJASTHAN", "status": "Closed", "clean_notes": null, "review_required": false, "review_reason": null, "latitude": 26.9425, "longitude": 70.893889}}, {"type": "Feature", "geometry": {"type": "Point", "coordinates": [70.887778, 26.94]}, "properties": {"id": "S0481", "serial_no": null, "state_serial_no": null, "station_name": "JAISALMER 2)", "district": "JAISALMER", "commenced_on": "1999-01-20", "closed_on": "2005-12-03", "financial_year_commenced": "1998-1999", "financial_year_closed": "2005-2006", "mast_height_m": 25, "elevation_m": 255, "maws": 5.5, "mawpd": 182.1, "pdf_page": 7, "source_table": "Mast", "project_type": null, "is_revision": true, "state": "RAJASTHAN", "status": "Closed", "clean_notes": null, "review_required": false, "review_reason": null, "latitude": 26.94, "longitude": 70.887778}}, {"type": "Feature", "geometry": {"type": "Point", "coordinates": [73.471389, 24.775833]}, "properties": {"id": "S0482", "serial_no": 474, "state_serial_no": 18, "station_name": "JASWANTHGAD", "district": "UDAIPUR", "commenced_on": "1994-12-17", "closed_on": "1997-07-13", "financial_year_commenced": "1994-1995", "financial_year_closed": "1997-1998", "mast_height_m": 20, "elevation_m": 995, "maws": 5.25, "mawpd": 142.2, "pdf_page": 7, "source_table": "Mast", "project_type": null, "is_revision": false, "state": "RAJASTHAN", "status": "Closed", "clean_notes": null, "review_required": false, "review_reason": null, "latitude": 24.775833, "longitude": 73.471389}}, {"type": "Feature", "geometry": {"type": "Point", "coordinates": [71.0925, 27.1175]}, "properties": {"id": "S0483", "serial_no": 475, "state_serial_no": 19, "station_name": "KANOD", "district": "JAISALMER", "commenced_on": "2002-09-05", "closed_on": "2004-03-14", "financial_year_commenced": "2002-2003", "financial_year_closed": "2003-2004", "mast_height_m": 20, "elevation_m": 157, "maws": 5.23, "mawpd": 153, "pdf_page": 7, "source_table": "Mast", "project_type": null, "is_revision": false, "state": "RAJASTHAN", "status": "Closed", "clean_notes": null, "review_required": false, "review_reason": null, "latitude": 27.1175, "longitude": 71.0925}}, {"type": "Feature", "geometry": {"type": "Point", "coordinates": [74.273889, 27.246667]}, "properties": {"id": "S0484", "serial_no": 476, "state_serial_no": 20, "station_name": "KATHOTI", "district": "NAGAUR", "commenced_on": "2001-03-02", "closed_on": "2003-03-27", "financial_year_commenced": "2000-2001", "financial_year_closed": "2002-2003", "mast_height_m": 25, "elevation_m": 310, "maws": 3.69, "mawpd": 52, "pdf_page": 7, "source_table": "Mast", "project_type": null, "is_revision": false, "state": "RAJASTHAN", "status": "Closed", "clean_notes": null, "review_required": false, "review_reason": null, "latitude": 27.246667, "longitude": 74.273889}}, {"type": "Feature", "geometry": {"type": "Point", "coordinates": [73.531667, 23.995278]}, "properties": {"id": "S0485", "serial_no": 477, "state_serial_no": 21, "station_name": "KHERWADA", "district": "UDAIPUR", "commenced_on": "1997-07-15", "closed_on": "1999-01-18", "financial_year_commenced": "1997-1998", "financial_year_closed": "1998-1999", "mast_height_m": 20, "elevation_m": 546, "maws": 4.08, "mawpd": 67.2, "pdf_page": 7, "source_table": "Mast", "project_type": null, "is_revision": false, "state": "RAJASTHAN", "status": "Closed", "clean_notes": null, "review_required": false, "review_reason": null, "latitude": 23.995278, "longitude": 73.531667}}, {"type": "Feature", "geometry": {"type": "Point", "coordinates": [71.216389, 26.364722]}, "properties": {"id": "S0486", "serial_no": 478, "state_serial_no": 22, "station_name": "KHODAL", "district": "BARMER", "commenced_on": "1988-12-23", "closed_on": "1993-08-17", "financial_year_commenced": "1988-1989", "financial_year_closed": "1993-1994", "mast_height_m": 20, "elevation_m": 269, "maws": 4.68, "mawpd": 135.4, "pdf_page": 7, "source_table": "Mast", "project_type": null, "is_revision": false, "state": "RAJASTHAN", "status": "Closed", "clean_notes": null, "review_required": false, "review_reason": null, "latitude": 26.364722, "longitude": 71.216389}}, {"type": "Feature", "geometry": {"type": "Point", "coordinates": [71.188056, 26.3725]}, "properties": {"id": "S0487", "serial_no": 479, "state_serial_no": 23, "station_name": "KHODAL -2", "district": "BARMER", "commenced_on": "2005-12-07", "closed_on": "2008-03-28", "financial_year_commenced": "2005-2006", "financial_year_closed": "2007-2008", "mast_height_m": 50, "elevation_m": 290, "maws": 5.86, "mawpd": 188, "pdf_page": 7, "source_table": "Mast", "project_type": "Other project", "is_revision": false, "state": "RAJASTHAN", "status": "Closed", "clean_notes": null, "review_required": false, "review_reason": null, "latitude": 26.3725, "longitude": 71.188056}}, {"type": "Feature", "geometry": {"type": "Point", "coordinates": [73.833333, 28.666667]}, "properties": {"id": "S0488", "serial_no": 480, "state_serial_no": 24, "station_name": "MAHAJAN", "district": "BIKANER", "commenced_on": "2001-03-04", "closed_on": "2003-08-23", "financial_year_commenced": "2000-2001", "financial_year_closed": "2003-2004", "mast_height_m": 25, "elevation_m": 219, "maws": 3.99, "mawpd": 69, "pdf_page": 7, "source_table": "Mast", "project_type": null, "is_revision": false, "state": "RAJASTHAN", "status": "Closed", "clean_notes": null, "review_required": false, "review_reason": null, "latitude": 28.666667, "longitude": 73.833333}}, {"type": "Feature", "geometry": {"type": "Point", "coordinates": [74.635833, 25.505833]}, "properties": {"id": "S0489", "serial_no": 481, "state_serial_no": 25, "station_name": "MANDAL", "district": "BHILWARA", "commenced_on": "1996-07-27", "closed_on": "1998-05-16", "financial_year_commenced": "1996-1997", "financial_year_closed": "1998-1999", "mast_height_m": 25, "elevation_m": 510, "maws": 4.48, "mawpd": 87.9, "pdf_page": 7, "source_table": "Mast", "project_type": null, "is_revision": false, "state": "RAJASTHAN", "status": "Closed", "clean_notes": null, "review_required": false, "review_reason": null, "latitude": 25.505833, "longitude": 74.635833}}, {"type": "Feature", "geometry": {"type": "Point", "coordinates": [71.221944, 27.293333]}, "properties": {"id": "S0490", "serial_no": 482, "state_serial_no": 26, "station_name": "MOHANGARH", "district": "JAISALMER", "commenced_on": "1990-04-26", "closed_on": "1993-08-15", "financial_year_commenced": "1990-1991", "financial_year_closed": "1993-1994", "mast_height_m": 20, "elevation_m": 155, "maws": 4.02, "mawpd": 116.9, "pdf_page": 7, "source_table": "Mast", "project_type": null, "is_revision": false, "state": "RAJASTHAN", "status": "Closed", "clean_notes": null, "review_required": false, "review_reason": null, "latitude": 27.293333, "longitude": 71.221944}}, {"type": "Feature", "geometry": {"type": "Point", "coordinates": [75.818333, 26.942778]}, "properties": {"id": "S0491", "serial_no": 483, "state_serial_no": 27, "station_name": "NAHARGAD", "district": "JAIPUR", "commenced_on": "1995-02-13", "closed_on": "1997-01-24", "financial_year_commenced": "1994-1995", "financial_year_closed": "1996-1997", "mast_height_m": 20, "elevation_m": 592, "maws": 3.78, "mawpd": 63.1, "pdf_page": 7, "source_table": "Mast", "project_type": null, "is_revision": false, "state": "RAJASTHAN", "status": "Closed", "clean_notes": null, "review_required": false, "review_reason": null, "latitude": 26.942778, "longitude": 75.818333}}, {"type": "Feature", "geometry": {"type": "Point", "coordinates": [74.039236, 23.93435]}, "properties": {"id": "S0492", "serial_no": 484, "state_serial_no": 28, "station_name": "NANDLI AHADA", "district": "DUNGARPUR", "commenced_on": "1997-07-16", "closed_on": "1999-01-18", "financial_year_commenced": "1997-1998", "financial_year_closed": "1998-1999", "mast_height_m": 20, "elevation_m": 262, "maws": 4.28, "mawpd": 86.7, "pdf_page": 7, "source_table": "Mast", "project_type": null, "is_revision": false, "state": "RAJASTHAN", "status": "Closed", "clean_notes": null, "review_required": false, "review_reason": null, "latitude": 23.93435, "longitude": 74.039236}}, {"type": "Feature", "geometry": {"type": "Point", "coordinates": [73.561111, 27.949167]}, "properties": {"id": "S0493", "serial_no": 485, "state_serial_no": 29, "station_name": "NAPASAR", "district": "BIKANER", "commenced_on": "2001-03-03", "closed_on": "2003-08-23", "financial_year_commenced": "2000-2001", "financial_year_closed": "2003-2004", "mast_height_m": 25, "elevation_m": 245, "maws": 4.16, "mawpd": 80, "pdf_page": 7, "source_table": "Mast", "project_type": null, "is_revision": false, "state": "RAJASTHAN", "status": "Closed", "clean_notes": null, "review_required": false, "review_reason": null, "latitude": 27.949167, "longitude": 73.561111}}, {"type": "Feature", "geometry": {"type": "Point", "coordinates": [72.184444, 25.957778]}, "properties": {"id": "S0494", "serial_no": 486, "state_serial_no": 30, "station_name": "PACHPADRA", "district": "BARMER", "commenced_on": "1988-12-24", "closed_on": "1992-08-14", "financial_year_commenced": "1988-1989", "financial_year_closed": "1992-1993", "mast_height_m": 20, "elevation_m": 100, "maws": 3.35, "mawpd": 70.8, "pdf_page": 7, "source_table": "Mast", "project_type": null, "is_revision": false, "state": "RAJASTHAN", "status": "Closed", "clean_notes": null, "review_required": false, "review_reason": null, "latitude": 25.957778, "longitude": 72.184444}}, {"type": "Feature", "geometry": {"type": "Point", "coordinates": [72.321389, 27.104722]}, "properties": {"id": "S0495", "serial_no": 487, "state_serial_no": 31, "station_name": "PHALODI", "district": "JODHPUR", "commenced_on": "1988-12-29", "closed_on": "1993-08-14", "financial_year_commenced": "1988-1989", "financial_year_closed": "1993-1994", "mast_height_m": 20, "elevation_m": 250, "maws": 4.83, "mawpd": 142, "pdf_page": 7, "source_table": "Mast", "project_type": null, "is_revision": false, "state": "RAJASTHAN", "status": "Closed", "clean_notes": null, "review_required": false, "review_reason": null, "latitude": 27.104722, "longitude": 72.321389}}, {"type": "Feature", "geometry": {"type": "Point", "coordinates": [74.561667, 24.748611]}, "properties": {"id": "S0496", "serial_no": 488, "state_serial_no": 32, "station_name": "SAWA", "district": "CHITTORGARH", "commenced_on": "1994-12-19", "closed_on": "1997-01-26", "financial_year_commenced": "1994-1995", "financial_year_closed": "1996-1997", "mast_height_m": 20, "elevation_m": 500, "maws": 4.42, "mawpd": 118.8, "pdf_page": 7, "source_table": "Mast", "project_type": null, "is_revision": false, "state": "RAJASTHAN", "status": "Closed", "clean_notes": null, "review_required": false, "review_reason": null, "latitude": 24.748611, "longitude": 74.561667}}, {"type": "Feature", "geometry": {"type": "Point", "coordinates": [74.378056, 26.031111]}, "properties": {"id": "S0497", "serial_no": 489, "state_serial_no": 33, "station_name": "SHEOPURA GHAT", "district": "AJMER", "commenced_on": "1994-06-12", "closed_on": "1996-09-24", "financial_year_commenced": "1994-1995", "financial_year_closed": "1996-1997", "mast_height_m": 20, "elevation_m": 565, "maws": 4.46, "mawpd": 104.1, "pdf_page": 7, "source_table": "Mast", "project_type": null, "is_revision": false, "state": "RAJASTHAN", "status": "Closed", "clean_notes": null, "review_required": false, "review_reason": null, "latitude": 26.031111, "longitude": 74.378056}}, {"type": "Feature", "geometry": {"type": "Point", "coordinates": [73.55, 23.95]}, "properties": {"id": "S0498", "serial_no": 490, "state_serial_no": 34, "station_name": "SISODA", "district": "DUNGARPUR", "commenced_on": "1997-07-14", "closed_on": "1999-01-19", "financial_year_commenced": "1997-1998", "financial_year_closed": "1998-1999", "mast_height_m": 20, "elevation_m": 400, "maws": 3.95, "mawpd": 58.6, "pdf_page": 7, "source_table": "Mast", "project_type": null, "is_revision": false, "state": "RAJASTHAN", "status": "Closed", "clean_notes": null, "review_required": false, "review_reason": null, "latitude": 23.95, "longitude": 73.55}}, {"type": "Feature", "geometry": {"type": "Point", "coordinates": [73.626111, 24.478611]}, "properties": {"id": "S0499", "serial_no": 491, "state_serial_no": 35, "station_name": "UNDARI", "district": "UDAIPUR", "commenced_on": "1996-07-23", "closed_on": "1998-05-13", "financial_year_commenced": "1996-1997", "financial_year_closed": "1998-1999", "mast_height_m": 25, "elevation_m": 880, "maws": 4.49, "mawpd": 98.5, "pdf_page": 7, "source_table": "Mast", "project_type": null, "is_revision": false, "state": "RAJASTHAN", "status": "Closed", "clean_notes": null, "review_required": false, "review_reason": null, "latitude": 24.478611, "longitude": 73.626111}}, {"type": "Feature", "geometry": {"type": "Point", "coordinates": [71.066222, 26.799917]}, "properties": {"id": "S0500", "serial_no": 492, "state_serial_no": 36, "station_name": "AKAL", "district": "JAISALMER", "commenced_on": "2008-12-27", "closed_on": "2015-12-21", "financial_year_commenced": "2008-2009", "financial_year_closed": "2015-2016", "mast_height_m": 120, "elevation_m": 278, "maws": 6.58, "mawpd": 272.79, "pdf_page": 7, "source_table": "Mast", "project_type": null, "is_revision": false, "state": "RAJASTHAN", "status": "Closed", "clean_notes": null, "review_required": false, "review_reason": null, "latitude": 26.799917, "longitude": 71.066222}}, {"type": "Feature", "geometry": {"type": "Point", "coordinates": [74.401989, 24.715419]}, "properties": {"id": "S0501", "serial_no": 493, "state_serial_no": 37, "station_name": "BAGUND", "district": "CHITTORGARH", "commenced_on": "2013-11-17", "closed_on": "2016-02-02", "financial_year_commenced": "2013-2014", "financial_year_closed": "2015-2016", "mast_height_m": 100, "elevation_m": 457, "maws": 4.8, "mawpd": 113.13, "pdf_page": 7, "source_table": "Mast", "project_type": null, "is_revision": false, "state": "RAJASTHAN", "status": "Closed", "clean_notes": null, "review_required": false, "review_reason": null, "latitude": 24.715419, "longitude": 74.401989}}, {"type": "Feature", "geometry": {"type": "Point", "coordinates": [74.730031, 24.811511]}, "properties": {"id": "S0502", "serial_no": 494, "state_serial_no": 38, "station_name": "GADWADA", "district": "CHITTORGARH", "commenced_on": "2013-11-18", "closed_on": "2016-01-09", "financial_year_commenced": "2013-2014", "financial_year_closed": "2015-2016", "mast_height_m": 100, "elevation_m": 542, "maws": 4.78, "mawpd": 97.32, "pdf_page": 7, "source_table": "Mast", "project_type": null, "is_revision": false, "state": "RAJASTHAN", "status": "Closed", "clean_notes": null, "review_required": false, "review_reason": null, "latitude": 24.811511, "longitude": 74.730031}}, {"type": "Feature", "geometry": {"type": "Point", "coordinates": [75.121511, 25.159911]}, "properties": {"id": "S0503", "serial_no": 495, "state_serial_no": 39, "station_name": "LADPURA", "district": "BHILWARA", "commenced_on": "2013-11-19", "closed_on": "2016-01-31", "financial_year_commenced": "2013-2014", "financial_year_closed": "2015-2016", "mast_height_m": 100, "elevation_m": 419, "maws": 4.26, "mawpd": 80.87, "pdf_page": 7, "source_table": "Mast", "project_type": null, "is_revision": false, "state": "RAJASTHAN", "status": "Closed", "clean_notes": null, "review_required": false, "review_reason": null, "latitude": 25.159911, "longitude": 75.121511}}, {"type": "Feature", "geometry": {"type": "Point", "coordinates": [74.166769, 25.836139]}, "properties": {"id": "S0504", "serial_no": 496, "state_serial_no": 40, "station_name": "LASADIA", "district": "RAJSAMAND", "commenced_on": "2013-11-21", "closed_on": "2017-01-25", "financial_year_commenced": "2013-2014", "financial_year_closed": "2016-2017", "mast_height_m": 100, "elevation_m": 716, "maws": 5.93, "mawpd": 185.44, "pdf_page": 7, "source_table": "Mast", "project_type": null, "is_revision": false, "state": "RAJASTHAN", "status": "Closed", "clean_notes": null, "review_required": false, "review_reason": null, "latitude": 25.836139, "longitude": 74.166769}}, {"type": "Feature", "geometry": {"type": "Point", "coordinates": [73.679481, 25.320967]}, "properties": {"id": "S0505", "serial_no": 497, "state_serial_no": 41, "station_name": "SEVANTRI", "district": "RAJSAMAND", "commenced_on": "2013-11-24", "closed_on": "2016-05-19", "financial_year_commenced": "2013-2014", "financial_year_closed": "2016-2017", "mast_height_m": 100, "elevation_m": 840, "maws": 5.86, "mawpd": 175.96, "pdf_page": 7, "source_table": "Mast", "project_type": null, "is_revision": false, "state": "RAJASTHAN", "status": "Closed", "clean_notes": null, "review_required": false, "review_reason": null, "latitude": 25.320967, "longitude": 73.679481}}, {"type": "Feature", "geometry": {"type": "Point", "coordinates": [73.755081, 23.998661]}, "properties": {"id": "S0506", "serial_no": 498, "state_serial_no": 42, "station_name": "KALYANIPUR", "district": "UDAIPUR", "commenced_on": "2013-11-25", "closed_on": "2016-05-20", "financial_year_commenced": "2013-2014", "financial_year_closed": "2016-2017", "mast_height_m": 100, "elevation_m": 280, "maws": 3.88, "mawpd": 61.42, "pdf_page": 7, "source_table": "Mast", "project_type": null, "is_revision": false, "state": "RAJASTHAN", "status": "Closed", "clean_notes": null, "review_required": false, "review_reason": null, "latitude": 23.998661, "longitude": 73.755081}}, {"type": "Feature", "geometry": {"type": "Point", "coordinates": [73.928733, 23.866339]}, "properties": {"id": "S0507", "serial_no": 499, "state_serial_no": 43, "station_name": "GAHUWADA", "district": "DUNGARPUR", "commenced_on": "2013-11-26", "closed_on": "2016-01-10", "financial_year_commenced": "2013-2014", "financial_year_closed": "2015-2016", "mast_height_m": 100, "elevation_m": 273, "maws": 4.97, "mawpd": 116.54, "pdf_page": 7, "source_table": "Mast", "project_type": null, "is_revision": false, "state": "RAJASTHAN", "status": "Closed", "clean_notes": null, "review_required": false, "review_reason": null, "latitude": 23.866339, "longitude": 73.928733}}, {"type": "Feature", "geometry": {"type": "Point", "coordinates": [75.918083, 23.920722]}, "properties": {"id": "S0508", "serial_no": 500, "state_serial_no": 44, "station_name": "DUG", "district": "JHALAWAR", "commenced_on": "2013-11-29", "closed_on": "2016-05-22", "financial_year_commenced": "2013-2014", "financial_year_closed": "2016-2017", "mast_height_m": 100, "elevation_m": 484, "maws": 6.17, "mawpd": 225.56, "pdf_page": 7, "source_table": "Mast", "project_type": null, "is_revision": false, "state": "RAJASTHAN", "status": "Closed", "clean_notes": null, "review_required": false, "review_reason": null, "latitude": 23.920722, "longitude": 75.918083}}, {"type": "Feature", "geometry": {"type": "Point", "coordinates": [74.429281, 23.336969]}, "properties": {"id": "S0509", "serial_no": 501, "state_serial_no": 45, "station_name": "GARA", "district": "BANSWARA", "commenced_on": "2013-11-29", "closed_on": "2016-09-24", "financial_year_commenced": "2013-2014", "financial_year_closed": "2016-2017", "mast_height_m": 100, "elevation_m": 422, "maws": 5.87, "mawpd": 172.65, "pdf_page": 7, "source_table": "Mast", "project_type": null, "is_revision": false, "state": "RAJASTHAN", "status": "Closed", "clean_notes": null, "review_required": false, "review_reason": null, "latitude": 23.336969, "longitude": 74.429281}}, {"type": "Feature", "geometry": {"type": "Point", "coordinates": [74.771056, 25.004694]}, "properties": {"id": "S0510", "serial_no": 502, "state_serial_no": 46, "station_name": "BASSI", "district": "CHITTORGARH", "commenced_on": "2013-12-27", "closed_on": "2016-02-03", "financial_year_commenced": "2013-2014", "financial_year_closed": "2015-2016", "mast_height_m": 100, "elevation_m": 566, "maws": 5.64, "mawpd": 174.56, "pdf_page": 7, "source_table": "Mast", "project_type": null, "is_revision": false, "state": "RAJASTHAN", "status": "Closed", "clean_notes": null, "review_required": false, "review_reason": null, "latitude": 25.004694, "longitude": 74.771056}}, {"type": "Feature", "geometry": {"type": "Point", "coordinates": [74.097139, 26.992111]}, "properties": {"id": "S0511", "serial_no": 503, "state_serial_no": 47, "station_name": "BHAWLA", "district": "NAGAUR", "commenced_on": "2013-12-31", "closed_on": "2016-05-22", "financial_year_commenced": "2013-2014", "financial_year_closed": "2016-2017", "mast_height_m": 100, "elevation_m": 316, "maws": 5.35, "mawpd": 147.58, "pdf_page": 7, "source_table": "Mast", "project_type": null, "is_revision": false, "state": "RAJASTHAN", "status": "Closed", "clean_notes": null, "review_required": false, "review_reason": null, "latitude": 26.992111, "longitude": 74.097139}}, {"type": "Feature", "geometry": {"type": "Point", "coordinates": [73.763383, 28.702789]}, "properties": {"id": "S0512", "serial_no": 504, "state_serial_no": 48, "station_name": "BADERAN", "district": "BIKANER", "commenced_on": "2015-01-09", "closed_on": "2017-07-30", "financial_year_commenced": "2014-2015", "financial_year_closed": "2017-2018", "mast_height_m": 100, "elevation_m": 196, "maws": 5.42, "mawpd": 164.89, "pdf_page": 7, "source_table": "Mast", "project_type": null, "is_revision": false, "state": "RAJASTHAN", "status": "Closed", "clean_notes": null, "review_required": false, "review_reason": null, "latitude": 28.702789, "longitude": 73.763383}}, {"type": "Feature", "geometry": {"type": "Point", "coordinates": [70.717722, 26.876278]}, "properties": {"id": "S0513", "serial_no": 505, "state_serial_no": 49, "station_name": "DAMODARA", "district": "JAISALMER", "commenced_on": "2021-11-15", "closed_on": "2022-12-14", "financial_year_commenced": "2021-2022", "financial_year_closed": "2021-2022", "mast_height_m": 100, "elevation_m": 0, "maws": 5.88, "mawpd": 209.43, "pdf_page": 7, "source_table": "Mast", "project_type": null, "is_revision": false, "state": "RAJASTHAN", "status": "Closed", "clean_notes": null, "review_required": true, "review_reason": "Closed date 2022-12-14 does not match FY 2021-2022", "latitude": 26.876278, "longitude": 70.717722}}, {"type": "Feature", "geometry": {"type": "Point", "coordinates": [71.166028, 25.334889]}, "properties": {"id": "S0514", "serial_no": 506, "state_serial_no": 50, "station_name": "NIMBALA", "district": "BARMER", "commenced_on": "2021-11-18", "closed_on": "2023-09-09", "financial_year_commenced": "2021-2022", "financial_year_closed": "2022-2023", "mast_height_m": 100, "elevation_m": 0, "maws": null, "mawpd": null, "pdf_page": 7, "source_table": "Mast", "project_type": null, "is_revision": false, "state": "RAJASTHAN", "status": "Closed", "clean_notes": null, "review_required": true, "review_reason": "Closed date 2023-09-09 does not match FY 2022-2023", "latitude": 25.334889, "longitude": 71.166028}}, {"type": "Feature", "geometry": {"type": "Point", "coordinates": [72.181944, 10.835]}, "properties": {"id": "S0515", "serial_no": 507, "state_serial_no": 1, "station_name": "AGATHI", "district": "KAVARATHI", "commenced_on": "1989-10-25", "closed_on": "1993-10-23", "financial_year_commenced": "1989-1990", "financial_year_closed": "1993-1994", "mast_height_m": 20, "elevation_m": 3, "maws": 5.07, "mawpd": 179, "pdf_page": 7, "source_table": "Mast", "project_type": null, "is_revision": false, "state": "LAKSHADWEEP", "status": "Closed", "clean_notes": null, "review_required": false, "review_reason": null, "latitude": 10.835, "longitude": 72.181944}}, {"type": "Feature", "geometry": {"type": "Point", "coordinates": [72.723056, 11.130833]}, "properties": {"id": "S0516", "serial_no": 508, "state_serial_no": 2, "station_name": "AMINI", "district": "KAVARATHI", "commenced_on": "1997-11-22", "closed_on": "1999-10-09", "financial_year_commenced": "1997-1998", "financial_year_closed": "1999-2000", "mast_height_m": 20, "elevation_m": 4, "maws": 4.75, "mawpd": 140.1, "pdf_page": 7, "source_table": "Mast", "project_type": null, "is_revision": false, "state": "LAKSHADWEEP", "status": "Closed", "clean_notes": null, "review_required": false, "review_reason": null, "latitude": 11.130833, "longitude": 72.723056}}, {"type": "Feature", "geometry": {"type": "Point", "coordinates": [72.186311, 11.599839]}, "properties": {"id": "S0517", "serial_no": 509, "state_serial_no": 3, "station_name": "BITRA", "district": "KAVARATHI", "commenced_on": "1998-04-23", "closed_on": "2001-01-01", "financial_year_commenced": "1998-1999", "financial_year_closed": "2000-2001", "mast_height_m": 20, "elevation_m": 6, "maws": 4.67, "mawpd": 172.7, "pdf_page": 7, "source_table": "Mast", "project_type": null, "is_revision": false, "state": "LAKSHADWEEP", "status": "Closed", "clean_notes": null, "review_required": false, "review_reason": null, "latitude": 11.599839, "longitude": 72.186311}}, {"type": "Feature", "geometry": {"type": "Point", "coordinates": [72.704444, 11.682222]}, "properties": {"id": "S0518", "serial_no": 510, "state_serial_no": 4, "station_name": "CHETLAT", "district": "KAVARATHI", "commenced_on": "1997-11-25", "closed_on": "2001-01-01", "financial_year_commenced": "1997-1998", "financial_year_closed": "2000-2001", "mast_height_m": 20, "elevation_m": 1, "maws": 5.13, "mawpd": 171.9, "pdf_page": 7, "source_table": "Mast", "project_type": null, "is_revision": false, "state": "LAKSHADWEEP", "status": "Closed", "clean_notes": null, "review_required": false, "review_reason": null, "latitude": 11.682222, "longitude": 72.704444}}, {"type": "Feature", "geometry": {"type": "Point", "coordinates": [72.7625, 11.182778]}, "properties": {"id": "S0519", "serial_no": 511, "state_serial_no": 5, "station_name": "KADMAT", "district": "KAVARATHI", "commenced_on": "1989-10-21", "closed_on": "1993-10-27", "financial_year_commenced": "1989-1990", "financial_year_closed": "1993-1994", "mast_height_m": 20, "elevation_m": 5, "maws": 4.9, "mawpd": 168.6, "pdf_page": 7, "source_table": "Mast", "project_type": null, "is_revision": false, "state": "LAKSHADWEEP", "status": "Closed", "clean_notes": null, "review_required": false, "review_reason": null, "latitude": 11.182778, "longitude": 72.7625}}, {"type": "Feature", "geometry": {"type": "Point", "coordinates": [73.647222, 10.084444]}, "properties": {"id": "S0520", "serial_no": 512, "state_serial_no": 6, "station_name": "KALPENI", "district": "KAVARATHI", "commenced_on": "1989-12-19", "closed_on": "1993-11-05", "financial_year_commenced": "1989-1990", "financial_year_closed": "1993-1994", "mast_height_m": 20, "elevation_m": 8, "maws": 4.43, "mawpd": 125.4, "pdf_page": 7, "source_table": "Mast", "project_type": null, "is_revision": false, "state": "LAKSHADWEEP", "status": "Closed", "clean_notes": null, "review_required": false, "review_reason": null, "latitude": 10.084444, "longitude": 73.647222}}, {"type": "Feature", "geometry": {"type": "Point", "coordinates": [72.624167, 10.548333]}, "properties": {"id": "S0521", "serial_no": 513, "state_serial_no": 7, "station_name": "KAVARATHI", "district": "KAVARATHI", "commenced_on": "1989-08-23", "closed_on": "1993-10-24", "financial_year_commenced": "1989-1990", "financial_year_closed": "1993-1994", "mast_height_m": 20, "elevation_m": 1, "maws": 4.92, "mawpd": 160.6, "pdf_page": 7, "source_table": "Mast", "project_type": null, "is_revision": false, "state": "LAKSHADWEEP", "status": "Closed", "clean_notes": null, "review_required": false, "review_reason": null, "latitude": 10.548333, "longitude": 72.624167}}, {"type": "Feature", "geometry": {"type": "Point", "coordinates": [73.066111, 8.3025]}, "properties": {"id": "S0522", "serial_no": 514, "state_serial_no": 8, "station_name": "MINICOY", "district": "KAVARATHI", "commenced_on": "1992-10-31", "closed_on": "1997-04-15", "financial_year_commenced": "1992-1993", "financial_year_closed": "1997-1998", "mast_height_m": 20, "elevation_m": 1, "maws": 4.73, "mawpd": 161.5, "pdf_page": 7, "source_table": "Mast", "project_type": null, "is_revision": false, "state": "LAKSHADWEEP", "status": "Closed", "clean_notes": null, "review_required": false, "review_reason": null, "latitude": 8.3025, "longitude": 73.066111}}, {"type": "Feature", "geometry": {"type": "Point", "coordinates": [72.201583, 10.877942]}, "properties": {"id": "S0523", "serial_no": 515, "state_serial_no": 9, "station_name": "AGATTI", "district": "KAVARATHI", "commenced_on": "2009-11-21", "closed_on": "2011-03-21", "financial_year_commenced": "2009-2010", "financial_year_closed": "2010-2011", "mast_height_m": 50, "elevation_m": 3, "maws": 5.45, "mawpd": 201.97, "pdf_page": 7, "source_table": "Mast", "project_type": null, "is_revision": false, "state": "LAKSHADWEEP", "status": "Closed", "clean_notes": null, "review_required": false, "review_reason": null, "latitude": 10.877942, "longitude": 72.201583}}, {"type": "Feature", "geometry": {"type": "Point", "coordinates": [77.878222, 13.574167]}, "properties": {"id": "S0524", "serial_no": 516, "state_serial_no": 1, "station_name": "AMGARHALLI", "district": "KOLAR", "commenced_on": "1998-10-08", "closed_on": "1999-12-17", "financial_year_commenced": "1998-1999", "financial_year_closed": "1999-2000", "mast_height_m": 20, "elevation_m": 888, "maws": 4.32, "mawpd": 89.2, "pdf_page": 7, "source_table": "Mast", "project_type": null, "is_revision": false, "state": "KARNATAKA", "status": "Closed", "clean_notes": null, "review_required": false, "review_reason": null, "latitude": 13.574167, "longitude": 77.878222}}, {"type": "Feature", "geometry": {"type": "Point", "coordinates": [75.767778, 13.426111]}, "properties": {"id": "S0525", "serial_no": 517, "state_serial_no": 2, "station_name": "B.B. HILLS", "district": "CHIKKAMAGALUR", "commenced_on": "1990-10-19", "closed_on": "1996-02-09", "financial_year_commenced": "1990-1991", "financial_year_closed": "1995-1996", "mast_height_m": 20, "elevation_m": 1830, "maws": 7.52, "mawpd": 497.7, "pdf_page": 7, "source_table": "Mast", "project_type": null, "is_revision": false, "state": "KARNATAKA", "status": "Closed", "clean_notes": null, "review_required": false, "review_reason": null, "latitude": 13.426111, "longitude": 75.767778}}, {"type": "Feature", "geometry": {"type": "Point", "coordinates": [77.051117, 13.699672]}, "properties": {"id": "S0526", "serial_no": 518, "state_serial_no": 3, "station_name": "BADAVANAHALLI", "district": "TUMKUR", "commenced_on": "1998-09-18", "closed_on": "1999-10-26", "financial_year_commenced": "1998-1999", "financial_year_closed": "1999-2000", "mast_height_m": 20, "elevation_m": 770, "maws": 4.47, "mawpd": 96.1, "pdf_page": 7, "source_table": "Mast", "project_type": null, "is_revision": false, "state": "KARNATAKA", "status": "Closed", "clean_notes": null, "review_required": false, "review_reason": null, "latitude": 13.699672, "longitude": 77.051117}}, {"type": "Feature", "geometry": {"type": "Point", "coordinates": [76.613069, 13.290886]}, "properties": {"id": "S0527", "serial_no": 519, "state_serial_no": 4, "station_name": "BOMMANAHALLI", "district": "TUMKUR", "commenced_on": "1989-10-09", "closed_on": "1993-09-25", "financial_year_commenced": "1989-1990", "financial_year_closed": "1993-1994", "mast_height_m": 20, "elevation_m": 935, "maws": 5.03, "mawpd": 128.3, "pdf_page": 7, "source_table": "Mast", "project_type": null, "is_revision": false, "state": "KARNATAKA", "status": "Closed", "clean_notes": null, "review_required": false, "review_reason": null, "latitude": 13.290886, "longitude": 76.613069}}, {"type": "Feature", "geometry": {"type": "Point", "coordinates": [74.613806, 13.876167]}, "properties": {"id": "S0528", "serial_no": 520, "state_serial_no": 5, "station_name": "BYNDOOR", "district": "UTTARA KANNADA", "commenced_on": "1990-02-02", "closed_on": "1992-08-24", "financial_year_commenced": "1989-1990", "financial_year_closed": "1992-1993", "mast_height_m": 20, "elevation_m": 75, "maws": 3.31, "mawpd": 47.9, "pdf_page": 7, "source_table": "Mast", "project_type": null, "is_revision": false, "state": "KARNATAKA", "status": "Closed", "clean_notes": null, "review_required": false, "review_reason": null, "latitude": 13.876167, "longitude": 74.613806}}, {"type": "Feature", "geometry": {"type": "Point", "coordinates": [75.049722, 15.295]}, "properties": {"id": "S0529", "serial_no": 521, "state_serial_no": 6, "station_name": "CHALAMATTI", "district": "DHARWAD", "commenced_on": "1998-09-21", "closed_on": "2000-11-27", "financial_year_commenced": "1998-1999", "financial_year_closed": "2000-2001", "mast_height_m": 20, "elevation_m": 705, "maws": 5.79, "mawpd": 189.2, "pdf_page": 7, "source_table": "Mast", "project_type": null, "is_revision": false, "state": "KARNATAKA", "status": "Closed", "clean_notes": null, "review_required": false, "review_reason": null, "latitude": 15.295, "longitude": 75.049722}}, {"type": "Feature", "geometry": {"type": "Point", "coordinates": [76.607278, 11.955917]}, "properties": {"id": "S0530", "serial_no": 522, "state_serial_no": 7, "station_name": "CHANNAVADAYANPURA", "district": "CHAMARAJA NAGAR", "commenced_on": "2000-09-15", "closed_on": "2003-03-15", "financial_year_commenced": "2000-2001", "financial_year_closed": "2002-2003", "mast_height_m": 25, "elevation_m": 938, "maws": 5.66, "mawpd": 154, "pdf_page": 7, "source_table": "Mast", "project_type": null, "is_revision": false, "state": "KARNATAKA", "status": "Closed", "clean_notes": null, "review_required": false, "review_reason": null, "latitude": 11.955917, "longitude": 76.607278}}, {"type": "Feature", "geometry": {"type": "Point", "coordinates": [74.577778, 16.418611]}, "properties": {"id": "S0531", "serial_no": 523, "state_serial_no": 8, "station_name": "CHIKKODI", "district": "BELGAUM", "commenced_on": "1993-08-07", "closed_on": "2011-03-19", "financial_year_commenced": "1993-1994", "financial_year_closed": "2010-2011", "mast_height_m": 25, "elevation_m": 760, "maws": 6.44, "mawpd": 263.5, "pdf_page": 7, "source_table": "Mast", "project_type": null, "is_revision": false, "state": "KARNATAKA", "status": "Closed", "clean_notes": null, "review_required": false, "review_reason": null, "latitude": 16.418611, "longitude": 74.577778}}, {"type": "Feature", "geometry": {"type": "Point", "coordinates": [76.688861, 13.364667]}, "properties": {"id": "S0532", "serial_no": 524, "state_serial_no": 9, "station_name": "GODEKERE", "district": "TUMKUR", "commenced_on": "1993-09-24", "closed_on": "1996-09-30", "financial_year_commenced": "1993-1994", "financial_year_closed": "1996-1997", "mast_height_m": 25, "elevation_m": 976, "maws": 5.45, "mawpd": 155, "pdf_page": 7, "source_table": "Mast", "project_type": null, "is_revision": false, "state": "KARNATAKA", "status": "Closed", "clean_notes": null, "review_required": false, "review_reason": null, "latitude": 13.364667, "longitude": 76.688861}}, {"type": "Feature", "geometry": {"type": "Point", "coordinates": [74.793711, 16.172433]}, "properties": {"id": "S0533", "serial_no": 525, "state_serial_no": 10, "station_name": "GOKAK", "district": "BELGAUM", "commenced_on": "1989-10-05", "closed_on": "1994-11-27", "financial_year_commenced": "1989-1990", "financial_year_closed": "1994-1995", "mast_height_m": 20, "elevation_m": 730, "maws": 5.33, "mawpd": 167.9, "pdf_page": 7, "source_table": "Mast", "project_type": null, "is_revision": false, "state": "KARNATAKA", "status": "Closed", "clean_notes": null, "review_required": false, "review_reason": null, "latitude": 16.172433, "longitude": 74.793711}}, {"type": "Feature", "geometry": {"type": "Point", "coordinates": [76.041733, 15.882606]}, "properties": {"id": "S0534", "serial_no": 526, "state_serial_no": 11, "station_name": "HANAMSAGAR", "district": "KOPPAL", "commenced_on": "1989-10-07", "closed_on": "1994-11-24", "financial_year_commenced": "1989-1990", "financial_year_closed": "1994-1995", "mast_height_m": 20, "elevation_m": 722, "maws": 5.62, "mawpd": 172.8, "pdf_page": 7, "source_table": "Mast", "project_type": null, "is_revision": false, "state": "KARNATAKA", "status": "Closed", "clean_notes": null, "review_required": false, "review_reason": null, "latitude": 15.882606, "longitude": 76.041733}}, {"type": "Feature", "geometry": {"type": "Point", "coordinates": [74.708611, 15.891111]}, "properties": {"id": "S0535", "serial_no": 527, "state_serial_no": 12, "station_name": "HANUMANHATTI", "district": "BELGAUM", "commenced_on": "1990-01-31", "closed_on": "1995-01-26", "financial_year_commenced": "1989-1990", "financial_year_closed": "1994-1995", "mast_height_m": 20, "elevation_m": 895, "maws": 5.64, "mawpd": 165, "pdf_page": 7, "source_table": "Mast", "project_type": null, "is_revision": false, "state": "KARNATAKA", "status": "Closed", "clean_notes": null, "review_required": false, "review_reason": null, "latitude": 15.891111, "longitude": 74.708611}}, {"type": "Feature", "geometry": {"type": "Point", "coordinates": [76.213889, 12.861694]}, "properties": {"id": "S0536", "serial_no": 528, "state_serial_no": 13, "station_name": "HARADENAHALLI", "district": "HASSAN", "commenced_on": "1992-12-23", "closed_on": "1996-01-24", "financial_year_commenced": "1992-1993", "financial_year_closed": "1995-1996", "mast_height_m": 20, "elevation_m": 1042, "maws": 5.07, "mawpd": 126.6, "pdf_page": 7, "source_table": "Mast", "project_type": null, "is_revision": false, "state": "KARNATAKA", "status": "Closed", "clean_notes": null, "review_required": false, "review_reason": null, "latitude": 12.861694, "longitude": 76.213889}}, {"type": "Feature", "geometry": {"type": "Point", "coordinates": [75.724167, 17.119444]}, "properties": {"id": "S0537", "serial_no": 529, "state_serial_no": 14, "station_name": "HORTI", "district": "BIJAPUR", "commenced_on": "1993-07-07", "closed_on": "1999-07-16", "financial_year_commenced": "1993-1994", "financial_year_closed": "1999-2000", "mast_height_m": 25, "elevation_m": 633, "maws": 5.5, "mawpd": 172.6, "pdf_page": 7, "source_table": "Mast", "project_type": null, "is_revision": false, "state": "KARNATAKA", "status": "Closed", "clean_notes": null, "review_required": false, "review_reason": null, "latitude": 17.119444, "longitude": 75.724167}}, {"type": "Feature", "geometry": {"type": "Point", "coordinates": [76.087889, 12.896528]}, "properties": {"id": "S0538", "serial_no": 530, "state_serial_no": 15, "station_name": "HULIHALLI", "district": "HASSAN", "commenced_on": "1998-09-17", "closed_on": "1999-10-27", "financial_year_commenced": "1998-1999", "financial_year_closed": "1999-2000", "mast_height_m": 20, "elevation_m": 1026, "maws": 4.72, "mawpd": 92.3, "pdf_page": 7, "source_table": "Mast", "project_type": null, "is_revision": false, "state": "KARNATAKA", "status": "Closed", "clean_notes": null, "review_required": false, "review_reason": null, "latitude": 12.896528, "longitude": 76.087889}}, {"type": "Feature", "geometry": {"type": "Point", "coordinates": [76.398889, 14.163611]}, "properties": {"id": "S0539", "serial_no": 531, "state_serial_no": 16, "station_name": "JOGIMATTI", "district": "CHITRADURGA", "commenced_on": "1989-10-08", "closed_on": "2009-11-30", "financial_year_commenced": "1989-1990", "financial_year_closed": "2009-2010", "mast_height_m": 20, "elevation_m": 1132, "maws": 8.33, "mawpd": 497.7, "pdf_page": 7, "source_table": "Mast", "project_type": null, "is_revision": false, "state": "KARNATAKA", "status": "Closed", "clean_notes": null, "review_required": false, "review_reason": null, "latitude": 14.163611, "longitude": 76.398889}}, {"type": "Feature", "geometry": {"type": "Point", "coordinates": [76.969444, 17.59]}, "properties": {"id": "S0540", "serial_no": 532, "state_serial_no": 17, "station_name": "KAMALAPUR", "district": "GULBURGA", "commenced_on": "2004-06-06", "closed_on": "2007-03-31", "financial_year_commenced": "2004-2005", "financial_year_closed": "2006-2007", "mast_height_m": 50, "elevation_m": 535, "maws": 5.19, "mawpd": 128, "pdf_page": 7, "source_table": "Mast", "project_type": null, "is_revision": false, "state": "KARNATAKA", "status": "Closed", "clean_notes": null, "review_required": false, "review_reason": null, "latitude": 17.59, "longitude": 76.969444}}, {"type": "Feature", "geometry": {"type": "Point", "coordinates": [75.714886, 15.246031]}, "properties": {"id": "S0541", "serial_no": 533, "state_serial_no": 18, "station_name": "KAPPATTAGUDA", "district": "GADAG", "commenced_on": "2000-09-22", "closed_on": "2003-03-13", "financial_year_commenced": "2000-2001", "financial_year_closed": "2002-2003", "mast_height_m": 25, "elevation_m": 976, "maws": 6.92, "mawpd": 311, "pdf_page": 7, "source_table": "Mast", "project_type": null, "is_revision": false, "state": "KARNATAKA", "status": "Closed", "clean_notes": null, "review_required": false, "review_reason": null, "latitude": 15.246031, "longitude": 75.714886}}, {"type": "Feature", "geometry": {"type": "Point", "coordinates": [74.607372, 15.788517]}, "properties": {"id": "S0542", "serial_no": 534, "state_serial_no": 19, "station_name": "KHAMKARKATTI", "district": "BELGAUM", "commenced_on": "1993-07-09", "closed_on": "1999-07-15", "financial_year_commenced": "1993-1994", "financial_year_closed": "1999-2000", "mast_height_m": 25, "elevation_m": 846, "maws": 5.78, "mawpd": 158.5, "pdf_page": 7, "source_table": "Mast", "project_type": null, "is_revision": false, "state": "KARNATAKA", "status": "Closed", "clean_notes": null, "review_required": false, "review_reason": null, "latitude": 15.788517, "longitude": 74.607372}}, {"type": "Feature", "geometry": {"type": "Point", "coordinates": [75.769353, 14.58215]}, "properties": {"id": "S0543", "serial_no": 535, "state_serial_no": 20, "station_name": "KHANDERAYANAHALLI", "district": "HAVERI", "commenced_on": "1993-07-11", "closed_on": "1997-12-11", "financial_year_commenced": "1993-1994", "financial_year_closed": "1997-1998", "mast_height_m": 25, "elevation_m": 604, "maws": 5.61, "mawpd": 183.1, "pdf_page": 7, "source_table": "Mast", "project_type": null, "is_revision": false, "state": "KARNATAKA", "status": "Closed", "clean_notes": null, "review_required": false, "review_reason": null, "latitude": 14.58215, "longitude": 75.769353}}, {"type": "Feature", "geometry": {"type": "Point", "coordinates": [76.0715, 13.242639]}, "properties": {"id": "S0544", "serial_no": 536, "state_serial_no": 21, "station_name": "KONDLIBETTA", "district": "HASSAN", "commenced_on": "2000-09-16", "closed_on": "2001-12-15", "financial_year_commenced": "2000-2001", "financial_year_closed": "2001-2002", "mast_height_m": 25, "elevation_m": 972, "maws": 4.87, "mawpd": 116, "pdf_page": 7, "source_table": "Mast", "project_type": null, "is_revision": false, "state": "KARNATAKA", "status": "Closed", "clean_notes": null, "review_required": false, "review_reason": null, "latitude": 13.242639, "longitude": 76.0715}}, {"type": "Feature", "geometry": {"type": "Point", "coordinates": [74.547611, 16.338333]}, "properties": {"id": "S0545", "serial_no": 537, "state_serial_no": 22, "station_name": "MAJLAHATTI", "district": "BELGAUM", "commenced_on": "2005-01-15", "closed_on": "2006-03-22", "financial_year_commenced": "2004-2005", "financial_year_closed": "2005-2006", "mast_height_m": 50, "elevation_m": 752, "maws": 5.77, "mawpd": 163, "pdf_page": 7, "source_table": "Mast", "project_type": "Other project", "is_revision": false, "state": "KARNATAKA", "status": "Closed", "clean_notes": null, "review_required": false, "review_reason": null, "latitude": 16.338333, "longitude": 74.547611}}, {"type": "Feature", "geometry": {"type": "Point", "coordinates": [75.897, 15.813556]}, "properties": {"id": "S0546", "serial_no": 538, "state_serial_no": 23, "station_name": "MALGATTI", "district": "KOPPAL", "commenced_on": "1989-10-06", "closed_on": "1993-12-07", "financial_year_commenced": "1989-1990", "financial_year_closed": "1993-1994", "mast_height_m": 20, "elevation_m": 709, "maws": 5.37, "mawpd": 156.1, "pdf_page": 7, "source_table": "Mast", "project_type": null, "is_revision": false, "state": "KARNATAKA", "status": "Closed", "clean_notes": null, "review_required": false, "review_reason": null, "latitude": 15.813556, "longitude": 75.897}}, {"type": "Feature", "geometry": {"type": "Point", "coordinates": [74.4725, 15.972222]}, "properties": {"id": "S0547", "serial_no": 539, "state_serial_no": 24, "station_name": "MANNIKERE", "district": "BELGAUM", "commenced_on": "1999-05-19", "closed_on": "2001-08-17", "financial_year_commenced": "1999-2000", "financial_year_closed": "2001-2002", "mast_height_m": 20, "elevation_m": 923, "maws": 6.75, "mawpd": 252, "pdf_page": 7, "source_table": "Mast", "project_type": null, "is_revision": false, "state": "KARNATAKA", "status": "Closed", "clean_notes": null, "review_required": false, "review_reason": null, "latitude": 15.972222, "longitude": 74.4725}}, {"type": "Feature", "geometry": {"type": "Point", "coordinates": [74.792778, 16.419722]}, "properties": {"id": "S0548", "serial_no": 540, "state_serial_no": 25, "station_name": "MAVINHUNDA", "district": "BELGAUM", "commenced_on": "1999-05-17", "closed_on": "2001-08-19", "financial_year_commenced": "1999-2000", "financial_year_closed": "2001-2002", "mast_height_m": 25, "elevation_m": 780, "maws": 6, "mawpd": 211.6, "pdf_page": 7, "source_table": "Mast", "project_type": null, "is_revision": false, "state": "KARNATAKA", "status": "Closed", "clean_notes": null, "review_required": false, "review_reason": null, "latitude": 16.419722, "longitude": 74.792778}}, {"type": "Feature", "geometry": {"type": "Point", "coordinates": [74.943778, 15.876889]}, "properties": {"id": "S0549", "serial_no": 541, "state_serial_no": 26, "station_name": "MURGOD", "district": "BELGAUM", "commenced_on": "1999-05-16", "closed_on": "2000-09-23", "financial_year_commenced": "1999-2000", "financial_year_closed": "2000-2001", "mast_height_m": 20, "elevation_m": 791, "maws": 5.04, "mawpd": 119.5, "pdf_page": 8, "source_table": "Mast", "project_type": null, "is_revision": false, "state": "KARNATAKA", "status": "Closed", "clean_notes": null, "review_required": false, "review_reason": null, "latitude": 15.876889, "longitude": 74.943778}}, {"type": "Feature", "geometry": {"type": "Point", "coordinates": [75.375361, 15.73575]}, "properties": {"id": "S0550", "serial_no": 542, "state_serial_no": 27, "station_name": "NARGUND", "district": "GADAG", "commenced_on": "2003-10-09", "closed_on": "2005-01-20", "financial_year_commenced": "2003-2004", "financial_year_closed": "2004-2005", "mast_height_m": 25, "elevation_m": 786, "maws": 8.37, "mawpd": 530, "pdf_page": 8, "source_table": "Mast", "project_type": "SNA project", "is_revision": false, "state": "KARNATAKA", "status": "Closed", "clean_notes": null, "review_required": false, "review_reason": null, "latitude": 15.73575, "longitude": 75.375361}}, {"type": "Feature", "geometry": {"type": "Point", "coordinates": [75.115806, 15.824278]}, "properties": {"id": "S0551", "serial_no": 543, "state_serial_no": 28, "station_name": "NAVILTHIRTH DAM", "district": "BELGAUM", "commenced_on": "1993-07-06", "closed_on": "1995-03-24", "financial_year_commenced": "1993-1994", "financial_year_closed": "1994-1995", "mast_height_m": 25, "elevation_m": 711, "maws": 4.43, "mawpd": 87, "pdf_page": 8, "source_table": "Mast", "project_type": null, "is_revision": false, "state": "KARNATAKA", "status": "Closed", "clean_notes": null, "review_required": false, "review_reason": null, "latitude": 15.824278, "longitude": 75.115806}}, {"type": "Feature", "geometry": {"type": "Point", "coordinates": [74.707556, 15.971222]}, "properties": {"id": "S0552", "serial_no": 544, "state_serial_no": 29, "station_name": "NELAGANTI", "district": "BELGAUM", "commenced_on": "2001-01-25", "closed_on": "2003-03-14", "financial_year_commenced": "2000-2001", "financial_year_closed": "2002-2003", "mast_height_m": 50, "elevation_m": 797, "maws": 4.78, "mawpd": 136, "pdf_page": 8, "source_table": "Mast", "project_type": null, "is_revision": false, "state": "KARNATAKA", "status": "Closed", "clean_notes": null, "review_required": false, "review_reason": null, "latitude": 15.971222, "longitude": 74.707556}}, {"type": "Feature", "geometry": {"type": "Point", "coordinates": [76.457028, 15.13175]}, "properties": {"id": "S0553", "serial_no": 545, "state_serial_no": 30, "station_name": "RAMGAD", "district": "BELLARY", "commenced_on": "2000-09-21", "closed_on": "2003-03-13", "financial_year_commenced": "2000-2001", "financial_year_closed": "2002-2003", "mast_height_m": 25, "elevation_m": 963, "maws": 5.27, "mawpd": 134, "pdf_page": 8, "source_table": "Mast", "project_type": null, "is_revision": false, "state": "KARNATAKA", "status": "Closed", "clean_notes": null, "review_required": false, "review_reason": null, "latitude": 15.13175, "longitude": 76.457028}}, {"type": "Feature", "geometry": {"type": "Point", "coordinates": [75.734103, 16.247861]}, "properties": {"id": "S0554", "serial_no": 546, "state_serial_no": 31, "station_name": "SANGUNDI", "district": "BAGALKOT", "commenced_on": "1991-07-06", "closed_on": "1994-08-02", "financial_year_commenced": "1991-1992", "financial_year_closed": "1994-1995", "mast_height_m": 20, "elevation_m": 619, "maws": 5.19, "mawpd": 152.7, "pdf_page": 8, "source_table": "Mast", "project_type": null, "is_revision": false, "state": "KARNATAKA", "status": "Closed", "clean_notes": null, "review_required": false, "review_reason": null, "latitude": 16.247861, "longitude": 75.734103}}, {"type": "Feature", "geometry": {"type": "Point", "coordinates": [75.132444, 15.739222]}, "properties": {"id": "S0555", "serial_no": 547, "state_serial_no": 32, "station_name": "SAUNDATTI", "district": "BELGAUM", "commenced_on": "2000-02-28", "closed_on": "2001-03-29", "financial_year_commenced": "1999-2000", "financial_year_closed": "2000-2001", "mast_height_m": 25, "elevation_m": 830, "maws": 5.28, "mawpd": 126, "pdf_page": 8, "source_table": "Mast", "project_type": null, "is_revision": false, "state": "KARNATAKA", "status": "Closed", "clean_notes": null, "review_required": false, "review_reason": null, "latitude": 15.739222, "longitude": 75.132444}}, {"type": "Feature", "geometry": {"type": "Point", "coordinates": [77.760833, 13.551389]}, "properties": {"id": "S0556", "serial_no": 548, "state_serial_no": 33, "station_name": "SETTIGERE", "district": "KOLAR", "commenced_on": "2004-05-20", "closed_on": "2007-03-31", "financial_year_commenced": "2004-2005", "financial_year_closed": "2006-2007", "mast_height_m": 50, "elevation_m": 964, "maws": 5.58, "mawpd": 153, "pdf_page": 8, "source_table": "Mast", "project_type": null, "is_revision": false, "state": "KARNATAKA", "status": "Closed", "clean_notes": null, "review_required": false, "review_reason": null, "latitude": 13.551389, "longitude": 77.760833}}, {"type": "Feature", "geometry": {"type": "Point", "coordinates": [75.97625, 14.915806]}, "properties": {"id": "S0557", "serial_no": 549, "state_serial_no": 34, "station_name": "SOGI", "district": "BELLARY", "commenced_on": "1999-05-21", "closed_on": "2001-08-21", "financial_year_commenced": "1999-2000", "financial_year_closed": "2001-2002", "mast_height_m": 25, "elevation_m": 849, "maws": 6.61, "mawpd": 246.2, "pdf_page": 8, "source_table": "Mast", "project_type": null, "is_revision": false, "state": "KARNATAKA", "status": "Closed", "clean_notes": null, "review_required": false, "review_reason": null, "latitude": 14.915806, "longitude": 75.97625}}, {"type": "Feature", "geometry": {"type": "Point", "coordinates": [75.506917, 16.890861]}, "properties": {"id": "S0558", "serial_no": 550, "state_serial_no": 35, "station_name": "SOMADEVARAHATTI", "district": "BIJAPUR", "commenced_on": "1998-09-23", "closed_on": "2000-11-25", "financial_year_commenced": "1998-1999", "financial_year_closed": "2000-2001", "mast_height_m": 20, "elevation_m": 640, "maws": 4.86, "mawpd": 130.9, "pdf_page": 8, "source_table": "Mast", "project_type": null, "is_revision": false, "state": "KARNATAKA", "status": "Closed", "clean_notes": null, "review_required": false, "review_reason": null, "latitude": 16.890861, "longitude": 75.506917}}, {"type": "Feature", "geometry": {"type": "Point", "coordinates": [76.553056, 15.010556]}, "properties": {"id": "S0559", "serial_no": 551, "state_serial_no": 36, "station_name": "SUBRAMANYAHALLI", "district": "BELLARY", "commenced_on": "2000-09-20", "closed_on": "2003-03-13", "financial_year_commenced": "2000-2001", "financial_year_closed": "2002-2003", "mast_height_m": 25, "elevation_m": 1026, "maws": 6.02, "mawpd": 214, "pdf_page": 8, "source_table": "Mast", "project_type": null, "is_revision": false, "state": "KARNATAKA", "status": "Closed", "clean_notes": null, "review_required": false, "review_reason": null, "latitude": 15.010556, "longitude": 76.553056}}, {"type": "Feature", "geometry": {"type": "Point", "coordinates": [74.313056, 14.532778]}, "properties": {"id": "S0560", "serial_no": 552, "state_serial_no": 37, "station_name": "GOKARNA", "district": "UTTARA KANNADA", "commenced_on": "2006-11-14", "closed_on": "2001-03-29", "financial_year_commenced": "2006-2007", "financial_year_closed": "2000-2001", "mast_height_m": 50, "elevation_m": 49, "maws": 4.72, "mawpd": 118, "pdf_page": 8, "source_table": "Mast", "project_type": null, "is_revision": false, "state": "KARNATAKA", "status": "Closed", "clean_notes": null, "review_required": true, "review_reason": "Closed before commenced", "latitude": 14.532778, "longitude": 74.313056}}, {"type": "Feature", "geometry": {"type": "Point", "coordinates": [74.555, 13.963611]}, "properties": {"id": "S0561", "serial_no": 553, "state_serial_no": 38, "station_name": "HUVILAMADI", "district": "UTTARA KANNADA", "commenced_on": "2006-11-16", "closed_on": "2009-03-31", "financial_year_commenced": "2006-2007", "financial_year_closed": "2008-2009", "mast_height_m": 50, "elevation_m": 61, "maws": 3.85, "mawpd": 69, "pdf_page": 8, "source_table": "Mast", "project_type": null, "is_revision": false, "state": "KARNATAKA", "status": "Closed", "clean_notes": null, "review_required": false, "review_reason": null, "latitude": 13.963611, "longitude": 74.555}}, {"type": "Feature", "geometry": {"type": "Point", "coordinates": [77.636667, 12.695]}, "properties": {"id": "S0562", "serial_no": 554, "state_serial_no": 39, "station_name": "TAMMANAYAKANAHALLI", "district": "BANGALORE URBAN", "commenced_on": "2007-08-21", "closed_on": "2009-12-08", "financial_year_commenced": "2007-2008", "financial_year_closed": "2009-2010", "mast_height_m": 50, "elevation_m": 944, "maws": 5.31, "mawpd": 116.51, "pdf_page": 8, "source_table": "Mast", "project_type": null, "is_revision": false, "state": "KARNATAKA", "status": "Closed", "clean_notes": null, "review_required": false, "review_reason": null, "latitude": 12.695, "longitude": 77.636667}}, {"type": "Feature", "geometry": {"type": "Point", "coordinates": [76.73, 16.176111]}, "properties": {"id": "S0563", "serial_no": 555, "state_serial_no": 40, "station_name": "TOPALDODDI", "district": "RAICHUR", "commenced_on": "2007-08-22", "closed_on": "2010-10-30", "financial_year_commenced": "2007-2008", "financial_year_closed": "2010-2011", "mast_height_m": 50, "elevation_m": 568, "maws": 6.07, "mawpd": 190.66, "pdf_page": 8, "source_table": "Mast", "project_type": null, "is_revision": false, "state": "KARNATAKA", "status": "Closed", "clean_notes": null, "review_required": false, "review_reason": null, "latitude": 16.176111, "longitude": 76.73}}, {"type": "Feature", "geometry": {"type": "Point", "coordinates": [77.375306, 17.873028]}, "properties": {"id": "S0564", "serial_no": 556, "state_serial_no": 41, "station_name": "ANADURWADI TANDA", "district": "BIDAR", "commenced_on": "2007-08-24", "closed_on": "2009-12-01", "financial_year_commenced": "2007-2008", "financial_year_closed": "2009-2010", "mast_height_m": 50, "elevation_m": 652, "maws": 5.64, "mawpd": 136.59, "pdf_page": 8, "source_table": "Mast", "project_type": null, "is_revision": false, "state": "KARNATAKA", "status": "Closed", "clean_notes": null, "review_required": false, "review_reason": null, "latitude": 17.873028, "longitude": 77.375306}}, {"type": "Feature", "geometry": {"type": "Point", "coordinates": [76.975, 17.803333]}, "properties": {"id": "S0565", "serial_no": 557, "state_serial_no": 42, "station_name": "KAUDIYAL", "district": "BIDAR", "commenced_on": "2007-09-24", "closed_on": "2009-12-01", "financial_year_commenced": "2007-2008", "financial_year_closed": "2009-2010", "mast_height_m": 50, "elevation_m": 678, "maws": 5.51, "mawpd": 134, "pdf_page": 8, "source_table": "Mast", "project_type": null, "is_revision": false, "state": "KARNATAKA", "status": "Closed", "clean_notes": null, "review_required": false, "review_reason": null, "latitude": 17.803333, "longitude": 76.975}}, {"type": "Feature", "geometry": {"type": "Point", "coordinates": [76.734722, 13.873889]}, "properties": {"id": "S0566", "serial_no": 558, "state_serial_no": 43, "station_name": "GORLADAKU", "district": "CHITRADURGA", "commenced_on": "2007-10-18", "closed_on": "2009-11-23", "financial_year_commenced": "2007-2008", "financial_year_closed": "2009-2010", "mast_height_m": 50, "elevation_m": 640, "maws": 4.79, "mawpd": 111, "pdf_page": 8, "source_table": "Mast", "project_type": null, "is_revision": false, "state": "KARNATAKA", "status": "Closed", "clean_notes": null, "review_required": false, "review_reason": null, "latitude": 13.873889, "longitude": 76.734722}}, {"type": "Feature", "geometry": {"type": "Point", "coordinates": [76.025833, 15.375]}, "properties": {"id": "S0567", "serial_no": 559, "state_serial_no": 44, "station_name": "TADAKAL", "district": "KOPPAL", "commenced_on": "2008-08-09", "closed_on": "2010-10-30", "financial_year_commenced": "2008-2009", "financial_year_closed": "2010-2011", "mast_height_m": 50, "elevation_m": 576, "maws": 5.49, "mawpd": 166, "pdf_page": 8, "source_table": "Mast", "project_type": null, "is_revision": false, "state": "KARNATAKA", "status": "Closed", "clean_notes": null, "review_required": false, "review_reason": null, "latitude": 15.375, "longitude": 76.025833}}, {"type": "Feature", "geometry": {"type": "Point", "coordinates": [75.367222, 16.74125]}, "properties": {"id": "S0568", "serial_no": 560, "state_serial_no": 45, "station_name": "KAJIBILAGI", "district": "BAGALKOT", "commenced_on": "2008-08-11", "closed_on": "2010-10-30", "financial_year_commenced": "2008-2009", "financial_year_closed": "2010-2011", "mast_height_m": 50, "elevation_m": 696, "maws": 6.14, "mawpd": 190, "pdf_page": 8, "source_table": "Mast", "project_type": null, "is_revision": false, "state": "KARNATAKA", "status": "Closed", "clean_notes": null, "review_required": false, "review_reason": null, "latitude": 16.74125, "longitude": 75.367222}}, {"type": "Feature", "geometry": {"type": "Point", "coordinates": [75.534694, 15.393889]}, "properties": {"id": "S0569", "serial_no": 561, "state_serial_no": 46, "station_name": "HULKOTTI", "district": "GADAG", "commenced_on": "2008-10-14", "closed_on": "2010-11-22", "financial_year_commenced": "2008-2009", "financial_year_closed": "2010-2011", "mast_height_m": 50, "elevation_m": 649, "maws": 5.64, "mawpd": 162, "pdf_page": 8, "source_table": "Mast", "project_type": null, "is_revision": false, "state": "KARNATAKA", "status": "Closed", "clean_notes": null, "review_required": false, "review_reason": null, "latitude": 15.393889, "longitude": 75.534694}}, {"type": "Feature", "geometry": {"type": "Point", "coordinates": [74.878333, 15.539444]}, "properties": {"id": "S0570", "serial_no": 562, "state_serial_no": 47, "station_name": "SINGNALLI", "district": "DHARWAD", "commenced_on": "2008-10-15", "closed_on": "2011-03-19", "financial_year_commenced": "2008-2009", "financial_year_closed": "2010-2011", "mast_height_m": 50, "elevation_m": 739, "maws": 5.73, "mawpd": 151, "pdf_page": 8, "source_table": "Mast", "project_type": null, "is_revision": false, "state": "KARNATAKA", "status": "Closed", "clean_notes": null, "review_required": false, "review_reason": null, "latitude": 15.539444, "longitude": 74.878333}}, {"type": "Feature", "geometry": {"type": "Point", "coordinates": [74.457778, 16.3375]}, "properties": {"id": "S0571", "serial_no": 563, "state_serial_no": 48, "station_name": "KARAJAGA", "district": "BELGAUM", "commenced_on": "2008-10-16", "closed_on": "2011-03-19", "financial_year_commenced": "2008-2009", "financial_year_closed": "2010-2011", "mast_height_m": 50, "elevation_m": 769, "maws": 5.5, "mawpd": 140, "pdf_page": 8, "source_table": "Mast", "project_type": null, "is_revision": false, "state": "KARNATAKA", "status": "Closed", "clean_notes": null, "review_required": false, "review_reason": null, "latitude": 16.3375, "longitude": 74.457778}}, {"type": "Feature", "geometry": {"type": "Point", "coordinates": [76.39925, 14.165222]}, "properties": {"id": "S0572", "serial_no": 564, "state_serial_no": 49, "station_name": "JOGIMATTI", "district": "CHITRADURGA", "commenced_on": "2010-07-21", "closed_on": "2015-12-21", "financial_year_commenced": "2010-2011", "financial_year_closed": "2015-2016", "mast_height_m": 120, "elevation_m": 1125, "maws": 8.67, "mawpd": 534.93, "pdf_page": 8, "source_table": "Mast", "project_type": null, "is_revision": false, "state": "KARNATAKA", "status": "Closed", "clean_notes": null, "review_required": false, "review_reason": null, "latitude": 14.165222, "longitude": 76.39925}}, {"type": "Feature", "geometry": {"type": "Point", "coordinates": [75.960833, 15.064639]}, "properties": {"id": "S0573", "serial_no": 565, "state_serial_no": 50, "station_name": "DASARAHALLI", "district": "BELLARY", "commenced_on": "2012-02-10", "closed_on": "2014-09-18", "financial_year_commenced": "2011-2012", "financial_year_closed": "2014-2015", "mast_height_m": 80, "elevation_m": 557, "maws": 6.27, "mawpd": 217.28, "pdf_page": 8, "source_table": "Mast", "project_type": null, "is_revision": false, "state": "KARNATAKA", "status": "Closed", "clean_notes": null, "review_required": false, "review_reason": null, "latitude": 15.064639, "longitude": 75.960833}}, {"type": "Feature", "geometry": {"type": "Point", "coordinates": [75.653233, 15.516917]}, "properties": {"id": "S0574", "serial_no": 566, "state_serial_no": 51, "station_name": "HUILGOL", "district": "GADAG", "commenced_on": "2012-02-11", "closed_on": "2014-09-18", "financial_year_commenced": "2011-2012", "financial_year_closed": "2014-2015", "mast_height_m": 80, "elevation_m": 608, "maws": 6.69, "mawpd": 251.5, "pdf_page": 8, "source_table": "Mast", "project_type": null, "is_revision": false, "state": "KARNATAKA", "status": "Closed", "clean_notes": null, "review_required": false, "review_reason": null, "latitude": 15.516917, "longitude": 75.653233}}, {"type": "Feature", "geometry": {"type": "Point", "coordinates": [76.190944, 15.880028]}, "properties": {"id": "S0575", "serial_no": 567, "state_serial_no": 52, "station_name": "DOTIHALU", "district": "KOPPAL", "commenced_on": "2012-02-12", "closed_on": "2014-09-18", "financial_year_commenced": "2011-2012", "financial_year_closed": "2014-2015", "mast_height_m": 80, "elevation_m": 625, "maws": 6.4, "mawpd": 212.1, "pdf_page": 8, "source_table": "Mast", "project_type": null, "is_revision": false, "state": "KARNATAKA", "status": "Closed", "clean_notes": null, "review_required": false, "review_reason": null, "latitude": 15.880028, "longitude": 76.190944}}, {"type": "Feature", "geometry": {"type": "Point", "coordinates": [75.782028, 17.263139]}, "properties": {"id": "S0576", "serial_no": 568, "state_serial_no": 53, "station_name": "JEYUR", "district": "BIJAPUR", "commenced_on": "2012-02-13", "closed_on": "2014-09-18", "financial_year_commenced": "2011-2012", "financial_year_closed": "2014-2015", "mast_height_m": 80, "elevation_m": 489, "maws": 5.94, "mawpd": 190.68, "pdf_page": 8, "source_table": "Mast", "project_type": null, "is_revision": false, "state": "KARNATAKA", "status": "Closed", "clean_notes": null, "review_required": false, "review_reason": null, "latitude": 17.263139, "longitude": 75.782028}}, {"type": "Feature", "geometry": {"type": "Point", "coordinates": [77.216056, 18.089083]}, "properties": {"id": "S0577", "serial_no": 569, "state_serial_no": 54, "station_name": "SHAMSHERPURWADI", "district": "BIDAR", "commenced_on": "2012-02-16", "closed_on": "2014-09-18", "financial_year_commenced": "2011-2012", "financial_year_closed": "2014-2015", "mast_height_m": 80, "elevation_m": 607, "maws": 5.98, "mawpd": 178.79, "pdf_page": 8, "source_table": "Mast", "project_type": null, "is_revision": false, "state": "KARNATAKA", "status": "Closed", "clean_notes": null, "review_required": false, "review_reason": null, "latitude": 18.089083, "longitude": 77.216056}}, {"type": "Feature", "geometry": {"type": "Point", "coordinates": [76.336306, 12.694472]}, "properties": {"id": "S0578", "serial_no": 570, "state_serial_no": 55, "station_name": "NAGARANAHALLI", "district": "HASSAN", "commenced_on": "2012-03-03", "closed_on": "2014-09-18", "financial_year_commenced": "2011-2012", "financial_year_closed": "2014-2015", "mast_height_m": 80, "elevation_m": 886, "maws": 4.77, "mawpd": 94.58, "pdf_page": 8, "source_table": "Mast", "project_type": null, "is_revision": false, "state": "KARNATAKA", "status": "Closed", "clean_notes": null, "review_required": false, "review_reason": null, "latitude": 12.694472, "longitude": 76.336306}}, {"type": "Feature", "geometry": {"type": "Point", "coordinates": [76.855694, 12.119194]}, "properties": {"id": "S0579", "serial_no": 571, "state_serial_no": 56, "station_name": "GANGANUR", "district": "CHAMRAJNAGAR", "commenced_on": "2012-03-05", "closed_on": "2014-09-18", "financial_year_commenced": "2011-2012", "financial_year_closed": "2014-2015", "mast_height_m": 80, "elevation_m": 717, "maws": 5.19, "mawpd": 136.94, "pdf_page": 8, "source_table": "Mast", "project_type": null, "is_revision": false, "state": "KARNATAKA", "status": "Closed", "clean_notes": null, "review_required": false, "review_reason": null, "latitude": 12.119194, "longitude": 76.855694}}, {"type": "Feature", "geometry": {"type": "Point", "coordinates": [76.545639, 13.344333]}, "properties": {"id": "S0580", "serial_no": 572, "state_serial_no": 57, "station_name": "GOPALANAHALLI", "district": "TUMKUR", "commenced_on": "2012-03-07", "closed_on": "2014-09-18", "financial_year_commenced": "2011-2012", "financial_year_closed": "2014-2015", "mast_height_m": 80, "elevation_m": 826, "maws": 4.63, "mawpd": 88.62, "pdf_page": 8, "source_table": "Mast", "project_type": null, "is_revision": false, "state": "KARNATAKA", "status": "Closed", "clean_notes": null, "review_required": false, "review_reason": null, "latitude": 13.344333, "longitude": 76.545639}}, {"type": "Feature", "geometry": {"type": "Point", "coordinates": [77.557028, 13.556139]}, "properties": {"id": "S0581", "serial_no": 573, "state_serial_no": 58, "station_name": "BEERMANGALA", "district": "CHICKABALLAPUR", "commenced_on": "2012-03-09", "closed_on": "2014-09-18", "financial_year_commenced": "2011-2012", "financial_year_closed": "2014-2015", "mast_height_m": 80, "elevation_m": 742, "maws": 4.58, "mawpd": 88.72, "pdf_page": 8, "source_table": "Mast", "project_type": null, "is_revision": false, "state": "KARNATAKA", "status": "Closed", "clean_notes": null, "review_required": false, "review_reason": null, "latitude": 13.556139, "longitude": 77.557028}}, {"type": "Feature", "geometry": {"type": "Point", "coordinates": [76.620333, 14.283444]}, "properties": {"id": "S0582", "serial_no": 574, "state_serial_no": 59, "station_name": "SOMAGUDDA", "district": "CHITRADURGA", "commenced_on": "2012-03-13", "closed_on": "2014-09-18", "financial_year_commenced": "2011-2012", "financial_year_closed": "2014-2015", "mast_height_m": 80, "elevation_m": 599, "maws": 5.69, "mawpd": 169.26, "pdf_page": 8, "source_table": "Mast", "project_type": null, "is_revision": false, "state": "KARNATAKA", "status": "Closed", "clean_notes": null, "review_required": false, "review_reason": null, "latitude": 14.283444, "longitude": 76.620333}}, {"type": "Feature", "geometry": {"type": "Point", "coordinates": [74.608528, 15.581389]}, "properties": {"id": "S0583", "serial_no": 575, "state_serial_no": 60, "station_name": "ZUNJAWADI K.N", "district": "BELGAUM", "commenced_on": "2013-10-20", "closed_on": "2015-09-01", "financial_year_commenced": "2013-2014", "financial_year_closed": "2015-2016", "mast_height_m": 100, "elevation_m": 703, "maws": 5.46, "mawpd": 135.75, "pdf_page": 8, "source_table": "Mast", "project_type": null, "is_revision": false, "state": "KARNATAKA", "status": "Closed", "clean_notes": null, "review_required": false, "review_reason": null, "latitude": 15.581389, "longitude": 74.608528}}, {"type": "Feature", "geometry": {"type": "Point", "coordinates": [75.560833, 15.977583]}, "properties": {"id": "S0584", "serial_no": 576, "state_serial_no": 61, "station_name": "MUSTIGERI", "district": "BAGALKOTI", "commenced_on": "2013-10-22", "closed_on": "2016-04-20", "financial_year_commenced": "2013-2014", "financial_year_closed": "2016-2017", "mast_height_m": 100, "elevation_m": 616, "maws": 5.84, "mawpd": 161.31, "pdf_page": 8, "source_table": "Mast", "project_type": null, "is_revision": false, "state": "KARNATAKA", "status": "Closed", "clean_notes": null, "review_required": false, "review_reason": null, "latitude": 15.977583, "longitude": 75.560833}}, {"type": "Feature", "geometry": {"type": "Point", "coordinates": [76.182306, 15.654278]}, "properties": {"id": "S0585", "serial_no": 577, "state_serial_no": 62, "station_name": "TARALKATTI", "district": "KOPPAL", "commenced_on": "2013-10-23", "closed_on": "2015-12-17", "financial_year_commenced": "2013-2014", "financial_year_closed": "2015-2016", "mast_height_m": 100, "elevation_m": 679, "maws": 7.02, "mawpd": 278.1, "pdf_page": 8, "source_table": "Mast", "project_type": null, "is_revision": false, "state": "KARNATAKA", "status": "Closed", "clean_notes": null, "review_required": false, "review_reason": null, "latitude": 15.654278, "longitude": 76.182306}}, {"type": "Feature", "geometry": {"type": "Point", "coordinates": [75.662583, 15.110361]}, "properties": {"id": "S0586", "serial_no": 578, "state_serial_no": 63, "station_name": "MACHENAHALLI", "district": "GADAG", "commenced_on": "2013-10-24", "closed_on": "2016-03-19", "financial_year_commenced": "2013-2014", "financial_year_closed": "2015-2016", "mast_height_m": 100, "elevation_m": 612, "maws": 5.74, "mawpd": 174.45, "pdf_page": 8, "source_table": "Mast", "project_type": null, "is_revision": false, "state": "KARNATAKA", "status": "Closed", "clean_notes": null, "review_required": false, "review_reason": null, "latitude": 15.110361, "longitude": 75.662583}}, {"type": "Feature", "geometry": {"type": "Point", "coordinates": [76.483917, 14.32325]}, "properties": {"id": "S0587", "serial_no": 579, "state_serial_no": 64, "station_name": "HAIKAL", "district": "CHITRADURGA", "commenced_on": "2013-10-26", "closed_on": "2016-12-30", "financial_year_commenced": "2013-2014", "financial_year_closed": "2016-2017", "mast_height_m": 100, "elevation_m": 666, "maws": 6.61, "mawpd": 227.87, "pdf_page": 8, "source_table": "Mast", "project_type": null, "is_revision": false, "state": "KARNATAKA", "status": "Closed", "clean_notes": null, "review_required": false, "review_reason": null, "latitude": 14.32325, "longitude": 76.483917}}, {"type": "Feature", "geometry": {"type": "Point", "coordinates": [76.468472, 13.062833]}, "properties": {"id": "S0588", "serial_no": 580, "state_serial_no": 65, "station_name": "DEVALAPURA", "district": "HASSAN", "commenced_on": "2013-10-29", "closed_on": "2016-03-08", "financial_year_commenced": "2013-2014", "financial_year_closed": "2015-2016", "mast_height_m": 100, "elevation_m": 912, "maws": 5.24, "mawpd": 120.44, "pdf_page": 8, "source_table": "Mast", "project_type": null, "is_revision": false, "state": "KARNATAKA", "status": "Closed", "clean_notes": null, "review_required": false, "review_reason": null, "latitude": 13.062833, "longitude": 76.468472}}, {"type": "Feature", "geometry": {"type": "Point", "coordinates": [76.459889, 12.285]}, "properties": {"id": "S0589", "serial_no": 581, "state_serial_no": 66, "station_name": "C.B HALLI", "district": "MYSORE", "commenced_on": "2013-10-30", "closed_on": "2016-04-14", "financial_year_commenced": "2013-2014", "financial_year_closed": "2016-2017", "mast_height_m": 100, "elevation_m": 812, "maws": 5.09, "mawpd": 112.07, "pdf_page": 8, "source_table": "Mast", "project_type": null, "is_revision": false, "state": "KARNATAKA", "status": "Closed", "clean_notes": null, "review_required": false, "review_reason": null, "latitude": 12.285, "longitude": 76.459889}}, {"type": "Feature", "geometry": {"type": "Point", "coordinates": [76.635611, 11.758056]}, "properties": {"id": "S0590", "serial_no": 582, "state_serial_no": 67, "station_name": "HANGALA", "district": "CHAMRAJANAGAR", "commenced_on": "2013-11-12", "closed_on": "2016-01-29", "financial_year_commenced": "2013-2014", "financial_year_closed": "2015-2016", "mast_height_m": 100, "elevation_m": 873, "maws": 5.03, "mawpd": 140.32, "pdf_page": 8, "source_table": "Mast", "project_type": null, "is_revision": false, "state": "KARNATAKA", "status": "Closed", "clean_notes": null, "review_required": false, "review_reason": null, "latitude": 11.758056, "longitude": 76.635611}}, {"type": "Feature", "geometry": {"type": "Point", "coordinates": [75.943889, 13.135611]}, "properties": {"id": "S0591", "serial_no": 583, "state_serial_no": 68, "station_name": "RAMACHANDRAPURA", "district": "HASSAN", "commenced_on": "2013-11-13", "closed_on": "2016-04-16", "financial_year_commenced": "2013-2014", "financial_year_closed": "2016-2017", "mast_height_m": 100, "elevation_m": 1005, "maws": 5.28, "mawpd": 120.79, "pdf_page": 8, "source_table": "Mast", "project_type": null, "is_revision": false, "state": "KARNATAKA", "status": "Closed", "clean_notes": null, "review_required": false, "review_reason": null, "latitude": 13.135611, "longitude": 75.943889}}, {"type": "Feature", "geometry": {"type": "Point", "coordinates": [75.16125, 14.362889]}, "properties": {"id": "S0592", "serial_no": 584, "state_serial_no": 69, "station_name": "MAVALI", "district": "SHIMOGA", "commenced_on": "2013-11-14", "closed_on": "2016-01-11", "financial_year_commenced": "2013-2014", "financial_year_closed": "2015-2016", "mast_height_m": 100, "elevation_m": 630, "maws": 5.25, "mawpd": 126.37, "pdf_page": 8, "source_table": "Mast", "project_type": null, "is_revision": false, "state": "KARNATAKA", "status": "Closed", "clean_notes": null, "review_required": false, "review_reason": null, "latitude": 14.362889, "longitude": 75.16125}}, {"type": "Feature", "geometry": {"type": "Point", "coordinates": [78.187139, 13.391083]}, "properties": {"id": "S0593", "serial_no": 585, "state_serial_no": 70, "station_name": "ARIKUNTE", "district": "KOLAR", "commenced_on": "2013-11-16", "closed_on": "2016-04-21", "financial_year_commenced": "2013-2014", "financial_year_closed": "2016-2017", "mast_height_m": 100, "elevation_m": 848, "maws": 5.67, "mawpd": 145.81, "pdf_page": 8, "source_table": "Mast", "project_type": null, "is_revision": false, "state": "KARNATAKA", "status": "Closed", "clean_notes": null, "review_required": false, "review_reason": null, "latitude": 13.391083, "longitude": 78.187139}}, {"type": "Feature", "geometry": {"type": "Point", "coordinates": [75.971167, 14.614917]}, "properties": {"id": "S0594", "serial_no": 586, "state_serial_no": 71, "station_name": "KANCHIKERE", "district": "DAVANGERE", "commenced_on": "2013-11-20", "closed_on": "2016-12-25", "financial_year_commenced": "2013-2014", "financial_year_closed": "2016-2017", "mast_height_m": 100, "elevation_m": 590, "maws": 5.71, "mawpd": 164.24, "pdf_page": 8, "source_table": "Mast", "project_type": null, "is_revision": false, "state": "KARNATAKA", "status": "Closed", "clean_notes": null, "review_required": false, "review_reason": null, "latitude": 14.614917, "longitude": 75.971167}}, {"type": "Feature", "geometry": {"type": "Point", "coordinates": [77.301, 17.691667]}, "properties": {"id": "S0595", "serial_no": 587, "state_serial_no": 72, "station_name": "NIRANA", "district": "BIDAR", "commenced_on": "2013-12-29", "closed_on": "2016-02-18", "financial_year_commenced": "2013-2014", "financial_year_closed": "2015-2016", "mast_height_m": 100, "elevation_m": 643, "maws": 6.24, "mawpd": 195.83, "pdf_page": 8, "source_table": "Mast", "project_type": null, "is_revision": false, "state": "KARNATAKA", "status": "Closed", "clean_notes": null, "review_required": false, "review_reason": null, "latitude": 17.691667, "longitude": 77.301}}, {"type": "Feature", "geometry": {"type": "Point", "coordinates": [76.280461, 14.127603]}, "properties": {"id": "S0596", "serial_no": 588, "state_serial_no": 73, "station_name": "NULENUR T", "district": "CHITRADURGA", "commenced_on": "2021-03-19", "closed_on": "2023-07-04", "financial_year_commenced": "2020-2021", "financial_year_closed": "2022-2023", "mast_height_m": 100, "elevation_m": 763, "maws": 5.17, "mawpd": 113.69, "pdf_page": 8, "source_table": "Mast", "project_type": null, "is_revision": false, "state": "KARNATAKA", "status": "Closed", "clean_notes": null, "review_required": true, "review_reason": "Closed date 2023-07-04 does not match FY 2022-2023", "latitude": 14.127603, "longitude": 76.280461}}, {"type": "Feature", "geometry": {"type": "Point", "coordinates": [75.144969, 14.987131]}, "properties": {"id": "S0597", "serial_no": 589, "state_serial_no": 74, "station_name": "YETTINAHALLI", "district": "HAVERI", "commenced_on": "2021-03-20", "closed_on": "2023-07-04", "financial_year_commenced": "2020-2021", "financial_year_closed": "2022-2023", "mast_height_m": 100, "elevation_m": 685, "maws": null, "mawpd": null, "pdf_page": 8, "source_table": "Mast", "project_type": null, "is_revision": false, "state": "KARNATAKA", "status": "Closed", "clean_notes": null, "review_required": true, "review_reason": "Closed date 2023-07-04 does not match FY 2022-2023", "latitude": 14.987131, "longitude": 75.144969}}, {"type": "Feature", "geometry": {"type": "Point", "coordinates": [74.967069, 15.523831]}, "properties": {"id": "S0598", "serial_no": 590, "state_serial_no": 75, "station_name": "NARENDRA", "district": "DHARWAD", "commenced_on": "2021-03-21", "closed_on": "2022-08-02", "financial_year_commenced": "2020-2021", "financial_year_closed": "2021-2022", "mast_height_m": 100, "elevation_m": 699, "maws": 5.84, "mawpd": 159.93, "pdf_page": 8, "source_table": "Mast", "project_type": null, "is_revision": false, "state": "KARNATAKA", "status": "Closed", "clean_notes": null, "review_required": true, "review_reason": "Closed date 2022-08-02 does not match FY 2021-2022", "latitude": 15.523831, "longitude": 74.967069}}, {"type": "Feature", "geometry": {"type": "Point", "coordinates": [75.863722, 17.31825]}, "properties": {"id": "S0599", "serial_no": 591, "state_serial_no": 76, "station_name": "HALASANGI", "district": "BIJAPUR", "commenced_on": "2021-03-23", "closed_on": "2022-04-26", "financial_year_commenced": "2020-2021", "financial_year_closed": "2021-2022", "mast_height_m": 100, "elevation_m": 438, "maws": 5.18, "mawpd": 129.87, "pdf_page": 8, "source_table": "Mast", "project_type": null, "is_revision": false, "state": "KARNATAKA", "status": "Closed", "clean_notes": null, "review_required": true, "review_reason": "Closed date 2022-04-26 does not match FY 2021-2022", "latitude": 17.31825, "longitude": 75.863722}}, {"type": "Feature", "geometry": {"type": "Point", "coordinates": [76.860833, 10.780833]}, "properties": {"id": "S0600", "serial_no": 592, "state_serial_no": 1, "station_name": "GOPALAPURAM", "district": "GOPALAPURAM", "commenced_on": "1990-01-05", "closed_on": "1992-09-29", "financial_year_commenced": "1989-1990", "financial_year_closed": "1992-1993", "mast_height_m": 20, "elevation_m": 186, "maws": 3.56, "mawpd": 59.4, "pdf_page": 8, "source_table": "Mast", "project_type": null, "is_revision": false, "state": "KERALA", "status": "Closed", "clean_notes": null, "review_required": false, "review_reason": null, "latitude": 10.780833, "longitude": 76.860833}}, {"type": "Feature", "geometry": {"type": "Point", "coordinates": [76.116667, 10.933333]}, "properties": {"id": "S0601", "serial_no": 593, "state_serial_no": 2, "station_name": "KADAMPUZHA", "district": "MALAPPURAM", "commenced_on": "1999-01-14", "closed_on": "2000-11-11", "financial_year_commenced": "1998-1999", "financial_year_closed": "2000-2001", "mast_height_m": 20, "elevation_m": 129, "maws": 2.69, "mawpd": 28.5, "pdf_page": 8, "source_table": "Mast", "project_type": null, "is_revision": false, "state": "KERALA", "status": "Closed", "clean_notes": "latitude seconds missing in PDF; taken as 0; longitude seconds missing in PDF; taken as 0", "review_required": true, "review_reason": "latitude seconds missing in PDF; taken as 0; longitude seconds missing in PDF; taken as 0", "latitude": 10.933333, "longitude": 76.116667}}, {"type": "Feature", "geometry": {"type": "Point", "coordinates": [77.164722, 9.851389]}, "properties": {"id": "S0602", "serial_no": 594, "state_serial_no": 3, "station_name": "KAILASAMMEDU", "district": "IDUKKI", "commenced_on": "1998-11-12", "closed_on": "2000-11-09", "financial_year_commenced": "1998-1999", "financial_year_closed": "2000-2001", "mast_height_m": 20, "elevation_m": 1160, "maws": 6.3, "mawpd": 251.4, "pdf_page": 8, "source_table": "Mast", "project_type": null, "is_revision": false, "state": "KERALA", "status": "Closed", "clean_notes": null, "review_required": false, "review_reason": null, "latitude": 9.851389, "longitude": 77.164722}}, {"type": "Feature", "geometry": {"type": "Point", "coordinates": [76.7775, 10.787778]}, "properties": {"id": "S0603", "serial_no": 595, "state_serial_no": 4, "station_name": "KANJIKODE", "district": "PALAKKAD", "commenced_on": "1990-01-04", "closed_on": "1995-01-03", "financial_year_commenced": "1989-1990", "financial_year_closed": "1994-1995", "mast_height_m": 20, "elevation_m": 120, "maws": 6.2, "mawpd": 217.9, "pdf_page": 8, "source_table": "Mast", "project_type": null, "is_revision": false, "state": "KERALA", "status": "Closed", "clean_notes": null, "review_required": false, "review_reason": null, "latitude": 10.787778, "longitude": 76.7775}}, {"type": "Feature", "geometry": {"type": "Point", "coordinates": [76.920139, 9.67075]}, "properties": {"id": "S0604", "serial_no": 596, "state_serial_no": 5, "station_name": "KOLAHALAMEDU", "district": "IDUKKI", "commenced_on": "1992-11-25", "closed_on": "1995-12-29", "financial_year_commenced": "1992-1993", "financial_year_closed": "1995-1996", "mast_height_m": 20, "elevation_m": 1060, "maws": 4.69, "mawpd": 146.1, "pdf_page": 8, "source_table": "Mast", "project_type": null, "is_revision": false, "state": "KERALA", "status": "Closed", "clean_notes": null, "review_required": false, "review_reason": null, "latitude": 9.67075, "longitude": 76.920139}}, {"type": "Feature", "geometry": {"type": "Point", "coordinates": [76.593056, 10.787103]}, "properties": {"id": "S0605", "serial_no": 597, "state_serial_no": 6, "station_name": "KOTAMALA", "district": "PALAKKAD", "commenced_on": "1990-09-23", "closed_on": "1994-01-04", "financial_year_commenced": "1990-1991", "financial_year_closed": "1993-1994", "mast_height_m": 20, "elevation_m": 106, "maws": 5.12, "mawpd": 153.8, "pdf_page": 8, "source_table": "Mast", "project_type": null, "is_revision": false, "state": "KERALA", "status": "Closed", "clean_notes": null, "review_required": false, "review_reason": null, "latitude": 10.787103, "longitude": 76.593056}}, {"type": "Feature", "geometry": {"type": "Point", "coordinates": [76.667222, 11.123333]}, "properties": {"id": "S0606", "serial_no": 598, "state_serial_no": 7, "station_name": "KOTTATHARA", "district": "PALAKKAD", "commenced_on": "1990-01-08", "closed_on": "1995-01-02", "financial_year_commenced": "1989-1990", "financial_year_closed": "1994-1995", "mast_height_m": 20, "elevation_m": 529, "maws": 5.39, "mawpd": 207.4, "pdf_page": 8, "source_table": "Mast", "project_type": null, "is_revision": false, "state": "KERALA", "status": "Closed", "clean_notes": null, "review_required": false, "review_reason": null, "latitude": 11.123333, "longitude": 76.667222}}, {"type": "Feature", "geometry": {"type": "Point", "coordinates": [77.171222, 9.745042]}, "properties": {"id": "S0607", "serial_no": 599, "state_serial_no": 8, "station_name": "KULATHUMMEDU", "district": "IDUKKI", "commenced_on": "1998-03-06", "closed_on": "2000-11-07", "financial_year_commenced": "1997-1998", "financial_year_closed": "2000-2001", "mast_height_m": 20, "elevation_m": 1121, "maws": 5.61, "mawpd": 181, "pdf_page": 8, "source_table": "Mast", "project_type": null, "is_revision": false, "state": "KERALA", "status": "Closed", "clean_notes": null, "review_required": false, "review_reason": null, "latitude": 9.745042, "longitude": 77.171222}}, {"type": "Feature", "geometry": {"type": "Point", "coordinates": [77.211917, 10.150044]}, "properties": {"id": "S0608", "serial_no": 600, "state_serial_no": 9, "station_name": "KUNDALY", "district": "IDUKKI", "commenced_on": "1990-09-21", "closed_on": "1992-09-26", "financial_year_commenced": "1990-1991", "financial_year_closed": "1992-1993", "mast_height_m": 20, "elevation_m": 1800, "maws": 2.53, "mawpd": 41.9, "pdf_page": 8, "source_table": "Mast", "project_type": null, "is_revision": false, "state": "KERALA", "status": "Closed", "clean_notes": null, "review_required": false, "review_reason": null, "latitude": 10.150044, "longitude": 77.211917}}, {"type": "Feature", "geometry": {"type": "Point", "coordinates": [76.971389, 9.598333]}, "properties": {"id": "S0609", "serial_no": 601, "state_serial_no": 10, "station_name": "KUTTIKANAM", "district": "IDUKKI", "commenced_on": "1994-05-06", "closed_on": "1998-01-07", "financial_year_commenced": "1994-1995", "financial_year_closed": "1997-1998", "mast_height_m": 20, "elevation_m": 1065, "maws": 4.51, "mawpd": 139.7, "pdf_page": 8, "source_table": "Mast", "project_type": null, "is_revision": false, "state": "KERALA", "status": "Closed", "clean_notes": null, "review_required": false, "review_reason": null, "latitude": 9.598333, "longitude": 76.971389}}, {"type": "Feature", "geometry": {"type": "Point", "coordinates": [76.714444, 11.0825]}, "properties": {"id": "S0610", "serial_no": 602, "state_serial_no": 11, "station_name": "NALLASINGAM", "district": "PALAKKAD", "commenced_on": "1999-01-13", "closed_on": "2001-07-16", "financial_year_commenced": "1998-1999", "financial_year_closed": "2001-2002", "mast_height_m": 20, "elevation_m": 840, "maws": 6.36, "mawpd": 323.9, "pdf_page": 8, "source_table": "Mast", "project_type": null, "is_revision": false, "state": "KERALA", "status": "Closed", "clean_notes": null, "review_required": false, "review_reason": null, "latitude": 11.0825, "longitude": 76.714444}}, {"type": "Feature", "geometry": {"type": "Point", "coordinates": [76.537778, 8.938333]}, "properties": {"id": "S0611", "serial_no": 603, "state_serial_no": 12, "station_name": "NEENDAKARA", "district": "KOLLAM", "commenced_on": "2004-05-28", "closed_on": "2005-11-05", "financial_year_commenced": "2004-2005", "financial_year_closed": "2005-2006", "mast_height_m": 20, "elevation_m": 5, "maws": 3.83, "mawpd": 63, "pdf_page": 8, "source_table": "Mast", "project_type": "Other project", "is_revision": false, "state": "KERALA", "status": "Closed", "clean_notes": null, "review_required": false, "review_reason": null, "latitude": 8.938333, "longitude": 76.537778}}, {"type": "Feature", "geometry": {"type": "Point", "coordinates": [76.866667, 10.766667]}, "properties": {"id": "S0612", "serial_no": 604, "state_serial_no": 13, "station_name": "OZHALAPATHY", "district": "PALAKKAD", "commenced_on": "1999-01-12", "closed_on": "2000-11-13", "financial_year_commenced": "1998-1999", "financial_year_closed": "2000-2001", "mast_height_m": 20, "elevation_m": 220, "maws": 4.83, "mawpd": 110.5, "pdf_page": 8, "source_table": "Mast", "project_type": null, "is_revision": false, "state": "KERALA", "status": "Closed", "clean_notes": null, "review_required": false, "review_reason": null, "latitude": 10.766667, "longitude": 76.866667}}, {"type": "Feature", "geometry": {"type": "Point", "coordinates": [76.973333, 9.526944]}, "properties": {"id": "S0613", "serial_no": 605, "state_serial_no": 14, "station_name": "PANCHALIMEDU", "district": "IDUKKI", "commenced_on": "1992-11-23", "closed_on": "1997-09-03", "financial_year_commenced": "1992-1993", "financial_year_closed": "1997-1998", "mast_height_m": 20, "elevation_m": 973, "maws": 5.56, "mawpd": 257.8, "pdf_page": 8, "source_table": "Mast", "project_type": null, "is_revision": false, "state": "KERALA", "status": "Closed", "clean_notes": null, "review_required": false, "review_reason": null, "latitude": 9.526944, "longitude": 76.973333}}, {"type": "Feature", "geometry": {"type": "Point", "coordinates": [77.218889, 9.891389]}, "properties": {"id": "S0614", "serial_no": 606, "state_serial_no": 15, "station_name": "PARAMPUKETTIMEDU", "district": "IDUKKI", "commenced_on": "1998-03-07", "closed_on": "2000-11-08", "financial_year_commenced": "1997-1998", "financial_year_closed": "2000-2001", "mast_height_m": 20, "elevation_m": 1128, "maws": 7.58, "mawpd": 470, "pdf_page": 8, "source_table": "Mast", "project_type": null, "is_revision": false, "state": "KERALA", "status": "Closed", "clean_notes": null, "review_required": false, "review_reason": null, "latitude": 9.891389, "longitude": 77.218889}}, {"type": "Feature", "geometry": {"type": "Point", "coordinates": [75.022222, 12.672778]}, "properties": {"id": "S0615", "serial_no": 607, "state_serial_no": 16, "station_name": "PASAVADIGUMBA", "district": "KASARGODE", "commenced_on": "2004-04-28", "closed_on": "2006-06-28", "financial_year_commenced": "2004-2005", "financial_year_closed": "2006-2007", "mast_height_m": 50, "elevation_m": 315, "maws": 5.18, "mawpd": 175, "pdf_page": 8, "source_table": "Mast", "project_type": null, "is_revision": false, "state": "KERALA", "status": "Closed", "clean_notes": null, "review_required": false, "review_reason": null, "latitude": 12.672778, "longitude": 75.022222}}, {"type": "Feature", "geometry": {"type": "Point", "coordinates": [77.114167, 8.764722]}, "properties": {"id": "S0616", "serial_no": 608, "state_serial_no": 17, "station_name": "PONMUDI", "district": "TIRUVANANTHAPURAM", "commenced_on": "1990-09-19", "closed_on": "1995-10-29", "financial_year_commenced": "1990-1991", "financial_year_closed": "1995-1996", "mast_height_m": 20, "elevation_m": 995, "maws": 5.1, "mawpd": 216, "pdf_page": 8, "source_table": "Mast", "project_type": null, "is_revision": false, "state": "KERALA", "status": "Closed", "clean_notes": null, "review_required": false, "review_reason": null, "latitude": 8.764722, "longitude": 77.114167}}, {"type": "Feature", "geometry": {"type": "Point", "coordinates": [76.868019, 9.73495]}, "properties": {"id": "S0617", "serial_no": 609, "state_serial_no": 18, "station_name": "PULLIKANAM", "district": "IDUKKI", "commenced_on": "1991-08-06", "closed_on": "1994-09-08", "financial_year_commenced": "1991-1992", "financial_year_closed": "1994-1995", "mast_height_m": 20, "elevation_m": 960, "maws": 5.06, "mawpd": 177.6, "pdf_page": 8, "source_table": "Mast", "project_type": null, "is_revision": false, "state": "KERALA", "status": "Closed", "clean_notes": null, "review_required": false, "review_reason": null, "latitude": 9.73495, "longitude": 76.868019}}, {"type": "Feature", "geometry": {"type": "Point", "coordinates": [77.064722, 9.843056]}, "properties": {"id": "S0618", "serial_no": 610, "state_serial_no": 19, "station_name": "PUSHPAGIRI", "district": "IDUKKI", "commenced_on": "2004-08-31", "closed_on": "2006-10-12", "financial_year_commenced": "2004-2005", "financial_year_closed": "2006-2007", "mast_height_m": 50, "elevation_m": 1085, "maws": 6.02, "mawpd": 223, "pdf_page": 8, "source_table": "Mast", "project_type": null, "is_revision": false, "state": "KERALA", "status": "Closed", "clean_notes": null, "review_required": false, "review_reason": null, "latitude": 9.843056, "longitude": 77.064722}}, {"type": "Feature", "geometry": {"type": "Point", "coordinates": [77.245556, 9.809167]}, "properties": {"id": "S0619", "serial_no": 611, "state_serial_no": 20, "station_name": "RAMAKALMEDU", "district": "IDUKKI", "commenced_on": "1991-08-07", "closed_on": "1998-03-05", "financial_year_commenced": "1991-1992", "financial_year_closed": "1997-1998", "mast_height_m": 20, "elevation_m": 997, "maws": 8.42, "mawpd": 532.2, "pdf_page": 8, "source_table": "Mast", "project_type": null, "is_revision": false, "state": "KERALA", "status": "Closed", "clean_notes": null, "review_required": false, "review_reason": null, "latitude": 9.809167, "longitude": 77.245556}}, {"type": "Feature", "geometry": {"type": "Point", "coordinates": [77.211667, 9.873889]}, "properties": {"id": "S0620", "serial_no": 612, "state_serial_no": 21, "station_name": "SAKKULATHUMEDU", "district": "IDUKKI", "commenced_on": "1998-11-11", "closed_on": "2000-08-30", "financial_year_commenced": "1998-1999", "financial_year_closed": "2000-2001", "mast_height_m": 20, "elevation_m": 1127, "maws": 8.12, "mawpd": 531, "pdf_page": 8, "source_table": "Mast", "project_type": null, "is_revision": false, "state": "KERALA", "status": "Closed", "clean_notes": null, "review_required": false, "review_reason": null, "latitude": 9.873889, "longitude": 77.211667}}, {"type": "Feature", "geometry": {"type": "Point", "coordinates": [77.173056, 9.945278]}, "properties": {"id": "S0621", "serial_no": 613, "state_serial_no": 22, "station_name": "SENAPATHI", "district": "IDUKKI", "commenced_on": "1998-03-08", "closed_on": "2000-11-09", "financial_year_commenced": "1997-1998", "financial_year_closed": "2000-2001", "mast_height_m": 20, "elevation_m": 1212, "maws": 5.39, "mawpd": 189.2, "pdf_page": 8, "source_table": "Mast", "project_type": null, "is_revision": false, "state": "KERALA", "status": "Closed", "clean_notes": null, "review_required": false, "review_reason": null, "latitude": 9.945278, "longitude": 77.173056}}, {"type": "Feature", "geometry": {"type": "Point", "coordinates": [76.498889, 10.717222]}, "properties": {"id": "S0622", "serial_no": 614, "state_serial_no": 23, "station_name": "TOLANUR", "district": "PALAKKAD", "commenced_on": "1990-09-22", "closed_on": "1993-11-04", "financial_year_commenced": "1990-1991", "financial_year_closed": "1993-1994", "mast_height_m": 20, "elevation_m": 114, "maws": 4.41, "mawpd": 115.2, "pdf_page": 8, "source_table": "Mast", "project_type": null, "is_revision": false, "state": "KERALA", "status": "Closed", "clean_notes": null, "review_required": false, "review_reason": null, "latitude": 10.717222, "longitude": 76.498889}}, {"type": "Feature", "geometry": {"type": "Point", "coordinates": [76.954583, 9.680583]}, "properties": {"id": "S0623", "serial_no": 615, "state_serial_no": 24, "station_name": "VEDIKUZHI", "district": "IDUKKI", "commenced_on": "1994-03-05", "closed_on": "1997-04-29", "financial_year_commenced": "1993-1994", "financial_year_closed": "1997-1998", "mast_height_m": 20, "elevation_m": 1020, "maws": 4.5, "mawpd": 139.7, "pdf_page": 8, "source_table": "Mast", "project_type": null, "is_revision": false, "state": "KERALA", "status": "Closed", "clean_notes": null, "review_required": false, "review_reason": null, "latitude": 9.680583, "longitude": 76.954583}}, {"type": "Feature", "geometry": {"type": "Point", "coordinates": [76.991111, 8.375278]}, "properties": {"id": "S0624", "serial_no": 616, "state_serial_no": 25, "station_name": "VIZHINJAM", "district": "TIRUVANANTHAPURAM", "commenced_on": "2004-05-27", "closed_on": "2005-06-13", "financial_year_commenced": "2004-2005", "financial_year_closed": "2005-2006", "mast_height_m": 25, "elevation_m": 13, "maws": 3.59, "mawpd": 50, "pdf_page": 8, "source_table": "Mast", "project_type": "Other project", "is_revision": false, "state": "KERALA", "status": "Closed", "clean_notes": null, "review_required": false, "review_reason": null, "latitude": 8.375278, "longitude": 76.991111}}, {"type": "Feature", "geometry": {"type": "Point", "coordinates": [76.729722, 10.803056]}, "properties": {"id": "S0625", "serial_no": 617, "state_serial_no": 26, "station_name": "CHADAYANGULAY", "district": "PALAKKAD", "commenced_on": "2007-11-16", "closed_on": "2009-12-30", "financial_year_commenced": "2007-2008", "financial_year_closed": "2009-2010", "mast_height_m": 50, "elevation_m": 121, "maws": 5.56, "mawpd": 156, "pdf_page": 8, "source_table": "Mast", "project_type": null, "is_revision": false, "state": "KERALA", "status": "Closed", "clean_notes": null, "review_required": false, "review_reason": null, "latitude": 10.803056, "longitude": 76.729722}}, {"type": "Feature", "geometry": {"type": "Point", "coordinates": [75.969167, 11.838611]}, "properties": {"id": "S0626", "serial_no": 618, "state_serial_no": 27, "station_name": "TALAPOYA", "district": "WAYANAD", "commenced_on": "2007-11-20", "closed_on": "2009-11-09", "financial_year_commenced": "2007-2008", "financial_year_closed": "2009-2010", "mast_height_m": 50, "elevation_m": 795, "maws": 4.28, "mawpd": 87, "pdf_page": 8, "source_table": "Mast", "project_type": null, "is_revision": false, "state": "KERALA", "status": "Closed", "clean_notes": null, "review_required": false, "review_reason": null, "latitude": 11.838611, "longitude": 75.969167}}, {"type": "Feature", "geometry": {"type": "Point", "coordinates": [76.775, 10.787583]}, "properties": {"id": "S0627", "serial_no": 619, "state_serial_no": 28, "station_name": "PUTHUPALLY / KANJIKODE", "district": "PALAKKAD", "commenced_on": "2012-02-23", "closed_on": "2014-09-18", "financial_year_commenced": "2011-2012", "financial_year_closed": "2014-2015", "mast_height_m": 80, "elevation_m": 139, "maws": 6.94, "mawpd": 258.52, "pdf_page": 8, "source_table": "Mast", "project_type": null, "is_revision": false, "state": "KERALA", "status": "Closed", "clean_notes": null, "review_required": false, "review_reason": null, "latitude": 10.787583, "longitude": 76.775}}, {"type": "Feature", "geometry": {"type": "Point", "coordinates": [77.043722, 9.543917]}, "properties": {"id": "S0628", "serial_no": 620, "state_serial_no": 29, "station_name": "VANDIPERIYAR", "district": "IDUKKI", "commenced_on": "2012-02-25", "closed_on": "2014-09-18", "financial_year_commenced": "2011-2012", "financial_year_closed": "2014-2015", "mast_height_m": 80, "elevation_m": 1097, "maws": 5.38, "mawpd": 175.26, "pdf_page": 8, "source_table": "Mast", "project_type": null, "is_revision": false, "state": "KERALA", "status": "Closed", "clean_notes": null, "review_required": false, "review_reason": null, "latitude": 9.543917, "longitude": 77.043722}}, {"type": "Feature", "geometry": {"type": "Point", "coordinates": [76.798322, 10.62605]}, "properties": {"id": "S0629", "serial_no": 621, "state_serial_no": 30, "station_name": "MEENAKARA DAM", "district": "PALAKKAD", "commenced_on": "2018-11-17", "closed_on": "2020-12-14", "financial_year_commenced": "2018-2019", "financial_year_closed": "2020-2021", "mast_height_m": 100, "elevation_m": 175, "maws": 6.38, "mawpd": 225.39, "pdf_page": 9, "source_table": "Mast", "project_type": null, "is_revision": false, "state": "KERALA", "status": "Closed", "clean_notes": null, "review_required": false, "review_reason": null, "latitude": 10.62605, "longitude": 76.798322}}, {"type": "Feature", "geometry": {"type": "Point", "coordinates": [75.116861, 12.409611]}, "properties": {"id": "S0630", "serial_no": 622, "state_serial_no": 31, "station_name": "KAP 4th BATTALIYAN", "district": "KASARGODE", "commenced_on": "2018-11-29", "closed_on": "2020-12-14", "financial_year_commenced": "2018-2019", "financial_year_closed": "2020-2021", "mast_height_m": 100, "elevation_m": 115, "maws": 4.15, "mawpd": 61.21, "pdf_page": 9, "source_table": "Mast", "project_type": null, "is_revision": false, "state": "KERALA", "status": "Closed", "clean_notes": null, "review_required": false, "review_reason": null, "latitude": 12.409611, "longitude": 75.116861}}, {"type": "Feature", "geometry": {"type": "Point", "coordinates": [83.330556, 22.831111]}, "properties": {"id": "S0631", "serial_no": 623, "state_serial_no": 1, "station_name": "KAMLESHWARPUR", "district": "JASHPUR", "commenced_on": "1996-06-23", "closed_on": "1997-08-29", "financial_year_commenced": "1996-1997", "financial_year_closed": "1997-1998", "mast_height_m": 25, "elevation_m": 1097, "maws": 3.69, "mawpd": 46, "pdf_page": 9, "source_table": "Mast", "project_type": null, "is_revision": false, "state": "CHATTISGARH", "status": "Closed", "clean_notes": null, "review_required": false, "review_reason": null, "latitude": 22.831111, "longitude": 83.330556}}, {"type": "Feature", "geometry": {"type": "Point", "coordinates": [81.217428, 18.700817]}, "properties": {"id": "S0632", "serial_no": 624, "state_serial_no": 2, "station_name": "BAILADILA HILLS", "district": "DANTEWADA", "commenced_on": "2004-05-30", "closed_on": "2006-09-24", "financial_year_commenced": "2004-2005", "financial_year_closed": "2006-2007", "mast_height_m": 50, "elevation_m": 1117, "maws": 4.3, "mawpd": 120, "pdf_page": 9, "source_table": "Mast", "project_type": null, "is_revision": false, "state": "CHATTISGARH", "status": "Closed", "clean_notes": null, "review_required": false, "review_reason": null, "latitude": 18.700817, "longitude": 81.217428}}, {"type": "Feature", "geometry": {"type": "Point", "coordinates": [83.631111, 23.067778]}, "properties": {"id": "S0633", "serial_no": 625, "state_serial_no": 3, "station_name": "RAUNI", "district": "JASHPUR", "commenced_on": "2004-04-25", "closed_on": "2006-04-05", "financial_year_commenced": "2004-2005", "financial_year_closed": "2006-2007", "mast_height_m": 50, "elevation_m": 1109, "maws": 4.8, "mawpd": 89.5, "pdf_page": 9, "source_table": "Mast", "project_type": null, "is_revision": false, "state": "CHATTISGARH", "status": "Closed", "clean_notes": null, "review_required": false, "review_reason": null, "latitude": 23.067778, "longitude": 83.631111}}, {"type": "Feature", "geometry": {"type": "Point", "coordinates": [81.770833, 22.726667]}, "properties": {"id": "S0634", "serial_no": 626, "state_serial_no": 4, "station_name": "RAJMERGARH", "district": "BILASPUR", "commenced_on": "2008-05-19", "closed_on": "2010-06-30", "financial_year_commenced": "2008-2009", "financial_year_closed": "2010-2011", "mast_height_m": 50, "elevation_m": 1120, "maws": 5.75, "mawpd": 167.95, "pdf_page": 9, "source_table": "Mast", "project_type": null, "is_revision": false, "state": "CHATTISGARH", "status": "Closed", "clean_notes": null, "review_required": false, "review_reason": null, "latitude": 22.726667, "longitude": 81.770833}}, {"type": "Feature", "geometry": {"type": "Point", "coordinates": [82.404306, 21.047583]}, "properties": {"id": "S0635", "serial_no": 627, "state_serial_no": 5, "station_name": "BAGBAHAR", "district": "MAHASAMUND", "commenced_on": "2009-02-27", "closed_on": "2011-03-26", "financial_year_commenced": "2008-2009", "financial_year_closed": "2010-2011", "mast_height_m": 50, "elevation_m": 360, "maws": 3.68, "mawpd": 54.9, "pdf_page": 9, "source_table": "Mast", "project_type": null, "is_revision": false, "state": "CHATTISGARH", "status": "Closed", "clean_notes": null, "review_required": false, "review_reason": null, "latitude": 21.047583, "longitude": 82.404306}}, {"type": "Feature", "geometry": {"type": "Point", "coordinates": [83.553944, 22.501167]}, "properties": {"id": "S0636", "serial_no": 628, "state_serial_no": 6, "station_name": "GHATGAON", "district": "RAJGARH", "commenced_on": "2009-03-09", "closed_on": "2011-06-30", "financial_year_commenced": "2008-2009", "financial_year_closed": "2011-2012", "mast_height_m": 50, "elevation_m": 605, "maws": 3.61, "mawpd": 42.11, "pdf_page": 9, "source_table": "Mast", "project_type": null, "is_revision": false, "state": "CHATTISGARH", "status": "Closed", "clean_notes": null, "review_required": false, "review_reason": null, "latitude": 22.501167, "longitude": 83.553944}}, {"type": "Feature", "geometry": {"type": "Point", "coordinates": [83.689722, 23.128333]}, "properties": {"id": "S0637", "serial_no": 629, "state_serial_no": 7, "station_name": "NAWAPARA", "district": "JASHPUR", "commenced_on": "2009-10-04", "closed_on": "2011-10-30", "financial_year_commenced": "2009-2010", "financial_year_closed": "2011-2012", "mast_height_m": 50, "elevation_m": 1095, "maws": 4.26, "mawpd": 62, "pdf_page": 9, "source_table": "Mast", "project_type": null, "is_revision": false, "state": "CHATTISGARH", "status": "Closed", "clean_notes": null, "review_required": false, "review_reason": null, "latitude": 23.128333, "longitude": 83.689722}}, {"type": "Feature", "geometry": {"type": "Point", "coordinates": [81.759939, 18.923606]}, "properties": {"id": "S0638", "serial_no": 630, "state_serial_no": 8, "station_name": "RAIKOT", "district": "BASTAR", "commenced_on": "2015-01-05", "closed_on": "2016-11-24", "financial_year_commenced": "2014-2015", "financial_year_closed": "2016-2017", "mast_height_m": 100, "elevation_m": 684, "maws": 3.88, "mawpd": 65, "pdf_page": 9, "source_table": "Mast", "project_type": null, "is_revision": false, "state": "CHATTISGARH", "status": "Closed", "clean_notes": null, "review_required": false, "review_reason": null, "latitude": 18.923606, "longitude": 81.759939}}, {"type": "Feature", "geometry": {"type": "Point", "coordinates": [81.50925, 20.045]}, "properties": {"id": "S0639", "serial_no": 631, "state_serial_no": 9, "station_name": "BURGUM", "district": "BASTAR", "commenced_on": "2015-01-06", "closed_on": "2016-11-24", "financial_year_commenced": "2014-2015", "financial_year_closed": "2016-2017", "mast_height_m": 100, "elevation_m": 809, "maws": 3.53, "mawpd": 47, "pdf_page": 9, "source_table": "Mast", "project_type": null, "is_revision": false, "state": "CHATTISGARH", "status": "Closed", "clean_notes": null, "review_required": false, "review_reason": null, "latitude": 20.045, "longitude": 81.50925}}, {"type": "Feature", "geometry": {"type": "Point", "coordinates": [82.257597, 20.294683]}, "properties": {"id": "S0640", "serial_no": 632, "state_serial_no": 10, "station_name": "GAURGHAT", "district": "GARIYABAND", "commenced_on": "2015-01-08", "closed_on": "2016-11-24", "financial_year_commenced": "2014-2015", "financial_year_closed": "2016-2017", "mast_height_m": 100, "elevation_m": 493, "maws": 2.63, "mawpd": 32.08, "pdf_page": 9, "source_table": "Mast", "project_type": null, "is_revision": false, "state": "CHATTISGARH", "status": "Closed", "clean_notes": null, "review_required": false, "review_reason": null, "latitude": 20.294683, "longitude": 82.257597}}, {"type": "Feature", "geometry": {"type": "Point", "coordinates": [81.136472, 22.440778]}, "properties": {"id": "S0641", "serial_no": 633, "state_serial_no": 11, "station_name": "BANGAURA", "district": "KABIRDHAM", "commenced_on": "2015-01-09", "closed_on": "2016-11-24", "financial_year_commenced": "2014-2015", "financial_year_closed": "2016-2017", "mast_height_m": 100, "elevation_m": 934, "maws": 5.04, "mawpd": 113.13, "pdf_page": 9, "source_table": "Mast", "project_type": null, "is_revision": false, "state": "CHATTISGARH", "status": "Closed", "clean_notes": null, "review_required": false, "review_reason": null, "latitude": 22.440778, "longitude": 81.136472}}, {"type": "Feature", "geometry": {"type": "Point", "coordinates": [83.137639, 21.266611]}, "properties": {"id": "S0642", "serial_no": 634, "state_serial_no": 12, "station_name": "MANPALI", "district": "MAHASAMUND", "commenced_on": "2017-05-05", "closed_on": "2019-12-31", "financial_year_commenced": "2017-2018", "financial_year_closed": "2019-2020", "mast_height_m": 100, "elevation_m": 253, "maws": 3.38, "mawpd": 58.45, "pdf_page": 9, "source_table": "Mast", "project_type": null, "is_revision": false, "state": "CHATTISGARH", "status": "Closed", "clean_notes": null, "review_required": false, "review_reason": null, "latitude": 21.266611, "longitude": 83.137639}}, {"type": "Feature", "geometry": {"type": "Point", "coordinates": [81.079711, 22.184803]}, "properties": {"id": "S0643", "serial_no": 635, "state_serial_no": 13, "station_name": "SARODADADAR", "district": "KABIRDHAM", "commenced_on": "2017-07-13", "closed_on": "2019-06-30", "financial_year_commenced": "2017-2018", "financial_year_closed": "2019-2020", "mast_height_m": 100, "elevation_m": 859, "maws": 5.66, "mawpd": 204.58, "pdf_page": 9, "source_table": "Mast", "project_type": null, "is_revision": false, "state": "CHATTISGARH", "status": "Closed", "clean_notes": null, "review_required": false, "review_reason": null, "latitude": 22.184803, "longitude": 81.079711}}, {"type": "Feature", "geometry": {"type": "Point", "coordinates": [82.283214, 22.446047]}, "properties": {"id": "S0644", "serial_no": 636, "state_serial_no": 14, "station_name": "LAPHA", "district": "KORBA", "commenced_on": "2017-07-14", "closed_on": "2019-06-30", "financial_year_commenced": "2017-2018", "financial_year_closed": "2019-2020", "mast_height_m": 100, "elevation_m": 347, "maws": 2.62, "mawpd": 37.95, "pdf_page": 9, "source_table": "Mast", "project_type": null, "is_revision": false, "state": "CHATTISGARH", "status": "Closed", "clean_notes": null, "review_required": false, "review_reason": null, "latitude": 22.446047, "longitude": 82.283214}}, {"type": "Feature", "geometry": {"type": "Point", "coordinates": [83.266064, 22.797386]}, "properties": {"id": "S0645", "serial_no": 637, "state_serial_no": 15, "station_name": "PATHRAI", "district": "SURAJPUR", "commenced_on": "2017-07-15", "closed_on": "2019-06-30", "financial_year_commenced": "2017-2018", "financial_year_closed": "2019-2020", "mast_height_m": 100, "elevation_m": 1093, "maws": 5.28, "mawpd": 139.12, "pdf_page": 9, "source_table": "Mast", "project_type": null, "is_revision": false, "state": "CHATTISGARH", "status": "Closed", "clean_notes": null, "review_required": false, "review_reason": null, "latitude": 22.797386, "longitude": 83.266064}}, {"type": "Feature", "geometry": {"type": "Point", "coordinates": [83.987364, 23.529031]}, "properties": {"id": "S0646", "serial_no": 638, "state_serial_no": 16, "station_name": "SABAG", "district": "BALRAMPUR", "commenced_on": "2017-07-18", "closed_on": "2021-01-12", "financial_year_commenced": "2017-2018", "financial_year_closed": "2020-2021", "mast_height_m": 100, "elevation_m": 1165, "maws": null, "mawpd": null, "pdf_page": 9, "source_table": "Mast", "project_type": null, "is_revision": false, "state": "CHATTISGARH", "status": "Closed", "clean_notes": null, "review_required": false, "review_reason": null, "latitude": 23.529031, "longitude": 83.987364}}, {"type": "Feature", "geometry": {"type": "Point", "coordinates": [81.395239, 20.181339]}, "properties": {"id": "S0647", "serial_no": 639, "state_serial_no": 17, "station_name": "KALMUCHE", "district": "KANKER", "commenced_on": "2017-07-19", "closed_on": "2019-12-31", "financial_year_commenced": "2017-2018", "financial_year_closed": "2019-2020", "mast_height_m": 100, "elevation_m": 751, "maws": 5.1, "mawpd": 127.4, "pdf_page": 9, "source_table": "Mast", "project_type": null, "is_revision": false, "state": "CHATTISGARH", "status": "Closed", "clean_notes": null, "review_required": false, "review_reason": null, "latitude": 20.181339, "longitude": 81.395239}}, {"type": "Feature", "geometry": {"type": "Point", "coordinates": [81.615856, 19.133228]}, "properties": {"id": "S0648", "serial_no": 640, "state_serial_no": 18, "station_name": "KASTURPAL", "district": "BASTAR", "commenced_on": "2017-07-21", "closed_on": "2019-06-30", "financial_year_commenced": "2017-2018", "financial_year_closed": "2019-2020", "mast_height_m": 100, "elevation_m": 694, "maws": 4.99, "mawpd": 110.05, "pdf_page": 9, "source_table": "Mast", "project_type": null, "is_revision": false, "state": "CHATTISGARH", "status": "Closed", "clean_notes": null, "review_required": false, "review_reason": null, "latitude": 19.133228, "longitude": 81.615856}}, {"type": "Feature", "geometry": {"type": "Point", "coordinates": [83.543467, 23.060197]}, "properties": {"id": "S0649", "serial_no": 641, "state_serial_no": 19, "station_name": "KAILASHGUFA", "district": "JASHPUR", "commenced_on": "2017-12-04", "closed_on": "2021-01-12", "financial_year_commenced": "2017-2018", "financial_year_closed": "2020-2021", "mast_height_m": 100, "elevation_m": 1114, "maws": null, "mawpd": null, "pdf_page": 9, "source_table": "Mast", "project_type": null, "is_revision": false, "state": "CHATTISGARH", "status": "Closed", "clean_notes": null, "review_required": false, "review_reason": null, "latitude": 23.060197, "longitude": 83.543467}}, {"type": "Feature", "geometry": {"type": "Point", "coordinates": [82.344417, 20.400133]}, "properties": {"id": "S0650", "serial_no": 642, "state_serial_no": 20, "station_name": "AMLOR", "district": "GARIABAND", "commenced_on": "2017-12-06", "closed_on": "2019-06-30", "financial_year_commenced": "2017-2018", "financial_year_closed": "2019-2020", "mast_height_m": 100, "elevation_m": 728, "maws": 4.13, "mawpd": 83.34, "pdf_page": 9, "source_table": "Mast", "project_type": null, "is_revision": false, "state": "CHATTISGARH", "status": "Closed", "clean_notes": null, "review_required": false, "review_reason": null, "latitude": 20.400133, "longitude": 82.344417}}, {"type": "Feature", "geometry": {"type": "Point", "coordinates": [83.659669, 23.3997]}, "properties": {"id": "S0651", "serial_no": 643, "state_serial_no": 21, "station_name": "JOKAPATH", "district": "BALRAMPUR", "commenced_on": "2017-12-17", "closed_on": "2019-06-30", "financial_year_commenced": "2017-2018", "financial_year_closed": "2019-2020", "mast_height_m": 100, "elevation_m": 1169, "maws": 5.41, "mawpd": 132.38, "pdf_page": 9, "source_table": "Mast", "project_type": null, "is_revision": false, "state": "CHATTISGARH", "status": "Closed", "clean_notes": null, "review_required": false, "review_reason": null, "latitude": 23.3997, "longitude": 83.659669}}, {"type": "Feature", "geometry": {"type": "Point", "coordinates": [75.531111, 23.744389]}, "properties": {"id": "S0652", "serial_no": 644, "state_serial_no": 1, "station_name": "ALOT", "district": "RATLAM", "commenced_on": "1999-06-07", "closed_on": "2000-11-22", "financial_year_commenced": "1999-2000", "financial_year_closed": "2000-2001", "mast_height_m": 25, "elevation_m": 477, "maws": 4.63, "mawpd": 96.2, "pdf_page": 9, "source_table": "Mast", "project_type": null, "is_revision": false, "state": "MADHYA PRADESH", "status": "Closed", "clean_notes": null, "review_required": false, "review_reason": null, "latitude": 23.744389, "longitude": 75.531111}}, {"type": "Feature", "geometry": {"type": "Point", "coordinates": [75.824889, 23.391806]}, "properties": {"id": "S0653", "serial_no": 645, "state_serial_no": 2, "station_name": "BARKHERI BAZAR", "district": "UJJAIN", "commenced_on": "2001-12-28", "closed_on": "2003-02-21", "financial_year_commenced": "2001-2002", "financial_year_closed": "2002-2003", "mast_height_m": 25, "elevation_m": 520, "maws": 5.11, "mawpd": 110, "pdf_page": 9, "source_table": "Mast", "project_type": null, "is_revision": false, "state": "MADHYA PRADESH", "status": "Closed", "clean_notes": null, "review_required": false, "review_reason": null, "latitude": 23.391806, "longitude": 75.824889}}, {"type": "Feature", "geometry": {"type": "Point", "coordinates": [75.845833, 22.828333]}, "properties": {"id": "S0654", "serial_no": 646, "state_serial_no": 3, "station_name": "BAROLI", "district": "INDORE", "commenced_on": "1996-04-19", "closed_on": "1997-08-21", "financial_year_commenced": "1996-1997", "financial_year_closed": "1997-1998", "mast_height_m": 20, "elevation_m": 570, "maws": 4.47, "mawpd": 102.9, "pdf_page": 9, "source_table": "Mast", "project_type": null, "is_revision": false, "state": "MADHYA PRADESH", "status": "Closed", "clean_notes": null, "review_required": false, "review_reason": null, "latitude": 22.828333, "longitude": 75.845833}}, {"type": "Feature", "geometry": {"type": "Point", "coordinates": [75.652861, 22.680222]}, "properties": {"id": "S0655", "serial_no": 647, "state_serial_no": 4, "station_name": "BETMA", "district": "INDORE", "commenced_on": "1992-03-11", "closed_on": "1993-12-22", "financial_year_commenced": "1991-1992", "financial_year_closed": "1993-1994", "mast_height_m": 20, "elevation_m": 572, "maws": 4.18, "mawpd": 78.6, "pdf_page": 9, "source_table": "Mast", "project_type": null, "is_revision": false, "state": "MADHYA PRADESH", "status": "Closed", "clean_notes": null, "review_required": false, "review_reason": null, "latitude": 22.680222, "longitude": 75.652861}}, {"type": "Feature", "geometry": {"type": "Point", "coordinates": [74.959389, 23.473389]}, "properties": {"id": "S0656", "serial_no": 648, "state_serial_no": 5, "station_name": "BODHINA", "district": "RATLAM", "commenced_on": "2001-01-22", "closed_on": "2002-10-05", "financial_year_commenced": "2000-2001", "financial_year_closed": "2002-2003", "mast_height_m": 25, "elevation_m": 540, "maws": 5.14, "mawpd": 131, "pdf_page": 9, "source_table": "Mast", "project_type": null, "is_revision": false, "state": "MADHYA PRADESH", "status": "Closed", "clean_notes": null, "review_required": false, "review_reason": null, "latitude": 23.473389, "longitude": 74.959389}}, {"type": "Feature", "geometry": {"type": "Point", "coordinates": [75.084861, 23.567917]}, "properties": {"id": "S0657", "serial_no": 649, "state_serial_no": 6, "station_name": "CHORASIA BADAILA", "district": "RATLAM", "commenced_on": "1998-12-10", "closed_on": "2000-09-19", "financial_year_commenced": "1998-1999", "financial_year_closed": "2000-2001", "mast_height_m": 20, "elevation_m": 521, "maws": 4.95, "mawpd": 121.2, "pdf_page": 9, "source_table": "Mast", "project_type": null, "is_revision": false, "state": "MADHYA PRADESH", "status": "Closed", "clean_notes": null, "review_required": false, "review_reason": null, "latitude": 23.567917, "longitude": 75.084861}}, {"type": "Feature", "geometry": {"type": "Point", "coordinates": [81.619444, 22.8525]}, "properties": {"id": "S0658", "serial_no": 650, "state_serial_no": 7, "station_name": "GARHIDADAR", "district": "ANUPUR", "commenced_on": "2004-06-02", "closed_on": "2006-06-20", "financial_year_commenced": "2004-2005", "financial_year_closed": "2006-2007", "mast_height_m": 50, "elevation_m": 1123, "maws": 5.16, "mawpd": 111, "pdf_page": 9, "source_table": "Mast", "project_type": null, "is_revision": false, "state": "MADHYA PRADESH", "status": "Closed", "clean_notes": null, "review_required": false, "review_reason": null, "latitude": 22.8525, "longitude": 81.619444}}, {"type": "Feature", "geometry": {"type": "Point", "coordinates": [75.823361, 23.285694]}, "properties": {"id": "S0659", "serial_no": 651, "state_serial_no": 8, "station_name": "JAITHAL HILL", "district": "UJJAIN", "commenced_on": "2001-12-30", "closed_on": "2003-02-21", "financial_year_commenced": "2001-2002", "financial_year_closed": "2002-2003", "mast_height_m": 25, "elevation_m": 507, "maws": 4.53, "mawpd": 82, "pdf_page": 9, "source_table": "Mast", "project_type": null, "is_revision": false, "state": "MADHYA PRADESH", "status": "Closed", "clean_notes": null, "review_required": false, "review_reason": null, "latitude": 23.285694, "longitude": 75.823361}}, {"type": "Feature", "geometry": {"type": "Point", "coordinates": [76.165694, 22.985833]}, "properties": {"id": "S0660", "serial_no": 652, "state_serial_no": 9, "station_name": "JAMGODRANI", "district": "DEWAS", "commenced_on": "1992-03-12", "closed_on": "1995-04-19", "financial_year_commenced": "1991-1992", "financial_year_closed": "1995-1996", "mast_height_m": 20, "elevation_m": 580, "maws": 5, "mawpd": 129.7, "pdf_page": 9, "source_table": "Mast", "project_type": null, "is_revision": false, "state": "MADHYA PRADESH", "status": "Closed", "clean_notes": null, "review_required": false, "review_reason": null, "latitude": 22.985833, "longitude": 76.165694}}, {"type": "Feature", "geometry": {"type": "Point", "coordinates": [74.571139, 22.767389]}, "properties": {"id": "S0661", "serial_no": 653, "state_serial_no": 10, "station_name": "JHABUA", "district": "JHABUA", "commenced_on": "1998-12-12", "closed_on": "2000-09-15", "financial_year_commenced": "1998-1999", "financial_year_closed": "2000-2001", "mast_height_m": 20, "elevation_m": 432, "maws": 4.22, "mawpd": 73.7, "pdf_page": 9, "source_table": "Mast", "project_type": null, "is_revision": false, "state": "MADHYA PRADESH", "status": "Closed", "clean_notes": null, "review_required": false, "review_reason": null, "latitude": 22.767389, "longitude": 74.571139}}, {"type": "Feature", "geometry": {"type": "Point", "coordinates": [77.042083, 23.128306]}, "properties": {"id": "S0662", "serial_no": 654, "state_serial_no": 11, "station_name": "KALAPAHAD", "district": "SEHORE", "commenced_on": "2000-09-17", "closed_on": "2001-10-11", "financial_year_commenced": "2000-2001", "financial_year_closed": "2001-2002", "mast_height_m": 20, "elevation_m": 538, "maws": 3.94, "mawpd": 59.7, "pdf_page": 9, "source_table": "Mast", "project_type": null, "is_revision": false, "state": "MADHYA PRADESH", "status": "Closed", "clean_notes": null, "review_required": false, "review_reason": null, "latitude": 23.128306, "longitude": 77.042083}}, {"type": "Feature", "geometry": {"type": "Point", "coordinates": [74.676694, 23.062056]}, "properties": {"id": "S0663", "serial_no": 655, "state_serial_no": 12, "station_name": "KAWASA", "district": "RATLAM", "commenced_on": "2000-09-16", "closed_on": "2001-10-13", "financial_year_commenced": "2000-2001", "financial_year_closed": "2001-2002", "mast_height_m": 25, "elevation_m": 411, "maws": 4.22, "mawpd": 80.3, "pdf_page": 9, "source_table": "Mast", "project_type": null, "is_revision": false, "state": "MADHYA PRADESH", "status": "Closed", "clean_notes": null, "review_required": false, "review_reason": null, "latitude": 23.062056, "longitude": 74.676694}}, {"type": "Feature", "geometry": {"type": "Point", "coordinates": [75.63, 22.603611]}, "properties": {"id": "S0664", "serial_no": 656, "state_serial_no": 13, "station_name": "KHEDA", "district": "DHAR", "commenced_on": "1992-03-10", "closed_on": "1995-04-18", "financial_year_commenced": "1991-1992", "financial_year_closed": "1995-1996", "mast_height_m": 20, "elevation_m": 606, "maws": 5.05, "mawpd": 126.3, "pdf_page": 9, "source_table": "Mast", "project_type": null, "is_revision": false, "state": "MADHYA PRADESH", "status": "Closed", "clean_notes": null, "review_required": false, "review_reason": null, "latitude": 22.603611, "longitude": 75.63}}, {"type": "Feature", "geometry": {"type": "Point", "coordinates": [77.477417, 21.493167]}, "properties": {"id": "S0665", "serial_no": 657, "state_serial_no": 14, "station_name": "KUKRU", "district": "BETUL", "commenced_on": "1994-08-16", "closed_on": "1997-08-27", "financial_year_commenced": "1994-1995", "financial_year_closed": "1997-1998", "mast_height_m": 20, "elevation_m": 1133, "maws": 5.28, "mawpd": 157.1, "pdf_page": 9, "source_table": "Mast", "project_type": null, "is_revision": false, "state": "MADHYA PRADESH", "status": "Closed", "clean_notes": null, "review_required": false, "review_reason": null, "latitude": 21.493167, "longitude": 77.477417}}, {"type": "Feature", "geometry": {"type": "Point", "coordinates": [76.3555, 23.339417]}, "properties": {"id": "S0666", "serial_no": 658, "state_serial_no": 15, "station_name": "LAHORI", "district": "SHAJAPUR", "commenced_on": "2000-02-13", "closed_on": "2001-03-21", "financial_year_commenced": "1999-2000", "financial_year_closed": "2000-2001", "mast_height_m": 25, "elevation_m": 529, "maws": 4.81, "mawpd": 99.8, "pdf_page": 9, "source_table": "Mast", "project_type": null, "is_revision": false, "state": "MADHYA PRADESH", "status": "Closed", "clean_notes": null, "review_required": false, "review_reason": null, "latitude": 23.339417, "longitude": 76.3555}}, {"type": "Feature", "geometry": {"type": "Point", "coordinates": [74.796528, 22.754833]}, "properties": {"id": "S0667", "serial_no": 659, "state_serial_no": 16, "station_name": "MACHALIYA GHAT", "district": "JHABUA", "commenced_on": "1999-08-06", "closed_on": "2001-01-23", "financial_year_commenced": "1999-2000", "financial_year_closed": "2000-2001", "mast_height_m": 25, "elevation_m": 520, "maws": 4.94, "mawpd": 105.7, "pdf_page": 9, "source_table": "Mast", "project_type": null, "is_revision": false, "state": "MADHYA PRADESH", "status": "Closed", "clean_notes": null, "review_required": false, "review_reason": null, "latitude": 22.754833, "longitude": 74.796528}}, {"type": "Feature", "geometry": {"type": "Point", "coordinates": [75.850667, 22.627694]}, "properties": {"id": "S0668", "serial_no": 660, "state_serial_no": 17, "station_name": "MACHLA", "district": "INDORE", "commenced_on": "1999-06-10", "closed_on": "2000-11-19", "financial_year_commenced": "1999-2000", "financial_year_closed": "2000-2001", "mast_height_m": 25, "elevation_m": 626, "maws": 4.7, "mawpd": 95.7, "pdf_page": 9, "source_table": "Mast", "project_type": null, "is_revision": false, "state": "MADHYA PRADESH", "status": "Closed", "clean_notes": null, "review_required": false, "review_reason": null, "latitude": 22.627694, "longitude": 75.850667}}, {"type": "Feature", "geometry": {"type": "Point", "coordinates": [76.090778, 23.833417]}, "properties": {"id": "S0669", "serial_no": 661, "state_serial_no": 18, "station_name": "MAHURIYA", "district": "SHAJAPUR", "commenced_on": "1996-04-24", "closed_on": "1998-08-04", "financial_year_commenced": "1996-1997", "financial_year_closed": "1998-1999", "mast_height_m": 25, "elevation_m": 508, "maws": 5.28, "mawpd": 171.1, "pdf_page": 9, "source_table": "Mast", "project_type": null, "is_revision": false, "state": "MADHYA PRADESH", "status": "Closed", "clean_notes": null, "review_required": false, "review_reason": null, "latitude": 23.833417, "longitude": 76.090778}}, {"type": "Feature", "geometry": {"type": "Point", "coordinates": [75.058194, 23.679083]}, "properties": {"id": "S0670", "serial_no": 662, "state_serial_no": 19, "station_name": "MAMATKHEDA", "district": "RATLAM", "commenced_on": "1998-12-10", "closed_on": "2001-01-21", "financial_year_commenced": "1998-1999", "financial_year_closed": "2000-2001", "mast_height_m": 20, "elevation_m": 543, "maws": 5.57, "mawpd": 169.3, "pdf_page": 9, "source_table": "Mast", "project_type": null, "is_revision": false, "state": "MADHYA PRADESH", "status": "Closed", "clean_notes": null, "review_required": false, "review_reason": null, "latitude": 23.679083, "longitude": 75.058194}}, {"type": "Feature", "geometry": {"type": "Point", "coordinates": [76.639833, 23.019222]}, "properties": {"id": "S0671", "serial_no": 663, "state_serial_no": 20, "station_name": "MIRZAPUR", "district": "SEHORE", "commenced_on": "1992-03-12", "closed_on": "1995-04-20", "financial_year_commenced": "1991-1992", "financial_year_closed": "1995-1996", "mast_height_m": 20, "elevation_m": 544, "maws": 4.27, "mawpd": 76, "pdf_page": 9, "source_table": "Mast", "project_type": null, "is_revision": false, "state": "MADHYA PRADESH", "status": "Closed", "clean_notes": null, "review_required": false, "review_reason": null, "latitude": 23.019222, "longitude": 76.639833}}, {"type": "Feature", "geometry": {"type": "Point", "coordinates": [76.041944, 22.8975]}, "properties": {"id": "S0672", "serial_no": 664, "state_serial_no": 21, "station_name": "NAGDA 2)", "district": "DEWAS", "commenced_on": "1998-08-06", "closed_on": "2008-04-30", "financial_year_commenced": "1998-1999", "financial_year_closed": "2008-2009", "mast_height_m": 25, "elevation_m": 656, "maws": 6.25, "mawpd": 218.9, "pdf_page": 9, "source_table": "Mast", "project_type": null, "is_revision": false, "state": "MADHYA PRADESH", "status": "Closed", "clean_notes": null, "review_required": false, "review_reason": null, "latitude": 22.8975, "longitude": 76.041944}}, {"type": "Feature", "geometry": {"type": "Point", "coordinates": [79.048056, 22.348333]}, "properties": {"id": "S0673", "serial_no": 665, "state_serial_no": 22, "station_name": "PURTALA", "district": "CHINDWARA", "commenced_on": "2004-04-20", "closed_on": "2006-06-21", "financial_year_commenced": "2004-2005", "financial_year_closed": "2006-2007", "mast_height_m": 50, "elevation_m": 908, "maws": 5.02, "mawpd": 101, "pdf_page": 9, "source_table": "Mast", "project_type": null, "is_revision": false, "state": "MADHYA PRADESH", "status": "Closed", "clean_notes": null, "review_required": false, "review_reason": null, "latitude": 22.348333, "longitude": 79.048056}}, {"type": "Feature", "geometry": {"type": "Point", "coordinates": [76.055, 22.190444]}, "properties": {"id": "S0674", "serial_no": 666, "state_serial_no": 23, "station_name": "SANAWAD", "district": "KHARGON", "commenced_on": "1992-03-13", "closed_on": "1993-12-23", "financial_year_commenced": "1991-1992", "financial_year_closed": "1993-1994", "mast_height_m": 20, "elevation_m": 216, "maws": 3.86, "mawpd": 85.3, "pdf_page": 9, "source_table": "Mast", "project_type": null, "is_revision": false, "state": "MADHYA PRADESH", "status": "Closed", "clean_notes": null, "review_required": false, "review_reason": null, "latitude": 22.190444, "longitude": 76.055}}, {"type": "Feature", "geometry": {"type": "Point", "coordinates": [75.043056, 21.630833]}, "properties": {"id": "S0675", "serial_no": 667, "state_serial_no": 24, "station_name": "SENDHVA", "district": "BADWANI", "commenced_on": "1996-04-20", "closed_on": "1998-08-02", "financial_year_commenced": "1996-1997", "financial_year_closed": "1998-1999", "mast_height_m": 20, "elevation_m": 540, "maws": 5.03, "mawpd": 163.2, "pdf_page": 9, "source_table": "Mast", "project_type": null, "is_revision": false, "state": "MADHYA PRADESH", "status": "Closed", "clean_notes": null, "review_required": false, "review_reason": null, "latitude": 21.630833, "longitude": 75.043056}}, {"type": "Feature", "geometry": {"type": "Point", "coordinates": [75.729278, 23.236528]}, "properties": {"id": "S0676", "serial_no": 668, "state_serial_no": 25, "station_name": "SODANG HILL", "district": "UJJAIN", "commenced_on": "2001-12-29", "closed_on": "2003-02-21", "financial_year_commenced": "2001-2002", "financial_year_closed": "2002-2003", "mast_height_m": 25, "elevation_m": 516, "maws": 4.95, "mawpd": 121, "pdf_page": 9, "source_table": "Mast", "project_type": null, "is_revision": false, "state": "MADHYA PRADESH", "status": "Closed", "clean_notes": null, "review_required": false, "review_reason": null, "latitude": 23.236528, "longitude": 75.729278}}, {"type": "Feature", "geometry": {"type": "Point", "coordinates": [75.936889, 23.612694]}, "properties": {"id": "S0677", "serial_no": 669, "state_serial_no": 26, "station_name": "TANORIYA", "district": "SHAJAPUR", "commenced_on": "1996-04-24", "closed_on": "1997-08-23", "financial_year_commenced": "1996-1997", "financial_year_closed": "1997-1998", "mast_height_m": 20, "elevation_m": 497, "maws": 4.38, "mawpd": 92.6, "pdf_page": 9, "source_table": "Mast", "project_type": null, "is_revision": false, "state": "MADHYA PRADESH", "status": "Closed", "clean_notes": null, "review_required": false, "review_reason": null, "latitude": 23.612694, "longitude": 75.936889}}, {"type": "Feature", "geometry": {"type": "Point", "coordinates": [74.953806, 21.660389]}, "properties": {"id": "S0678", "serial_no": 670, "state_serial_no": 27, "station_name": "VALIYARPANI", "district": "BADWANI", "commenced_on": "2000-02-09", "closed_on": "2002-03-17", "financial_year_commenced": "1999-2000", "financial_year_closed": "2001-2002", "mast_height_m": 20, "elevation_m": 510, "maws": 5.25, "mawpd": 191, "pdf_page": 9, "source_table": "Mast", "project_type": null, "is_revision": false, "state": "MADHYA PRADESH", "status": "Closed", "clean_notes": null, "review_required": false, "review_reason": null, "latitude": 21.660389, "longitude": 74.953806}}, {"type": "Feature", "geometry": {"type": "Point", "coordinates": [75.685833, 24.614722]}, "properties": {"id": "S0679", "serial_no": 671, "state_serial_no": 28, "station_name": "BARODIYA", "district": "MANDSAUR", "commenced_on": "2006-07-23", "closed_on": "2008-11-01", "financial_year_commenced": "2006-2007", "financial_year_closed": "2008-2009", "mast_height_m": 50, "elevation_m": 490, "maws": 4.74, "mawpd": 92, "pdf_page": 9, "source_table": "Mast", "project_type": null, "is_revision": false, "state": "MADHYA PRADESH", "status": "Closed", "clean_notes": null, "review_required": false, "review_reason": null, "latitude": 24.614722, "longitude": 75.685833}}, {"type": "Feature", "geometry": {"type": "Point", "coordinates": [77.376389, 24.423333]}, "properties": {"id": "S0680", "serial_no": 672, "state_serial_no": 29, "station_name": "BANBIR KHERI", "district": "GUNA", "commenced_on": "2006-07-20", "closed_on": "2009-01-05", "financial_year_commenced": "2006-2007", "financial_year_closed": "2008-2009", "mast_height_m": 50, "elevation_m": 533, "maws": 5.62, "mawpd": 145, "pdf_page": 9, "source_table": "Mast", "project_type": null, "is_revision": false, "state": "MADHYA PRADESH", "status": "Closed", "clean_notes": null, "review_required": false, "review_reason": null, "latitude": 24.423333, "longitude": 77.376389}}, {"type": "Feature", "geometry": {"type": "Point", "coordinates": [75.943889, 21.478333]}, "properties": {"id": "S0681", "serial_no": 673, "state_serial_no": 30, "station_name": "MANDWA", "district": "KHARGON", "commenced_on": "2007-11-29", "closed_on": "2010-01-05", "financial_year_commenced": "2007-2008", "financial_year_closed": "2009-2010", "mast_height_m": 50, "elevation_m": 671, "maws": 5.12, "mawpd": 123.53, "pdf_page": 9, "source_table": "Mast", "project_type": null, "is_revision": false, "state": "MADHYA PRADESH", "status": "Closed", "clean_notes": null, "review_required": false, "review_reason": null, "latitude": 21.478333, "longitude": 75.943889}}, {"type": "Feature", "geometry": {"type": "Point", "coordinates": [74.91, 22.565833]}, "properties": {"id": "S0682", "serial_no": 674, "state_serial_no": 31, "station_name": "KANCHROOTA", "district": "DHAR", "commenced_on": "2007-12-01", "closed_on": "2010-01-03", "financial_year_commenced": "2007-2008", "financial_year_closed": "2009-2010", "mast_height_m": 50, "elevation_m": 541, "maws": 5.26, "mawpd": 119, "pdf_page": 9, "source_table": "Mast", "project_type": null, "is_revision": false, "state": "MADHYA PRADESH", "status": "Closed", "clean_notes": null, "review_required": false, "review_reason": null, "latitude": 22.565833, "longitude": 74.91}}, {"type": "Feature", "geometry": {"type": "Point", "coordinates": [75.445278, 22.435]}, "properties": {"id": "S0683", "serial_no": 675, "state_serial_no": 32, "station_name": "NACHANBOR", "district": "DHAR", "commenced_on": "2007-12-02", "closed_on": "2010-01-03", "financial_year_commenced": "2007-2008", "financial_year_closed": "2009-2010", "mast_height_m": 50, "elevation_m": 570, "maws": 5.07, "mawpd": 120, "pdf_page": 9, "source_table": "Mast", "project_type": null, "is_revision": false, "state": "MADHYA PRADESH", "status": "Closed", "clean_notes": null, "review_required": false, "review_reason": null, "latitude": 22.435, "longitude": 75.445278}}, {"type": "Feature", "geometry": {"type": "Point", "coordinates": [76.8425, 21.454722]}, "properties": {"id": "S0684", "serial_no": 676, "state_serial_no": 33, "station_name": "BORI", "district": "BURHANPUR", "commenced_on": "2008-05-03", "closed_on": "2010-09-30", "financial_year_commenced": "2008-2009", "financial_year_closed": "2010-2011", "mast_height_m": 50, "elevation_m": 347, "maws": 5.24, "mawpd": 151, "pdf_page": 9, "source_table": "Mast", "project_type": null, "is_revision": false, "state": "MADHYA PRADESH", "status": "Closed", "clean_notes": null, "review_required": false, "review_reason": null, "latitude": 21.454722, "longitude": 76.8425}}, {"type": "Feature", "geometry": {"type": "Point", "coordinates": [80.5, 24.401389]}, "properties": {"id": "S0685", "serial_no": 677, "state_serial_no": 34, "station_name": "PAHARI", "district": "SATNA", "commenced_on": "2009-09-17", "closed_on": "2011-10-30", "financial_year_commenced": "2009-2010", "financial_year_closed": "2011-2012", "mast_height_m": 50, "elevation_m": 500, "maws": 4.03, "mawpd": 63.49, "pdf_page": 9, "source_table": "Mast", "project_type": null, "is_revision": false, "state": "MADHYA PRADESH", "status": "Closed", "clean_notes": null, "review_required": false, "review_reason": null, "latitude": 24.401389, "longitude": 80.5}}, {"type": "Feature", "geometry": {"type": "Point", "coordinates": [78.141028, 21.833]}, "properties": {"id": "S0686", "serial_no": 678, "state_serial_no": 35, "station_name": "UBHARIYA", "district": "BETUL", "commenced_on": "2010-03-19", "closed_on": "2012-07-30", "financial_year_commenced": "2009-2010", "financial_year_closed": "2012-2013", "mast_height_m": 50, "elevation_m": 776, "maws": 5.16, "mawpd": 117.7, "pdf_page": 9, "source_table": "Mast", "project_type": null, "is_revision": false, "state": "MADHYA PRADESH", "status": "Closed", "clean_notes": null, "review_required": false, "review_reason": null, "latitude": 21.833, "longitude": 78.141028}}, {"type": "Feature", "geometry": {"type": "Point", "coordinates": [78.531944, 21.886556]}, "properties": {"id": "S0687", "serial_no": 679, "state_serial_no": 36, "station_name": "GHAT PIPARIYA", "district": "BETUL", "commenced_on": "2010-03-20", "closed_on": "2012-07-30", "financial_year_commenced": "2009-2010", "financial_year_closed": "2012-2013", "mast_height_m": 50, "elevation_m": 751, "maws": 4.89, "mawpd": 112.57, "pdf_page": 9, "source_table": "Mast", "project_type": null, "is_revision": false, "state": "MADHYA PRADESH", "status": "Closed", "clean_notes": null, "review_required": false, "review_reason": null, "latitude": 21.886556, "longitude": 78.531944}}, {"type": "Feature", "geometry": {"type": "Point", "coordinates": [78.576583, 23.4025]}, "properties": {"id": "S0688", "serial_no": 680, "state_serial_no": 37, "station_name": "SEARMAU", "district": "BETUL", "commenced_on": "2010-03-22", "closed_on": "2012-07-30", "financial_year_commenced": "2009-2010", "financial_year_closed": "2012-2013", "mast_height_m": 50, "elevation_m": 625, "maws": 4.97, "mawpd": 115.92, "pdf_page": 9, "source_table": "Mast", "project_type": null, "is_revision": false, "state": "MADHYA PRADESH", "status": "Closed", "clean_notes": null, "review_required": false, "review_reason": null, "latitude": 23.4025, "longitude": 78.576583}}, {"type": "Feature", "geometry": {"type": "Point", "coordinates": [78.959167, 22.444167]}, "properties": {"id": "S0689", "serial_no": 681, "state_serial_no": 38, "station_name": "DEND", "district": "CHHINDWARA", "commenced_on": "2013-11-21", "closed_on": "2015-08-16", "financial_year_commenced": "2013-2014", "financial_year_closed": "2015-2016", "mast_height_m": 100, "elevation_m": 929, "maws": 5.69, "mawpd": 179.86, "pdf_page": 9, "source_table": "Mast", "project_type": null, "is_revision": false, "state": "MADHYA PRADESH", "status": "Closed", "clean_notes": null, "review_required": false, "review_reason": null, "latitude": 22.444167, "longitude": 78.959167}}, {"type": "Feature", "geometry": {"type": "Point", "coordinates": [79.492339, 22.356669]}, "properties": {"id": "S0690", "serial_no": 682, "state_serial_no": 39, "station_name": "PANDIWARA", "district": "SEONI", "commenced_on": "2013-11-23", "closed_on": "2016-02-12", "financial_year_commenced": "2013-2014", "financial_year_closed": "2015-2016", "mast_height_m": 100, "elevation_m": 548, "maws": 4.07, "mawpd": 74.48, "pdf_page": 9, "source_table": "Mast", "project_type": null, "is_revision": false, "state": "MADHYA PRADESH", "status": "Closed", "clean_notes": null, "review_required": false, "review_reason": null, "latitude": 22.356669, "longitude": 79.492339}}, {"type": "Feature", "geometry": {"type": "Point", "coordinates": [81.0706, 24.856756]}, "properties": {"id": "S0691", "serial_no": 683, "state_serial_no": 40, "station_name": "VIJAYAPUR", "district": "SATNA", "commenced_on": "2013-11-25", "closed_on": "2015-01-08", "financial_year_commenced": "2013-2014", "financial_year_closed": "2014-2015", "mast_height_m": 100, "elevation_m": 345, "maws": null, "mawpd": null, "pdf_page": 9, "source_table": "Mast", "project_type": null, "is_revision": false, "state": "MADHYA PRADESH", "status": "Closed", "clean_notes": null, "review_required": false, "review_reason": null, "latitude": 24.856756, "longitude": 81.0706}}, {"type": "Feature", "geometry": {"type": "Point", "coordinates": [75.946333, 23.728583]}, "properties": {"id": "S0692", "serial_no": 684, "state_serial_no": 41, "station_name": "GANESH-GOSHALA", "district": "SHAJAPUR", "commenced_on": "2013-12-02", "closed_on": "2017-01-19", "financial_year_commenced": "2013-2014", "financial_year_closed": "2016-2017", "mast_height_m": 100, "elevation_m": 527, "maws": 6.42, "mawpd": 228.88, "pdf_page": 9, "source_table": "Mast", "project_type": null, "is_revision": false, "state": "MADHYA PRADESH", "status": "Closed", "clean_notes": null, "review_required": false, "review_reason": null, "latitude": 23.728583, "longitude": 75.946333}}, {"type": "Feature", "geometry": {"type": "Point", "coordinates": [78.820083, 23.871444]}, "properties": {"id": "S0693", "serial_no": 685, "state_serial_no": 42, "station_name": "INDIRA GANDHI ENGG COLLEGE CAMPUS", "district": "SAGAR", "commenced_on": "2013-12-21", "closed_on": "2015-09-08", "financial_year_commenced": "2013-2014", "financial_year_closed": "2015-2016", "mast_height_m": 100, "elevation_m": 553, "maws": 5.57, "mawpd": 154.43, "pdf_page": 9, "source_table": "Mast", "project_type": null, "is_revision": false, "state": "MADHYA PRADESH", "status": "Closed", "clean_notes": null, "review_required": false, "review_reason": null, "latitude": 23.871444, "longitude": 78.820083}}, {"type": "Feature", "geometry": {"type": "Point", "coordinates": [75.074083, 24.697417]}, "properties": {"id": "S0694", "serial_no": 686, "state_serial_no": 43, "station_name": "GUDAPARIHAR", "district": "NEEMUCH", "commenced_on": "2013-12-23", "closed_on": "2016-01-31", "financial_year_commenced": "2013-2014", "financial_year_closed": "2015-2016", "mast_height_m": 100, "elevation_m": 543, "maws": 5.66, "mawpd": 167.19, "pdf_page": 9, "source_table": "Mast", "project_type": null, "is_revision": false, "state": "MADHYA PRADESH", "status": "Closed", "clean_notes": null, "review_required": false, "review_reason": null, "latitude": 24.697417, "longitude": 75.074083}}, {"type": "Feature", "geometry": {"type": "Point", "coordinates": [74.949028, 21.738972]}, "properties": {"id": "S0695", "serial_no": 687, "state_serial_no": 44, "station_name": "PHULJVARE", "district": "BARVANI", "commenced_on": "2014-01-03", "closed_on": "2014-02-09", "financial_year_commenced": "2013-2014", "financial_year_closed": "2013-2014", "mast_height_m": 100, "elevation_m": 489, "maws": null, "mawpd": null, "pdf_page": 9, "source_table": "Mast", "project_type": null, "is_revision": false, "state": "MADHYA PRADESH", "status": "Closed", "clean_notes": null, "review_required": false, "review_reason": null, "latitude": 21.738972, "longitude": 74.949028}}, {"type": "Feature", "geometry": {"type": "Point", "coordinates": [76.150694, 22.982833]}, "properties": {"id": "S0696", "serial_no": 688, "state_serial_no": 45, "station_name": "JAMGODRANI HILLS", "district": "DEWAS", "commenced_on": "2015-05-09", "closed_on": "2017-10-25", "financial_year_commenced": "2015-2016", "financial_year_closed": "2017-2018", "mast_height_m": 100, "elevation_m": 573, "maws": 6.41, "mawpd": 244.51, "pdf_page": 9, "source_table": "Mast", "project_type": null, "is_revision": false, "state": "MADHYA PRADESH", "status": "Closed", "clean_notes": null, "review_required": false, "review_reason": null, "latitude": 22.982833, "longitude": 76.150694}}, {"type": "Feature", "geometry": {"type": "Point", "coordinates": [77.133833, 23.764028]}, "properties": {"id": "S0697", "serial_no": 689, "state_serial_no": 46, "station_name": "HEDAPURA", "district": "RAJGARH", "commenced_on": "2022-10-17", "closed_on": "2023-11-30", "financial_year_commenced": "2022-2023", "financial_year_closed": "2022-2023", "mast_height_m": 100, "elevation_m": 475, "maws": 5.46, "mawpd": 147.68, "pdf_page": 9, "source_table": "Mast", "project_type": null, "is_revision": false, "state": "MADHYA PRADESH", "status": "Closed", "clean_notes": null, "review_required": true, "review_reason": "Closed date 2023-11-30 does not match FY 2022-2023", "latitude": 23.764028, "longitude": 77.133833}}, {"type": "Feature", "geometry": {"type": "Point", "coordinates": [92.747778, 11.660278]}, "properties": {"id": "S0698", "serial_no": 690, "state_serial_no": 1, "station_name": "BARKATH LINE", "district": "ANDAMAN", "commenced_on": "1992-03-25", "closed_on": "1993-12-18", "financial_year_commenced": "1991-1992", "financial_year_closed": "1993-1994", "mast_height_m": 20, "elevation_m": 52, "maws": 3.53, "mawpd": 63, "pdf_page": 9, "source_table": "Mast", "project_type": null, "is_revision": false, "state": "ANDAMAN & NICOBAR ISLANDS", "status": "Closed", "clean_notes": null, "review_required": false, "review_reason": null, "latitude": 11.660278, "longitude": 92.747778}}, {"type": "Feature", "geometry": {"type": "Point", "coordinates": [92.661667, 11.648611]}, "properties": {"id": "S0699", "serial_no": 691, "state_serial_no": 2, "station_name": "BADMASH PAHAR", "district": "ANDAMAN", "commenced_on": "2004-12-04", "closed_on": "2007-11-30", "financial_year_commenced": "2004-2005", "financial_year_closed": "2007-2008", "mast_height_m": 30, "elevation_m": 50, "maws": 4.17, "mawpd": 92, "pdf_page": 9, "source_table": "Mast", "project_type": "SNA project", "is_revision": false, "state": "ANDAMAN & NICOBAR ISLANDS", "status": "Closed", "clean_notes": null, "review_required": false, "review_reason": null, "latitude": 11.648611, "longitude": 92.661667}}, {"type": "Feature", "geometry": {"type": "Point", "coordinates": [93.163056, 8.22]}, "properties": {"id": "S0700", "serial_no": 692, "state_serial_no": 3, "station_name": "CHUCKMACHI", "district": "NICOBAR", "commenced_on": "1997-03-19", "closed_on": "1998-10-29", "financial_year_commenced": "1996-1997", "financial_year_closed": "1998-1999", "mast_height_m": 20, "elevation_m": 31, "maws": 4, "mawpd": 66.2, "pdf_page": 9, "source_table": "Mast", "project_type": null, "is_revision": false, "state": "ANDAMAN & NICOBAR ISLANDS", "status": "Closed", "clean_notes": null, "review_required": false, "review_reason": null, "latitude": 8.22, "longitude": 93.163056}}, {"type": "Feature", "geometry": {"type": "Point", "coordinates": [92.733333, 11.633333]}, "properties": {"id": "S0701", "serial_no": 693, "state_serial_no": 4, "station_name": "CORBIN'S PAHAR", "district": "ANDAMAN", "commenced_on": "2004-12-05", "closed_on": "2012-07-30", "financial_year_commenced": "2004-2005", "financial_year_closed": "2012-2013", "mast_height_m": 30, "elevation_m": 97, "maws": 4.97, "mawpd": 125.61, "pdf_page": 9, "source_table": "Mast", "project_type": "SNA project", "is_revision": false, "state": "ANDAMAN & NICOBAR ISLANDS", "status": "Closed", "clean_notes": "latitude seconds missing in PDF; taken as 0; longitude seconds missing in PDF; taken as 0", "review_required": true, "review_reason": "latitude seconds missing in PDF; taken as 0; longitude seconds missing in PDF; taken as 0", "latitude": 11.633333, "longitude": 92.733333}}, {"type": "Feature", "geometry": {"type": "Point", "coordinates": [92.776111, 9.255833]}, "properties": {"id": "S0702", "serial_no": 694, "state_serial_no": 5, "station_name": "KEATING POINT", "district": "NICOBAR", "commenced_on": "1997-03-14", "closed_on": "1999-05-12", "financial_year_commenced": "1996-1997", "financial_year_closed": "1999-2000", "mast_height_m": 20, "elevation_m": 10, "maws": 4.9, "mawpd": 113.9, "pdf_page": 9, "source_table": "Mast", "project_type": null, "is_revision": false, "state": "ANDAMAN & NICOBAR ISLANDS", "status": "Closed", "clean_notes": null, "review_required": false, "review_reason": null, "latitude": 9.255833, "longitude": 92.776111}}, {"type": "Feature", "geometry": {"type": "Point", "coordinates": [93.144444, 8.233611]}, "properties": {"id": "S0703", "serial_no": 695, "state_serial_no": 6, "station_name": "MINYUK", "district": "NICOBAR", "commenced_on": "1997-03-20", "closed_on": "1998-10-29", "financial_year_commenced": "1996-1997", "financial_year_closed": "1998-1999", "mast_height_m": 20, "elevation_m": 30, "maws": 3.9, "mawpd": 62.6, "pdf_page": 9, "source_table": "Mast", "project_type": null, "is_revision": false, "state": "ANDAMAN & NICOBAR ISLANDS", "status": "Closed", "clean_notes": null, "review_required": false, "review_reason": null, "latitude": 8.233611, "longitude": 93.144444}}, {"type": "Feature", "geometry": {"type": "Point", "coordinates": [92.733611, 11.72]}, "properties": {"id": "S0704", "serial_no": 696, "state_serial_no": 7, "station_name": "MOUNT HARRIET", "district": "ANDAMAN", "commenced_on": "2004-12-11", "closed_on": "2010-02-13", "financial_year_commenced": "2004-2005", "financial_year_closed": "2009-2010", "mast_height_m": 30, "elevation_m": 353, "maws": 5.6, "mawpd": 165, "pdf_page": 10, "source_table": "Mast", "project_type": "SNA project", "is_revision": false, "state": "ANDAMAN & NICOBAR ISLANDS", "status": "Closed", "clean_notes": null, "review_required": false, "review_reason": null, "latitude": 11.72, "longitude": 92.733611}}, {"type": "Feature", "geometry": {"type": "Point", "coordinates": [92.733889, 11.667778]}, "properties": {"id": "S0705", "serial_no": 697, "state_serial_no": 8, "station_name": "PHOENIX BAY", "district": "ANDAMAN", "commenced_on": "1992-05-25", "closed_on": "1993-12-20", "financial_year_commenced": "1992-1993", "financial_year_closed": "1993-1994", "mast_height_m": 20, "elevation_m": 31, "maws": 3.47, "mawpd": 62, "pdf_page": 10, "source_table": "Mast", "project_type": null, "is_revision": false, "state": "ANDAMAN & NICOBAR ISLANDS", "status": "Closed", "clean_notes": null, "review_required": false, "review_reason": null, "latitude": 11.667778, "longitude": 92.733889}}, {"type": "Feature", "geometry": {"type": "Point", "coordinates": [92.9, 12.908056]}, "properties": {"id": "S0706", "serial_no": 698, "state_serial_no": 9, "station_name": "POKKADERO", "district": "ANDAMAN", "commenced_on": "1992-05-27", "closed_on": "1993-12-23", "financial_year_commenced": "1992-1993", "financial_year_closed": "1993-1994", "mast_height_m": 20, "elevation_m": 20, "maws": 3.03, "mawpd": 63.1, "pdf_page": 10, "source_table": "Mast", "project_type": null, "is_revision": false, "state": "ANDAMAN & NICOBAR ISLANDS", "status": "Closed", "clean_notes": null, "review_required": false, "review_reason": null, "latitude": 12.908056, "longitude": 92.9}}, {"type": "Feature", "geometry": {"type": "Point", "coordinates": [92.983333, 13.258333]}, "properties": {"id": "S0707", "serial_no": 699, "state_serial_no": 10, "station_name": "RAMKRISHNAGRAM", "district": "ANDAMAN", "commenced_on": "1992-05-29", "closed_on": "1993-12-27", "financial_year_commenced": "1992-1993", "financial_year_closed": "1993-1994", "mast_height_m": 20, "elevation_m": 4, "maws": 2.79, "mawpd": 55.3, "pdf_page": 10, "source_table": "Mast", "project_type": null, "is_revision": false, "state": "ANDAMAN & NICOBAR ISLANDS", "status": "Closed", "clean_notes": null, "review_required": false, "review_reason": null, "latitude": 13.258333, "longitude": 92.983333}}, {"type": "Feature", "geometry": {"type": "Point", "coordinates": [92.883333, 12.5]}, "properties": {"id": "S0708", "serial_no": 700, "state_serial_no": 11, "station_name": "SABARI", "district": "ANDAMAN", "commenced_on": "1992-05-27", "closed_on": "1993-12-23", "financial_year_commenced": "1992-1993", "financial_year_closed": "1993-1994", "mast_height_m": 20, "elevation_m": 89, "maws": 1.18, "mawpd": 0.95, "pdf_page": 10, "source_table": "Mast", "project_type": null, "is_revision": false, "state": "ANDAMAN & NICOBAR ISLANDS", "status": "Closed", "clean_notes": null, "review_required": false, "review_reason": null, "latitude": 12.5, "longitude": 92.883333}}, {"type": "Feature", "geometry": {"type": "Point", "coordinates": [92.895556, 12.501667]}, "properties": {"id": "S0709", "serial_no": 701, "state_serial_no": 12, "station_name": "SABARI", "district": "ANDAMAN", "commenced_on": "2004-12-08", "closed_on": "2007-11-30", "financial_year_commenced": "2004-2005", "financial_year_closed": "2007-2008", "mast_height_m": 30, "elevation_m": 100, "maws": 2.89, "mawpd": 30, "pdf_page": 10, "source_table": "Mast", "project_type": "SNA project", "is_revision": false, "state": "ANDAMAN & NICOBAR ISLANDS", "status": "Closed", "clean_notes": null, "review_required": false, "review_reason": null, "latitude": 12.501667, "longitude": 92.895556}}, {"type": "Feature", "geometry": {"type": "Point", "coordinates": [92.504167, 10.511944]}, "properties": {"id": "S0710", "serial_no": 702, "state_serial_no": 13, "station_name": "SOUTH BAY", "district": "ANDAMAN", "commenced_on": "1997-03-12", "closed_on": "1998-10-22", "financial_year_commenced": "1996-1997", "financial_year_closed": "1998-1999", "mast_height_m": 20, "elevation_m": 10, "maws": 3.62, "mawpd": 106.6, "pdf_page": 10, "source_table": "Mast", "project_type": null, "is_revision": false, "state": "ANDAMAN & NICOBAR ISLANDS", "status": "Closed", "clean_notes": null, "review_required": false, "review_reason": null, "latitude": 10.511944, "longitude": 92.504167}}, {"type": "Feature", "geometry": {"type": "Point", "coordinates": [92.608583, 11.603889]}, "properties": {"id": "S0711", "serial_no": 703, "state_serial_no": 14, "station_name": "WANDOOR", "district": "ANDAMAN", "commenced_on": "2010-05-14", "closed_on": "2012-07-30", "financial_year_commenced": "2010-2011", "financial_year_closed": "2012-2013", "mast_height_m": 50, "elevation_m": 3, "maws": 3.47, "mawpd": 55.25, "pdf_page": 10, "source_table": "Mast", "project_type": null, "is_revision": false, "state": "ANDAMAN & NICOBAR ISLANDS", "status": "Closed", "clean_notes": null, "review_required": false, "review_reason": null, "latitude": 11.603889, "longitude": 92.608583}}, {"type": "Feature", "geometry": {"type": "Point", "coordinates": [92.724722, 9.217611]}, "properties": {"id": "S0712", "serial_no": 704, "state_serial_no": 15, "station_name": "HOG POINT", "district": "NICOBAR", "commenced_on": "2010-05-31", "closed_on": "2012-07-30", "financial_year_commenced": "2010-2011", "financial_year_closed": "2012-2013", "mast_height_m": 50, "elevation_m": 1, "maws": 5.16, "mawpd": 151.59, "pdf_page": 10, "source_table": "Mast", "project_type": null, "is_revision": false, "state": "ANDAMAN & NICOBAR ISLANDS", "status": "Closed", "clean_notes": null, "review_required": false, "review_reason": null, "latitude": 9.217611, "longitude": 92.724722}}, {"type": "Feature", "geometry": {"type": "Point", "coordinates": [92.663778, 11.631361]}, "properties": {"id": "S0713", "serial_no": 705, "state_serial_no": 16, "station_name": "CHOULDARI", "district": "ANDAMAN", "commenced_on": "2010-06-05", "closed_on": "2012-07-30", "financial_year_commenced": "2010-2011", "financial_year_closed": "2012-2013", "mast_height_m": 50, "elevation_m": 22, "maws": 3.39, "mawpd": 49.03, "pdf_page": 10, "source_table": "Mast", "project_type": "SNA project", "is_revision": false, "state": "ANDAMAN & NICOBAR ISLANDS", "status": "Closed", "clean_notes": null, "review_required": false, "review_reason": null, "latitude": 11.631361, "longitude": 92.663778}}, {"type": "Feature", "geometry": {"type": "Point", "coordinates": [92.598694, 11.693278]}, "properties": {"id": "S0714", "serial_no": 706, "state_serial_no": 17, "station_name": "COLLINPUR", "district": "ANDAMAN", "commenced_on": "2010-06-08", "closed_on": "2012-07-30", "financial_year_commenced": "2010-2011", "financial_year_closed": "2012-2013", "mast_height_m": 50, "elevation_m": 2, "maws": 4.56, "mawpd": 156.15, "pdf_page": 10, "source_table": "Mast", "project_type": "SNA project", "is_revision": false, "state": "ANDAMAN & NICOBAR ISLANDS", "status": "Closed", "clean_notes": null, "review_required": false, "review_reason": null, "latitude": 11.693278, "longitude": 92.598694}}, {"type": "Feature", "geometry": {"type": "Point", "coordinates": [93.515194, 8.120889]}, "properties": {"id": "S0715", "serial_no": 707, "state_serial_no": 18, "station_name": "VIKAS NAGAR", "district": "NICOBAR", "commenced_on": "2010-06-13", "closed_on": "2012-07-30", "financial_year_commenced": "2010-2011", "financial_year_closed": "2012-2013", "mast_height_m": 50, "elevation_m": 31, "maws": 4.42, "mawpd": 84.54, "pdf_page": 10, "source_table": "Mast", "project_type": "SNA project", "is_revision": false, "state": "ANDAMAN & NICOBAR ISLANDS", "status": "Closed", "clean_notes": null, "review_required": false, "review_reason": null, "latitude": 8.120889, "longitude": 93.515194}}, {"type": "Feature", "geometry": {"type": "Point", "coordinates": [92.649806, 11.636361]}, "properties": {"id": "S0716", "serial_no": 708, "state_serial_no": 19, "station_name": "IRBN COMPLEX", "district": "ANDAMAN", "commenced_on": "2011-01-13", "closed_on": "2013-04-04", "financial_year_commenced": "2010-2011", "financial_year_closed": "2013-2014", "mast_height_m": 30, "elevation_m": 102, "maws": 4.51, "mawpd": 109.11, "pdf_page": 10, "source_table": "Mast", "project_type": "SNA project", "is_revision": false, "state": "ANDAMAN & NICOBAR ISLANDS", "status": "Closed", "clean_notes": null, "review_required": false, "review_reason": null, "latitude": 11.636361, "longitude": 92.649806}}, {"type": "Feature", "geometry": {"type": "Point", "coordinates": [92.931389, 12.38025]}, "properties": {"id": "S0717", "serial_no": 709, "state_serial_no": 20, "station_name": "SIGMUNDERA", "district": "NORTH ANDAMAN", "commenced_on": "2024-03-18", "closed_on": null, "financial_year_commenced": null, "financial_year_closed": null, "mast_height_m": 100, "elevation_m": 52, "maws": null, "mawpd": null, "pdf_page": 10, "source_table": "Mast", "project_type": null, "is_revision": false, "state": "ANDAMAN & NICOBAR ISLANDS", "status": "Operational", "clean_notes": null, "review_required": false, "review_reason": null, "latitude": 12.38025, "longitude": 92.931389}}, {"type": "Feature", "geometry": {"type": "Point", "coordinates": [93.032139, 11.833861]}, "properties": {"id": "S0718", "serial_no": 710, "state_serial_no": 21, "station_name": "BHARATPUR", "district": "NEIL ISLAND", "commenced_on": "2024-03-22", "closed_on": null, "financial_year_commenced": null, "financial_year_closed": null, "mast_height_m": 100, "elevation_m": 24, "maws": null, "mawpd": null, "pdf_page": 10, "source_table": "Mast", "project_type": null, "is_revision": false, "state": "ANDAMAN & NICOBAR ISLANDS", "status": "Operational", "clean_notes": null, "review_required": false, "review_reason": null, "latitude": 11.833861, "longitude": 93.032139}}, {"type": "Feature", "geometry": {"type": "Point", "coordinates": [92.662472, 11.572944]}, "properties": {"id": "S0719", "serial_no": 711, "state_serial_no": 22, "station_name": "MANGULTHAN", "district": "SOUTH ANDAMAN", "commenced_on": "2024-04-24", "closed_on": null, "financial_year_commenced": null, "financial_year_closed": null, "mast_height_m": 100, "elevation_m": 117, "maws": null, "mawpd": null, "pdf_page": 10, "source_table": "Mast", "project_type": null, "is_revision": false, "state": "ANDAMAN & NICOBAR ISLANDS", "status": "Operational", "clean_notes": null, "review_required": false, "review_reason": null, "latitude": 11.572944, "longitude": 92.662472}}, {"type": "Feature", "geometry": {"type": "Point", "coordinates": [94.700833, 27.647222]}, "properties": {"id": "S0720", "serial_no": 712, "state_serial_no": 1, "station_name": "LIKABALI", "district": "WEST SIANG", "commenced_on": "2005-04-01", "closed_on": "2006-11-29", "financial_year_commenced": "2005-2006", "financial_year_closed": "2006-2007", "mast_height_m": 25, "elevation_m": 144, "maws": 2.87, "mawpd": 38.4, "pdf_page": 10, "source_table": "Mast", "project_type": null, "is_revision": false, "state": "ARUNACHAL PRADESH", "status": "Closed", "clean_notes": null, "review_required": false, "review_reason": null, "latitude": 27.647222, "longitude": 94.700833}}, {"type": "Feature", "geometry": {"type": "Point", "coordinates": [95.331667, 28.048889]}, "properties": {"id": "S0721", "serial_no": 713, "state_serial_no": 2, "station_name": "PASSIGHAT", "district": "EAST SIANG", "commenced_on": "1994-04-01", "closed_on": "1996-11-28", "financial_year_commenced": "1994-1995", "financial_year_closed": "1996-1997", "mast_height_m": 25, "elevation_m": 155, "maws": 2.27, "mawpd": 33, "pdf_page": 10, "source_table": "Mast", "project_type": null, "is_revision": false, "state": "ARUNACHAL PRADESH", "status": "Closed", "clean_notes": null, "review_required": false, "review_reason": null, "latitude": 28.048889, "longitude": 95.331667}}, {"type": "Feature", "geometry": {"type": "Point", "coordinates": [94.070833, 27.750278]}, "properties": {"id": "S0722", "serial_no": 714, "state_serial_no": 3, "station_name": "RAGA", "district": "LOWER SUBANSIRI", "commenced_on": "2005-04-27", "closed_on": "2006-12-09", "financial_year_commenced": "2005-2006", "financial_year_closed": "2006-2007", "mast_height_m": 25, "elevation_m": 283, "maws": 1.8, "mawpd": 14, "pdf_page": 10, "source_table": "Mast", "project_type": null, "is_revision": false, "state": "ARUNACHAL PRADESH", "status": "Closed", "clean_notes": null, "review_required": false, "review_reason": null, "latitude": 27.750278, "longitude": 94.070833}}, {"type": "Feature", "geometry": {"type": "Point", "coordinates": [92.0975, 27.5125]}, "properties": {"id": "S0723", "serial_no": 715, "state_serial_no": 4, "station_name": "SELA", "district": "WEST KAMENG", "commenced_on": "2005-06-10", "closed_on": "2006-08-03", "financial_year_commenced": "2005-2006", "financial_year_closed": "2006-2007", "mast_height_m": 25, "elevation_m": 4150, "maws": 4.6, "mawpd": 126, "pdf_page": 10, "source_table": "Mast", "project_type": null, "is_revision": false, "state": "ARUNACHAL PRADESH", "status": "Closed", "clean_notes": null, "review_required": false, "review_reason": null, "latitude": 27.5125, "longitude": 92.0975}}, {"type": "Feature", "geometry": {"type": "Point", "coordinates": [95.046667, 28.607778]}, "properties": {"id": "S0724", "serial_no": 716, "state_serial_no": 5, "station_name": "SIMONG", "district": "UPPER SIANG", "commenced_on": "2005-07-19", "closed_on": "2006-08-19", "financial_year_commenced": "2005-2006", "financial_year_closed": "2006-2007", "mast_height_m": 25, "elevation_m": 450, "maws": 1, "mawpd": 5, "pdf_page": 10, "source_table": "Mast", "project_type": null, "is_revision": false, "state": "ARUNACHAL PRADESH", "status": "Closed", "clean_notes": null, "review_required": false, "review_reason": null, "latitude": 28.607778, "longitude": 95.046667}}, {"type": "Feature", "geometry": {"type": "Point", "coordinates": [95.730372, 27.189139]}, "properties": {"id": "S0725", "serial_no": 717, "state_serial_no": 6, "station_name": "YONGCHIK", "district": "CHANGLANG", "commenced_on": "1994-11-23", "closed_on": "1996-11-26", "financial_year_commenced": "1994-1995", "financial_year_closed": "1996-1997", "mast_height_m": 25, "elevation_m": 733, "maws": 1, "mawpd": 6.6, "pdf_page": 10, "source_table": "Mast", "project_type": null, "is_revision": false, "state": "ARUNACHAL PRADESH", "status": "Closed", "clean_notes": null, "review_required": false, "review_reason": null, "latitude": 27.189139, "longitude": 95.730372}}, {"type": "Feature", "geometry": {"type": "Point", "coordinates": [94.104139, 28.606194]}, "properties": {"id": "S0726", "serial_no": 718, "state_serial_no": 7, "station_name": "MECHUKA", "district": "WEST SIANG", "commenced_on": "2012-10-21", "closed_on": "2014-11-28", "financial_year_commenced": "2012-2013", "financial_year_closed": "2014-2015", "mast_height_m": 50, "elevation_m": 1947, "maws": 1.68, "mawpd": 18.59, "pdf_page": 10, "source_table": "Mast", "project_type": null, "is_revision": false, "state": "ARUNACHAL PRADESH", "status": "Closed", "clean_notes": null, "review_required": false, "review_reason": null, "latitude": 28.606194, "longitude": 94.104139}}, {"type": "Feature", "geometry": {"type": "Point", "coordinates": [96.819583, 27.88375]}, "properties": {"id": "S0727", "serial_no": 719, "state_serial_no": 8, "station_name": "HAWAI", "district": "ANJAW", "commenced_on": "2013-03-10", "closed_on": "2015-04-17", "financial_year_commenced": "2012-2013", "financial_year_closed": "2015-2016", "mast_height_m": 50, "elevation_m": 1229, "maws": 2.07, "mawpd": 14.72, "pdf_page": 10, "source_table": "Mast", "project_type": null, "is_revision": false, "state": "ARUNACHAL PRADESH", "status": "Closed", "clean_notes": null, "review_required": false, "review_reason": null, "latitude": 27.88375, "longitude": 96.819583}}, {"type": "Feature", "geometry": {"type": "Point", "coordinates": [95.88225, 28.795944]}, "properties": {"id": "S0728", "serial_no": 720, "state_serial_no": 9, "station_name": "ANINI", "district": "DIBANG VALLEY", "commenced_on": "2013-03-21", "closed_on": "2015-04-17", "financial_year_commenced": "2012-2013", "financial_year_closed": "2015-2016", "mast_height_m": 18, "elevation_m": 1485, "maws": 1.63, "mawpd": 19.94, "pdf_page": 10, "source_table": "Mast", "project_type": null, "is_revision": false, "state": "ARUNACHAL PRADESH", "status": "Closed", "clean_notes": null, "review_required": false, "review_reason": null, "latitude": 28.795944, "longitude": 95.88225}}, {"type": "Feature", "geometry": {"type": "Point", "coordinates": [95.429289, 27.045639]}, "properties": {"id": "S0729", "serial_no": 721, "state_serial_no": 10, "station_name": "PANIDURIA", "district": "TIRAP", "commenced_on": "2018-05-31", "closed_on": "2019-12-31", "financial_year_commenced": "2018-2019", "financial_year_closed": "2019-2020", "mast_height_m": 50, "elevation_m": 330, "maws": 1.76, "mawpd": 6.15, "pdf_page": 10, "source_table": "Mast", "project_type": null, "is_revision": false, "state": "ARUNACHAL PRADESH", "status": "Closed", "clean_notes": null, "review_required": false, "review_reason": null, "latitude": 27.045639, "longitude": 95.429289}}, {"type": "Feature", "geometry": {"type": "Point", "coordinates": [95.470644, 26.987461]}, "properties": {"id": "S0730", "serial_no": 722, "state_serial_no": 11, "station_name": "LAPNAN", "district": "TIRAP", "commenced_on": "2018-05-30", "closed_on": "2021-04-08", "financial_year_commenced": "2018-2019", "financial_year_closed": "2021-2022", "mast_height_m": 50, "elevation_m": 559, "maws": 1.24, "mawpd": 3, "pdf_page": 10, "source_table": "Mast", "project_type": null, "is_revision": false, "state": "ARUNACHAL PRADESH", "status": "Closed", "clean_notes": null, "review_required": false, "review_reason": null, "latitude": 26.987461, "longitude": 95.470644}}, {"type": "Feature", "geometry": {"type": "Point", "coordinates": [95.0129, 28.650969]}, "properties": {"id": "S0732", "serial_no": 724, "state_serial_no": 13, "station_name": "KAPONG", "district": "UPPER SIANG", "commenced_on": "2019-03-26", "closed_on": "2020-12-14", "financial_year_commenced": "2018-2019", "financial_year_closed": "2020-2021", "mast_height_m": 50, "elevation_m": 351, "maws": 1.23, "mawpd": 5.05, "pdf_page": 10, "source_table": "Mast", "project_type": null, "is_revision": false, "state": "ARUNACHAL PRADESH", "status": "Closed", "clean_notes": null, "review_required": false, "review_reason": null, "latitude": 28.650969, "longitude": 95.0129}}, {"type": "Feature", "geometry": {"type": "Point", "coordinates": [94.7927, 28.808561]}, "properties": {"id": "S0733", "serial_no": 725, "state_serial_no": 14, "station_name": "MOSSING", "district": "UPPER SIANG", "commenced_on": "2019-03-27", "closed_on": "2021-04-08", "financial_year_commenced": "2018-2019", "financial_year_closed": "2021-2022", "mast_height_m": 50, "elevation_m": 1016, "maws": 1.68, "mawpd": 6.56, "pdf_page": 10, "source_table": "Mast", "project_type": null, "is_revision": false, "state": "ARUNACHAL PRADESH", "status": "Closed", "clean_notes": null, "review_required": false, "review_reason": null, "latitude": 28.808561, "longitude": 94.7927}}, {"type": "Feature", "geometry": {"type": "Point", "coordinates": [94.856269, 28.791711]}, "properties": {"id": "S0734", "serial_no": 726, "state_serial_no": 15, "station_name": "JANBO", "district": "YINGKIONG-JENGGING", "commenced_on": "2019-03-26", "closed_on": "2020-12-14", "financial_year_commenced": "2018-2019", "financial_year_closed": "2020-2021", "mast_height_m": 50, "elevation_m": 1142, "maws": 4.08, "mawpd": 58.54, "pdf_page": 10, "source_table": "Mast", "project_type": null, "is_revision": false, "state": "ARUNACHAL PRADESH", "status": "Closed", "clean_notes": null, "review_required": false, "review_reason": null, "latitude": 28.791711, "longitude": 94.856269}}, {"type": "Feature", "geometry": {"type": "Point", "coordinates": [95.979694, 28.064822]}, "properties": {"id": "S0735", "serial_no": 727, "state_serial_no": 16, "station_name": "DIPUNALLAP", "district": "LOWER DIBANG VALLEY", "commenced_on": "2019-03-31", "closed_on": "2021-04-08", "financial_year_commenced": "2018-2019", "financial_year_closed": "2021-2022", "mast_height_m": 50, "elevation_m": 705, "maws": 3.46, "mawpd": 48.33, "pdf_page": 10, "source_table": "Mast", "project_type": null, "is_revision": false, "state": "ARUNACHAL PRADESH", "status": "Closed", "clean_notes": null, "review_required": false, "review_reason": null, "latitude": 28.064822, "longitude": 95.979694}}, {"type": "Feature", "geometry": {"type": "Point", "coordinates": [95.833739, 28.15725]}, "properties": {"id": "S0736", "serial_no": 728, "state_serial_no": 17, "station_name": "EZENGO", "district": "LOWER DIBANG VALLEY", "commenced_on": "2019-03-31", "closed_on": "2020-12-14", "financial_year_commenced": "2018-2019", "financial_year_closed": "2020-2021", "mast_height_m": 50, "elevation_m": 408, "maws": 3.5, "mawpd": 55.45, "pdf_page": 10, "source_table": "Mast", "project_type": null, "is_revision": false, "state": "ARUNACHAL PRADESH", "status": "Closed", "clean_notes": null, "review_required": false, "review_reason": null, "latitude": 28.15725, "longitude": 95.833739}}, {"type": "Feature", "geometry": {"type": "Point", "coordinates": [78.56975, 30.074722]}, "properties": {"id": "S0737", "serial_no": 729, "state_serial_no": 1, "station_name": "BACHELIKHAL", "district": "NARENDRA NAGAR", "commenced_on": "1997-05-04", "closed_on": "1999-04-29", "financial_year_commenced": "1997-1998", "financial_year_closed": "1999-2000", "mast_height_m": 20, "elevation_m": 981, "maws": 5.19, "mawpd": 144.2, "pdf_page": 10, "source_table": "Mast", "project_type": null, "is_revision": false, "state": "UTTARAKHAND", "status": "Closed", "clean_notes": null, "review_required": false, "review_reason": null, "latitude": 30.074722, "longitude": 78.56975}}, {"type": "Feature", "geometry": {"type": "Point", "coordinates": [78.662322, 29.912072]}, "properties": {"id": "S0738", "serial_no": 730, "state_serial_no": 2, "station_name": "GUMKHAL", "district": "PAURI", "commenced_on": "1997-05-01", "closed_on": "1998-08-17", "financial_year_commenced": "1997-1998", "financial_year_closed": "1998-1999", "mast_height_m": 20, "elevation_m": 1639, "maws": 3.34, "mawpd": 38, "pdf_page": 10, "source_table": "Mast", "project_type": null, "is_revision": false, "state": "UTTARAKHAND", "status": "Closed", "clean_notes": null, "review_required": false, "review_reason": null, "latitude": 29.912072, "longitude": 78.662322}}, {"type": "Feature", "geometry": {"type": "Point", "coordinates": [78.695194, 30.1815]}, "properties": {"id": "S0739", "serial_no": 731, "state_serial_no": 3, "station_name": "GURDAURI", "district": "PAURI", "commenced_on": "1997-05-03", "closed_on": "1998-08-18", "financial_year_commenced": "1997-1998", "financial_year_closed": "1998-1999", "mast_height_m": 20, "elevation_m": 1654, "maws": 3.87, "mawpd": 68.2, "pdf_page": 10, "source_table": "Mast", "project_type": null, "is_revision": false, "state": "UTTARAKHAND", "status": "Closed", "clean_notes": null, "review_required": false, "review_reason": null, "latitude": 30.1815, "longitude": 78.695194}}, {"type": "Feature", "geometry": {"type": "Point", "coordinates": [78.744972, 31.036333]}, "properties": {"id": "S0740", "serial_no": 732, "state_serial_no": 4, "station_name": "HARSIL", "district": "UTTARKASHI", "commenced_on": "1997-07-27", "closed_on": "1998-11-06", "financial_year_commenced": "1997-1998", "financial_year_closed": "1998-1999", "mast_height_m": 20, "elevation_m": 2501, "maws": 3.21, "mawpd": 70.8, "pdf_page": 10, "source_table": "Mast", "project_type": null, "is_revision": false, "state": "UTTARAKHAND", "status": "Closed", "clean_notes": null, "review_required": false, "review_reason": null, "latitude": 31.036333, "longitude": 78.744972}}, {"type": "Feature", "geometry": {"type": "Point", "coordinates": [78.608917, 30.266222]}, "properties": {"id": "S0741", "serial_no": 733, "state_serial_no": 5, "station_name": "JHAMNIKHAL", "district": "TEHRI", "commenced_on": "1997-05-05", "closed_on": "1999-04-29", "financial_year_commenced": "1997-1998", "financial_year_closed": "1999-2000", "mast_height_m": 20, "elevation_m": 1588, "maws": 2.35, "mawpd": 23.1, "pdf_page": 10, "source_table": "Mast", "project_type": null, "is_revision": false, "state": "UTTARAKHAND", "status": "Closed", "clean_notes": null, "review_required": false, "review_reason": null, "latitude": 30.266222, "longitude": 78.608917}}, {"type": "Feature", "geometry": {"type": "Point", "coordinates": [78.671111, 30.149444]}, "properties": {"id": "S0742", "serial_no": 734, "state_serial_no": 6, "station_name": "JHANKARDANDA", "district": "PAURI", "commenced_on": "1997-05-02", "closed_on": "1998-08-18", "financial_year_commenced": "1997-1998", "financial_year_closed": "1998-1999", "mast_height_m": 20, "elevation_m": 1690, "maws": 2.36, "mawpd": 15.7, "pdf_page": 10, "source_table": "Mast", "project_type": null, "is_revision": false, "state": "UTTARAKHAND", "status": "Closed", "clean_notes": null, "review_required": false, "review_reason": null, "latitude": 30.149444, "longitude": 78.671111}}, {"type": "Feature", "geometry": {"type": "Point", "coordinates": [79.118917, 29.617]}, "properties": {"id": "S0743", "serial_no": 735, "state_serial_no": 7, "station_name": "JHARGAON", "district": "ALMORA", "commenced_on": "1997-07-23", "closed_on": "1998-11-09", "financial_year_commenced": "1997-1998", "financial_year_closed": "1998-1999", "mast_height_m": 20, "elevation_m": 952, "maws": 2.13, "mawpd": 14, "pdf_page": 10, "source_table": "Mast", "project_type": null, "is_revision": false, "state": "UTTARAKHAND", "status": "Closed", "clean_notes": null, "review_required": false, "review_reason": null, "latitude": 29.617, "longitude": 79.118917}}, {"type": "Feature", "geometry": {"type": "Point", "coordinates": [79.437972, 29.744528]}, "properties": {"id": "S0744", "serial_no": 736, "state_serial_no": 8, "station_name": "MALLIMIRAI", "district": "ALMORA", "commenced_on": "1997-05-11", "closed_on": "1998-11-11", "financial_year_commenced": "1997-1998", "financial_year_closed": "1998-1999", "mast_height_m": 20, "elevation_m": 1450, "maws": 2.17, "mawpd": 13.9, "pdf_page": 10, "source_table": "Mast", "project_type": null, "is_revision": false, "state": "UTTARAKHAND", "status": "Closed", "clean_notes": null, "review_required": false, "review_reason": null, "latitude": 29.744528, "longitude": 79.437972}}, {"type": "Feature", "geometry": {"type": "Point", "coordinates": [79.157694, 29.663139]}, "properties": {"id": "S0745", "serial_no": 737, "state_serial_no": 9, "station_name": "MOLEKHAL", "district": "ALMORA", "commenced_on": "1997-09-23", "closed_on": "1998-11-10", "financial_year_commenced": "1997-1998", "financial_year_closed": "1998-1999", "mast_height_m": 20, "elevation_m": 1515, "maws": 3.84, "mawpd": 71.3, "pdf_page": 10, "source_table": "Mast", "project_type": null, "is_revision": false, "state": "UTTARAKHAND", "status": "Closed", "clean_notes": null, "review_required": false, "review_reason": null, "latitude": 29.663139, "longitude": 79.157694}}, {"type": "Feature", "geometry": {"type": "Point", "coordinates": [78.765722, 30.1495]}, "properties": {"id": "S0746", "serial_no": 738, "state_serial_no": 10, "station_name": "RANSI", "district": "PAURI", "commenced_on": "1994-04-20", "closed_on": "1995-07-28", "financial_year_commenced": "1994-1995", "financial_year_closed": "1995-1996", "mast_height_m": 20, "elevation_m": 1865, "maws": 3.83, "mawpd": 66.7, "pdf_page": 10, "source_table": "Mast", "project_type": "SNA project", "is_revision": false, "state": "UTTARAKHAND", "status": "Closed", "clean_notes": null, "review_required": false, "review_reason": null, "latitude": 30.1495, "longitude": 78.765722}}, {"type": "Feature", "geometry": {"type": "Point", "coordinates": [78.87225, 29.783333]}, "properties": {"id": "S0747", "serial_no": 739, "state_serial_no": 11, "station_name": "RICKHNIKHAL", "district": "PAURI", "commenced_on": "1994-04-22", "closed_on": "1995-08-01", "financial_year_commenced": "1994-1995", "financial_year_closed": "1995-1996", "mast_height_m": 20, "elevation_m": 1571, "maws": 3.25, "mawpd": 39.3, "pdf_page": 10, "source_table": "Mast", "project_type": "SNA project", "is_revision": false, "state": "UTTARAKHAND", "status": "Closed", "clean_notes": null, "review_required": false, "review_reason": null, "latitude": 29.783333, "longitude": 78.87225}}, {"type": "Feature", "geometry": {"type": "Point", "coordinates": [79.888667, 30.691194]}, "properties": {"id": "S0748", "serial_no": 740, "state_serial_no": 12, "station_name": "MALARI", "district": "CHAMOLI", "commenced_on": "2012-07-26", "closed_on": "2014-07-05", "financial_year_commenced": "2012-2013", "financial_year_closed": "2014-2015", "mast_height_m": 50, "elevation_m": 2734, "maws": null, "mawpd": null, "pdf_page": 10, "source_table": "Mast", "project_type": null, "is_revision": false, "state": "UTTARAKHAND", "status": "Closed", "clean_notes": null, "review_required": false, "review_reason": null, "latitude": 30.691194, "longitude": 79.888667}}, {"type": "Feature", "geometry": {"type": "Point", "coordinates": [80.098917, 29.381083]}, "properties": {"id": "S0749", "serial_no": 741, "state_serial_no": 13, "station_name": "MANESHWAR", "district": "CHAMPAWAT", "commenced_on": "2012-08-04", "closed_on": "2014-07-05", "financial_year_commenced": "2012-2013", "financial_year_closed": "2014-2015", "mast_height_m": 50, "elevation_m": 1759, "maws": 2.66, "mawpd": 27.72, "pdf_page": 10, "source_table": "Mast", "project_type": null, "is_revision": false, "state": "UTTARAKHAND", "status": "Closed", "clean_notes": null, "review_required": false, "review_reason": null, "latitude": 29.381083, "longitude": 80.098917}}, {"type": "Feature", "geometry": {"type": "Point", "coordinates": [80.283333, 29.6105]}, "properties": {"id": "S0750", "serial_no": 742, "state_serial_no": 14, "station_name": "PITHORAGARGH", "district": "PITHORAGARGH", "commenced_on": "2012-12-31", "closed_on": "2014-07-05", "financial_year_commenced": "2012-2013", "financial_year_closed": "2014-2015", "mast_height_m": 50, "elevation_m": 2094, "maws": 2.27, "mawpd": 17.49, "pdf_page": 10, "source_table": "Mast", "project_type": null, "is_revision": false, "state": "UTTARAKHAND", "status": "Closed", "clean_notes": null, "review_required": false, "review_reason": null, "latitude": 29.6105, "longitude": 80.283333}}, {"type": "Feature", "geometry": {"type": "Point", "coordinates": [79.428556, 29.751778]}, "properties": {"id": "S0751", "serial_no": 743, "state_serial_no": 15, "station_name": "DWARAHAT", "district": "ALMORA", "commenced_on": "2013-01-03", "closed_on": "2015-01-31", "financial_year_commenced": "2012-2013", "financial_year_closed": "2014-2015", "mast_height_m": 50, "elevation_m": 1405, "maws": 1.9, "mawpd": 18.54, "pdf_page": 10, "source_table": "Mast", "project_type": null, "is_revision": false, "state": "UTTARAKHAND", "status": "Closed", "clean_notes": null, "review_required": false, "review_reason": null, "latitude": 29.751778, "longitude": 79.428556}}, {"type": "Feature", "geometry": {"type": "Point", "coordinates": [78.023472, 30.458944]}, "properties": {"id": "S0752", "serial_no": 744, "state_serial_no": 16, "station_name": "HAATHIPAON", "district": "DEHRADUN", "commenced_on": "2013-01-06", "closed_on": "2014-07-05", "financial_year_commenced": "2012-2013", "financial_year_closed": "2014-2015", "mast_height_m": 50, "elevation_m": 2034, "maws": 3.08, "mawpd": 39.67, "pdf_page": 10, "source_table": "Mast", "project_type": null, "is_revision": false, "state": "UTTARAKHAND", "status": "Closed", "clean_notes": null, "review_required": false, "review_reason": null, "latitude": 30.458944, "longitude": 78.023472}}, {"type": "Feature", "geometry": {"type": "Point", "coordinates": [78.046306, 30.101306]}, "properties": {"id": "S0753", "serial_no": 745, "state_serial_no": 17, "station_name": "DOON UNIVERSITY", "district": "DEHRADUN", "commenced_on": "2013-12-17", "closed_on": "2019-03-31", "financial_year_commenced": "2013-2014", "financial_year_closed": "2018-2019", "mast_height_m": 50, "elevation_m": 592, "maws": 1.67, "mawpd": 10.81, "pdf_page": 10, "source_table": "Mast", "project_type": "Other project", "is_revision": false, "state": "UTTARAKHAND", "status": "Closed", "clean_notes": null, "review_required": false, "review_reason": null, "latitude": 30.101306, "longitude": 78.046306}}, {"type": "Feature", "geometry": {"type": "Point", "coordinates": [92.401667, 26.075]}, "properties": {"id": "S0754", "serial_no": 746, "state_serial_no": 1, "station_name": "BORGAON", "district": "KARBI ANGLONG", "commenced_on": "1997-04-01", "closed_on": "1998-06-20", "financial_year_commenced": "1997-1998", "financial_year_closed": "1998-1999", "mast_height_m": 25, "elevation_m": 504, "maws": 2.43, "mawpd": 19.6, "pdf_page": 10, "source_table": "Mast", "project_type": null, "is_revision": false, "state": "ASSAM", "status": "Closed", "clean_notes": null, "review_required": false, "review_reason": null, "latitude": 26.075, "longitude": 92.401667}}, {"type": "Feature", "geometry": {"type": "Point", "coordinates": [93.2125, 25.199444]}, "properties": {"id": "S0755", "serial_no": 747, "state_serial_no": 2, "station_name": "P.LEIKUL", "district": "NORTH CACHAR HILLS", "commenced_on": "2005-03-20", "closed_on": "2007-05-14", "financial_year_commenced": "2004-2005", "financial_year_closed": "2007-2008", "mast_height_m": 25, "elevation_m": 1001, "maws": 3.2, "mawpd": 130, "pdf_page": 10, "source_table": "Mast", "project_type": null, "is_revision": false, "state": "ASSAM", "status": "Closed", "clean_notes": null, "review_required": false, "review_reason": null, "latitude": 25.199444, "longitude": 93.2125}}, {"type": "Feature", "geometry": {"type": "Point", "coordinates": [93.266667, 25.191667]}, "properties": {"id": "S0756", "serial_no": 748, "state_serial_no": 3, "station_name": "TOLPOI", "district": "NORTH CACHAR HILLS", "commenced_on": "2005-04-05", "closed_on": "2007-05-13", "financial_year_commenced": "2005-2006", "financial_year_closed": "2007-2008", "mast_height_m": 25, "elevation_m": 1045, "maws": 2.5, "mawpd": 23.7, "pdf_page": 10, "source_table": "Mast", "project_type": null, "is_revision": false, "state": "ASSAM", "status": "Closed", "clean_notes": null, "review_required": false, "review_reason": null, "latitude": 25.191667, "longitude": 93.266667}}, {"type": "Feature", "geometry": {"type": "Point", "coordinates": [92.466667, 25.716667]}, "properties": {"id": "S0757", "serial_no": 749, "state_serial_no": 4, "station_name": "UMPHABENG", "district": "KARBI ANGLONG", "commenced_on": "1997-05-23", "closed_on": "1998-06-20", "financial_year_commenced": "1997-1998", "financial_year_closed": "1998-1999", "mast_height_m": 25, "elevation_m": 890, "maws": 2.31, "mawpd": 17, "pdf_page": 10, "source_table": "Mast", "project_type": null, "is_revision": false, "state": "ASSAM", "status": "Closed", "clean_notes": "latitude seconds missing in PDF; taken as 0; longitude seconds missing in PDF; taken as 0", "review_required": true, "review_reason": "latitude seconds missing in PDF; taken as 0; longitude seconds missing in PDF; taken as 0", "latitude": 25.716667, "longitude": 92.466667}}, {"type": "Feature", "geometry": {"type": "Point", "coordinates": [92.467778, 24.564722]}, "properties": {"id": "S0758", "serial_no": 750, "state_serial_no": 5, "station_name": "R.K.NAGAR", "district": "KARIMGANJ", "commenced_on": "2007-06-14", "closed_on": "2009-05-28", "financial_year_commenced": "2007-2008", "financial_year_closed": "2009-2010", "mast_height_m": 50, "elevation_m": 52, "maws": 2.6, "mawpd": 24, "pdf_page": 10, "source_table": "Mast", "project_type": null, "is_revision": false, "state": "ASSAM", "status": "Closed", "clean_notes": null, "review_required": false, "review_reason": null, "latitude": 24.564722, "longitude": 92.467778}}, {"type": "Feature", "geometry": {"type": "Point", "coordinates": [90.058806, 26.162278]}, "properties": {"id": "S0759", "serial_no": 751, "state_serial_no": 6, "station_name": "NEW PANBARI", "district": "DHUBRI", "commenced_on": "2011-06-14", "closed_on": "2013-01-24", "financial_year_commenced": "2011-2012", "financial_year_closed": "2012-2013", "mast_height_m": 50, "elevation_m": 43, "maws": 3.1, "mawpd": 37.85, "pdf_page": 10, "source_table": "Mast", "project_type": null, "is_revision": false, "state": "ASSAM", "status": "Closed", "clean_notes": null, "review_required": false, "review_reason": null, "latitude": 26.162278, "longitude": 90.058806}}, {"type": "Feature", "geometry": {"type": "Point", "coordinates": [89.892194, 25.929972]}, "properties": {"id": "S0760", "serial_no": 752, "state_serial_no": 7, "station_name": "THARIGRAMVITA", "district": "DHUBRI", "commenced_on": "2013-04-13", "closed_on": "2015-04-17", "financial_year_commenced": "2013-2014", "financial_year_closed": "2015-2016", "mast_height_m": 50, "elevation_m": 26, "maws": 3.33, "mawpd": 48.54, "pdf_page": 10, "source_table": "Mast", "project_type": null, "is_revision": false, "state": "ASSAM", "status": "Closed", "clean_notes": null, "review_required": false, "review_reason": null, "latitude": 25.929972, "longitude": 89.892194}}, {"type": "Feature", "geometry": {"type": "Point", "coordinates": [92.374328, 26.303331]}, "properties": {"id": "S0761", "serial_no": 753, "state_serial_no": 8, "station_name": "BHURBANDHA", "district": "MORIGAON", "commenced_on": "2017-06-22", "closed_on": "2019-06-30", "financial_year_commenced": "2017-2018", "financial_year_closed": "2019-2020", "mast_height_m": 50, "elevation_m": 53, "maws": 2.65, "mawpd": 19.17, "pdf_page": 10, "source_table": "Mast", "project_type": null, "is_revision": false, "state": "ASSAM", "status": "Closed", "clean_notes": null, "review_required": false, "review_reason": null, "latitude": 26.303331, "longitude": 92.374328}}, {"type": "Feature", "geometry": {"type": "Point", "coordinates": [93.162147, 26.729672]}, "properties": {"id": "S0762", "serial_no": 754, "state_serial_no": 9, "station_name": "BAMGAON", "district": "BISWANATH", "commenced_on": "2017-06-23", "closed_on": "2019-06-30", "financial_year_commenced": "2017-2018", "financial_year_closed": "2019-2020", "mast_height_m": 50, "elevation_m": 61, "maws": 3.09, "mawpd": 31.67, "pdf_page": 10, "source_table": "Mast", "project_type": null, "is_revision": false, "state": "ASSAM", "status": "Closed", "clean_notes": null, "review_required": false, "review_reason": null, "latitude": 26.729672, "longitude": 93.162147}}, {"type": "Feature", "geometry": {"type": "Point", "coordinates": [93.659367, 26.916631]}, "properties": {"id": "S0763", "serial_no": 755, "state_serial_no": 10, "station_name": "GOPALPUR GRANT", "district": "BISWANATH", "commenced_on": "2017-06-24", "closed_on": "2019-06-30", "financial_year_commenced": "2017-2018", "financial_year_closed": "2019-2020", "mast_height_m": 50, "elevation_m": 60, "maws": 2.67, "mawpd": 24.17, "pdf_page": 10, "source_table": "Mast", "project_type": null, "is_revision": false, "state": "ASSAM", "status": "Closed", "clean_notes": null, "review_required": false, "review_reason": null, "latitude": 26.916631, "longitude": 93.659367}}, {"type": "Feature", "geometry": {"type": "Point", "coordinates": [93.980167, 27.249417]}, "properties": {"id": "S0764", "serial_no": 756, "state_serial_no": 11, "station_name": "RAJGARH KACHARI", "district": "LAKHIMPUR", "commenced_on": "2017-06-27", "closed_on": "2019-06-30", "financial_year_commenced": "2017-2018", "financial_year_closed": "2019-2020", "mast_height_m": 50, "elevation_m": 53, "maws": 2.17, "mawpd": 11.74, "pdf_page": 10, "source_table": "Mast", "project_type": null, "is_revision": false, "state": "ASSAM", "status": "Closed", "clean_notes": null, "review_required": false, "review_reason": null, "latitude": 27.249417, "longitude": 93.980167}}, {"type": "Feature", "geometry": {"type": "Point", "coordinates": [94.182242, 27.52275]}, "properties": {"id": "S0765", "serial_no": 757, "state_serial_no": 12, "station_name": "TARIONI", "district": "NORTH LAKHIMPUR", "commenced_on": "2017-06-28", "closed_on": "2019-11-06", "financial_year_commenced": "2017-2018", "financial_year_closed": "2019-2020", "mast_height_m": 50, "elevation_m": 77, "maws": 1.91, "mawpd": 9.79, "pdf_page": 10, "source_table": "Mast", "project_type": null, "is_revision": false, "state": "ASSAM", "status": "Closed", "clean_notes": null, "review_required": false, "review_reason": null, "latitude": 27.52275, "longitude": 94.182242}}, {"type": "Feature", "geometry": {"type": "Point", "coordinates": [94.722167, 27.528889]}, "properties": {"id": "S0766", "serial_no": 758, "state_serial_no": 13, "station_name": "KULAJAN", "district": "NAGAON", "commenced_on": "2017-06-29", "closed_on": "2019-06-30", "financial_year_commenced": "2017-2018", "financial_year_closed": "2019-2020", "mast_height_m": 50, "elevation_m": 107, "maws": 2.73, "mawpd": 20.1, "pdf_page": 10, "source_table": "Mast", "project_type": null, "is_revision": false, "state": "ASSAM", "status": "Closed", "clean_notes": null, "review_required": false, "review_reason": null, "latitude": 27.528889, "longitude": 94.722167}}, {"type": "Feature", "geometry": {"type": "Point", "coordinates": [93.033028, 26.532611]}, "properties": {"id": "S0767", "serial_no": 759, "state_serial_no": 14, "station_name": "SAGMOTEA TEA ESTATE", "district": "NAGAON", "commenced_on": "2017-07-05", "closed_on": "2019-06-30", "financial_year_commenced": "2017-2018", "financial_year_closed": "2019-2020", "mast_height_m": 50, "elevation_m": 187, "maws": 1.86, "mawpd": 15.08, "pdf_page": 10, "source_table": "Mast", "project_type": null, "is_revision": false, "state": "ASSAM", "status": "Closed", "clean_notes": null, "review_required": false, "review_reason": null, "latitude": 26.532611, "longitude": 93.033028}}, {"type": "Feature", "geometry": {"type": "Point", "coordinates": [92.737222, 25.988889]}, "properties": {"id": "S0768", "serial_no": 760, "state_serial_no": 15, "station_name": "MUGASONG", "district": "WEST KARBI ANGLONG", "commenced_on": "2019-03-04", "closed_on": "2020-05-20", "financial_year_commenced": "2018-2019", "financial_year_closed": "2020-2021", "mast_height_m": 50, "elevation_m": 67, "maws": 2.23, "mawpd": 13.92, "pdf_page": 10, "source_table": "Mast", "project_type": null, "is_revision": false, "state": "ASSAM", "status": "Closed", "clean_notes": null, "review_required": false, "review_reason": null, "latitude": 25.988889, "longitude": 92.737222}}, {"type": "Feature", "geometry": {"type": "Point", "coordinates": [91.759111, 26.406722]}, "properties": {"id": "S0769", "serial_no": 761, "state_serial_no": 16, "station_name": "BARGAON", "district": "KAMRUP RURAL", "commenced_on": "2019-03-10", "closed_on": "2020-05-20", "financial_year_commenced": "2018-2019", "financial_year_closed": "2020-2021", "mast_height_m": 50, "elevation_m": 30, "maws": 2.78, "mawpd": 23.11, "pdf_page": 10, "source_table": "Mast", "project_type": null, "is_revision": false, "state": "ASSAM", "status": "Closed", "clean_notes": null, "review_required": false, "review_reason": null, "latitude": 26.406722, "longitude": 91.759111}}, {"type": "Feature", "geometry": {"type": "Point", "coordinates": [94.250561, 26.789056]}, "properties": {"id": "S0770", "serial_no": 762, "state_serial_no": 17, "station_name": "KOTOHAPORIA", "district": "JORHAT", "commenced_on": "2019-03-03", "closed_on": "2020-05-20", "financial_year_commenced": "2018-2019", "financial_year_closed": "2020-2021", "mast_height_m": 50, "elevation_m": 93, "maws": 2.55, "mawpd": 19.94, "pdf_page": 10, "source_table": "Mast", "project_type": null, "is_revision": false, "state": "ASSAM", "status": "Closed", "clean_notes": null, "review_required": false, "review_reason": null, "latitude": 26.789056, "longitude": 94.250561}}, {"type": "Feature", "geometry": {"type": "Point", "coordinates": [92.9085, 26.846944]}, "properties": {"id": "S0771", "serial_no": 763, "state_serial_no": 18, "station_name": "RANGACHAKUA", "district": "SONITPUR", "commenced_on": "2019-03-02", "closed_on": "2020-05-20", "financial_year_commenced": "2018-2019", "financial_year_closed": "2020-2021", "mast_height_m": 50, "elevation_m": 86, "maws": 2.75, "mawpd": 21.42, "pdf_page": 10, "source_table": "Mast", "project_type": null, "is_revision": false, "state": "ASSAM", "status": "Closed", "clean_notes": null, "review_required": false, "review_reason": null, "latitude": 26.846944, "longitude": 92.9085}}, {"type": "Feature", "geometry": {"type": "Point", "coordinates": [77.158611, 31.343611]}, "properties": {"id": "S0772", "serial_no": 764, "state_serial_no": 1, "station_name": "CHURAG", "district": "MANDI", "commenced_on": "1994-10-10", "closed_on": "1995-11-30", "financial_year_commenced": "1994-1995", "financial_year_closed": "1995-1996", "mast_height_m": 25, "elevation_m": 1874, "maws": 3.37, "mawpd": 50.2, "pdf_page": 10, "source_table": "Mast", "project_type": null, "is_revision": false, "state": "HIMACHAL PRADESH", "status": "Closed", "clean_notes": null, "review_required": false, "review_reason": null, "latitude": 31.343611, "longitude": 77.158611}}, {"type": "Feature", "geometry": {"type": "Point", "coordinates": [76.014167, 32.136389]}, "properties": {"id": "S0773", "serial_no": 765, "state_serial_no": 2, "station_name": "JAWALI", "district": "KANGRA", "commenced_on": "2000-11-26", "closed_on": "2003-01-20", "financial_year_commenced": "2000-2001", "financial_year_closed": "2002-2003", "mast_height_m": 25, "elevation_m": 420, "maws": 1.53, "mawpd": 5, "pdf_page": 10, "source_table": "Mast", "project_type": null, "is_revision": false, "state": "HIMACHAL PRADESH", "status": "Closed", "clean_notes": null, "review_required": false, "review_reason": null, "latitude": 32.136389, "longitude": 76.014167}}, {"type": "Feature", "geometry": {"type": "Point", "coordinates": [77.214392, 30.713789]}, "properties": {"id": "S0774", "serial_no": 766, "state_serial_no": 3, "station_name": "KAHAN", "district": "SIRMUR", "commenced_on": "1994-12-14", "closed_on": "1996-11-30", "financial_year_commenced": "1994-1995", "financial_year_closed": "1996-1997", "mast_height_m": 25, "elevation_m": 1510, "maws": 4.22, "mawpd": 92.7, "pdf_page": 10, "source_table": "Mast", "project_type": null, "is_revision": false, "state": "HIMACHAL PRADESH", "status": "Closed", "clean_notes": null, "review_required": false, "review_reason": null, "latitude": 30.713789, "longitude": 77.214392}}, {"type": "Feature", "geometry": {"type": "Point", "coordinates": [77.620278, 31.406389]}, "properties": {"id": "S0775", "serial_no": 767, "state_serial_no": 4, "station_name": "SHATDHAR", "district": "KULLU", "commenced_on": "1994-06-16", "closed_on": "1995-08-05", "financial_year_commenced": "1994-1995", "financial_year_closed": "1995-1996", "mast_height_m": 25, "elevation_m": 1279, "maws": 1.83, "mawpd": 37.6, "pdf_page": 10, "source_table": "Mast", "project_type": null, "is_revision": false, "state": "HIMACHAL PRADESH", "status": "Closed", "clean_notes": null, "review_required": false, "review_reason": null, "latitude": 31.406389, "longitude": 77.620278}}, {"type": "Feature", "geometry": {"type": "Point", "coordinates": [77.108036, 30.915572]}, "properties": {"id": "S0776", "serial_no": 768, "state_serial_no": 5, "station_name": "SOLAN", "district": "SOLAN", "commenced_on": "1995-04-06", "closed_on": "1996-08-01", "financial_year_commenced": "1995-1996", "financial_year_closed": "1996-1997", "mast_height_m": 25, "elevation_m": 1478, "maws": 2.88, "mawpd": 24.8, "pdf_page": 10, "source_table": "Mast", "project_type": null, "is_revision": false, "state": "HIMACHAL PRADESH", "status": "Closed", "clean_notes": null, "review_required": false, "review_reason": null, "latitude": 30.915572, "longitude": 77.108036}}, {"type": "Feature", "geometry": {"type": "Point", "coordinates": [76.819167, 31.633056]}, "properties": {"id": "S0777", "serial_no": 769, "state_serial_no": 6, "station_name": "SARKIDHAR", "district": "MANDI", "commenced_on": "2007-12-18", "closed_on": "2009-12-31", "financial_year_commenced": "2007-2008", "financial_year_closed": "2009-2010", "mast_height_m": 50, "elevation_m": 1788, "maws": 3.4, "mawpd": 47.61, "pdf_page": 10, "source_table": "Mast", "project_type": null, "is_revision": false, "state": "HIMACHAL PRADESH", "status": "Closed", "clean_notes": null, "review_required": false, "review_reason": null, "latitude": 31.633056, "longitude": 76.819167}}, {"type": "Feature", "geometry": {"type": "Point", "coordinates": [86.127778, 23.213333]}, "properties": {"id": "S0778", "serial_no": 770, "state_serial_no": 1, "station_name": "AJODHYA HILLS", "district": "PURULIA", "commenced_on": "1995-03-28", "closed_on": "1996-07-19", "financial_year_commenced": "1994-1995", "financial_year_closed": "1996-1997", "mast_height_m": 25, "elevation_m": 538, "maws": 3.14, "mawpd": 31.8, "pdf_page": 11, "source_table": "Mast", "project_type": null, "is_revision": false, "state": "WEST BENGAL", "status": "Closed", "clean_notes": null, "review_required": false, "review_reason": null, "latitude": 23.213333, "longitude": 86.127778}}, {"type": "Feature", "geometry": {"type": "Point", "coordinates": [87.683889, 21.656667]}, "properties": {"id": "S0779", "serial_no": 771, "state_serial_no": 2, "station_name": "DADONPATRA BAR", "district": "EAST MEDINIPUR", "commenced_on": "1998-01-14", "closed_on": "1999-04-20", "financial_year_commenced": "1997-1998", "financial_year_closed": "1999-2000", "mast_height_m": 25, "elevation_m": 7, "maws": 4.61, "mawpd": 130.4, "pdf_page": 11, "source_table": "Mast", "project_type": null, "is_revision": false, "state": "WEST BENGAL", "status": "Closed", "clean_notes": null, "review_required": false, "review_reason": null, "latitude": 21.656667, "longitude": 87.683889}}, {"type": "Feature", "geometry": {"type": "Point", "coordinates": [88.498056, 27.085556]}, "properties": {"id": "S0780", "serial_no": 772, "state_serial_no": 3, "station_name": "DELO HILLS", "district": "DARJILING", "commenced_on": "1999-06-22", "closed_on": "2002-12-31", "financial_year_commenced": "1999-2000", "financial_year_closed": "2002-2003", "mast_height_m": 25, "elevation_m": 1519, "maws": 3.16, "mawpd": 42.9, "pdf_page": 11, "source_table": "Mast", "project_type": null, "is_revision": false, "state": "WEST BENGAL", "status": "Closed", "clean_notes": null, "review_required": false, "review_reason": null, "latitude": 27.085556, "longitude": 88.498056}}, {"type": "Feature", "geometry": {"type": "Point", "coordinates": [87.518889, 21.625]}, "properties": {"id": "S0781", "serial_no": 773, "state_serial_no": 4, "station_name": "DIGHA", "district": "EAST MEDINIPUR", "commenced_on": "1998-01-15", "closed_on": "1999-04-20", "financial_year_commenced": "1997-1998", "financial_year_closed": "1999-2000", "mast_height_m": 25, "elevation_m": 15, "maws": 3.83, "mawpd": 64.6, "pdf_page": 11, "source_table": "Mast", "project_type": null, "is_revision": false, "state": "WEST BENGAL", "status": "Closed", "clean_notes": null, "review_required": false, "review_reason": null, "latitude": 21.625, "longitude": 87.518889}}, {"type": "Feature", "geometry": {"type": "Point", "coordinates": [88.25, 21.566667]}, "properties": {"id": "S0782", "serial_no": 774, "state_serial_no": 5, "station_name": "FRASERGANJ", "district": "SOUTH24 PARGANAS", "commenced_on": "1995-03-25", "closed_on": "1998-03-09", "financial_year_commenced": "1994-1995", "financial_year_closed": "1997-1998", "mast_height_m": 25, "elevation_m": 3, "maws": 4.81, "mawpd": 147.4, "pdf_page": 11, "source_table": "Mast", "project_type": null, "is_revision": false, "state": "WEST BENGAL", "status": "Closed", "clean_notes": null, "review_required": false, "review_reason": null, "latitude": 21.566667, "longitude": 88.25}}, {"type": "Feature", "geometry": {"type": "Point", "coordinates": [88.074083, 21.637889]}, "properties": {"id": "S0783", "serial_no": 775, "state_serial_no": 6, "station_name": "GANGASAGAR", "district": "SOUTH24 PARGANAS", "commenced_on": "1995-02-03", "closed_on": "1997-11-30", "financial_year_commenced": "1994-1995", "financial_year_closed": "1997-1998", "mast_height_m": 25, "elevation_m": 3, "maws": 4.77, "mawpd": 142, "pdf_page": 11, "source_table": "Mast", "project_type": null, "is_revision": false, "state": "WEST BENGAL", "status": "Closed", "clean_notes": null, "review_required": false, "review_reason": null, "latitude": 21.637889, "longitude": 88.074083}}, {"type": "Feature", "geometry": {"type": "Point", "coordinates": [88.048333, 22.026389]}, "properties": {"id": "S0784", "serial_no": 776, "state_serial_no": 7, "station_name": "HALDIA", "district": "EAST MEDINIPUR", "commenced_on": "1995-03-30", "closed_on": "1996-07-21", "financial_year_commenced": "1994-1995", "financial_year_closed": "1996-1997", "mast_height_m": 25, "elevation_m": 5, "maws": 3.66, "mawpd": 70.3, "pdf_page": 11, "source_table": "Mast", "project_type": null, "is_revision": false, "state": "WEST BENGAL", "status": "Closed", "clean_notes": null, "review_required": false, "review_reason": null, "latitude": 22.026389, "longitude": 88.048333}}, {"type": "Feature", "geometry": {"type": "Point", "coordinates": [88.127778, 21.918056]}, "properties": {"id": "S0785", "serial_no": 777, "state_serial_no": 8, "station_name": "NAYACHAR ISLAND", "district": "EAST MEDINIPUR", "commenced_on": "2004-10-31", "closed_on": "2006-07-31", "financial_year_commenced": "2004-2005", "financial_year_closed": "2006-2007", "mast_height_m": 50, "elevation_m": 5, "maws": 5.12, "mawpd": 145, "pdf_page": 11, "source_table": "Mast", "project_type": null, "is_revision": false, "state": "WEST BENGAL", "status": "Closed", "clean_notes": null, "review_required": false, "review_reason": null, "latitude": 21.918056, "longitude": 88.127778}}, {"type": "Feature", "geometry": {"type": "Point", "coordinates": [87.883333, 21.799167]}, "properties": {"id": "S0786", "serial_no": 778, "state_serial_no": 9, "station_name": "NIJKASBA", "district": "EAST MEDINIPUR", "commenced_on": "1995-03-31", "closed_on": "1996-09-20", "financial_year_commenced": "1994-1995", "financial_year_closed": "1996-1997", "mast_height_m": 25, "elevation_m": 6, "maws": 4.4, "mawpd": 101.4, "pdf_page": 11, "source_table": "Mast", "project_type": null, "is_revision": false, "state": "WEST BENGAL", "status": "Closed", "clean_notes": null, "review_required": false, "review_reason": null, "latitude": 21.799167, "longitude": 87.883333}}, {"type": "Feature", "geometry": {"type": "Point", "coordinates": [88.271111, 26.998611]}, "properties": {"id": "S0787", "serial_no": 779, "state_serial_no": 10, "station_name": "TIGER HILLS", "district": "DARJILING", "commenced_on": "1999-06-23", "closed_on": "2002-12-31", "financial_year_commenced": "1999-2000", "financial_year_closed": "2002-2003", "mast_height_m": 25, "elevation_m": 2467, "maws": 3.59, "mawpd": 74.7, "pdf_page": 11, "source_table": "Mast", "project_type": null, "is_revision": false, "state": "WEST BENGAL", "status": "Closed", "clean_notes": null, "review_required": false, "review_reason": null, "latitude": 26.998611, "longitude": 88.271111}}, {"type": "Feature", "geometry": {"type": "Point", "coordinates": [79.829167, 11.902778]}, "properties": {"id": "S0788", "serial_no": 780, "state_serial_no": 1, "station_name": "DUBARAYAPET", "district": "PUDUCHERRY", "commenced_on": "1996-10-15", "closed_on": "1998-01-19", "financial_year_commenced": "1996-1997", "financial_year_closed": "1997-1998", "mast_height_m": 25, "elevation_m": 4, "maws": 4.44, "mawpd": 87.6, "pdf_page": 11, "source_table": "Mast", "project_type": null, "is_revision": false, "state": "PUDUCHERRY", "status": "Closed", "clean_notes": null, "review_required": false, "review_reason": null, "latitude": 11.902778, "longitude": 79.829167}}, {"type": "Feature", "geometry": {"type": "Point", "coordinates": [79.833333, 10.866667]}, "properties": {"id": "S0789", "serial_no": 781, "state_serial_no": 2, "station_name": "KEEZHAYUR", "district": "KARAIKAL", "commenced_on": "1996-10-18", "closed_on": "1998-01-20", "financial_year_commenced": "1996-1997", "financial_year_closed": "1997-1998", "mast_height_m": 25, "elevation_m": 7, "maws": 4.86, "mawpd": 115.4, "pdf_page": 11, "source_table": "Mast", "project_type": null, "is_revision": false, "state": "PUDUCHERRY", "status": "Closed", "clean_notes": "latitude seconds missing in PDF; taken as 0; longitude seconds missing in PDF; taken as 0", "review_required": true, "review_reason": "latitude seconds missing in PDF; taken as 0; longitude seconds missing in PDF; taken as 0", "latitude": 10.866667, "longitude": 79.833333}}, {"type": "Feature", "geometry": {"type": "Point", "coordinates": [79.803889, 11.830278]}, "properties": {"id": "S0790", "serial_no": 782, "state_serial_no": 3, "station_name": "PANNITHITTU", "district": "PUDUCHERRY", "commenced_on": "1996-10-16", "closed_on": "1998-01-19", "financial_year_commenced": "1996-1997", "financial_year_closed": "1997-1998", "mast_height_m": 25, "elevation_m": 3, "maws": 3.72, "mawpd": 52.7, "pdf_page": 11, "source_table": "Mast", "project_type": null, "is_revision": false, "state": "PUDUCHERRY", "status": "Closed", "clean_notes": null, "review_required": false, "review_reason": null, "latitude": 11.830278, "longitude": 79.803889}}, {"type": "Feature", "geometry": {"type": "Point", "coordinates": [82.298056, 16.750278]}, "properties": {"id": "S0791", "serial_no": 783, "state_serial_no": 4, "station_name": "YANAM", "district": "YANAM", "commenced_on": "1997-08-07", "closed_on": "1999-06-28", "financial_year_commenced": "1997-1998", "financial_year_closed": "1999-2000", "mast_height_m": 25, "elevation_m": 3, "maws": 3.85, "mawpd": 61.6, "pdf_page": 11, "source_table": "Mast", "project_type": null, "is_revision": false, "state": "PUDUCHERRY", "status": "Closed", "clean_notes": null, "review_required": false, "review_reason": null, "latitude": 16.750278, "longitude": 82.298056}}, {"type": "Feature", "geometry": {"type": "Point", "coordinates": [79.845344, 10.867575]}, "properties": {"id": "S0792", "serial_no": 784, "state_serial_no": 5, "station_name": "KILLAYUR", "district": "KARAIKAL", "commenced_on": "2014-05-25", "closed_on": "2016-05-10", "financial_year_commenced": "2014-2015", "financial_year_closed": "2016-2017", "mast_height_m": 80, "elevation_m": 12, "maws": 6.05, "mawpd": 184.52, "pdf_page": 11, "source_table": "Mast", "project_type": null, "is_revision": false, "state": "PUDUCHERRY", "status": "Closed", "clean_notes": null, "review_required": false, "review_reason": null, "latitude": 10.867575, "longitude": 79.845344}}, {"type": "Feature", "geometry": {"type": "Point", "coordinates": [79.794775, 11.811567]}, "properties": {"id": "S0793", "serial_no": 785, "state_serial_no": 6, "station_name": "NARAMBAI", "district": "PONDICHERRY", "commenced_on": "2014-11-06", "closed_on": "2016-08-17", "financial_year_commenced": "2014-2015", "financial_year_closed": "2016-2017", "mast_height_m": 50, "elevation_m": 23, "maws": 5.03, "mawpd": 112.27, "pdf_page": 11, "source_table": "Mast", "project_type": null, "is_revision": false, "state": "PUDUCHERRY", "status": "Closed", "clean_notes": null, "review_required": false, "review_reason": null, "latitude": 11.811567, "longitude": 79.794775}}, {"type": "Feature", "geometry": {"type": "Point", "coordinates": [76.5, 31.233333]}, "properties": {"id": "S0794", "serial_no": 786, "state_serial_no": 1, "station_name": "ANANDAPUR SAHIB", "district": null, "commenced_on": "1997-06-27", "closed_on": "1999-01-15", "financial_year_commenced": "1997-1998", "financial_year_closed": "1998-1999", "mast_height_m": 25, "elevation_m": 320, "maws": 2.23, "mawpd": 28.3, "pdf_page": 11, "source_table": "Mast", "project_type": null, "is_revision": false, "state": "PUNJAB", "status": "Closed", "clean_notes": "latitude seconds missing in PDF; taken as 0; longitude seconds missing in PDF; taken as 0", "review_required": true, "review_reason": "latitude seconds missing in PDF; taken as 0; longitude seconds missing in PDF; taken as 0; District missing in PDF", "latitude": 31.233333, "longitude": 76.5}}, {"type": "Feature", "geometry": {"type": "Point", "coordinates": [75.356389, 31.809722]}, "properties": {"id": "S0795", "serial_no": 787, "state_serial_no": 2, "station_name": "QUADIAN", "district": "GURUDASPUR", "commenced_on": "1997-10-15", "closed_on": "1999-01-17", "financial_year_commenced": "1997-1998", "financial_year_closed": "1998-1999", "mast_height_m": 25, "elevation_m": 255, "maws": 1.87, "mawpd": 13.7, "pdf_page": 11, "source_table": "Mast", "project_type": null, "is_revision": false, "state": "PUNJAB", "status": "Closed", "clean_notes": null, "review_required": false, "review_reason": null, "latitude": 31.809722, "longitude": 75.356389}}, {"type": "Feature", "geometry": {"type": "Point", "coordinates": [74.201389, 30.083333]}, "properties": {"id": "S0796", "serial_no": 788, "state_serial_no": 3, "station_name": "RAMSARA", "district": "FIROZPUR", "commenced_on": "1998-10-15", "closed_on": "2000-02-11", "financial_year_commenced": "1998-1999", "financial_year_closed": "1999-2000", "mast_height_m": 25, "elevation_m": 185, "maws": 2.75, "mawpd": 24.2, "pdf_page": 11, "source_table": "Mast", "project_type": null, "is_revision": false, "state": "PUNJAB", "status": "Closed", "clean_notes": null, "review_required": false, "review_reason": null, "latitude": 30.083333, "longitude": 74.201389}}, {"type": "Feature", "geometry": {"type": "Point", "coordinates": [75.250278, 29.724167]}, "properties": {"id": "S0797", "serial_no": 789, "state_serial_no": 4, "station_name": "SARDULEWALA", "district": "MANSA", "commenced_on": "1998-10-13", "closed_on": "2000-02-10", "financial_year_commenced": "1998-1999", "financial_year_closed": "1999-2000", "mast_height_m": 25, "elevation_m": 210, "maws": 2.53, "mawpd": 22.4, "pdf_page": 11, "source_table": "Mast", "project_type": null, "is_revision": false, "state": "PUNJAB", "status": "Closed", "clean_notes": null, "review_required": false, "review_reason": null, "latitude": 29.724167, "longitude": 75.250278}}, {"type": "Feature", "geometry": {"type": "Point", "coordinates": [75.687222, 32.3975]}, "properties": {"id": "S0798", "serial_no": 790, "state_serial_no": 5, "station_name": "SHAHPUR KANDI", "district": "GURUDASPUR", "commenced_on": "1997-10-16", "closed_on": "1999-01-17", "financial_year_commenced": "1997-1998", "financial_year_closed": "1998-1999", "mast_height_m": 25, "elevation_m": 411, "maws": 2.72, "mawpd": 32.1, "pdf_page": 11, "source_table": "Mast", "project_type": null, "is_revision": false, "state": "PUNJAB", "status": "Closed", "clean_notes": null, "review_required": false, "review_reason": null, "latitude": 32.3975, "longitude": 75.687222}}, {"type": "Feature", "geometry": {"type": "Point", "coordinates": [75.115, 29.952778]}, "properties": {"id": "S0799", "serial_no": 791, "state_serial_no": 6, "station_name": "TALWANDI SABO", "district": "BATINDA", "commenced_on": "1998-10-14", "closed_on": "2000-02-10", "financial_year_commenced": "1998-1999", "financial_year_closed": "1999-2000", "mast_height_m": 25, "elevation_m": 210, "maws": 2.71, "mawpd": 25.3, "pdf_page": 11, "source_table": "Mast", "project_type": null, "is_revision": false, "state": "PUNJAB", "status": "Closed", "clean_notes": null, "review_required": false, "review_reason": null, "latitude": 29.952778, "longitude": 75.115}}, {"type": "Feature", "geometry": {"type": "Point", "coordinates": [74.574167, 30.212778]}, "properties": {"id": "S0800", "serial_no": 792, "state_serial_no": 7, "station_name": "THEHRI", "district": "MUKTSAR", "commenced_on": "1998-10-15", "closed_on": "2000-02-11", "financial_year_commenced": "1998-1999", "financial_year_closed": "1999-2000", "mast_height_m": 25, "elevation_m": 190, "maws": 2.51, "mawpd": 22.2, "pdf_page": 11, "source_table": "Mast", "project_type": null, "is_revision": false, "state": "PUNJAB", "status": "Closed", "clean_notes": null, "review_required": false, "review_reason": null, "latitude": 30.212778, "longitude": 74.574167}}, {"type": "Feature", "geometry": {"type": "Point", "coordinates": [75.764608, 32.272733]}, "properties": {"id": "S0801", "serial_no": 793, "state_serial_no": 8, "station_name": "TREHTI", "district": "GURUDASPUR", "commenced_on": "1998-10-17", "closed_on": "2000-02-13", "financial_year_commenced": "1998-1999", "financial_year_closed": "1999-2000", "mast_height_m": 25, "elevation_m": 426, "maws": 2, "mawpd": 12.5, "pdf_page": 11, "source_table": "Mast", "project_type": null, "is_revision": false, "state": "PUNJAB", "status": "Closed", "clean_notes": null, "review_required": false, "review_reason": null, "latitude": 32.272733, "longitude": 75.764608}}, {"type": "Feature", "geometry": {"type": "Point", "coordinates": [75.071389, 30.228056]}, "properties": {"id": "S0802", "serial_no": 794, "state_serial_no": 9, "station_name": "BATINDA", "district": "BATINDA", "commenced_on": "2008-06-17", "closed_on": "2010-06-30", "financial_year_commenced": "2008-2009", "financial_year_closed": "2010-2011", "mast_height_m": 50, "elevation_m": 221, "maws": 3.63, "mawpd": 50.61, "pdf_page": 11, "source_table": "Mast", "project_type": null, "is_revision": false, "state": "PUNJAB", "status": "Closed", "clean_notes": null, "review_required": false, "review_reason": null, "latitude": 30.228056, "longitude": 75.071389}}, {"type": "Feature", "geometry": {"type": "Point", "coordinates": [76.247222, 31.400556]}, "properties": {"id": "S0803", "serial_no": 795, "state_serial_no": 10, "station_name": "PAHARPUR", "district": "ROPAR", "commenced_on": "2008-06-19", "closed_on": "2010-06-30", "financial_year_commenced": "2008-2009", "financial_year_closed": "2010-2011", "mast_height_m": 50, "elevation_m": 400, "maws": 2.61, "mawpd": 54.07, "pdf_page": 11, "source_table": "Mast", "project_type": null, "is_revision": false, "state": "PUNJAB", "status": "Closed", "clean_notes": null, "review_required": false, "review_reason": null, "latitude": 31.400556, "longitude": 76.247222}}, {"type": "Feature", "geometry": {"type": "Point", "coordinates": [74.821131, 33.120194]}, "properties": {"id": "S0804", "serial_no": 796, "state_serial_no": 1, "station_name": "BIDDA", "district": "REASI", "commenced_on": "2008-06-22", "closed_on": "2013-03-26", "financial_year_commenced": "2008-2009", "financial_year_closed": "2012-2013", "mast_height_m": 50, "elevation_m": 754, "maws": 6.89, "mawpd": 336, "pdf_page": 11, "source_table": "Mast", "project_type": null, "is_revision": false, "state": "JAMMU & KASHMIR", "status": "Closed", "clean_notes": null, "review_required": false, "review_reason": null, "latitude": 33.120194, "longitude": 74.821131}}, {"type": "Feature", "geometry": {"type": "Point", "coordinates": [74.230833, 34.170833]}, "properties": {"id": "S0805", "serial_no": 797, "state_serial_no": 2, "station_name": "IJARA", "district": "BARAMULA", "commenced_on": "2008-06-25", "closed_on": "2010-06-30", "financial_year_commenced": "2008-2009", "financial_year_closed": "2010-2011", "mast_height_m": 50, "elevation_m": 1662, "maws": 4.44, "mawpd": 94.04, "pdf_page": 11, "source_table": "Mast", "project_type": null, "is_revision": false, "state": "JAMMU & KASHMIR", "status": "Closed", "clean_notes": null, "review_required": false, "review_reason": null, "latitude": 34.170833, "longitude": 74.230833}}, {"type": "Feature", "geometry": {"type": "Point", "coordinates": [74.519667, 33.628611]}, "properties": {"id": "S0806", "serial_no": 798, "state_serial_no": 3, "station_name": "PIR KI GALI", "district": "POONCH", "commenced_on": "2010-10-13", "closed_on": "2013-03-26", "financial_year_commenced": "2010-2011", "financial_year_closed": "2012-2013", "mast_height_m": 50, "elevation_m": 3490, "maws": 4.52, "mawpd": 95.68, "pdf_page": 11, "source_table": "Mast", "project_type": null, "is_revision": false, "state": "JAMMU & KASHMIR", "status": "Closed", "clean_notes": null, "review_required": false, "review_reason": null, "latitude": 33.628611, "longitude": 74.519667}}, {"type": "Feature", "geometry": {"type": "Point", "coordinates": [75.26825, 33.095806]}, "properties": {"id": "S0807", "serial_no": 799, "state_serial_no": 4, "station_name": "PATNITOP", "district": "UDHAMPUR", "commenced_on": "2010-10-18", "closed_on": "2013-03-26", "financial_year_commenced": "2010-2011", "financial_year_closed": "2012-2013", "mast_height_m": 50, "elevation_m": 2470, "maws": 3.01, "mawpd": 36.84, "pdf_page": 11, "source_table": "Mast", "project_type": null, "is_revision": false, "state": "JAMMU & KASHMIR", "status": "Closed", "clean_notes": null, "review_required": false, "review_reason": null, "latitude": 33.095806, "longitude": 75.26825}}, {"type": "Feature", "geometry": {"type": "Point", "coordinates": [74.987333, 34.2285]}, "properties": {"id": "S0808", "serial_no": 800, "state_serial_no": 5, "station_name": "KANGAN", "district": "GANDERBAL", "commenced_on": "2011-04-27", "closed_on": "2013-04-04", "financial_year_commenced": "2011-2012", "financial_year_closed": "2013-2014", "mast_height_m": 50, "elevation_m": 1919, "maws": 2.81, "mawpd": 33.17, "pdf_page": 11, "source_table": "Mast", "project_type": null, "is_revision": false, "state": "JAMMU & KASHMIR", "status": "Closed", "clean_notes": null, "review_required": false, "review_reason": null, "latitude": 34.2285, "longitude": 74.987333}}, {"type": "Feature", "geometry": {"type": "Point", "coordinates": [74.632917, 34.153694]}, "properties": {"id": "S0809", "serial_no": 801, "state_serial_no": 6, "station_name": "PARIHASPORA", "district": "BARAMULA", "commenced_on": "2011-04-30", "closed_on": "2013-04-04", "financial_year_commenced": "2011-2012", "financial_year_closed": "2013-2014", "mast_height_m": 50, "elevation_m": 1632, "maws": null, "mawpd": null, "pdf_page": 11, "source_table": "Mast", "project_type": null, "is_revision": false, "state": "JAMMU & KASHMIR", "status": "Closed", "clean_notes": null, "review_required": false, "review_reason": null, "latitude": 34.153694, "longitude": 74.632917}}, {"type": "Feature", "geometry": {"type": "Point", "coordinates": [74.395083, 34.057611]}, "properties": {"id": "S0810", "serial_no": 802, "state_serial_no": 7, "station_name": "GULMARG", "district": "BARAMULA", "commenced_on": "2011-05-03", "closed_on": "2014-02-18", "financial_year_commenced": "2011-2012", "financial_year_closed": "2013-2014", "mast_height_m": 50, "elevation_m": 2673, "maws": null, "mawpd": null, "pdf_page": 11, "source_table": "Mast", "project_type": null, "is_revision": false, "state": "JAMMU & KASHMIR", "status": "Closed", "clean_notes": null, "review_required": false, "review_reason": null, "latitude": 34.057611, "longitude": 74.395083}}, {"type": "Feature", "geometry": {"type": "Point", "coordinates": [74.393389, 34.199333]}, "properties": {"id": "S0811", "serial_no": 803, "state_serial_no": 8, "station_name": "UPLINA", "district": "BARAMULA", "commenced_on": "2011-05-05", "closed_on": "2014-02-18", "financial_year_commenced": "2011-2012", "financial_year_closed": "2013-2014", "mast_height_m": 50, "elevation_m": 1834, "maws": null, "mawpd": null, "pdf_page": 11, "source_table": "Mast", "project_type": null, "is_revision": false, "state": "JAMMU & KASHMIR", "status": "Closed", "clean_notes": null, "review_required": false, "review_reason": null, "latitude": 34.199333, "longitude": 74.393389}}, {"type": "Feature", "geometry": {"type": "Point", "coordinates": [77.255556, 34.235278]}, "properties": {"id": "S0812", "serial_no": 804, "state_serial_no": 9, "station_name": "BASGO", "district": "LEH", "commenced_on": "1997-09-23", "closed_on": "1999-10-12", "financial_year_commenced": "1997-1998", "financial_year_closed": "1999-2000", "mast_height_m": 25, "elevation_m": 3451, "maws": 3.77, "mawpd": 59.4, "pdf_page": 11, "source_table": "Mast", "project_type": null, "is_revision": false, "state": "LADAKH", "status": "Closed", "clean_notes": null, "review_required": false, "review_reason": null, "latitude": 34.235278, "longitude": 77.255556}}, {"type": "Feature", "geometry": {"type": "Point", "coordinates": [77.623333, 34.052222]}, "properties": {"id": "S0813", "serial_no": 805, "state_serial_no": 10, "station_name": "CHOCHOT", "district": "LEH", "commenced_on": "1997-09-24", "closed_on": "1999-10-06", "financial_year_commenced": "1997-1998", "financial_year_closed": "1999-2000", "mast_height_m": 25, "elevation_m": 3273, "maws": 3.35, "mawpd": 81.2, "pdf_page": 11, "source_table": "Mast", "project_type": null, "is_revision": false, "state": "LADAKH", "status": "Closed", "clean_notes": null, "review_required": false, "review_reason": null, "latitude": 34.052222, "longitude": 77.623333}}, {"type": "Feature", "geometry": {"type": "Point", "coordinates": [77.469444, 34.149167]}, "properties": {"id": "S0814", "serial_no": 806, "state_serial_no": 11, "station_name": "PHYANG", "district": "LEH", "commenced_on": "1997-09-22", "closed_on": "1999-10-13", "financial_year_commenced": "1997-1998", "financial_year_closed": "1999-2000", "mast_height_m": 25, "elevation_m": 3301, "maws": 4.44, "mawpd": 113.2, "pdf_page": 11, "source_table": "Mast", "project_type": null, "is_revision": false, "state": "LADAKH", "status": "Closed", "clean_notes": null, "review_required": false, "review_reason": null, "latitude": 34.149167, "longitude": 77.469444}}, {"type": "Feature", "geometry": {"type": "Point", "coordinates": [77.7125, 34.481111]}, "properties": {"id": "S0815", "serial_no": 807, "state_serial_no": 12, "station_name": "KHALSAR", "district": "LEH", "commenced_on": "2007-09-29", "closed_on": "2009-12-09", "financial_year_commenced": "2007-2008", "financial_year_closed": "2009-2010", "mast_height_m": 50, "elevation_m": 3512, "maws": 3.82, "mawpd": 79, "pdf_page": 11, "source_table": "Mast", "project_type": null, "is_revision": false, "state": "LADAKH", "status": "Closed", "clean_notes": null, "review_required": false, "review_reason": null, "latitude": 34.481111, "longitude": 77.7125}}, {"type": "Feature", "geometry": {"type": "Point", "coordinates": [78.603611, 33.198333]}, "properties": {"id": "S0816", "serial_no": 808, "state_serial_no": 13, "station_name": "NYOMA", "district": "LEH", "commenced_on": "2007-10-02", "closed_on": "2009-12-02", "financial_year_commenced": "2007-2008", "financial_year_closed": "2009-2010", "mast_height_m": 50, "elevation_m": 4175, "maws": 4.08, "mawpd": 77, "pdf_page": 11, "source_table": "Mast", "project_type": null, "is_revision": false, "state": "LADAKH", "status": "Closed", "clean_notes": null, "review_required": false, "review_reason": null, "latitude": 33.198333, "longitude": 78.603611}}, {"type": "Feature", "geometry": {"type": "Point", "coordinates": [77.481056, 34.139944]}, "properties": {"id": "S0817", "serial_no": 809, "state_serial_no": 14, "station_name": "TARU", "district": "LEH", "commenced_on": "2011-08-24", "closed_on": "2013-05-28", "financial_year_commenced": "2011-2012", "financial_year_closed": "2013-2014", "mast_height_m": 50, "elevation_m": 3242, "maws": 4.37, "mawpd": 128.29, "pdf_page": 11, "source_table": "Mast", "project_type": null, "is_revision": false, "state": "LADAKH", "status": "Closed", "clean_notes": null, "review_required": false, "review_reason": null, "latitude": 34.139944, "longitude": 77.481056}}, {"type": "Feature", "geometry": {"type": "Point", "coordinates": [76.701722, 34.289889]}, "properties": {"id": "S0818", "serial_no": 810, "state_serial_no": 15, "station_name": "FOTU LA", "district": "LEH", "commenced_on": "2011-08-27", "closed_on": "2014-04-10", "financial_year_commenced": "2011-2012", "financial_year_closed": "2014-2015", "mast_height_m": 50, "elevation_m": 4117, "maws": null, "mawpd": null, "pdf_page": 11, "source_table": "Mast", "project_type": null, "is_revision": false, "state": "LADAKH", "status": "Closed", "clean_notes": null, "review_required": false, "review_reason": null, "latitude": 34.289889, "longitude": 76.701722}}, {"type": "Feature", "geometry": {"type": "Point", "coordinates": [77.807, 33.838972]}, "properties": {"id": "S0819", "serial_no": 811, "state_serial_no": 16, "station_name": "UPSHI", "district": "LEH", "commenced_on": "2011-08-25", "closed_on": "2013-05-28", "financial_year_commenced": "2011-2012", "financial_year_closed": "2013-2014", "mast_height_m": 50, "elevation_m": 3426, "maws": 3.51, "mawpd": 56.81, "pdf_page": 11, "source_table": "Mast", "project_type": null, "is_revision": false, "state": "LADAKH", "status": "Closed", "clean_notes": null, "review_required": false, "review_reason": null, "latitude": 33.838972, "longitude": 77.807}}, {"type": "Feature", "geometry": {"type": "Point", "coordinates": [77.569722, 34.554222]}, "properties": {"id": "S0820", "serial_no": 812, "state_serial_no": 17, "station_name": "DISKIT", "district": "LEH", "commenced_on": "2011-08-30", "closed_on": "2013-05-28", "financial_year_commenced": "2011-2012", "financial_year_closed": "2013-2014", "mast_height_m": 50, "elevation_m": 3119, "maws": 3.12, "mawpd": 43.31, "pdf_page": 11, "source_table": "Mast", "project_type": null, "is_revision": false, "state": "LADAKH", "status": "Closed", "clean_notes": null, "review_required": false, "review_reason": null, "latitude": 34.554222, "longitude": 77.569722}}, {"type": "Feature", "geometry": {"type": "Point", "coordinates": [78.890222, 32.758944]}, "properties": {"id": "S0821", "serial_no": 813, "state_serial_no": 18, "station_name": "HANLEY", "district": "LEH", "commenced_on": "2011-09-03", "closed_on": "2013-05-28", "financial_year_commenced": "2011-2012", "financial_year_closed": "2013-2014", "mast_height_m": 50, "elevation_m": 4343, "maws": 4.88, "mawpd": 106.66, "pdf_page": 11, "source_table": "Mast", "project_type": null, "is_revision": false, "state": "LADAKH", "status": "Closed", "clean_notes": null, "review_required": false, "review_reason": null, "latitude": 32.758944, "longitude": 78.890222}}, {"type": "Feature", "geometry": {"type": "Point", "coordinates": [78.643278, 33.586639]}, "properties": {"id": "S0822", "serial_no": 814, "state_serial_no": 19, "station_name": "CHUSHUL", "district": "LEH", "commenced_on": "2011-09-01", "closed_on": "2013-05-28", "financial_year_commenced": "2011-2012", "financial_year_closed": "2013-2014", "mast_height_m": 50, "elevation_m": 4533, "maws": 6.6, "mawpd": 211.1, "pdf_page": 11, "source_table": "Mast", "project_type": null, "is_revision": false, "state": "LADAKH", "status": "Closed", "clean_notes": null, "review_required": false, "review_reason": null, "latitude": 33.586639, "longitude": 78.643278}}, {"type": "Feature", "geometry": {"type": "Point", "coordinates": [75.984917, 34.399889]}, "properties": {"id": "S0823", "serial_no": 815, "state_serial_no": 20, "station_name": "KHUMBUTHANG", "district": "KARGIL", "commenced_on": "2011-10-13", "closed_on": "2013-05-28", "financial_year_commenced": "2011-2012", "financial_year_closed": "2013-2014", "mast_height_m": 50, "elevation_m": 3072, "maws": 3.12, "mawpd": 65.42, "pdf_page": 11, "source_table": "Mast", "project_type": null, "is_revision": false, "state": "LADAKH", "status": "Closed", "clean_notes": null, "review_required": false, "review_reason": null, "latitude": 34.399889, "longitude": 75.984917}}, {"type": "Feature", "geometry": {"type": "Point", "coordinates": [76.884667, 33.488861]}, "properties": {"id": "S0824", "serial_no": 816, "state_serial_no": 21, "station_name": "PHOTANG", "district": "KARGIL", "commenced_on": "2011-10-16", "closed_on": "2013-05-28", "financial_year_commenced": "2011-2012", "financial_year_closed": "2013-2014", "mast_height_m": 50, "elevation_m": 3555, "maws": 4.7, "mawpd": 156.96, "pdf_page": 11, "source_table": "Mast", "project_type": null, "is_revision": false, "state": "LADAKH", "status": "Closed", "clean_notes": null, "review_required": false, "review_reason": null, "latitude": 33.488861, "longitude": 76.884667}}, {"type": "Feature", "geometry": {"type": "Point", "coordinates": [76.373667, 34.035667]}, "properties": {"id": "S0825", "serial_no": 817, "state_serial_no": 22, "station_name": "RUNGDUM", "district": "KARGIL", "commenced_on": "2011-10-17", "closed_on": "2013-05-28", "financial_year_commenced": "2011-2012", "financial_year_closed": "2013-2014", "mast_height_m": 50, "elevation_m": 4040, "maws": 3.11, "mawpd": 46.94, "pdf_page": 11, "source_table": "Mast", "project_type": null, "is_revision": false, "state": "LADAKH", "status": "Closed", "clean_notes": null, "review_required": false, "review_reason": null, "latitude": 34.035667, "longitude": 76.373667}}, {"type": "Feature", "geometry": {"type": "Point", "coordinates": [76.275139, 34.584]}, "properties": {"id": "S0826", "serial_no": 818, "state_serial_no": 23, "station_name": "HAMBOTINGLA", "district": "KARGIL", "commenced_on": "2011-10-21", "closed_on": "2013-05-28", "financial_year_commenced": "2011-2012", "financial_year_closed": "2013-2014", "mast_height_m": 50, "elevation_m": 4078, "maws": 4.15, "mawpd": 87.73, "pdf_page": 11, "source_table": "Mast", "project_type": null, "is_revision": false, "state": "LADAKH", "status": "Closed", "clean_notes": null, "review_required": false, "review_reason": null, "latitude": 34.584, "longitude": 76.275139}}, {"type": "Feature", "geometry": {"type": "Point", "coordinates": [75.730694, 34.425194]}, "properties": {"id": "S0827", "serial_no": 819, "state_serial_no": 24, "station_name": "LAKTHANG", "district": "KARGIL", "commenced_on": "2011-10-22", "closed_on": "2013-05-28", "financial_year_commenced": "2011-2012", "financial_year_closed": "2013-2014", "mast_height_m": 50, "elevation_m": 3121, "maws": 3.29, "mawpd": 63.72, "pdf_page": 11, "source_table": "Mast", "project_type": null, "is_revision": false, "state": "LADAKH", "status": "Closed", "clean_notes": null, "review_required": false, "review_reason": null, "latitude": 34.425194, "longitude": 75.730694}}, {"type": "Feature", "geometry": {"type": "Point", "coordinates": [76.336917, 34.567767]}, "properties": {"id": "S0828", "serial_no": 820, "state_serial_no": 25, "station_name": "SHASITHANG", "district": "KARGIL", "commenced_on": "2021-10-21", "closed_on": null, "financial_year_commenced": "2021-2022", "financial_year_closed": null, "mast_height_m": 50, "elevation_m": 4273, "maws": null, "mawpd": null, "pdf_page": 11, "source_table": "Mast", "project_type": null, "is_revision": false, "state": "LADAKH", "status": "Operational", "clean_notes": null, "review_required": false, "review_reason": null, "latitude": 34.567767, "longitude": 76.336917}}, {"type": "Feature", "geometry": {"type": "Point", "coordinates": [77.128611, 28.294722]}, "properties": {"id": "S0829", "serial_no": 821, "state_serial_no": 1, "station_name": "ABHEPUR", "district": "GURGAON", "commenced_on": "1998-11-21", "closed_on": "2000-10-21", "financial_year_commenced": "1998-1999", "financial_year_closed": "2000-2001", "mast_height_m": 25, "elevation_m": 255, "maws": 3.64, "mawpd": 53, "pdf_page": 11, "source_table": "Mast", "project_type": null, "is_revision": false, "state": "HARYANA", "status": "Closed", "clean_notes": null, "review_required": false, "review_reason": null, "latitude": 28.294722, "longitude": 77.128611}}, {"type": "Feature", "geometry": {"type": "Point", "coordinates": [77.121944, 30.665]}, "properties": {"id": "S0830", "serial_no": 822, "state_serial_no": 2, "station_name": "MORNI HILLS", "district": "PANCHKULA", "commenced_on": "1999-01-20", "closed_on": "2000-10-19", "financial_year_commenced": "1998-1999", "financial_year_closed": "2000-2001", "mast_height_m": 25, "elevation_m": 1104, "maws": 4, "mawpd": 84.9, "pdf_page": 11, "source_table": "Mast", "project_type": null, "is_revision": false, "state": "HARYANA", "status": "Closed", "clean_notes": null, "review_required": false, "review_reason": null, "latitude": 30.665, "longitude": 77.121944}}, {"type": "Feature", "geometry": {"type": "Point", "coordinates": [76.179167, 28.082222]}, "properties": {"id": "S0831", "serial_no": 823, "state_serial_no": 3, "station_name": "RAGHUNATHPUR", "district": "MAHENDRAGARH", "commenced_on": "2002-09-11", "closed_on": "2004-03-17", "financial_year_commenced": "2002-2003", "financial_year_closed": "2003-2004", "mast_height_m": 25, "elevation_m": 295, "maws": 2.81, "mawpd": 30, "pdf_page": 11, "source_table": "Mast", "project_type": null, "is_revision": false, "state": "HARYANA", "status": "Closed", "clean_notes": null, "review_required": false, "review_reason": null, "latitude": 28.082222, "longitude": 76.179167}}, {"type": "Feature", "geometry": {"type": "Point", "coordinates": [76.968056, 28.149167]}, "properties": {"id": "S0832", "serial_no": 824, "state_serial_no": 4, "station_name": "SILKHAH", "district": "GURGAON", "commenced_on": "2004-05-06", "closed_on": "2006-05-03", "financial_year_commenced": "2004-2005", "financial_year_closed": "2006-2007", "mast_height_m": 50, "elevation_m": 350, "maws": 5.18, "mawpd": 124, "pdf_page": 11, "source_table": "Mast", "project_type": null, "is_revision": false, "state": "HARYANA", "status": "Closed", "clean_notes": null, "review_required": false, "review_reason": null, "latitude": 28.149167, "longitude": 76.968056}}, {"type": "Feature", "geometry": {"type": "Point", "coordinates": [77.075833, 30.697222]}, "properties": {"id": "S0833", "serial_no": 825, "state_serial_no": 5, "station_name": "BAHLON", "district": "PANCHKULA", "commenced_on": "2007-12-23", "closed_on": "2009-12-17", "financial_year_commenced": "2007-2008", "financial_year_closed": "2009-2010", "mast_height_m": 50, "elevation_m": 1105, "maws": 3.67, "mawpd": 57.11, "pdf_page": 11, "source_table": "Mast", "project_type": null, "is_revision": false, "state": "HARYANA", "status": "Closed", "clean_notes": null, "review_required": false, "review_reason": null, "latitude": 30.697222, "longitude": 77.075833}}, {"type": "Feature", "geometry": {"type": "Point", "coordinates": [76.033889, 27.910833]}, "properties": {"id": "S0834", "serial_no": 826, "state_serial_no": 6, "station_name": "ISLAMPURA", "district": "MAHENDRAGARH", "commenced_on": "2008-05-09", "closed_on": "2010-06-30", "financial_year_commenced": "2008-2009", "financial_year_closed": "2010-2011", "mast_height_m": 50, "elevation_m": 351, "maws": 3.35, "mawpd": 48.83, "pdf_page": 11, "source_table": "Mast", "project_type": null, "is_revision": false, "state": "HARYANA", "status": "Closed", "clean_notes": null, "review_required": false, "review_reason": null, "latitude": 27.910833, "longitude": 76.033889}}, {"type": "Feature", "geometry": {"type": "Point", "coordinates": [85.3075, 23.522222]}, "properties": {"id": "S0835", "serial_no": 827, "state_serial_no": 1, "station_name": "PITHAURIA", "district": "RANCHI", "commenced_on": "2004-04-30", "closed_on": "2006-11-01", "financial_year_commenced": "2004-2005", "financial_year_closed": "2006-2007", "mast_height_m": 50, "elevation_m": 688, "maws": 4.41, "mawpd": 78, "pdf_page": 11, "source_table": "Mast", "project_type": null, "is_revision": false, "state": "JHARKHAND", "status": "Closed", "clean_notes": null, "review_required": false, "review_reason": null, "latitude": 23.522222, "longitude": 85.3075}}, {"type": "Feature", "geometry": {"type": "Point", "coordinates": [84.257917, 23.3405]}, "properties": {"id": "S0836", "serial_no": 828, "state_serial_no": 2, "station_name": "SHAKHUWAPANI", "district": "GUMLA", "commenced_on": "2009-02-20", "closed_on": "2011-03-16", "financial_year_commenced": "2008-2009", "financial_year_closed": "2010-2011", "mast_height_m": 50, "elevation_m": 1094, "maws": 4.29, "mawpd": 63, "pdf_page": 11, "source_table": "Mast", "project_type": null, "is_revision": false, "state": "JHARKHAND", "status": "Closed", "clean_notes": null, "review_required": false, "review_reason": null, "latitude": 23.3405, "longitude": 84.257917}}, {"type": "Feature", "geometry": {"type": "Point", "coordinates": [84.486944, 22.581389]}, "properties": {"id": "S0837", "serial_no": 829, "state_serial_no": 3, "station_name": "METRAMETA", "district": "SIMDEGA", "commenced_on": "2009-02-22", "closed_on": "2011-11-30", "financial_year_commenced": "2008-2009", "financial_year_closed": "2011-2012", "mast_height_m": 50, "elevation_m": 433, "maws": 3.11, "mawpd": 32.36, "pdf_page": 11, "source_table": "Mast", "project_type": null, "is_revision": false, "state": "JHARKHAND", "status": "Closed", "clean_notes": null, "review_required": false, "review_reason": null, "latitude": 22.581389, "longitude": 84.486944}}, {"type": "Feature", "geometry": {"type": "Point", "coordinates": [82.125, 24.822222]}, "properties": {"id": "S0838", "serial_no": 830, "state_serial_no": 1, "station_name": "DRUMMONDGANJ", "district": "MIRZAPUR", "commenced_on": "2004-06-10", "closed_on": "2006-02-15", "financial_year_commenced": "2004-2005", "financial_year_closed": "2005-2006", "mast_height_m": 50, "elevation_m": 365, "maws": 4.37, "mawpd": 98, "pdf_page": 11, "source_table": "Mast", "project_type": null, "is_revision": false, "state": "UTTAR PRADESH", "status": "Closed", "clean_notes": null, "review_required": false, "review_reason": null, "latitude": 24.822222, "longitude": 82.125}}, {"type": "Feature", "geometry": {"type": "Point", "coordinates": [78.416389, 24.295278]}, "properties": {"id": "S0839", "serial_no": 831, "state_serial_no": 2, "station_name": "PIPARIA JAGIR", "district": "LALITHPUR", "commenced_on": "2004-06-13", "closed_on": "2006-02-02", "financial_year_commenced": "2004-2005", "financial_year_closed": "2005-2006", "mast_height_m": 50, "elevation_m": 466, "maws": 4.75, "mawpd": 99, "pdf_page": 11, "source_table": "Mast", "project_type": null, "is_revision": false, "state": "UTTAR PRADESH", "status": "Closed", "clean_notes": null, "review_required": false, "review_reason": null, "latitude": 24.295278, "longitude": 78.416389}}, {"type": "Feature", "geometry": {"type": "Point", "coordinates": [81.196389, 26.294444]}, "properties": {"id": "S0840", "serial_no": 832, "state_serial_no": 3, "station_name": "INDRAJ", "district": "RAEBARELI", "commenced_on": "2006-07-16", "closed_on": "2008-07-18", "financial_year_commenced": "2006-2007", "financial_year_closed": "2008-2009", "mast_height_m": 50, "elevation_m": 110, "maws": 3.97, "mawpd": 69.53, "pdf_page": 11, "source_table": "Mast", "project_type": null, "is_revision": false, "state": "UTTAR PRADESH", "status": "Closed", "clean_notes": null, "review_required": false, "review_reason": null, "latitude": 26.294444, "longitude": 81.196389}}, {"type": "Feature", "geometry": {"type": "Point", "coordinates": [79.148056, 26.8675]}, "properties": {"id": "S0841", "serial_no": 833, "state_serial_no": 4, "station_name": "KUSHALI", "district": "ETAWA", "commenced_on": "2007-12-05", "closed_on": "2010-01-22", "financial_year_commenced": "2007-2008", "financial_year_closed": "2009-2010", "mast_height_m": 50, "elevation_m": 141, "maws": 4.05, "mawpd": 72.65, "pdf_page": 11, "source_table": "Mast", "project_type": null, "is_revision": false, "state": "UTTAR PRADESH", "status": "Closed", "clean_notes": null, "review_required": false, "review_reason": null, "latitude": 26.8675, "longitude": 79.148056}}, {"type": "Feature", "geometry": {"type": "Point", "coordinates": [77.61, 27.102417]}, "properties": {"id": "S0842", "serial_no": 834, "state_serial_no": 5, "station_name": "PATSAL", "district": "AGRA", "commenced_on": "2007-12-07", "closed_on": "2010-03-19", "financial_year_commenced": "2007-2008", "financial_year_closed": "2009-2010", "mast_height_m": 50, "elevation_m": 168, "maws": 3.97, "mawpd": 68.88, "pdf_page": 11, "source_table": "Mast", "project_type": null, "is_revision": false, "state": "UTTAR PRADESH", "status": "Closed", "clean_notes": null, "review_required": false, "review_reason": null, "latitude": 27.102417, "longitude": 77.61}}, {"type": "Feature", "geometry": {"type": "Point", "coordinates": [79.213056, 27.802222]}, "properties": {"id": "S0843", "serial_no": 835, "state_serial_no": 6, "station_name": "GARHIA HARDOPATTI", "district": "BUDAUN", "commenced_on": "2007-12-10", "closed_on": "2009-11-17", "financial_year_commenced": "2007-2008", "financial_year_closed": "2009-2010", "mast_height_m": 50, "elevation_m": 140, "maws": 3.34, "mawpd": 44.83, "pdf_page": 11, "source_table": "Mast", "project_type": null, "is_revision": false, "state": "UTTAR PRADESH", "status": "Closed", "clean_notes": null, "review_required": false, "review_reason": null, "latitude": 27.802222, "longitude": 79.213056}}, {"type": "Feature", "geometry": {"type": "Point", "coordinates": [78.394167, 25.406667]}, "properties": {"id": "S0844", "serial_no": 836, "state_serial_no": 7, "station_name": "RAJAPUR", "district": "JHANSI", "commenced_on": "2008-05-07", "closed_on": "2010-06-30", "financial_year_commenced": "2008-2009", "financial_year_closed": "2010-2011", "mast_height_m": 50, "elevation_m": 291, "maws": 4.16, "mawpd": 68.75, "pdf_page": 12, "source_table": "Mast", "project_type": null, "is_revision": false, "state": "UTTAR PRADESH", "status": "Closed", "clean_notes": null, "review_required": false, "review_reason": null, "latitude": 25.406667, "longitude": 78.394167}}, {"type": "Feature", "geometry": {"type": "Point", "coordinates": [83.017111, 24.628222]}, "properties": {"id": "S0845", "serial_no": 837, "state_serial_no": 8, "station_name": "GARAURA", "district": "ROBERTSGANJ", "commenced_on": "2009-02-07", "closed_on": "2011-04-16", "financial_year_commenced": "2008-2009", "financial_year_closed": "2011-2012", "mast_height_m": 50, "elevation_m": 392, "maws": 4.22, "mawpd": 75, "pdf_page": 12, "source_table": "Mast", "project_type": null, "is_revision": false, "state": "UTTAR PRADESH", "status": "Closed", "clean_notes": null, "review_required": false, "review_reason": null, "latitude": 24.628222, "longitude": 83.017111}}, {"type": "Feature", "geometry": {"type": "Point", "coordinates": [79.866361, 25.263833]}, "properties": {"id": "S0846", "serial_no": 838, "state_serial_no": 9, "station_name": "MAMNA", "district": "MAHOBA", "commenced_on": "2009-07-02", "closed_on": "2011-07-30", "financial_year_commenced": "2009-2010", "financial_year_closed": "2011-2012", "mast_height_m": 50, "elevation_m": 208, "maws": 3.87, "mawpd": 63, "pdf_page": 12, "source_table": "Mast", "project_type": null, "is_revision": false, "state": "UTTAR PRADESH", "status": "Closed", "clean_notes": null, "review_required": false, "review_reason": null, "latitude": 25.263833, "longitude": 79.866361}}, {"type": "Feature", "geometry": {"type": "Point", "coordinates": [81.087361, 25.090389]}, "properties": {"id": "S0847", "serial_no": 839, "state_serial_no": 10, "station_name": "MANIPUR", "district": "CHITRKOODAM", "commenced_on": "2009-07-05", "closed_on": "2011-07-30", "financial_year_commenced": "2009-2010", "financial_year_closed": "2011-2012", "mast_height_m": 50, "elevation_m": 254, "maws": 4.16, "mawpd": 81, "pdf_page": 12, "source_table": "Mast", "project_type": null, "is_revision": false, "state": "UTTAR PRADESH", "status": "Closed", "clean_notes": null, "review_required": false, "review_reason": null, "latitude": 25.090389, "longitude": 81.087361}}, {"type": "Feature", "geometry": {"type": "Point", "coordinates": [83.3825, 26.930306]}, "properties": {"id": "S0848", "serial_no": 840, "state_serial_no": 11, "station_name": "BHAGAWANPUR", "district": "GORAKHPUR", "commenced_on": "2009-06-09", "closed_on": "2011-10-30", "financial_year_commenced": "2009-2010", "financial_year_closed": "2011-2012", "mast_height_m": 50, "elevation_m": 55, "maws": 3.7, "mawpd": 58.69, "pdf_page": 12, "source_table": "Mast", "project_type": null, "is_revision": false, "state": "UTTAR PRADESH", "status": "Closed", "clean_notes": null, "review_required": false, "review_reason": null, "latitude": 26.930306, "longitude": 83.3825}}, {"type": "Feature", "geometry": {"type": "Point", "coordinates": [82.693222, 27.119694]}, "properties": {"id": "S0849", "serial_no": 841, "state_serial_no": 12, "station_name": "CHOUKONIA", "district": "SIDDHARTA NAGAR", "commenced_on": "2014-08-16", "closed_on": "2016-08-10", "financial_year_commenced": "2014-2015", "financial_year_closed": "2016-2017", "mast_height_m": 80, "elevation_m": 92, "maws": 4.6, "mawpd": 122.14, "pdf_page": 12, "source_table": "Mast", "project_type": null, "is_revision": false, "state": "UTTAR PRADESH", "status": "Closed", "clean_notes": null, "review_required": false, "review_reason": null, "latitude": 27.119694, "longitude": 82.693222}}, {"type": "Feature", "geometry": {"type": "Point", "coordinates": [81.940889, 27.023556]}, "properties": {"id": "S0850", "serial_no": 842, "state_serial_no": 13, "station_name": "AHIRANPURWA", "district": "GONDA", "commenced_on": "2014-08-13", "closed_on": "2016-08-10", "financial_year_commenced": "2014-2015", "financial_year_closed": "2016-2017", "mast_height_m": 80, "elevation_m": 102, "maws": 4.37, "mawpd": 100.44, "pdf_page": 12, "source_table": "Mast", "project_type": null, "is_revision": false, "state": "UTTAR PRADESH", "status": "Closed", "clean_notes": null, "review_required": false, "review_reason": null, "latitude": 27.023556, "longitude": 81.940889}}, {"type": "Feature", "geometry": {"type": "Point", "coordinates": [82.340861, 27.458194]}, "properties": {"id": "S0851", "serial_no": 843, "state_serial_no": 14, "station_name": "NAGESHWARIJOTH", "district": "BALRAMPUR", "commenced_on": "2014-09-19", "closed_on": "2016-08-10", "financial_year_commenced": "2014-2015", "financial_year_closed": "2016-2017", "mast_height_m": 80, "elevation_m": 98, "maws": 4.52, "mawpd": 114.49, "pdf_page": 12, "source_table": "Mast", "project_type": null, "is_revision": false, "state": "UTTAR PRADESH", "status": "Closed", "clean_notes": null, "review_required": false, "review_reason": null, "latitude": 27.458194, "longitude": 82.340861}}, {"type": "Feature", "geometry": {"type": "Point", "coordinates": [78.3511, 24.91155]}, "properties": {"id": "S0852", "serial_no": 844, "state_serial_no": 15, "station_name": "JAKHORA (LALITPUR)", "district": "LALITPUR", "commenced_on": "2020-10-02", "closed_on": "2022-06-30", "financial_year_commenced": "2020-2021", "financial_year_closed": "2022-2023", "mast_height_m": 100, "elevation_m": 343, "maws": null, "mawpd": null, "pdf_page": 12, "source_table": "Mast", "project_type": null, "is_revision": false, "state": "UTTAR PRADESH", "status": "Closed", "clean_notes": null, "review_required": false, "review_reason": null, "latitude": 24.91155, "longitude": 78.3511}}, {"type": "Feature", "geometry": {"type": "Point", "coordinates": [74.0825, 14.955278]}, "properties": {"id": "S0853", "serial_no": 845, "state_serial_no": 1, "station_name": "LOLIEM", "district": "SOUTH GOA", "commenced_on": "2005-01-20", "closed_on": "2006-04-17", "financial_year_commenced": "2004-2005", "financial_year_closed": "2006-2007", "mast_height_m": 50, "elevation_m": 118, "maws": 4.01, "mawpd": 81, "pdf_page": 12, "source_table": "Mast", "project_type": null, "is_revision": false, "state": "GOA", "status": "Closed", "clean_notes": null, "review_required": false, "review_reason": null, "latitude": 14.955278, "longitude": 74.0825}}, {"type": "Feature", "geometry": {"type": "Point", "coordinates": [73.799583, 15.700167]}, "properties": {"id": "S0854", "serial_no": 846, "state_serial_no": 2, "station_name": "PERNAM", "district": "NORTH GOA", "commenced_on": "2010-01-21", "closed_on": "2012-07-30", "financial_year_commenced": "2009-2010", "financial_year_closed": "2012-2013", "mast_height_m": 50, "elevation_m": 120, "maws": 3.7, "mawpd": 49.58, "pdf_page": 12, "source_table": "Mast", "project_type": null, "is_revision": false, "state": "GOA", "status": "Closed", "clean_notes": null, "review_required": false, "review_reason": null, "latitude": 15.700167, "longitude": 73.799583}}, {"type": "Feature", "geometry": {"type": "Point", "coordinates": [73.949556, 15.139381]}, "properties": {"id": "S0855", "serial_no": 847, "state_serial_no": 3, "station_name": "BETUL", "district": "SOUTH GOA", "commenced_on": "2010-01-23", "closed_on": "2012-07-30", "financial_year_commenced": "2009-2010", "financial_year_closed": "2012-2013", "mast_height_m": 50, "elevation_m": 59, "maws": 3.8, "mawpd": 64, "pdf_page": 12, "source_table": "Mast", "project_type": null, "is_revision": false, "state": "GOA", "status": "Closed", "clean_notes": null, "review_required": false, "review_reason": null, "latitude": 15.139381, "longitude": 73.949556}}, {"type": "Feature", "geometry": {"type": "Point", "coordinates": [73.910222, 15.601028]}, "properties": {"id": "S0856", "serial_no": 848, "state_serial_no": 4, "station_name": "SIRIGAO", "district": "NORTH GOA", "commenced_on": "2010-12-04", "closed_on": "2012-11-30", "financial_year_commenced": "2010-2011", "financial_year_closed": "2012-2013", "mast_height_m": 50, "elevation_m": 143, "maws": 4.26, "mawpd": 85.42, "pdf_page": 12, "source_table": "Mast", "project_type": null, "is_revision": false, "state": "GOA", "status": "Closed", "clean_notes": null, "review_required": false, "review_reason": null, "latitude": 15.601028, "longitude": 73.910222}}, {"type": "Feature", "geometry": {"type": "Point", "coordinates": [92.26075, 23.822111]}, "properties": {"id": "S0857", "serial_no": 849, "state_serial_no": 1, "station_name": "PHULDANGSAI", "district": "NORTH TRIPURA", "commenced_on": "2005-01-28", "closed_on": "2007-01-21", "financial_year_commenced": "2004-2005", "financial_year_closed": "2006-2007", "mast_height_m": 25, "elevation_m": 862, "maws": 3.8, "mawpd": 70.38, "pdf_page": 12, "source_table": "Mast", "project_type": null, "is_revision": false, "state": "TRIPURA", "status": "Closed", "clean_notes": null, "review_required": false, "review_reason": null, "latitude": 23.822111, "longitude": 92.26075}}, {"type": "Feature", "geometry": {"type": "Point", "coordinates": [92.2715, 23.907972]}, "properties": {"id": "S0858", "serial_no": 850, "state_serial_no": 2, "station_name": "TLANGSANG", "district": "NORTH TRIPURA", "commenced_on": "2005-01-29", "closed_on": "2007-01-21", "financial_year_commenced": "2004-2005", "financial_year_closed": "2006-2007", "mast_height_m": 25, "elevation_m": 755, "maws": 3.9, "mawpd": 74, "pdf_page": 12, "source_table": "Mast", "project_type": null, "is_revision": false, "state": "TRIPURA", "status": "Closed", "clean_notes": null, "review_required": false, "review_reason": null, "latitude": 23.907972, "longitude": 92.2715}}, {"type": "Feature", "geometry": {"type": "Point", "coordinates": [92.277778, 23.988889]}, "properties": {"id": "S0859", "serial_no": 851, "state_serial_no": 3, "station_name": "VANGHMUN", "district": "NORTH TRIPURA", "commenced_on": "2005-01-30", "closed_on": "2007-01-21", "financial_year_commenced": "2004-2005", "financial_year_closed": "2006-2007", "mast_height_m": 25, "elevation_m": 680, "maws": 3.5, "mawpd": 56, "pdf_page": 12, "source_table": "Mast", "project_type": null, "is_revision": false, "state": "TRIPURA", "status": "Closed", "clean_notes": null, "review_required": false, "review_reason": null, "latitude": 23.988889, "longitude": 92.277778}}, {"type": "Feature", "geometry": {"type": "Point", "coordinates": [91.629722, 23.118611]}, "properties": {"id": "S0860", "serial_no": 852, "state_serial_no": 4, "station_name": "KALACHERA", "district": "SOUTH TRIPURA", "commenced_on": "2008-09-01", "closed_on": "2010-09-30", "financial_year_commenced": "2008-2009", "financial_year_closed": "2010-2011", "mast_height_m": 50, "elevation_m": 51, "maws": 2.85, "mawpd": 30, "pdf_page": 12, "source_table": "Mast", "project_type": null, "is_revision": false, "state": "TRIPURA", "status": "Closed", "clean_notes": null, "review_required": false, "review_reason": null, "latitude": 23.118611, "longitude": 91.629722}}, {"type": "Feature", "geometry": {"type": "Point", "coordinates": [91.424528, 23.8405]}, "properties": {"id": "S0861", "serial_no": 853, "state_serial_no": 5, "station_name": "BARJOLA", "district": "WEST TRIPURA", "commenced_on": "2009-03-30", "closed_on": "2011-06-30", "financial_year_commenced": "2008-2009", "financial_year_closed": "2011-2012", "mast_height_m": 50, "elevation_m": 44, "maws": 3.16, "mawpd": 39.78, "pdf_page": 12, "source_table": "Mast", "project_type": null, "is_revision": false, "state": "TRIPURA", "status": "Closed", "clean_notes": null, "review_required": false, "review_reason": null, "latitude": 23.8405, "longitude": 91.424528}}, {"type": "Feature", "geometry": {"type": "Point", "coordinates": [91.478383, 23.642372]}, "properties": {"id": "S0862", "serial_no": 854, "state_serial_no": 6, "station_name": "UDAIPUR", "district": "SOUTH TRIPURA", "commenced_on": "2015-04-14", "closed_on": "2017-07-31", "financial_year_commenced": "2015-2016", "financial_year_closed": "2017-2018", "mast_height_m": 50, "elevation_m": 80, "maws": 3.25, "mawpd": 39.14, "pdf_page": 12, "source_table": "Mast", "project_type": null, "is_revision": false, "state": "TRIPURA", "status": "Closed", "clean_notes": null, "review_required": false, "review_reason": null, "latitude": 23.642372, "longitude": 91.478383}}, {"type": "Feature", "geometry": {"type": "Point", "coordinates": [91.861642, 23.929258]}, "properties": {"id": "S0863", "serial_no": 855, "state_serial_no": 7, "station_name": "AMBASSA", "district": "DHALAI", "commenced_on": "2015-04-20", "closed_on": "2019-03-28", "financial_year_commenced": "2015-2016", "financial_year_closed": "2018-2019", "mast_height_m": 50, "elevation_m": 68, "maws": 2.29, "mawpd": 15.13, "pdf_page": 12, "source_table": "Mast", "project_type": null, "is_revision": false, "state": "TRIPURA", "status": "Closed", "clean_notes": null, "review_required": false, "review_reason": null, "latitude": 23.929258, "longitude": 91.861642}}, {"type": "Feature", "geometry": {"type": "Point", "coordinates": [91.647833, 23.541639]}, "properties": {"id": "S0864", "serial_no": 856, "state_serial_no": 8, "station_name": "AMARAPUR", "district": "GOMATI", "commenced_on": "2017-12-05", "closed_on": "2019-12-31", "financial_year_commenced": "2017-2018", "financial_year_closed": "2019-2020", "mast_height_m": 50, "elevation_m": 40, "maws": 2.47, "mawpd": 19.45, "pdf_page": 12, "source_table": "Mast", "project_type": null, "is_revision": false, "state": "TRIPURA", "status": "Closed", "clean_notes": null, "review_required": false, "review_reason": null, "latitude": 23.541639, "longitude": 91.647833}}, {"type": "Feature", "geometry": {"type": "Point", "coordinates": [91.63625, 24.026194]}, "properties": {"id": "S0865", "serial_no": 857, "state_serial_no": 9, "station_name": "KHOWAI", "district": "WEST TRIPURA", "commenced_on": "2017-12-04", "closed_on": "2019-12-31", "financial_year_commenced": "2017-2018", "financial_year_closed": "2019-2020", "mast_height_m": 50, "elevation_m": 45, "maws": 2.5, "mawpd": 18.98, "pdf_page": 12, "source_table": "Mast", "project_type": null, "is_revision": false, "state": "TRIPURA", "status": "Closed", "clean_notes": null, "review_required": false, "review_reason": null, "latitude": 24.026194, "longitude": 91.63625}}, {"type": "Feature", "geometry": {"type": "Point", "coordinates": [91.4685, 23.745972]}, "properties": {"id": "S0866", "serial_no": 858, "state_serial_no": 10, "station_name": "JAMPUJALA", "district": "WEST TRIPURA", "commenced_on": "2018-01-28", "closed_on": "2019-11-06", "financial_year_commenced": "2017-2018", "financial_year_closed": "2019-2020", "mast_height_m": 50, "elevation_m": 74, "maws": 3.43, "mawpd": 39.14, "pdf_page": 12, "source_table": "Mast", "project_type": null, "is_revision": false, "state": "TRIPURA", "status": "Closed", "clean_notes": null, "review_required": false, "review_reason": null, "latitude": 23.745972, "longitude": 91.4685}}, {"type": "Feature", "geometry": {"type": "Point", "coordinates": [91.190417, 23.726056]}, "properties": {"id": "S0867", "serial_no": 859, "state_serial_no": 11, "station_name": "SOUTH KENANIYA", "district": "WEST TRIPURA", "commenced_on": "2019-08-29", "closed_on": "2020-12-14", "financial_year_commenced": "2019-2020", "financial_year_closed": "2020-2021", "mast_height_m": 50, "elevation_m": 28, "maws": 3.06, "mawpd": 28.59, "pdf_page": 12, "source_table": "Mast", "project_type": null, "is_revision": false, "state": "TRIPURA", "status": "Closed", "clean_notes": null, "review_required": false, "review_reason": null, "latitude": 23.726056, "longitude": 91.190417}}, {"type": "Feature", "geometry": {"type": "Point", "coordinates": [93.936278, 25.19875]}, "properties": {"id": "S0868", "serial_no": 860, "state_serial_no": 1, "station_name": "CHAWANGKINING", "district": "SENAPATHI", "commenced_on": "2005-02-04", "closed_on": "2007-11-08", "financial_year_commenced": "2004-2005", "financial_year_closed": "2007-2008", "mast_height_m": 25, "elevation_m": 1676, "maws": 4.5, "mawpd": 135, "pdf_page": 12, "source_table": "Mast", "project_type": null, "is_revision": false, "state": "MANIPUR", "status": "Closed", "clean_notes": null, "review_required": false, "review_reason": null, "latitude": 25.19875, "longitude": 93.936278}}, {"type": "Feature", "geometry": {"type": "Point", "coordinates": [93.725, 24.658056]}, "properties": {"id": "S0869", "serial_no": 861, "state_serial_no": 2, "station_name": "DOLANGKHNOU", "district": "CHANDEL", "commenced_on": "2006-03-21", "closed_on": "2008-01-12", "financial_year_commenced": "2005-2006", "financial_year_closed": "2007-2008", "mast_height_m": 25, "elevation_m": 1484, "maws": 4.4, "mawpd": 103, "pdf_page": 12, "source_table": "Mast", "project_type": null, "is_revision": false, "state": "MANIPUR", "status": "Closed", "clean_notes": null, "review_required": false, "review_reason": null, "latitude": 24.658056, "longitude": 93.725}}, {"type": "Feature", "geometry": {"type": "Point", "coordinates": [93.745556, 24.816667]}, "properties": {"id": "S0870", "serial_no": 862, "state_serial_no": 3, "station_name": "KOTLANE", "district": "SENAPATHI", "commenced_on": "2005-03-10", "closed_on": "2007-10-27", "financial_year_commenced": "2004-2005", "financial_year_closed": "2007-2008", "mast_height_m": 25, "elevation_m": 1279, "maws": 3.3, "mawpd": 42, "pdf_page": 12, "source_table": "Mast", "project_type": null, "is_revision": false, "state": "MANIPUR", "status": "Closed", "clean_notes": null, "review_required": false, "review_reason": null, "latitude": 24.816667, "longitude": 93.745556}}, {"type": "Feature", "geometry": {"type": "Point", "coordinates": [93.708889, 24.593056]}, "properties": {"id": "S0871", "serial_no": 863, "state_serial_no": 4, "station_name": "LAIMATON", "district": "CHURACHANDPUR", "commenced_on": "2005-05-01", "closed_on": "2007-11-22", "financial_year_commenced": "2005-2006", "financial_year_closed": "2007-2008", "mast_height_m": 25, "elevation_m": 1239, "maws": 4.9, "mawpd": 126, "pdf_page": 12, "source_table": "Mast", "project_type": null, "is_revision": false, "state": "MANIPUR", "status": "Closed", "clean_notes": null, "review_required": false, "review_reason": null, "latitude": 24.593056, "longitude": 93.708889}}, {"type": "Feature", "geometry": {"type": "Point", "coordinates": [94.465833, 25.148333]}, "properties": {"id": "S0872", "serial_no": 864, "state_serial_no": 5, "station_name": "PHANGREI", "district": "UKHRUL", "commenced_on": "2005-02-08", "closed_on": "2007-11-05", "financial_year_commenced": "2004-2005", "financial_year_closed": "2007-2008", "mast_height_m": 25, "elevation_m": 2164, "maws": 4.1, "mawpd": 78, "pdf_page": 12, "source_table": "Mast", "project_type": null, "is_revision": false, "state": "MANIPUR", "status": "Closed", "clean_notes": null, "review_required": false, "review_reason": null, "latitude": 25.148333, "longitude": 94.465833}}, {"type": "Feature", "geometry": {"type": "Point", "coordinates": [94.453167, 25.017472]}, "properties": {"id": "S0873", "serial_no": 865, "state_serial_no": 6, "station_name": "KAMNONG", "district": "UKHRUL", "commenced_on": "2009-11-19", "closed_on": "2013-03-26", "financial_year_commenced": "2009-2010", "financial_year_closed": "2012-2013", "mast_height_m": 50, "elevation_m": 1918, "maws": 4.71, "mawpd": 145.28, "pdf_page": 12, "source_table": "Mast", "project_type": null, "is_revision": false, "state": "MANIPUR", "status": "Closed", "clean_notes": null, "review_required": false, "review_reason": null, "latitude": 25.017472, "longitude": 94.453167}}, {"type": "Feature", "geometry": {"type": "Point", "coordinates": [94.473139, 25.152694]}, "properties": {"id": "S0874", "serial_no": 866, "state_serial_no": 7, "station_name": "CHORJENG LUNGHAR", "district": "UKHRUL", "commenced_on": "2009-11-25", "closed_on": "2010-10-30", "financial_year_commenced": "2009-2010", "financial_year_closed": "2010-2011", "mast_height_m": 50, "elevation_m": 2218, "maws": null, "mawpd": null, "pdf_page": 12, "source_table": "Mast", "project_type": null, "is_revision": false, "state": "MANIPUR", "status": "Closed", "clean_notes": null, "review_required": false, "review_reason": null, "latitude": 25.152694, "longitude": 94.473139}}, {"type": "Feature", "geometry": {"type": "Point", "coordinates": [94.512917, 25.50625]}, "properties": {"id": "S0875", "serial_no": 867, "state_serial_no": 8, "station_name": "MAO", "district": "SENAPATHI", "commenced_on": "2009-12-05", "closed_on": "2013-03-26", "financial_year_commenced": "2009-2010", "financial_year_closed": "2012-2013", "mast_height_m": 50, "elevation_m": 2033, "maws": 4.69, "mawpd": 141.32, "pdf_page": 12, "source_table": "Mast", "project_type": null, "is_revision": false, "state": "MANIPUR", "status": "Closed", "clean_notes": null, "review_required": false, "review_reason": null, "latitude": 25.50625, "longitude": 94.512917}}, {"type": "Feature", "geometry": {"type": "Point", "coordinates": [93.684778, 24.282639]}, "properties": {"id": "S0876", "serial_no": 868, "state_serial_no": 9, "station_name": "KHUGA DAM", "district": "CHURACHANDPUR", "commenced_on": "2013-04-18", "closed_on": "2015-04-17", "financial_year_commenced": "2013-2014", "financial_year_closed": "2015-2016", "mast_height_m": 50, "elevation_m": 840, "maws": 2.71, "mawpd": 26.62, "pdf_page": 12, "source_table": "Mast", "project_type": null, "is_revision": false, "state": "MANIPUR", "status": "Closed", "clean_notes": null, "review_required": false, "review_reason": null, "latitude": 24.282639, "longitude": 93.684778}}, {"type": "Feature", "geometry": {"type": "Point", "coordinates": [93.725306, 24.711667]}, "properties": {"id": "S0877", "serial_no": 869, "state_serial_no": 10, "station_name": "TINGKAI", "district": "SENAPATHI", "commenced_on": "2013-04-21", "closed_on": "2015-04-17", "financial_year_commenced": "2013-2014", "financial_year_closed": "2015-2016", "mast_height_m": 50, "elevation_m": 1715, "maws": 5.33, "mawpd": 137.24, "pdf_page": 12, "source_table": "Mast", "project_type": null, "is_revision": false, "state": "MANIPUR", "status": "Closed", "clean_notes": null, "review_required": false, "review_reason": null, "latitude": 24.711667, "longitude": 93.725306}}, {"type": "Feature", "geometry": {"type": "Point", "coordinates": [94.20425, 25.490556]}, "properties": {"id": "S0878", "serial_no": 870, "state_serial_no": 11, "station_name": "PAOMATA CENTRE", "district": "SENAPATHI", "commenced_on": "2013-04-23", "closed_on": "2015-04-17", "financial_year_commenced": "2013-2014", "financial_year_closed": "2015-2016", "mast_height_m": 50, "elevation_m": 1923, "maws": 3.83, "mawpd": 70.81, "pdf_page": 12, "source_table": "Mast", "project_type": null, "is_revision": false, "state": "MANIPUR", "status": "Closed", "clean_notes": null, "review_required": false, "review_reason": null, "latitude": 25.490556, "longitude": 94.20425}}, {"type": "Feature", "geometry": {"type": "Point", "coordinates": [94.297472, 25.483861]}, "properties": {"id": "S0879", "serial_no": 871, "state_serial_no": 12, "station_name": "LIYAI", "district": "SENAPATHI", "commenced_on": "2017-12-11", "closed_on": "2019-12-31", "financial_year_commenced": "2017-2018", "financial_year_closed": "2019-2020", "mast_height_m": 50, "elevation_m": 2153, "maws": 4.92, "mawpd": 139.57, "pdf_page": 12, "source_table": "Mast", "project_type": null, "is_revision": false, "state": "MANIPUR", "status": "Closed", "clean_notes": null, "review_required": false, "review_reason": null, "latitude": 25.483861, "longitude": 94.297472}}, {"type": "Feature", "geometry": {"type": "Point", "coordinates": [93.965417, 25.47335]}, "properties": {"id": "S0880", "serial_no": 872, "state_serial_no": 13, "station_name": "WILLONG", "district": "SENAPATHI", "commenced_on": "2017-12-09", "closed_on": "2019-11-06", "financial_year_commenced": "2017-2018", "financial_year_closed": "2019-2020", "mast_height_m": 50, "elevation_m": 1645, "maws": 2.5, "mawpd": 13.73, "pdf_page": 12, "source_table": "Mast", "project_type": null, "is_revision": false, "state": "MANIPUR", "status": "Closed", "clean_notes": null, "review_required": false, "review_reason": null, "latitude": 25.47335, "longitude": 93.965417}}, {"type": "Feature", "geometry": {"type": "Point", "coordinates": [93.585194, 24.177056]}, "properties": {"id": "S0881", "serial_no": 873, "state_serial_no": 14, "station_name": "V.MUNPI", "district": "CHURACHANDPUR", "commenced_on": "2018-05-23", "closed_on": "2020-05-20", "financial_year_commenced": "2018-2019", "financial_year_closed": "2020-2021", "mast_height_m": 50, "elevation_m": 1289, "maws": 3.84, "mawpd": 55.79, "pdf_page": 12, "source_table": "Mast", "project_type": null, "is_revision": false, "state": "MANIPUR", "status": "Closed", "clean_notes": null, "review_required": false, "review_reason": null, "latitude": 24.177056, "longitude": 93.585194}}, {"type": "Feature", "geometry": {"type": "Point", "coordinates": [94.214414, 25.4066]}, "properties": {"id": "S0882", "serial_no": 874, "state_serial_no": 15, "station_name": "MAIBA VOFI", "district": "SENAPATI", "commenced_on": "2019-06-05", "closed_on": "2020-12-14", "financial_year_commenced": "2019-2020", "financial_year_closed": "2020-2021", "mast_height_m": 50, "elevation_m": 2020, "maws": 3.68, "mawpd": 54, "pdf_page": 12, "source_table": "Mast", "project_type": null, "is_revision": false, "state": "MANIPUR", "status": "Closed", "clean_notes": null, "review_required": false, "review_reason": null, "latitude": 25.4066, "longitude": 94.214414}}, {"type": "Feature", "geometry": {"type": "Point", "coordinates": [92.763333, 23.437222]}, "properties": {"id": "S0883", "serial_no": 875, "state_serial_no": 1, "station_name": "HMUIFANG", "district": "AIZAWL", "commenced_on": "2005-02-18", "closed_on": "2007-03-16", "financial_year_commenced": "2004-2005", "financial_year_closed": "2006-2007", "mast_height_m": 25, "elevation_m": 1590, "maws": 2.16, "mawpd": 14, "pdf_page": 12, "source_table": "Mast", "project_type": null, "is_revision": false, "state": "MIZORAM", "status": "Closed", "clean_notes": null, "review_required": false, "review_reason": null, "latitude": 23.437222, "longitude": 92.763333}}, {"type": "Feature", "geometry": {"type": "Point", "coordinates": [92.788194, 22.861736]}, "properties": {"id": "S0884", "serial_no": 876, "state_serial_no": 2, "station_name": "LUNGLEI", "district": "LUNGLEI", "commenced_on": "2005-06-16", "closed_on": "2007-04-17", "financial_year_commenced": "2005-2006", "financial_year_closed": "2007-2008", "mast_height_m": 25, "elevation_m": 1252, "maws": 3.94, "mawpd": 71, "pdf_page": 12, "source_table": "Mast", "project_type": null, "is_revision": false, "state": "MIZORAM", "status": "Closed", "clean_notes": null, "review_required": false, "review_reason": null, "latitude": 22.861736, "longitude": 92.788194}}, {"type": "Feature", "geometry": {"type": "Point", "coordinates": [92.918611, 22.606389]}, "properties": {"id": "S0885", "serial_no": 877, "state_serial_no": 3, "station_name": "MAMTE", "district": "LUNGLEI", "commenced_on": "2005-06-18", "closed_on": "2007-06-04", "financial_year_commenced": "2005-2006", "financial_year_closed": "2007-2008", "mast_height_m": 25, "elevation_m": 1320, "maws": 2.8, "mawpd": 31, "pdf_page": 12, "source_table": "Mast", "project_type": null, "is_revision": false, "state": "MIZORAM", "status": "Closed", "clean_notes": null, "review_required": false, "review_reason": null, "latitude": 22.606389, "longitude": 92.918611}}, {"type": "Feature", "geometry": {"type": "Point", "coordinates": [92.600861, 23.701944]}, "properties": {"id": "S0886", "serial_no": 878, "state_serial_no": 4, "station_name": "REIEK", "district": "MAMIT", "commenced_on": "2005-02-17", "closed_on": "2007-03-15", "financial_year_commenced": "2004-2005", "financial_year_closed": "2006-2007", "mast_height_m": 25, "elevation_m": 1140, "maws": 3.8, "mawpd": 99, "pdf_page": 12, "source_table": "Mast", "project_type": null, "is_revision": false, "state": "MIZORAM", "status": "Closed", "clean_notes": null, "review_required": false, "review_reason": null, "latitude": 23.701944, "longitude": 92.600861}}, {"type": "Feature", "geometry": {"type": "Point", "coordinates": [92.929972, 23.849417]}, "properties": {"id": "S0887", "serial_no": 879, "state_serial_no": 5, "station_name": "CHALFIL TLANG", "district": "AIZWAL", "commenced_on": "2012-11-09", "closed_on": "2014-11-28", "financial_year_commenced": "2012-2013", "financial_year_closed": "2014-2015", "mast_height_m": 50, "elevation_m": 1847, "maws": 5.41, "mawpd": 181.59, "pdf_page": 12, "source_table": "Mast", "project_type": null, "is_revision": false, "state": "MIZORAM", "status": "Closed", "clean_notes": null, "review_required": false, "review_reason": null, "latitude": 23.849417, "longitude": 92.929972}}, {"type": "Feature", "geometry": {"type": "Point", "coordinates": [92.807111, 22.808806]}, "properties": {"id": "S0888", "serial_no": 880, "state_serial_no": 6, "station_name": "THAIZAWL", "district": "LUNGLEI", "commenced_on": "2018-02-04", "closed_on": "2019-11-06", "financial_year_commenced": "2017-2018", "financial_year_closed": "2019-2020", "mast_height_m": 50, "elevation_m": 945, "maws": 2.55, "mawpd": 26.77, "pdf_page": 12, "source_table": "Mast", "project_type": null, "is_revision": false, "state": "MIZORAM", "status": "Closed", "clean_notes": null, "review_required": false, "review_reason": null, "latitude": 22.808806, "longitude": 92.807111}}, {"type": "Feature", "geometry": {"type": "Point", "coordinates": [92.822056, 22.859556]}, "properties": {"id": "S0889", "serial_no": 881, "state_serial_no": 7, "station_name": "ZOBAWK", "district": "LUNGLEI", "commenced_on": "2018-02-03", "closed_on": "2019-11-06", "financial_year_commenced": "2017-2018", "financial_year_closed": "2019-2020", "mast_height_m": 50, "elevation_m": 1091, "maws": 2.75, "mawpd": 29.56, "pdf_page": 12, "source_table": "Mast", "project_type": null, "is_revision": false, "state": "MIZORAM", "status": "Closed", "clean_notes": null, "review_required": false, "review_reason": null, "latitude": 22.859556, "longitude": 92.822056}}, {"type": "Feature", "geometry": {"type": "Point", "coordinates": [92.618583, 22.610472]}, "properties": {"id": "S0890", "serial_no": 882, "state_serial_no": 8, "station_name": "KAMALANAGAR", "district": "LAWNGTLAI", "commenced_on": "2018-02-06", "closed_on": "2020-05-20", "financial_year_commenced": "2017-2018", "financial_year_closed": "2020-2021", "mast_height_m": 50, "elevation_m": 123, "maws": 1.7, "mawpd": 9.39, "pdf_page": 12, "source_table": "Mast", "project_type": null, "is_revision": false, "state": "MIZORAM", "status": "Closed", "clean_notes": null, "review_required": false, "review_reason": null, "latitude": 22.610472, "longitude": 92.618583}}, {"type": "Feature", "geometry": {"type": "Point", "coordinates": [93.01125, 22.706944]}, "properties": {"id": "S0891", "serial_no": 883, "state_serial_no": 9, "station_name": "CHEURAL", "district": "LAWNGTLAI", "commenced_on": "2018-02-07", "closed_on": "2020-05-20", "financial_year_commenced": "2017-2018", "financial_year_closed": "2020-2021", "mast_height_m": 50, "elevation_m": 1382, "maws": 4.06, "mawpd": 85.68, "pdf_page": 12, "source_table": "Mast", "project_type": null, "is_revision": false, "state": "MIZORAM", "status": "Closed", "clean_notes": null, "review_required": false, "review_reason": null, "latitude": 22.706944, "longitude": 93.01125}}, {"type": "Feature", "geometry": {"type": "Point", "coordinates": [88.328483, 27.156831]}, "properties": {"id": "S0892", "serial_no": 884, "state_serial_no": 1, "station_name": "ASANTHANG", "district": "SOUTH SIKKIM", "commenced_on": "2005-10-03", "closed_on": "2007-03-09", "financial_year_commenced": "2005-2006", "financial_year_closed": "2006-2007", "mast_height_m": 25, "elevation_m": 1464, "maws": 2.1, "mawpd": 11, "pdf_page": 12, "source_table": "Mast", "project_type": null, "is_revision": false, "state": "SIKKIM", "status": "Closed", "clean_notes": null, "review_required": false, "review_reason": null, "latitude": 27.156831, "longitude": 88.328483}}, {"type": "Feature", "geometry": {"type": "Point", "coordinates": [88.818, 27.2975]}, "properties": {"id": "S0893", "serial_no": 885, "state_serial_no": 2, "station_name": "GNATHANG", "district": "EAST SIKKIM", "commenced_on": "2005-10-06", "closed_on": "2007-12-15", "financial_year_commenced": "2005-2006", "financial_year_closed": "2007-2008", "mast_height_m": 25, "elevation_m": 3735, "maws": 1.8, "mawpd": 9, "pdf_page": 12, "source_table": "Mast", "project_type": null, "is_revision": false, "state": "SIKKIM", "status": "Closed", "clean_notes": null, "review_required": false, "review_reason": null, "latitude": 27.2975, "longitude": 88.818}}, {"type": "Feature", "geometry": {"type": "Point", "coordinates": [88.538611, 27.898611]}, "properties": {"id": "S0894", "serial_no": 886, "state_serial_no": 3, "station_name": "THANGU", "district": "NORTH SIKKIM", "commenced_on": "2005-10-30", "closed_on": "2007-12-05", "financial_year_commenced": "2005-2006", "financial_year_closed": "2007-2008", "mast_height_m": 25, "elevation_m": 4000, "maws": 2.71, "mawpd": 37, "pdf_page": 12, "source_table": "Mast", "project_type": null, "is_revision": false, "state": "SIKKIM", "status": "Closed", "clean_notes": null, "review_required": false, "review_reason": null, "latitude": 27.898611, "longitude": 88.538611}}, {"type": "Feature", "geometry": {"type": "Point", "coordinates": [88.427778, 27.112889]}, "properties": {"id": "S0895", "serial_no": 887, "state_serial_no": 4, "station_name": "SADAM", "district": "SOUTH SIKKIM", "commenced_on": "2011-06-20", "closed_on": "2013-03-26", "financial_year_commenced": "2011-2012", "financial_year_closed": "2012-2013", "mast_height_m": 25, "elevation_m": 1475, "maws": 2.74, "mawpd": 36.35, "pdf_page": 12, "source_table": "Mast", "project_type": null, "is_revision": false, "state": "SIKKIM", "status": "Closed", "clean_notes": null, "review_required": false, "review_reason": null, "latitude": 27.112889, "longitude": 88.427778}}, {"type": "Feature", "geometry": {"type": "Point", "coordinates": [94.111944, 25.728611]}, "properties": {"id": "S0896", "serial_no": 888, "state_serial_no": 1, "station_name": "THIZAMA", "district": "KOHIMA", "commenced_on": "2009-04-22", "closed_on": "2011-06-30", "financial_year_commenced": "2009-2010", "financial_year_closed": "2011-2012", "mast_height_m": 50, "elevation_m": 1324, "maws": 2.82, "mawpd": 43.24, "pdf_page": 12, "source_table": "Mast", "project_type": null, "is_revision": false, "state": "NAGALAND", "status": "Closed", "clean_notes": null, "review_required": false, "review_reason": null, "latitude": 25.728611, "longitude": 94.111944}}, {"type": "Feature", "geometry": {"type": "Point", "coordinates": [94.3025, 25.561389]}, "properties": {"id": "S0897", "serial_no": 889, "state_serial_no": 2, "station_name": "PFUTSERO", "district": "PFUTSERO", "commenced_on": "2009-04-25", "closed_on": "2011-06-30", "financial_year_commenced": "2009-2010", "financial_year_closed": "2011-2012", "mast_height_m": 50, "elevation_m": 2219, "maws": 4.96, "mawpd": 162.76, "pdf_page": 12, "source_table": "Mast", "project_type": null, "is_revision": false, "state": "NAGALAND", "status": "Closed", "clean_notes": null, "review_required": false, "review_reason": null, "latitude": 25.561389, "longitude": 94.3025}}, {"type": "Feature", "geometry": {"type": "Point", "coordinates": [94.244444, 25.575556]}, "properties": {"id": "S0898", "serial_no": 890, "state_serial_no": 3, "station_name": "KEKRIMA", "district": "PHEK", "commenced_on": "2009-05-09", "closed_on": "2011-10-30", "financial_year_commenced": "2009-2010", "financial_year_closed": "2011-2012", "mast_height_m": 50, "elevation_m": 1765, "maws": 3.07, "mawpd": 46.76, "pdf_page": 12, "source_table": "Mast", "project_type": null, "is_revision": false, "state": "NAGALAND", "status": "Closed", "clean_notes": null, "review_required": false, "review_reason": null, "latitude": 25.575556, "longitude": 94.244444}}, {"type": "Feature", "geometry": {"type": "Point", "coordinates": [94.999639, 26.415297]}, "properties": {"id": "S0899", "serial_no": 891, "state_serial_no": 4, "station_name": "LONGWA", "district": "MON", "commenced_on": "2017-11-27", "closed_on": "2019-11-06", "financial_year_commenced": "2017-2018", "financial_year_closed": "2019-2020", "mast_height_m": 50, "elevation_m": 1626, "maws": 4.22, "mawpd": 103.29, "pdf_page": 12, "source_table": "Mast", "project_type": null, "is_revision": false, "state": "NAGALAND", "status": "Closed", "clean_notes": null, "review_required": false, "review_reason": null, "latitude": 26.415297, "longitude": 94.999639}}, {"type": "Feature", "geometry": {"type": "Point", "coordinates": [94.486444, 26.6055]}, "properties": {"id": "S0900", "serial_no": 892, "state_serial_no": 5, "station_name": "CHANGLANGSHU", "district": "MON", "commenced_on": "2017-11-30", "closed_on": "2019-11-06", "financial_year_commenced": "2017-2018", "financial_year_closed": "2019-2020", "mast_height_m": 50, "elevation_m": 650, "maws": 1.99, "mawpd": 10.03, "pdf_page": 12, "source_table": "Mast", "project_type": null, "is_revision": false, "state": "NAGALAND", "status": "Closed", "clean_notes": null, "review_required": false, "review_reason": null, "latitude": 26.6055, "longitude": 94.486444}}, {"type": "Feature", "geometry": {"type": "Point", "coordinates": [95.212, 26.652556]}, "properties": {"id": "S0901", "serial_no": 893, "state_serial_no": 6, "station_name": "NOKPHU", "district": "MOKAKCHUNG", "commenced_on": "2017-11-25", "closed_on": "2019-11-06", "financial_year_commenced": "2017-2018", "financial_year_closed": "2019-2020", "mast_height_m": 50, "elevation_m": 1551, "maws": 1.51, "mawpd": 4.09, "pdf_page": 12, "source_table": "Mast", "project_type": null, "is_revision": false, "state": "NAGALAND", "status": "Closed", "clean_notes": null, "review_required": false, "review_reason": null, "latitude": 26.652556, "longitude": 95.212}}, {"type": "Feature", "geometry": {"type": "Point", "coordinates": [86.550139, 24.711944]}, "properties": {"id": "S0902", "serial_no": 894, "state_serial_no": 1, "station_name": "SIMULTALA", "district": "JAMUI", "commenced_on": "2009-02-12", "closed_on": "2011-03-23", "financial_year_commenced": "2008-2009", "financial_year_closed": "2010-2011", "mast_height_m": 50, "elevation_m": 250, "maws": 3.92, "mawpd": 60.13, "pdf_page": 12, "source_table": "Mast", "project_type": null, "is_revision": false, "state": "BIHAR", "status": "Closed", "clean_notes": null, "review_required": false, "review_reason": null, "latitude": 24.711944, "longitude": 86.550139}}, {"type": "Feature", "geometry": {"type": "Point", "coordinates": [85.173333, 25.852778]}, "properties": {"id": "S0903", "serial_no": 895, "state_serial_no": 2, "station_name": "LALGANJ", "district": "HAJIPUR", "commenced_on": "2009-02-14", "closed_on": "2011-03-22", "financial_year_commenced": "2008-2009", "financial_year_closed": "2010-2011", "mast_height_m": 50, "elevation_m": 37, "maws": 3.73, "mawpd": 50.23, "pdf_page": 12, "source_table": "Mast", "project_type": null, "is_revision": false, "state": "BIHAR", "status": "Closed", "clean_notes": null, "review_required": false, "review_reason": null, "latitude": 25.852778, "longitude": 85.173333}}, {"type": "Feature", "geometry": {"type": "Point", "coordinates": [83.600833, 24.696389]}, "properties": {"id": "S0904", "serial_no": 896, "state_serial_no": 3, "station_name": "ADHAURA", "district": "KAIMUR", "commenced_on": "2009-02-16", "closed_on": "2012-07-30", "financial_year_commenced": "2008-2009", "financial_year_closed": "2012-2013", "mast_height_m": 50, "elevation_m": 469, "maws": 3.73, "mawpd": 49.78, "pdf_page": 12, "source_table": "Mast", "project_type": null, "is_revision": false, "state": "BIHAR", "status": "Closed", "clean_notes": null, "review_required": false, "review_reason": null, "latitude": 24.696389, "longitude": 83.600833}}, {"type": "Feature", "geometry": {"type": "Point", "coordinates": [84.966861, 24.667833]}, "properties": {"id": "S0905", "serial_no": 897, "state_serial_no": 4, "station_name": "ZINDAPUR", "district": "GAYA", "commenced_on": "2011-05-20", "closed_on": "2013-04-04", "financial_year_commenced": "2011-2012", "financial_year_closed": "2013-2014", "mast_height_m": 50, "elevation_m": 128, "maws": null, "mawpd": null, "pdf_page": 12, "source_table": "Mast", "project_type": null, "is_revision": false, "state": "BIHAR", "status": "Closed", "clean_notes": null, "review_required": false, "review_reason": null, "latitude": 24.667833, "longitude": 84.966861}}, {"type": "Feature", "geometry": {"type": "Point", "coordinates": [86.508889, 25.378806]}, "properties": {"id": "S0906", "serial_no": 898, "state_serial_no": 5, "station_name": "SHANKARNAGAR", "district": "MUNGER", "commenced_on": "2011-05-26", "closed_on": "2014-04-01", "financial_year_commenced": "2011-2012", "financial_year_closed": "2014-2015", "mast_height_m": 50, "elevation_m": 77, "maws": null, "mawpd": null, "pdf_page": 12, "source_table": "Mast", "project_type": null, "is_revision": false, "state": "BIHAR", "status": "Closed", "clean_notes": null, "review_required": false, "review_reason": null, "latitude": 25.378806, "longitude": 86.508889}}, {"type": "Feature", "geometry": {"type": "Point", "coordinates": [84.826389, 26.989861]}, "properties": {"id": "S0907", "serial_no": 899, "state_serial_no": 6, "station_name": "CHIKINI", "district": "EAST CHAMPARAN", "commenced_on": "2012-12-02", "closed_on": "2015-12-28", "financial_year_commenced": "2012-2013", "financial_year_closed": "2015-2016", "mast_height_m": 50, "elevation_m": 56, "maws": null, "mawpd": null, "pdf_page": 12, "source_table": "Mast", "project_type": null, "is_revision": false, "state": "BIHAR", "status": "Closed", "clean_notes": null, "review_required": false, "review_reason": null, "latitude": 26.989861, "longitude": 84.826389}}, {"type": "Feature", "geometry": {"type": "Point", "coordinates": [91.922861, 25.469278]}, "properties": {"id": "S0908", "serial_no": 900, "state_serial_no": 1, "station_name": "LAITDIENGSAI", "district": "EAST KHASI HILLS", "commenced_on": "2009-04-09", "closed_on": "2012-07-30", "financial_year_commenced": "2009-2010", "financial_year_closed": "2012-2013", "mast_height_m": 50, "elevation_m": 1886, "maws": null, "mawpd": null, "pdf_page": 12, "source_table": "Mast", "project_type": null, "is_revision": false, "state": "MEGHALAYA", "status": "Closed", "clean_notes": null, "review_required": false, "review_reason": null, "latitude": 25.469278, "longitude": 91.922861}}, {"type": "Feature", "geometry": {"type": "Point", "coordinates": [91.346611, 25.530056]}, "properties": {"id": "S0909", "serial_no": 901, "state_serial_no": 2, "station_name": "MAWIAWETE", "district": "WEST KHAN HILLS", "commenced_on": "2009-12-17", "closed_on": "2012-07-30", "financial_year_commenced": "2009-2010", "financial_year_closed": "2012-2013", "mast_height_m": 50, "elevation_m": 1580, "maws": 4.23, "mawpd": 69.42, "pdf_page": 12, "source_table": "Mast", "project_type": null, "is_revision": false, "state": "MEGHALAYA", "status": "Closed", "clean_notes": null, "review_required": false, "review_reason": null, "latitude": 25.530056, "longitude": 91.346611}}, {"type": "Feature", "geometry": {"type": "Point", "coordinates": [92.324222, 25.323972]}, "properties": {"id": "S0910", "serial_no": 902, "state_serial_no": 3, "station_name": "RYMBAI", "district": "JAINTIA HILLS", "commenced_on": "2011-05-23", "closed_on": "2013-05-27", "financial_year_commenced": "2011-2012", "financial_year_closed": "2013-2014", "mast_height_m": 50, "elevation_m": 1148, "maws": 4.29, "mawpd": 85.33, "pdf_page": 12, "source_table": "Mast", "project_type": null, "is_revision": false, "state": "MEGHALAYA", "status": "Closed", "clean_notes": null, "review_required": false, "review_reason": null, "latitude": 25.323972, "longitude": 92.324222}}, {"type": "Feature", "geometry": {"type": "Point", "coordinates": [92.000161, 25.415303]}, "properties": {"id": "S0911", "serial_no": 903, "state_serial_no": 4, "station_name": "UMTONG", "district": "EAST KHASI HILLS", "commenced_on": "2015-03-28", "closed_on": "2017-07-31", "financial_year_commenced": "2014-2015", "financial_year_closed": "2017-2018", "mast_height_m": 50, "elevation_m": 1416, "maws": 2.99, "mawpd": 34.79, "pdf_page": 13, "source_table": "Mast", "project_type": null, "is_revision": false, "state": "MEGHALAYA", "status": "Closed", "clean_notes": null, "review_required": false, "review_reason": null, "latitude": 25.415303, "longitude": 92.000161}}, {"type": "Feature", "geometry": {"type": "Point", "coordinates": [92.682167, 25.216161]}, "properties": {"id": "S0912", "serial_no": 904, "state_serial_no": 5, "station_name": "WAHJAPUNG", "district": "JAINTIA HILLS", "commenced_on": "2015-03-31", "closed_on": "2017-07-31", "financial_year_commenced": "2014-2015", "financial_year_closed": "2017-2018", "mast_height_m": 50, "elevation_m": 832, "maws": 1.89, "mawpd": 15.82, "pdf_page": 13, "source_table": "Mast", "project_type": null, "is_revision": false, "state": "MEGHALAYA", "status": "Closed", "clean_notes": null, "review_required": false, "review_reason": null, "latitude": 25.216161, "longitude": 92.682167}}, {"type": "Feature", "geometry": {"type": "Point", "coordinates": [92.144997, 25.335233]}, "properties": {"id": "S0913", "serial_no": 905, "state_serial_no": 6, "station_name": "SHIKENTALANG", "district": "JAINTIA HILLS", "commenced_on": "2015-04-03", "closed_on": "2019-03-28", "financial_year_commenced": "2015-2016", "financial_year_closed": "2018-2019", "mast_height_m": 50, "elevation_m": 1253, "maws": 3.98, "mawpd": 85.01, "pdf_page": 13, "source_table": "Mast", "project_type": null, "is_revision": false, "state": "MEGHALAYA", "status": "Closed", "clean_notes": null, "review_required": false, "review_reason": null, "latitude": 25.335233, "longitude": 92.144997}}, {"type": "Feature", "geometry": {"type": "Point", "coordinates": [90.360722, 25.556736]}, "properties": {"id": "S0914", "serial_no": 906, "state_serial_no": 7, "station_name": "ROMBAGRE", "district": "WEST GARO HILLS", "commenced_on": "2016-01-29", "closed_on": "2018-06-07", "financial_year_commenced": "2015-2016", "financial_year_closed": "2018-2019", "mast_height_m": 50, "elevation_m": 502, "maws": 2.35, "mawpd": 14.16, "pdf_page": 13, "source_table": "Mast", "project_type": null, "is_revision": false, "state": "MEGHALAYA", "status": "Closed", "clean_notes": null, "review_required": false, "review_reason": null, "latitude": 25.556736, "longitude": 90.360722}}, {"type": "Feature", "geometry": {"type": "Point", "coordinates": [91.671206, 25.502989]}, "properties": {"id": "S0915", "serial_no": 907, "state_serial_no": 8, "station_name": "MAWKNENG", "district": "EAST KHASI HILLS", "commenced_on": "2017-10-05", "closed_on": "2021-04-08", "financial_year_commenced": "2017-2018", "financial_year_closed": "2021-2022", "mast_height_m": 50, "elevation_m": 1882, "maws": null, "mawpd": null, "pdf_page": 13, "source_table": "Mast", "project_type": null, "is_revision": false, "state": "MEGHALAYA", "status": "Closed", "clean_notes": null, "review_required": false, "review_reason": null, "latitude": 25.502989, "longitude": 91.671206}}, {"type": "Feature", "geometry": {"type": "Point", "coordinates": [91.726819, 25.564528]}, "properties": {"id": "S0916", "serial_no": 908, "state_serial_no": 9, "station_name": "NONGTHLIEW", "district": "WEST KHASI HILLS", "commenced_on": "2017-10-06", "closed_on": "2019-11-06", "financial_year_commenced": "2017-2018", "financial_year_closed": "2019-2020", "mast_height_m": 50, "elevation_m": 1780, "maws": 4.93, "mawpd": 117.3, "pdf_page": 13, "source_table": "Mast", "project_type": null, "is_revision": false, "state": "MEGHALAYA", "status": "Closed", "clean_notes": null, "review_required": false, "review_reason": null, "latitude": 25.564528, "longitude": 91.726819}}, {"type": "Feature", "geometry": {"type": "Point", "coordinates": [91.423664, 25.543981]}, "properties": {"id": "S0917", "serial_no": 909, "state_serial_no": 10, "station_name": "MAWPHANLUR", "district": "WEST KHASI HILLS", "commenced_on": "2017-10-07", "closed_on": "2019-12-31", "financial_year_commenced": "2017-2018", "financial_year_closed": "2019-2020", "mast_height_m": 50, "elevation_m": 1803, "maws": 5.06, "mawpd": 107.86, "pdf_page": 13, "source_table": "Mast", "project_type": null, "is_revision": false, "state": "MEGHALAYA", "status": "Closed", "clean_notes": null, "review_required": false, "review_reason": null, "latitude": 25.543981, "longitude": 91.423664}}, {"type": "Feature", "geometry": {"type": "Point", "coordinates": [91.262544, 25.363175]}, "properties": {"id": "S0918", "serial_no": 910, "state_serial_no": 11, "station_name": "WAHKAJI", "district": "WEST KHASI HILLS", "commenced_on": "2017-10-09", "closed_on": "2019-11-06", "financial_year_commenced": "2017-2018", "financial_year_closed": "2019-2020", "mast_height_m": 50, "elevation_m": 1320, "maws": 3.48, "mawpd": 38.1, "pdf_page": 13, "source_table": "Mast", "project_type": null, "is_revision": false, "state": "MEGHALAYA", "status": "Closed", "clean_notes": null, "review_required": false, "review_reason": null, "latitude": 25.363175, "longitude": 91.262544}}, {"type": "Feature", "geometry": {"type": "Point", "coordinates": [92.697628, 25.358817]}, "properties": {"id": "S0919", "serial_no": 911, "state_serial_no": 12, "station_name": "TLANGPUI", "district": "JIANTIA HILLS", "commenced_on": "2017-10-11", "closed_on": "2019-11-06", "financial_year_commenced": "2017-2018", "financial_year_closed": "2019-2020", "mast_height_m": 50, "elevation_m": 1039, "maws": 4.27, "mawpd": 108.4, "pdf_page": 13, "source_table": "Mast", "project_type": null, "is_revision": false, "state": "MEGHALAYA", "status": "Closed", "clean_notes": null, "review_required": false, "review_reason": null, "latitude": 25.358817, "longitude": 92.697628}}, {"type": "Feature", "geometry": {"type": "Point", "coordinates": [90.256767, 25.473206]}, "properties": {"id": "S0920", "serial_no": 912, "state_serial_no": 13, "station_name": "RUNGKUGRE", "district": "WEST GARO HILLS", "commenced_on": "2017-10-13", "closed_on": "2019-11-06", "financial_year_commenced": "2017-2018", "financial_year_closed": "2019-2020", "mast_height_m": 50, "elevation_m": 409, "maws": 2.81, "mawpd": 28.88, "pdf_page": 13, "source_table": "Mast", "project_type": null, "is_revision": false, "state": "MEGHALAYA", "status": "Closed", "clean_notes": null, "review_required": false, "review_reason": null, "latitude": 25.473206, "longitude": 90.256767}}, {"type": "Feature", "geometry": {"type": "Point", "coordinates": [92.513278, 25.350889]}, "properties": {"id": "S0921", "serial_no": 913, "state_serial_no": 14, "station_name": "SHNONGRIM", "district": "EAST JIANTIA HILLS", "commenced_on": "2018-01-24", "closed_on": "2020-12-14", "financial_year_commenced": "2017-2018", "financial_year_closed": "2020-2021", "mast_height_m": 50, "elevation_m": 1182, "maws": 6.19, "mawpd": 253.78, "pdf_page": 13, "source_table": "Mast", "project_type": null, "is_revision": false, "state": "MEGHALAYA", "status": "Closed", "clean_notes": null, "review_required": false, "review_reason": null, "latitude": 25.350889, "longitude": 92.513278}}, {"type": "Feature", "geometry": {"type": "Point", "coordinates": [91.709167, 25.291167]}, "properties": {"id": "S0922", "serial_no": 914, "state_serial_no": 15, "station_name": "WAHSHARI", "district": "EAST KHASI HILLS", "commenced_on": "2019-03-07", "closed_on": "2020-05-20", "financial_year_commenced": "2018-2019", "financial_year_closed": "2020-2021", "mast_height_m": 50, "elevation_m": 1459, "maws": 3.47, "mawpd": 43.57, "pdf_page": 13, "source_table": "Mast", "project_type": null, "is_revision": false, "state": "MEGHALAYA", "status": "Closed", "clean_notes": null, "review_required": false, "review_reason": null, "latitude": 25.291167, "longitude": 91.709167}}, {"type": "Feature", "geometry": {"type": "Point", "coordinates": [91.846111, 25.425833]}, "properties": {"id": "S0923", "serial_no": 915, "state_serial_no": 16, "station_name": "LEW MAWLONG", "district": "EAST KHASI HILLS", "commenced_on": "2019-03-06", "closed_on": "2020-05-20", "financial_year_commenced": "2018-2019", "financial_year_closed": "2020-2021", "mast_height_m": 50, "elevation_m": 1857, "maws": 4.18, "mawpd": 66.72, "pdf_page": 13, "source_table": "Mast", "project_type": null, "is_revision": false, "state": "MEGHALAYA", "status": "Closed", "clean_notes": null, "review_required": false, "review_reason": null, "latitude": 25.425833, "longitude": 91.846111}}, {"type": "Feature", "geometry": {"type": "Point", "coordinates": [92.047222, 25.352778]}, "properties": {"id": "S0924", "serial_no": 916, "state_serial_no": 17, "station_name": "SYNTUNG", "district": "EAST KHASI HILLS", "commenced_on": "2019-03-09", "closed_on": "2020-05-20", "financial_year_commenced": "2018-2019", "financial_year_closed": "2020-2021", "mast_height_m": 50, "elevation_m": 1325, "maws": 3.23, "mawpd": 39.59, "pdf_page": 13, "source_table": "Mast", "project_type": null, "is_revision": false, "state": "MEGHALAYA", "status": "Closed", "clean_notes": null, "review_required": false, "review_reason": null, "latitude": 25.352778, "longitude": 92.047222}}, {"type": "Feature", "geometry": {"type": "Point", "coordinates": [91.762528, 25.457444]}, "properties": {"id": "S0925", "serial_no": 917, "state_serial_no": 1, "station_name": "MAWPHLANG", "district": "EAST KHASI HILLS", "commenced_on": "2018-05-04", "closed_on": "2019-11-06", "financial_year_commenced": "2018-2019", "financial_year_closed": "2019-2020", "mast_height_m": 38, "elevation_m": 1836, "maws": 3.05, "mawpd": 34.98, "pdf_page": 13, "source_table": "Telecom tower", "project_type": null, "is_revision": false, "state": "MEGHALAYA", "status": "Closed", "clean_notes": null, "review_required": false, "review_reason": null, "latitude": 25.457444, "longitude": 91.762528}}, {"type": "Feature", "geometry": {"type": "Point", "coordinates": [91.838389, 25.446361]}, "properties": {"id": "S0926", "serial_no": 918, "state_serial_no": 2, "station_name": "LAITLYNGKOT", "district": "EAST KHASI HILLS", "commenced_on": "2018-06-08", "closed_on": "2019-12-31", "financial_year_commenced": "2018-2019", "financial_year_closed": "2019-2020", "mast_height_m": 34, "elevation_m": 1856, "maws": 3.48, "mawpd": 39.73, "pdf_page": 13, "source_table": "Telecom tower", "project_type": null, "is_revision": false, "state": "MEGHALAYA", "status": "Closed", "clean_notes": "commenced_on has a 'Reconfigured' note: 08-06-2018 Reconfigured on 21- 09-2019", "review_required": true, "review_reason": "commenced_on has a 'Reconfigured' note: 08-06-2018 Reconfigured on 21- 09-2019", "latitude": 25.446361, "longitude": 91.838389}}, {"type": "Feature", "geometry": {"type": "Point", "coordinates": [92.36525, 25.338139]}, "properties": {"id": "S0927", "serial_no": 919, "state_serial_no": 3, "station_name": "MCLBB", "district": "JAINTIA HILLS", "commenced_on": "2018-06-09", "closed_on": "2019-11-06", "financial_year_commenced": "2018-2019", "financial_year_closed": "2019-2020", "mast_height_m": 50, "elevation_m": 1144, "maws": 4.51, "mawpd": 83.04, "pdf_page": 13, "source_table": "Telecom tower", "project_type": null, "is_revision": false, "state": "MEGHALAYA", "status": "Closed", "clean_notes": null, "review_required": false, "review_reason": null, "latitude": 25.338139, "longitude": 92.36525}}, {"type": "Feature", "geometry": {"type": "Point", "coordinates": [91.889469, 25.513439]}, "properties": {"id": "S0928", "serial_no": 920, "state_serial_no": 4, "station_name": "SHILLONG", "district": "SHILLONG", "commenced_on": "2018-06-10", "closed_on": "2019-11-06", "financial_year_commenced": "2018-2019", "financial_year_closed": "2019-2020", "mast_height_m": 35, "elevation_m": 1820, "maws": 3.9, "mawpd": 52.6, "pdf_page": 13, "source_table": "Telecom tower", "project_type": null, "is_revision": false, "state": "MEGHALAYA", "status": "Closed", "clean_notes": null, "review_required": false, "review_reason": null, "latitude": 25.513439, "longitude": 91.889469}}, {"type": "Feature", "geometry": {"type": "Point", "coordinates": [90.247469, 25.548]}, "properties": {"id": "S0929", "serial_no": 921, "state_serial_no": 5, "station_name": "DURAGRE", "district": "WEST GARO HILLS", "commenced_on": "2018-06-12", "closed_on": "2019-11-06", "financial_year_commenced": "2018-2019", "financial_year_closed": "2019-2020", "mast_height_m": 47, "elevation_m": 768, "maws": 3.17, "mawpd": 63.16, "pdf_page": 13, "source_table": "Telecom tower", "project_type": null, "is_revision": false, "state": "MEGHALAYA", "status": "Closed", "clean_notes": null, "review_required": false, "review_reason": null, "latitude": 25.548, "longitude": 90.247469}}, {"type": "Feature", "geometry": {"type": "Point", "coordinates": [92.378556, 25.203222]}, "properties": {"id": "S0930", "serial_no": 922, "state_serial_no": 6, "station_name": "UMBADOH", "district": "EAST JAINTIA HILLS", "commenced_on": "2019-02-21", "closed_on": "2020-05-20", "financial_year_commenced": "2018-2019", "financial_year_closed": "2020-2021", "mast_height_m": 34, "elevation_m": 778, "maws": 2.57, "mawpd": 19.23, "pdf_page": 13, "source_table": "Telecom tower", "project_type": null, "is_revision": false, "state": "MEGHALAYA", "status": "Closed", "clean_notes": null, "review_required": false, "review_reason": null, "latitude": 25.203222, "longitude": 92.378556}}, {"type": "Feature", "geometry": {"type": "Point", "coordinates": [92.375806, 25.175139]}, "properties": {"id": "S0931", "serial_no": 923, "state_serial_no": 7, "station_name": "LUMSHNONG", "district": "JAINTIA HILLS", "commenced_on": "2019-02-22", "closed_on": "2020-05-20", "financial_year_commenced": "2018-2019", "financial_year_closed": "2020-2021", "mast_height_m": 42, "elevation_m": 544, "maws": 2, "mawpd": 9.7, "pdf_page": 13, "source_table": "Telecom tower", "project_type": null, "is_revision": false, "state": "MEGHALAYA", "status": "Closed", "clean_notes": null, "review_required": false, "review_reason": null, "latitude": 25.175139, "longitude": 92.375806}}, {"type": "Feature", "geometry": {"type": "Point", "coordinates": [92.314028, 25.393361]}, "properties": {"id": "S0932", "serial_no": 924, "state_serial_no": 8, "station_name": "LADRYMBAI", "district": "JAINTIA HILLS", "commenced_on": "2019-02-20", "closed_on": "2020-05-20", "financial_year_commenced": "2018-2019", "financial_year_closed": "2020-2021", "mast_height_m": 35, "elevation_m": 1319, "maws": 4.9, "mawpd": 105.09, "pdf_page": 13, "source_table": "Telecom tower", "project_type": null, "is_revision": false, "state": "MEGHALAYA", "status": "Closed", "clean_notes": null, "review_required": false, "review_reason": null, "latitude": 25.393361, "longitude": 92.314028}}, {"type": "Feature", "geometry": {"type": "Point", "coordinates": [92.351778, 25.480028]}, "properties": {"id": "S0933", "serial_no": 925, "state_serial_no": 9, "station_name": "SHANGPUNG", "district": "JAINTIA HILLS", "commenced_on": "2019-02-19", "closed_on": "2020-05-20", "financial_year_commenced": "2018-2019", "financial_year_closed": "2020-2021", "mast_height_m": 42, "elevation_m": 1285, "maws": 2.89, "mawpd": 26.81, "pdf_page": 13, "source_table": "Telecom tower", "project_type": null, "is_revision": false, "state": "MEGHALAYA", "status": "Closed", "clean_notes": null, "review_required": false, "review_reason": null, "latitude": 25.480028, "longitude": 92.351778}}, {"type": "Feature", "geometry": {"type": "Point", "coordinates": [92.361694, 25.151689]}, "properties": {"id": "S0934", "serial_no": 926, "state_serial_no": 10, "station_name": "UMSTAIN", "district": "JAINTIA HILLS", "commenced_on": "2019-02-23", "closed_on": "2020-05-20", "financial_year_commenced": "2018-2019", "financial_year_closed": "2020-2021", "mast_height_m": 36, "elevation_m": 440, "maws": 3.03, "mawpd": 27.54, "pdf_page": 13, "source_table": "Telecom tower", "project_type": null, "is_revision": false, "state": "MEGHALAYA", "status": "Closed", "clean_notes": null, "review_required": false, "review_reason": null, "latitude": 25.151689, "longitude": 92.361694}}, {"type": "Feature", "geometry": {"type": "Point", "coordinates": [91.732783, 25.327756]}, "properties": {"id": "S0935", "serial_no": 927, "state_serial_no": 11, "station_name": "LAITRYNGNEW", "district": "EAST KHASI HILLS", "commenced_on": "2019-02-23", "closed_on": "2020-05-20", "financial_year_commenced": "2018-2019", "financial_year_closed": "2020-2021", "mast_height_m": 37, "elevation_m": 1691, "maws": 3.77, "mawpd": 55.88, "pdf_page": 13, "source_table": "Telecom tower", "project_type": null, "is_revision": false, "state": "MEGHALAYA", "status": "Closed", "clean_notes": null, "review_required": false, "review_reason": null, "latitude": 25.327756, "longitude": 91.732783}}, {"type": "Feature", "geometry": {"type": "Point", "coordinates": [91.887308, 25.337539]}, "properties": {"id": "S0936", "serial_no": 928, "state_serial_no": 12, "station_name": "WAHLYNGKHAT", "district": "EAST KHASI HILLS", "commenced_on": "2019-02-21", "closed_on": "2020-05-20", "financial_year_commenced": "2018-2019", "financial_year_closed": "2020-2021", "mast_height_m": 48, "elevation_m": 1518, "maws": 3.77, "mawpd": 64.31, "pdf_page": 13, "source_table": "Telecom tower", "project_type": null, "is_revision": false, "state": "MEGHALAYA", "status": "Closed", "clean_notes": null, "review_required": false, "review_reason": null, "latitude": 25.337539, "longitude": 91.887308}}, {"type": "Feature", "geometry": {"type": "Point", "coordinates": [91.915592, 25.606861]}, "properties": {"id": "S0937", "serial_no": 929, "state_serial_no": 13, "station_name": "MAWPAT", "district": "EAST KHASI HILLS", "commenced_on": "2019-02-21", "closed_on": "2020-05-20", "financial_year_commenced": "2018-2019", "financial_year_closed": "2020-2021", "mast_height_m": 28, "elevation_m": 1617, "maws": 3.57, "mawpd": 48.58, "pdf_page": 13, "source_table": "Telecom tower", "project_type": null, "is_revision": false, "state": "MEGHALAYA", "status": "Closed", "clean_notes": null, "review_required": false, "review_reason": null, "latitude": 25.606861, "longitude": 91.915592}}, {"type": "Feature", "geometry": {"type": "Point", "coordinates": [92.156036, 25.516067]}, "properties": {"id": "S0938", "serial_no": 930, "state_serial_no": 14, "station_name": "UMULONG", "district": "JAINTIA HILLS", "commenced_on": "2019-02-19", "closed_on": "2020-05-20", "financial_year_commenced": "2018-2019", "financial_year_closed": "2020-2021", "mast_height_m": 35, "elevation_m": 1340, "maws": 2.84, "mawpd": 31.37, "pdf_page": 13, "source_table": "Telecom tower", "project_type": null, "is_revision": false, "state": "MEGHALAYA", "status": "Closed", "clean_notes": null, "review_required": false, "review_reason": null, "latitude": 25.516067, "longitude": 92.156036}}, {"type": "Feature", "geometry": {"type": "Point", "coordinates": [92.057722, 25.554944]}, "properties": {"id": "S0939", "serial_no": 931, "state_serial_no": 15, "station_name": "MAWRYNGKNENG", "district": "EAST KHASI HILLS", "commenced_on": "2019-02-20", "closed_on": "2020-05-20", "financial_year_commenced": "2018-2019", "financial_year_closed": "2020-2021", "mast_height_m": 34, "elevation_m": 1334, "maws": 2.89, "mawpd": 26.01, "pdf_page": 13, "source_table": "Telecom tower", "project_type": null, "is_revision": false, "state": "MEGHALAYA", "status": "Closed", "clean_notes": null, "review_required": false, "review_reason": null, "latitude": 25.554944, "longitude": 92.057722}}, {"type": "Feature", "geometry": {"type": "Point", "coordinates": [92.607461, 23.695083]}, "properties": {"id": "S0940", "serial_no": 932, "state_serial_no": 1, "station_name": "REIEK", "district": "MAMIT", "commenced_on": "2018-06-28", "closed_on": "2020-05-20", "financial_year_commenced": "2018-2019", "financial_year_closed": "2020-2021", "mast_height_m": 25, "elevation_m": 1183, "maws": 1.78, "mawpd": 8.63, "pdf_page": 13, "source_table": "Telecom tower", "project_type": null, "is_revision": false, "state": "MIZORAM", "status": "Closed", "clean_notes": "commenced_on has a 'Reconfigured' note: 28-06-2018 Reconfigured on 06- 11-2019", "review_required": true, "review_reason": "commenced_on has a 'Reconfigured' note: 28-06-2018 Reconfigured on 06- 11-2019", "latitude": 23.695083, "longitude": 92.607461}}, {"type": "Feature", "geometry": {"type": "Point", "coordinates": [92.770333, 24.511261]}, "properties": {"id": "S0941", "serial_no": 933, "state_serial_no": 2, "station_name": "VIRENGTE", "district": "KOLASIB", "commenced_on": "2018-06-26", "closed_on": "2021-04-08", "financial_year_commenced": "2018-2019", "financial_year_closed": "2021-2022", "mast_height_m": 25, "elevation_m": 283, "maws": 2.42, "mawpd": 17.17, "pdf_page": 13, "source_table": "Telecom tower", "project_type": null, "is_revision": false, "state": "MIZORAM", "status": "Closed", "clean_notes": "commenced_on has a 'Reconfigured' note: 26-06-2018 Reconfigured on 05- 11-2019", "review_required": true, "review_reason": "commenced_on has a 'Reconfigured' note: 26-06-2018 Reconfigured on 05- 11-2019", "latitude": 24.511261, "longitude": 92.770333}}, {"type": "Feature", "geometry": {"type": "Point", "coordinates": [92.847989, 23.298269]}, "properties": {"id": "S0942", "serial_no": 934, "state_serial_no": 3, "station_name": "SERCHHIP", "district": "SERCHHIP", "commenced_on": "2018-06-29", "closed_on": "2019-11-06", "financial_year_commenced": "2018-2019", "financial_year_closed": "2019-2020", "mast_height_m": 30, "elevation_m": 1287, "maws": 3.72, "mawpd": 54.54, "pdf_page": 13, "source_table": "Telecom tower", "project_type": null, "is_revision": false, "state": "MIZORAM", "status": "Closed", "clean_notes": null, "review_required": false, "review_reason": null, "latitude": 23.298269, "longitude": 92.847989}}, {"type": "Feature", "geometry": {"type": "Point", "coordinates": [92.879553, 22.602614]}, "properties": {"id": "S0943", "serial_no": 935, "state_serial_no": 4, "station_name": "MAMTE", "district": "LUNGLEI", "commenced_on": "2018-07-01", "closed_on": "2019-11-06", "financial_year_commenced": "2018-2019", "financial_year_closed": "2019-2020", "mast_height_m": 34, "elevation_m": 1313, "maws": 3.3, "mawpd": 41.4, "pdf_page": 13, "source_table": "Telecom tower", "project_type": null, "is_revision": false, "state": "MIZORAM", "status": "Closed", "clean_notes": null, "review_required": false, "review_reason": null, "latitude": 22.602614, "longitude": 92.879553}}, {"type": "Feature", "geometry": {"type": "Point", "coordinates": [93.313456, 23.478014]}, "properties": {"id": "S0944", "serial_no": 936, "state_serial_no": 5, "station_name": "VENGSANG", "district": "CHAMPHAI", "commenced_on": "2018-07-04", "closed_on": "2021-01-07", "financial_year_commenced": "2018-2019", "financial_year_closed": "2019-2020", "mast_height_m": 35, "elevation_m": 1644, "maws": null, "mawpd": null, "pdf_page": 13, "source_table": "Telecom tower", "project_type": null, "is_revision": false, "state": "MIZORAM", "status": "Closed", "clean_notes": null, "review_required": true, "review_reason": "Closed date 2021-01-07 does not match FY 2019-2020", "latitude": 23.478014, "longitude": 93.313456}}, {"type": "Feature", "geometry": {"type": "Point", "coordinates": [91.513136, 23.371508]}, "properties": {"id": "S0945", "serial_no": 937, "state_serial_no": 1, "station_name": "BIRCHANDRA NAGAR", "district": "SOUTH TRIPURA", "commenced_on": "2018-06-29", "closed_on": "2021-01-07", "financial_year_commenced": "2018-2019", "financial_year_closed": "2021-2022", "mast_height_m": 37, "elevation_m": 46, "maws": 2.49, "mawpd": 30.61, "pdf_page": 13, "source_table": "Telecom tower", "project_type": null, "is_revision": false, "state": "TRIPURA", "status": "Closed", "clean_notes": "commenced_on has a 'Reconfigured' note: 29-06-2018 Reconfigured on 20-9- 2019", "review_required": true, "review_reason": "commenced_on has a 'Reconfigured' note: 29-06-2018 Reconfigured on 20-9- 2019; Closed date 2021-01-07 does not match FY 2021-2022", "latitude": 23.371508, "longitude": 91.513136}}, {"type": "Feature", "geometry": {"type": "Point", "coordinates": [91.44205, 23.819419]}, "properties": {"id": "S0946", "serial_no": 938, "state_serial_no": 2, "station_name": "JIRANIA", "district": "WEST TRIPURA", "commenced_on": "2018-06-27", "closed_on": "2019-11-06", "financial_year_commenced": "2018-2019", "financial_year_closed": "2019-2020", "mast_height_m": 45, "elevation_m": 40, "maws": 2.36, "mawpd": 17.32, "pdf_page": 13, "source_table": "Telecom tower", "project_type": null, "is_revision": false, "state": "TRIPURA", "status": "Closed", "clean_notes": "commenced_on has a 'Reconfigured' note: 27-06-2018 Reconfigured on 22- 09-2019", "review_required": true, "review_reason": "commenced_on has a 'Reconfigured' note: 27-06-2018 Reconfigured on 22- 09-2019", "latitude": 23.819419, "longitude": 91.44205}}, {"type": "Feature", "geometry": {"type": "Point", "coordinates": [91.625111, 23.129528]}, "properties": {"id": "S0947", "serial_no": 939, "state_serial_no": 3, "station_name": "KALASARA", "district": "SOUTH TRIPURA", "commenced_on": "2018-06-28", "closed_on": "2021-01-07", "financial_year_commenced": "2018-2019", "financial_year_closed": "2020-2021", "mast_height_m": 27, "elevation_m": 43, "maws": 1.91, "mawpd": 10.48, "pdf_page": 13, "source_table": "Telecom tower", "project_type": null, "is_revision": false, "state": "TRIPURA", "status": "Closed", "clean_notes": "commenced_on has a 'Reconfigured' note: 28-06-2018 Reconfigured on 19- 09-2019", "review_required": true, "review_reason": "commenced_on has a 'Reconfigured' note: 28-06-2018 Reconfigured on 19- 09-2019", "latitude": 23.129528, "longitude": 91.625111}}, {"type": "Feature", "geometry": {"type": "Point", "coordinates": [91.353553, 23.606742]}, "properties": {"id": "S0948", "serial_no": 940, "state_serial_no": 4, "station_name": "BISHRAMGANJI", "district": "WEST TRIPURA", "commenced_on": "2018-06-30", "closed_on": "2019-11-06", "financial_year_commenced": "2018-2019", "financial_year_closed": "2019-2020", "mast_height_m": 45, "elevation_m": 37, "maws": 2.34, "mawpd": 14.07, "pdf_page": 13, "source_table": "Telecom tower", "project_type": null, "is_revision": false, "state": "TRIPURA", "status": "Closed", "clean_notes": "commenced_on has a 'Reconfigured' note: 30-06-2018 Reconfigured on 21- 09-19", "review_required": true, "review_reason": "commenced_on has a 'Reconfigured' note: 30-06-2018 Reconfigured on 21- 09-19", "latitude": 23.606742, "longitude": 91.353553}}, {"type": "Feature", "geometry": {"type": "Point", "coordinates": [92.245703, 24.441375]}, "properties": {"id": "S0949", "serial_no": 941, "state_serial_no": 5, "station_name": "CHURAIBARI", "district": "NORTH TRIPURA", "commenced_on": "2018-07-02", "closed_on": "2019-11-06", "financial_year_commenced": "2018-2019", "financial_year_closed": "2019-2020", "mast_height_m": 53, "elevation_m": 38, "maws": 1.82, "mawpd": 9.38, "pdf_page": 13, "source_table": "Telecom tower", "project_type": null, "is_revision": false, "state": "TRIPURA", "status": "Closed", "clean_notes": "commenced_on has a 'Reconfigured' note: 02-07-2018 Reconfigured on 23- 09-2019", "review_required": true, "review_reason": "commenced_on has a 'Reconfigured' note: 02-07-2018 Reconfigured on 23- 09-2019", "latitude": 24.441375, "longitude": 92.245703}}, {"type": "Feature", "geometry": {"type": "Point", "coordinates": [92.199783, 24.041861]}, "properties": {"id": "S0950", "serial_no": 942, "state_serial_no": 6, "station_name": "KANCHANPUR", "district": "NORTH TRIPURA", "commenced_on": "2019-09-23", "closed_on": "2021-01-07", "financial_year_commenced": "2019-2020", "financial_year_closed": "2020-2021", "mast_height_m": 35, "elevation_m": 85, "maws": 1.45, "mawpd": 7.16, "pdf_page": 13, "source_table": "Telecom tower", "project_type": null, "is_revision": false, "state": "TRIPURA", "status": "Closed", "clean_notes": null, "review_required": false, "review_reason": null, "latitude": 24.041861, "longitude": 92.199783}}, {"type": "Feature", "geometry": {"type": "Point", "coordinates": [93.634431, 27.094986]}, "properties": {"id": "S0951", "serial_no": 943, "state_serial_no": 1, "station_name": "ITANAGAR C BLOCK", "district": "PAPUM PARE", "commenced_on": "2019-02-19", "closed_on": "2020-05-20", "financial_year_commenced": "2018-2019", "financial_year_closed": "2020-2021", "mast_height_m": 30, "elevation_m": 480, "maws": 2.11, "mawpd": 9.29, "pdf_page": 13, "source_table": "Telecom tower", "project_type": null, "is_revision": false, "state": "ARUNACHAL PRADESH", "status": "Closed", "clean_notes": null, "review_required": false, "review_reason": null, "latitude": 27.094986, "longitude": 93.634431}}, {"type": "Feature", "geometry": {"type": "Point", "coordinates": [93.717106, 27.137697]}, "properties": {"id": "S0952", "serial_no": 944, "state_serial_no": 2, "station_name": "NIAZ BASTI ,YUPIA", "district": "PAPUM PARE", "commenced_on": "2019-02-21", "closed_on": "2020-05-20", "financial_year_commenced": "2018-2019", "financial_year_closed": "2020-2021", "mast_height_m": 40, "elevation_m": 159, "maws": 1.48, "mawpd": 9.06, "pdf_page": 13, "source_table": "Telecom tower", "project_type": null, "is_revision": false, "state": "ARUNACHAL PRADESH", "status": "Closed", "clean_notes": null, "review_required": false, "review_reason": null, "latitude": 27.137697, "longitude": 93.717106}}, {"type": "Feature", "geometry": {"type": "Point", "coordinates": [93.697581, 27.105631]}, "properties": {"id": "S0953", "serial_no": 945, "state_serial_no": 3, "station_name": "RAKAB COLONY", "district": "PAPUM PARE", "commenced_on": "2019-03-31", "closed_on": "2020-05-20", "financial_year_commenced": "2018-2019", "financial_year_closed": "2020-2021", "mast_height_m": 40, "elevation_m": 51, "maws": 2.37, "mawpd": 17.47, "pdf_page": 13, "source_table": "Telecom tower", "project_type": null, "is_revision": false, "state": "ARUNACHAL PRADESH", "status": "Closed", "clean_notes": null, "review_required": false, "review_reason": null, "latitude": 27.105631, "longitude": 93.697581}}, {"type": "Feature", "geometry": {"type": "Point", "coordinates": [93.721089, 27.124131]}, "properties": {"id": "S0954", "serial_no": 946, "state_serial_no": 4, "station_name": "LEKHI", "district": "PAPUM PARE", "commenced_on": "2019-03-22", "closed_on": "2020-05-20", "financial_year_commenced": "2018-2019", "financial_year_closed": "2020-2021", "mast_height_m": 50, "elevation_m": 141, "maws": 1.66, "mawpd": 6.92, "pdf_page": 13, "source_table": "Telecom tower", "project_type": null, "is_revision": false, "state": "ARUNACHAL PRADESH", "status": "Closed", "clean_notes": null, "review_required": false, "review_reason": null, "latitude": 27.124131, "longitude": 93.721089}}, {"type": "Feature", "geometry": {"type": "Point", "coordinates": [93.628611, 27.073389]}, "properties": {"id": "S0955", "serial_no": 947, "state_serial_no": 5, "station_name": "JOLLANG", "district": "PAPUM PARE", "commenced_on": "2019-03-31", "closed_on": "2020-05-20", "financial_year_commenced": "2018-2019", "financial_year_closed": "2020-2021", "mast_height_m": 32, "elevation_m": 214, "maws": 1.99, "mawpd": 10.03, "pdf_page": 13, "source_table": "Telecom tower", "project_type": null, "is_revision": false, "state": "ARUNACHAL PRADESH", "status": "Closed", "clean_notes": null, "review_required": false, "review_reason": null, "latitude": 27.073389, "longitude": 93.628611}}, {"type": "Feature", "geometry": {"type": "Point", "coordinates": [94.218125, 25.925275]}, "properties": {"id": "S0956", "serial_no": 948, "state_serial_no": 1, "station_name": "TSEMINYU", "district": "KOHIMA", "commenced_on": "2019-03-31", "closed_on": "2020-05-20", "financial_year_commenced": "2018-2019", "financial_year_closed": "2020-2021", "mast_height_m": 38, "elevation_m": 1413, "maws": 3.32, "mawpd": 39.64, "pdf_page": 13, "source_table": "Telecom tower", "project_type": null, "is_revision": false, "state": "NAGALAND", "status": "Closed", "clean_notes": null, "review_required": false, "review_reason": null, "latitude": 25.925275, "longitude": 94.218125}}, {"type": "Feature", "geometry": {"type": "Point", "coordinates": [94.115936, 25.677611]}, "properties": {"id": "S0957", "serial_no": 949, "state_serial_no": 2, "station_name": "KOHIMA", "district": "KOHIMA", "commenced_on": "2019-03-27", "closed_on": "2020-05-20", "financial_year_commenced": "2018-2019", "financial_year_closed": "2020-2021", "mast_height_m": 30, "elevation_m": 1555, "maws": 1.89, "mawpd": 6.77, "pdf_page": 13, "source_table": "Telecom tower", "project_type": null, "is_revision": false, "state": "NAGALAND", "status": "Closed", "clean_notes": null, "review_required": false, "review_reason": null, "latitude": 25.677611, "longitude": 94.115936}}, {"type": "Feature", "geometry": {"type": "Point", "coordinates": [93.696972, 25.889944]}, "properties": {"id": "S0958", "serial_no": 950, "state_serial_no": 3, "station_name": "AO KASHIRAM", "district": "DIMAPUR", "commenced_on": "2019-03-29", "closed_on": "2020-05-20", "financial_year_commenced": "2018-2019", "financial_year_closed": "2020-2021", "mast_height_m": 40, "elevation_m": 198, "maws": 2.4, "mawpd": 16.11, "pdf_page": 13, "source_table": "Telecom tower", "project_type": null, "is_revision": false, "state": "NAGALAND", "status": "Closed", "clean_notes": null, "review_required": false, "review_reason": null, "latitude": 25.889944, "longitude": 93.696972}}, {"type": "Feature", "geometry": {"type": "Point", "coordinates": [93.752772, 25.870161]}, "properties": {"id": "S0959", "serial_no": 951, "state_serial_no": 4, "station_name": "CHEKIYE", "district": "DIMAPUR", "commenced_on": "2019-03-26", "closed_on": "2020-05-20", "financial_year_commenced": "2018-2019", "financial_year_closed": "2020-2021", "mast_height_m": 38, "elevation_m": 162, "maws": 1.92, "mawpd": 8.43, "pdf_page": 13, "source_table": "Telecom tower", "project_type": null, "is_revision": false, "state": "NAGALAND", "status": "Closed", "clean_notes": null, "review_required": false, "review_reason": null, "latitude": 25.870161, "longitude": 93.752772}}, {"type": "Feature", "geometry": {"type": "Point", "coordinates": [93.882861, 25.879086]}, "properties": {"id": "S0960", "serial_no": 952, "state_serial_no": 5, "station_name": "NIULAND", "district": "DIMAPUR", "commenced_on": "2019-03-25", "closed_on": "2020-05-20", "financial_year_commenced": "2018-2019", "financial_year_closed": "2020-2021", "mast_height_m": 50, "elevation_m": 157, "maws": 1.44, "mawpd": 5.24, "pdf_page": 13, "source_table": "Telecom tower", "project_type": null, "is_revision": false, "state": "NAGALAND", "status": "Closed", "clean_notes": null, "review_required": false, "review_reason": null, "latitude": 25.879086, "longitude": 93.882861}}, {"type": "Feature", "geometry": {"type": "Point", "coordinates": [93.952861, 25.807889]}, "properties": {"id": "S0961", "serial_no": 953, "state_serial_no": 6, "station_name": "TSIEPAMA", "district": "DIMAPUR", "commenced_on": "2019-03-28", "closed_on": "2020-05-20", "financial_year_commenced": "2018-2019", "financial_year_closed": "2020-2021", "mast_height_m": 46, "elevation_m": 1212, "maws": 2.99, "mawpd": 33.73, "pdf_page": 13, "source_table": "Telecom tower", "project_type": null, "is_revision": false, "state": "NAGALAND", "status": "Closed", "clean_notes": null, "review_required": false, "review_reason": null, "latitude": 25.807889, "longitude": 93.952861}}, {"type": "Feature", "geometry": {"type": "Point", "coordinates": [94.119806, 25.778728]}, "properties": {"id": "S0962", "serial_no": 954, "state_serial_no": 7, "station_name": "NERHEMA", "district": "KOHIMA", "commenced_on": "2019-03-31", "closed_on": "2020-05-20", "financial_year_commenced": "2018-2019", "financial_year_closed": "2020-2021", "mast_height_m": 40, "elevation_m": 1461, "maws": 2.815, "mawpd": 26.13, "pdf_page": 13, "source_table": "Telecom tower", "project_type": null, "is_revision": false, "state": "NAGALAND", "status": "Closed", "clean_notes": null, "review_required": false, "review_reason": null, "latitude": 25.778728, "longitude": 94.119806}}, {"type": "Feature", "geometry": {"type": "Point", "coordinates": [93.855167, 24.82425]}, "properties": {"id": "S0963", "serial_no": 955, "state_serial_no": 1, "station_name": "HAORANG SHABAN", "district": "IMPHAL WEST", "commenced_on": "2019-09-17", "closed_on": "2021-04-08", "financial_year_commenced": "2019-2020", "financial_year_closed": "2021-2022", "mast_height_m": 48, "elevation_m": 790, "maws": 2.8, "mawpd": 37.88, "pdf_page": 13, "source_table": "Telecom tower", "project_type": null, "is_revision": false, "state": "MANIPUR", "status": "Closed", "clean_notes": null, "review_required": false, "review_reason": null, "latitude": 24.82425, "longitude": 93.855167}}, {"type": "Feature", "geometry": {"type": "Point", "coordinates": [93.901389, 24.658972]}, "properties": {"id": "S0964", "serial_no": 956, "state_serial_no": 2, "station_name": "THIYAM LEISHANGKHONG", "district": "IMPHAL WEST", "commenced_on": "2019-09-20", "closed_on": "2021-04-08", "financial_year_commenced": "2019-2020", "financial_year_closed": "2021-2022", "mast_height_m": 45, "elevation_m": 772, "maws": 2.31, "mawpd": 24.42, "pdf_page": 14, "source_table": "Telecom tower", "project_type": null, "is_revision": false, "state": "MANIPUR", "status": "Closed", "clean_notes": null, "review_required": false, "review_reason": null, "latitude": 24.658972, "longitude": 93.901389}}, {"type": "Feature", "geometry": {"type": "Point", "coordinates": [94.008556, 24.63]}, "properties": {"id": "S0965", "serial_no": 957, "state_serial_no": 3, "station_name": "THOUBAL ATHOKPAM", "district": "THOUBAL", "commenced_on": "2019-09-20", "closed_on": "2021-01-07", "financial_year_commenced": "2019-2020", "financial_year_closed": "2021-2022", "mast_height_m": 60, "elevation_m": 782, "maws": 2.41, "mawpd": 22.62, "pdf_page": 14, "source_table": "Telecom tower", "project_type": null, "is_revision": false, "state": "MANIPUR", "status": "Closed", "clean_notes": null, "review_required": true, "review_reason": "Closed date 2021-01-07 does not match FY 2021-2022", "latitude": 24.63, "longitude": 94.008556}}, {"type": "Feature", "geometry": {"type": "Point", "coordinates": [93.975778, 24.503222]}, "properties": {"id": "S0966", "serial_no": 958, "state_serial_no": 4, "station_name": "KAKCHING CHUNAM", "district": "KAKCHING", "commenced_on": "2019-09-22", "closed_on": "2021-04-08", "financial_year_commenced": "2019-2020", "financial_year_closed": "2021-2022", "mast_height_m": 48, "elevation_m": 783, "maws": 2.45, "mawpd": 21.96, "pdf_page": 14, "source_table": "Telecom tower", "project_type": null, "is_revision": false, "state": "MANIPUR", "status": "Closed", "clean_notes": null, "review_required": false, "review_reason": null, "latitude": 24.503222, "longitude": 93.975778}}, {"type": "Feature", "geometry": {"type": "Point", "coordinates": [93.817222, 24.702278]}, "properties": {"id": "S0967", "serial_no": 959, "state_serial_no": 5, "station_name": "MAIBAM", "district": "BISHNUPUR", "commenced_on": "2019-09-24", "closed_on": "2021-04-08", "financial_year_commenced": "2019-2020", "financial_year_closed": "2021-2022", "mast_height_m": 48, "elevation_m": 846, "maws": 2.32, "mawpd": 21.11, "pdf_page": 14, "source_table": "Telecom tower", "project_type": null, "is_revision": false, "state": "MANIPUR", "status": "Closed", "clean_notes": null, "review_required": false, "review_reason": null, "latitude": 24.702278, "longitude": 93.817222}}, {"type": "Feature", "geometry": {"type": "Point", "coordinates": [93.773, 24.499778]}, "properties": {"id": "S0968", "serial_no": 960, "state_serial_no": 6, "station_name": "MOIRANG KONJENGBAM LEIKIA", "district": "BISHNUPUR", "commenced_on": "2019-09-26", "closed_on": "2021-01-07", "financial_year_commenced": "2019-2020", "financial_year_closed": "2021-2022", "mast_height_m": 48, "elevation_m": 772, "maws": 1.97, "mawpd": 10.17, "pdf_page": 14, "source_table": "Telecom tower", "project_type": null, "is_revision": false, "state": "MANIPUR", "status": "Closed", "clean_notes": null, "review_required": true, "review_reason": "Closed date 2021-01-07 does not match FY 2021-2022", "latitude": 24.499778, "longitude": 93.773}}, {"type": "Feature", "geometry": {"type": "Point", "coordinates": [93.699167, 24.391611]}, "properties": {"id": "S0969", "serial_no": 961, "state_serial_no": 7, "station_name": "JANGNOM PHAI", "district": "CHURACHANDPUR", "commenced_on": "2019-09-27", "closed_on": "2021-01-07", "financial_year_commenced": "2019-2020", "financial_year_closed": "2021-2022", "mast_height_m": 48, "elevation_m": 861, "maws": 2.41, "mawpd": 17.21, "pdf_page": 14, "source_table": "Telecom tower", "project_type": null, "is_revision": false, "state": "MANIPUR", "status": "Closed", "clean_notes": null, "review_required": true, "review_reason": "Closed date 2021-01-07 does not match FY 2021-2022", "latitude": 24.391611, "longitude": 93.699167}}, {"type": "Feature", "geometry": {"type": "Point", "coordinates": [93.843639, 24.937833]}, "properties": {"id": "S0970", "serial_no": 962, "state_serial_no": 8, "station_name": "LIMAKHONG", "district": "IMPHAL WEST", "commenced_on": "2019-09-29", "closed_on": "2021-04-08", "financial_year_commenced": "2019-2020", "financial_year_closed": "2021-2022", "mast_height_m": 48, "elevation_m": 855, "maws": 2.02, "mawpd": 13.56, "pdf_page": 14, "source_table": "Telecom tower", "project_type": null, "is_revision": false, "state": "MANIPUR", "status": "Closed", "clean_notes": null, "review_required": false, "review_reason": null, "latitude": 24.937833, "longitude": 93.843639}}, {"type": "Feature", "geometry": {"type": "Point", "coordinates": [93.918417, 25.0215]}, "properties": {"id": "S0971", "serial_no": 963, "state_serial_no": 9, "station_name": "MONGPIJANG", "district": "KANGPOKPI", "commenced_on": "2019-09-30", "closed_on": "2021-01-07", "financial_year_commenced": "2019-2020", "financial_year_closed": "2021-2022", "mast_height_m": 60, "elevation_m": 944, "maws": 3.05, "mawpd": 29.59, "pdf_page": 14, "source_table": "Telecom tower", "project_type": null, "is_revision": false, "state": "MANIPUR", "status": "Closed", "clean_notes": null, "review_required": true, "review_reason": "Closed date 2021-01-07 does not match FY 2021-2022", "latitude": 25.0215, "longitude": 93.918417}}, {"type": "Feature", "geometry": {"type": "Point", "coordinates": [91.7741, 26.19405]}, "properties": {"id": "S0972", "serial_no": 964, "state_serial_no": 1, "station_name": "CHANDMARI HILL TOP", "district": "KAMRUP", "commenced_on": "2019-11-13", "closed_on": "2021-04-08", "financial_year_commenced": "2019-2020", "financial_year_closed": "2021-2022", "mast_height_m": 70, "elevation_m": 225, "maws": null, "mawpd": null, "pdf_page": 14, "source_table": "Telecom tower", "project_type": null, "is_revision": false, "state": "ASSAM", "status": "Closed", "clean_notes": null, "review_required": false, "review_reason": null, "latitude": 26.19405, "longitude": 91.7741}}, {"type": "Feature", "geometry": {"type": "Point", "coordinates": [90.581431, 26.4911]}, "properties": {"id": "S0973", "serial_no": 965, "state_serial_no": 2, "station_name": "CHAPRAKATA", "district": "BONGAIGAON", "commenced_on": "2019-11-14", "closed_on": "2020-12-21", "financial_year_commenced": "2019-2020", "financial_year_closed": "2020-2021", "mast_height_m": 80, "elevation_m": 18, "maws": 2.93, "mawpd": 34.77, "pdf_page": 14, "source_table": "Telecom tower", "project_type": null, "is_revision": false, "state": "ASSAM", "status": "Closed", "clean_notes": null, "review_required": false, "review_reason": null, "latitude": 26.4911, "longitude": 90.581431}}, {"type": "Feature", "geometry": {"type": "Point", "coordinates": [89.967689, 26.033569]}, "properties": {"id": "S0974", "serial_no": 966, "state_serial_no": 3, "station_name": "BIDYAPARA", "district": "DHUBRI", "commenced_on": "2019-11-15", "closed_on": "2020-12-21", "financial_year_commenced": "2019-2020", "financial_year_closed": "2020-2021", "mast_height_m": 80, "elevation_m": 31, "maws": 3.98, "mawpd": 77.92, "pdf_page": 14, "source_table": "Telecom tower", "project_type": null, "is_revision": false, "state": "ASSAM", "status": "Closed", "clean_notes": null, "review_required": false, "review_reason": null, "latitude": 26.033569, "longitude": 89.967689}}, {"type": "Feature", "geometry": {"type": "Point", "coordinates": [93.868806, 26.664139]}, "properties": {"id": "S0975", "serial_no": 967, "state_serial_no": 4, "station_name": "BADULIPUR", "district": "GOLAGHAT", "commenced_on": "2019-11-16", "closed_on": "2021-01-07", "financial_year_commenced": "2019-2020", "financial_year_closed": "2020-2021", "mast_height_m": 40, "elevation_m": 90, "maws": null, "mawpd": null, "pdf_page": 14, "source_table": "Telecom tower", "project_type": null, "is_revision": false, "state": "ASSAM", "status": "Closed", "clean_notes": null, "review_required": false, "review_reason": null, "latitude": 26.664139, "longitude": 93.868806}}, {"type": "Feature", "geometry": {"type": "Point", "coordinates": [94.197389, 26.670361]}, "properties": {"id": "S0976", "serial_no": 968, "state_serial_no": 5, "station_name": "NA-ALI DHEKIAJULI", "district": "JORHAT", "commenced_on": "2019-11-17", "closed_on": "2021-04-08", "financial_year_commenced": "2019-2020", "financial_year_closed": "2021-2022", "mast_height_m": 54, "elevation_m": 98, "maws": 1.91, "mawpd": 7.83, "pdf_page": 14, "source_table": "Telecom tower", "project_type": null, "is_revision": false, "state": "ASSAM", "status": "Closed", "clean_notes": null, "review_required": false, "review_reason": null, "latitude": 26.670361, "longitude": 94.197389}}, {"type": "Feature", "geometry": {"type": "Point", "coordinates": [94.708056, 27.159944]}, "properties": {"id": "S0977", "serial_no": 969, "state_serial_no": 6, "station_name": "SAPEKHATIBAM", "district": "SIBSAGAR", "commenced_on": "2019-11-17", "closed_on": "2021-04-08", "financial_year_commenced": "2019-2020", "financial_year_closed": "2021-2022", "mast_height_m": 40, "elevation_m": 97, "maws": 2.39, "mawpd": 15.65, "pdf_page": 14, "source_table": "Telecom tower", "project_type": null, "is_revision": false, "state": "ASSAM", "status": "Closed", "clean_notes": null, "review_required": false, "review_reason": null, "latitude": 27.159944, "longitude": 94.708056}}, {"type": "Feature", "geometry": {"type": "Point", "coordinates": [94.104219, 27.213911]}, "properties": {"id": "S0978", "serial_no": 970, "state_serial_no": 7, "station_name": "JAPISUJIYA", "district": "NORTH LAKHIMPUR", "commenced_on": "2019-11-18", "closed_on": "2020-12-21", "financial_year_commenced": "2019-2020", "financial_year_closed": "2020-2021", "mast_height_m": 80, "elevation_m": 60, "maws": 2.76, "mawpd": 27.95, "pdf_page": 14, "source_table": "Telecom tower", "project_type": null, "is_revision": false, "state": "ASSAM", "status": "Closed", "clean_notes": null, "review_required": false, "review_reason": null, "latitude": 27.213911, "longitude": 94.104219}}, {"type": "Feature", "geometry": {"type": "Point", "coordinates": [93.290931, 26.836269]}, "properties": {"id": "S0979", "serial_no": 971, "state_serial_no": 8, "station_name": "BORGANG TEL EXCH", "district": "BISWANATH", "commenced_on": "2019-11-19", "closed_on": "2020-12-21", "financial_year_commenced": "2019-2020", "financial_year_closed": "2020-2021", "mast_height_m": 50, "elevation_m": 51, "maws": 2.31, "mawpd": 15.15, "pdf_page": 14, "source_table": "Telecom tower", "project_type": null, "is_revision": false, "state": "ASSAM", "status": "Closed", "clean_notes": null, "review_required": false, "review_reason": null, "latitude": 26.836269, "longitude": 93.290931}}, {"type": "Feature", "geometry": {"type": "Point", "coordinates": [92.790139, 26.401417]}, "properties": {"id": "S0980", "serial_no": 972, "state_serial_no": 9, "station_name": "BAKULTOL", "district": "NAGAON", "commenced_on": "2019-11-19", "closed_on": "2021-04-08", "financial_year_commenced": "2019-2020", "financial_year_closed": "2021-2022", "mast_height_m": 40, "elevation_m": 73, "maws": 1.97, "mawpd": 9.24, "pdf_page": 14, "source_table": "Telecom tower", "project_type": null, "is_revision": false, "state": "ASSAM", "status": "Closed", "clean_notes": null, "review_required": false, "review_reason": null, "latitude": 26.401417, "longitude": 92.790139}}, {"type": "Feature", "geometry": {"type": "Point", "coordinates": [95.019417, 27.025889]}, "properties": {"id": "S0981", "serial_no": 973, "state_serial_no": 10, "station_name": "SONARI", "district": "CHARAIDEO", "commenced_on": "2019-11-19", "closed_on": "2020-12-21", "financial_year_commenced": "2019-2020", "financial_year_closed": "2020-2021", "mast_height_m": 35, "elevation_m": 106, "maws": 1.89, "mawpd": 8.18, "pdf_page": 14, "source_table": "Telecom tower", "project_type": null, "is_revision": false, "state": "ASSAM", "status": "Closed", "clean_notes": null, "review_required": false, "review_reason": null, "latitude": 27.025889, "longitude": 95.019417}}, {"type": "Feature", "geometry": {"type": "Point", "coordinates": [93.175119, 25.761019]}, "properties": {"id": "S0982", "serial_no": 974, "state_serial_no": 11, "station_name": "LUMDING", "district": "NAGAON", "commenced_on": "2019-11-20", "closed_on": "2020-12-21", "financial_year_commenced": "2019-2020", "financial_year_closed": "2020-2021", "mast_height_m": 60, "elevation_m": 114, "maws": 2.13, "mawpd": 14.11, "pdf_page": 14, "source_table": "Telecom tower", "project_type": null, "is_revision": false, "state": "ASSAM", "status": "Closed", "clean_notes": null, "review_required": false, "review_reason": null, "latitude": 25.761019, "longitude": 93.175119}}, {"type": "Feature", "geometry": {"type": "Point", "coordinates": [92.754833, 26.004194]}, "properties": {"id": "S0983", "serial_no": 975, "state_serial_no": 12, "station_name": "TUMPRENG", "district": "KARBI ANGLONG", "commenced_on": "2019-11-20", "closed_on": "2021-04-08", "financial_year_commenced": "2019-2020", "financial_year_closed": "2021-2022", "mast_height_m": 40, "elevation_m": 74, "maws": 1.95, "mawpd": 9.43, "pdf_page": 14, "source_table": "Telecom tower", "project_type": null, "is_revision": false, "state": "ASSAM", "status": "Closed", "clean_notes": null, "review_required": false, "review_reason": null, "latitude": 26.004194, "longitude": 92.754833}}, {"type": "Feature", "geometry": {"type": "Point", "coordinates": [95.595411, 27.752961]}, "properties": {"id": "S0984", "serial_no": 976, "state_serial_no": 13, "station_name": "SAIKHOA GHAT", "district": "TINSUKIA", "commenced_on": "2019-11-20", "closed_on": "2020-12-21", "financial_year_commenced": "2019-2020", "financial_year_closed": "2020-2021", "mast_height_m": 25, "elevation_m": 128, "maws": 1.41, "mawpd": 3.41, "pdf_page": 14, "source_table": "Telecom tower", "project_type": null, "is_revision": false, "state": "ASSAM", "status": "Closed", "clean_notes": null, "review_required": false, "review_reason": null, "latitude": 27.752961, "longitude": 95.595411}}, {"type": "Feature", "geometry": {"type": "Point", "coordinates": [93.863789, 26.332411]}, "properties": {"id": "S0985", "serial_no": 977, "state_serial_no": 14, "station_name": "SILONIJAN", "district": "KARBI ANGLONG", "commenced_on": "2019-11-21", "closed_on": "2020-12-21", "financial_year_commenced": "2019-2020", "financial_year_closed": "2020-2021", "mast_height_m": 50, "elevation_m": 101, "maws": 1.89, "mawpd": 8.11, "pdf_page": 14, "source_table": "Telecom tower", "project_type": null, "is_revision": false, "state": "ASSAM", "status": "Closed", "clean_notes": null, "review_required": false, "review_reason": null, "latitude": 26.332411, "longitude": 93.863789}}, {"type": "Feature", "geometry": {"type": "Point", "coordinates": [94.874839, 27.326439]}, "properties": {"id": "S0986", "serial_no": 978, "state_serial_no": 15, "station_name": "KUTUHA", "district": "DIBRUGARH", "commenced_on": "2019-11-21", "closed_on": "2021-01-07", "financial_year_commenced": "2019-2020", "financial_year_closed": "2020-2021", "mast_height_m": 45, "elevation_m": 106, "maws": 2.69, "mawpd": 20.99, "pdf_page": 14, "source_table": "Telecom tower", "project_type": null, "is_revision": false, "state": "ASSAM", "status": "Closed", "clean_notes": null, "review_required": false, "review_reason": null, "latitude": 27.326439, "longitude": 94.874839}}, {"type": "Feature", "geometry": {"type": "Point", "coordinates": [94.617439, 26.961881]}, "properties": {"id": "S0987", "serial_no": 979, "state_serial_no": 16, "station_name": "SIBSAGAR", "district": "SIBSAGAR", "commenced_on": "2019-11-22", "closed_on": "2020-12-21", "financial_year_commenced": "2019-2020", "financial_year_closed": "2020-2021", "mast_height_m": 50, "elevation_m": 79, "maws": 2.48, "mawpd": 21.85, "pdf_page": 14, "source_table": "Telecom tower", "project_type": null, "is_revision": false, "state": "ASSAM", "status": "Closed", "clean_notes": null, "review_required": false, "review_reason": null, "latitude": 26.961881, "longitude": 94.617439}}, {"type": "Feature", "geometry": {"type": "Point", "coordinates": [94.520219, 26.81215]}, "properties": {"id": "S0988", "serial_no": 980, "state_serial_no": 17, "station_name": "AMGURI", "district": "SIBSAGAR", "commenced_on": "2019-11-22", "closed_on": "2020-12-21", "financial_year_commenced": "2019-2020", "financial_year_closed": "2020-2021", "mast_height_m": 40, "elevation_m": 51, "maws": 1.89, "mawpd": 9.13, "pdf_page": 14, "source_table": "Telecom tower", "project_type": null, "is_revision": false, "state": "ASSAM", "status": "Closed", "clean_notes": null, "review_required": false, "review_reason": null, "latitude": 26.81215, "longitude": 94.520219}}, {"type": "Feature", "geometry": {"type": "Point", "coordinates": [92.885417, 24.646667]}, "properties": {"id": "S0989", "serial_no": 981, "state_serial_no": 18, "station_name": "PALONGHAT", "district": "CACHAR", "commenced_on": "2019-11-22", "closed_on": "2021-04-08", "financial_year_commenced": "2019-2020", "financial_year_closed": "2021-2022", "mast_height_m": 40, "elevation_m": 31, "maws": 1.67, "mawpd": 6.25, "pdf_page": 14, "source_table": "Telecom tower", "project_type": null, "is_revision": false, "state": "ASSAM", "status": "Closed", "clean_notes": null, "review_required": false, "review_reason": null, "latitude": 24.646667, "longitude": 92.885417}}, {"type": "Feature", "geometry": {"type": "Point", "coordinates": [94.267739, 26.964439]}, "properties": {"id": "S0990", "serial_no": 982, "state_serial_no": 19, "station_name": "BONGAON", "district": "JORHAT", "commenced_on": "2019-11-22", "closed_on": "2020-12-21", "financial_year_commenced": "2019-2020", "financial_year_closed": "2020-2021", "mast_height_m": 35, "elevation_m": 92, "maws": 1.64, "mawpd": 5, "pdf_page": 14, "source_table": "Telecom tower", "project_type": null, "is_revision": false, "state": "ASSAM", "status": "Closed", "clean_notes": null, "review_required": false, "review_reason": null, "latitude": 26.964439, "longitude": 94.267739}}, {"type": "Feature", "geometry": {"type": "Point", "coordinates": [92.688, 24.722556]}, "properties": {"id": "S0991", "serial_no": 983, "state_serial_no": 20, "station_name": "RATANPORE", "district": "HAILAKANDI", "commenced_on": "2019-11-23", "closed_on": "2021-04-08", "financial_year_commenced": "2019-2020", "financial_year_closed": "2021-2022", "mast_height_m": 40, "elevation_m": 33, "maws": null, "mawpd": null, "pdf_page": 14, "source_table": "Telecom tower", "project_type": null, "is_revision": false, "state": "ASSAM", "status": "Closed", "clean_notes": null, "review_required": false, "review_reason": null, "latitude": 24.722556, "longitude": 92.688}}, {"type": "Feature", "geometry": {"type": "Point", "coordinates": [94.411278, 27.3195]}, "properties": {"id": "S0992", "serial_no": 984, "state_serial_no": 21, "station_name": "GHILAMORA", "district": "LAKHIMPUR", "commenced_on": "2019-11-23", "closed_on": "2021-01-07", "financial_year_commenced": "2019-2020", "financial_year_closed": "2020-2021", "mast_height_m": 54, "elevation_m": 93, "maws": 2.3, "mawpd": 13.45, "pdf_page": 14, "source_table": "Telecom tower", "project_type": null, "is_revision": false, "state": "ASSAM", "status": "Closed", "clean_notes": null, "review_required": false, "review_reason": null, "latitude": 27.3195, "longitude": 94.411278}}, {"type": "Feature", "geometry": {"type": "Point", "coordinates": [91.746111, 26.186931]}, "properties": {"id": "S0993", "serial_no": 985, "state_serial_no": 22, "station_name": "PANBAZAR", "district": "KAMRUP", "commenced_on": "2019-11-24", "closed_on": "2021-01-07", "financial_year_commenced": "2019-2020", "financial_year_closed": "2020-2021", "mast_height_m": 80, "elevation_m": 68, "maws": 2.88, "mawpd": 35.65, "pdf_page": 14, "source_table": "Telecom tower", "project_type": null, "is_revision": false, "state": "ASSAM", "status": "Closed", "clean_notes": null, "review_required": false, "review_reason": null, "latitude": 26.186931, "longitude": 91.746111}}, {"type": "Feature", "geometry": {"type": "Point", "coordinates": [92.515028, 24.287778]}, "properties": {"id": "S0994", "serial_no": 986, "state_serial_no": 23, "station_name": "GHARMURA", "district": "HAILAKANDI", "commenced_on": "2019-11-24", "closed_on": "2021-04-08", "financial_year_commenced": "2019-2020", "financial_year_closed": "2021-2022", "mast_height_m": 37, "elevation_m": 46, "maws": 1.08, "mawpd": 1.4, "pdf_page": 14, "source_table": "Telecom tower", "project_type": null, "is_revision": false, "state": "ASSAM", "status": "Closed", "clean_notes": null, "review_required": false, "review_reason": null, "latitude": 24.287778, "longitude": 92.515028}}, {"type": "Feature", "geometry": {"type": "Point", "coordinates": [93.634561, 26.888211]}, "properties": {"id": "S0995", "serial_no": 987, "state_serial_no": 24, "station_name": "GOPUR", "district": "SONITPUR", "commenced_on": "2019-11-25", "closed_on": "2021-01-07", "financial_year_commenced": "2019-2020", "financial_year_closed": "2020-2021", "mast_height_m": 36, "elevation_m": 72, "maws": 2.11, "mawpd": 11.03, "pdf_page": 14, "source_table": "Telecom tower", "project_type": null, "is_revision": false, "state": "ASSAM", "status": "Closed", "clean_notes": null, "review_required": false, "review_reason": null, "latitude": 26.888211, "longitude": 93.634561}}, {"type": "Feature", "geometry": {"type": "Point", "coordinates": [92.519639, 24.978667]}, "properties": {"id": "S0996", "serial_no": 988, "state_serial_no": 25, "station_name": "GUMRAH", "district": "CACHAR", "commenced_on": "2019-11-26", "closed_on": "2021-01-07", "financial_year_commenced": "2019-2020", "financial_year_closed": "2020-2021", "mast_height_m": 50, "elevation_m": 26, "maws": 2.06, "mawpd": 10.72, "pdf_page": 14, "source_table": "Telecom tower", "project_type": null, "is_revision": false, "state": "ASSAM", "status": "Closed", "clean_notes": null, "review_required": false, "review_reason": null, "latitude": 24.978667, "longitude": 92.519639}}, {"type": "Feature", "geometry": {"type": "Point", "coordinates": [94.5189, 27.52625]}, "properties": {"id": "S0997", "serial_no": 989, "state_serial_no": 26, "station_name": "BISHNUPUR", "district": "DHEMAJI", "commenced_on": "2019-11-26", "closed_on": "2021-04-08", "financial_year_commenced": "2019-2020", "financial_year_closed": "2021-2022", "mast_height_m": 55, "elevation_m": 114, "maws": 2, "mawpd": 13.77, "pdf_page": 14, "source_table": "Telecom tower", "project_type": null, "is_revision": false, "state": "ASSAM", "status": "Closed", "clean_notes": null, "review_required": false, "review_reason": null, "latitude": 27.52625, "longitude": 94.5189}}, {"type": "Feature", "geometry": {"type": "Point", "coordinates": [90.447139, 26.277472]}, "properties": {"id": "S0998", "serial_no": 990, "state_serial_no": 27, "station_name": "CHAPAR", "district": "DHUBRI", "commenced_on": "2020-02-12", "closed_on": "2021-04-08", "financial_year_commenced": "2019-2020", "financial_year_closed": "2021-2022", "mast_height_m": 40, "elevation_m": 43, "maws": 1.43, "mawpd": 3.88, "pdf_page": 14, "source_table": "Telecom tower", "project_type": null, "is_revision": false, "state": "ASSAM", "status": "Closed", "clean_notes": null, "review_required": false, "review_reason": null, "latitude": 26.277472, "longitude": 90.447139}}, {"type": "Feature", "geometry": {"type": "Point", "coordinates": [89.776278, 26.250111]}, "properties": {"id": "S0999", "serial_no": 991, "state_serial_no": 28, "station_name": "HALAKURA", "district": "DHUBRI", "commenced_on": "2020-02-13", "closed_on": "2021-04-08", "financial_year_commenced": "2019-2020", "financial_year_closed": "2021-2022", "mast_height_m": 37, "elevation_m": 37, "maws": 1.92, "mawpd": 8.3, "pdf_page": 14, "source_table": "Telecom tower", "project_type": null, "is_revision": false, "state": "ASSAM", "status": "Closed", "clean_notes": null, "review_required": false, "review_reason": null, "latitude": 26.250111, "longitude": 89.776278}}, {"type": "Feature", "geometry": {"type": "Point", "coordinates": [90.438222, 26.736]}, "properties": {"id": "S1000", "serial_no": 992, "state_serial_no": 29, "station_name": "SANTIPUR", "district": "CHIRANG", "commenced_on": "2020-02-14", "closed_on": "2021-04-08", "financial_year_commenced": "2019-2020", "financial_year_closed": "2021-2022", "mast_height_m": 37, "elevation_m": 127, "maws": 2.1, "mawpd": 10.46, "pdf_page": 14, "source_table": "Telecom tower", "project_type": null, "is_revision": false, "state": "ASSAM", "status": "Closed", "clean_notes": null, "review_required": false, "review_reason": null, "latitude": 26.736, "longitude": 90.438222}}, {"type": "Feature", "geometry": {"type": "Point", "coordinates": [92.100306, 26.747889]}, "properties": {"id": "S1001", "serial_no": 993, "state_serial_no": 30, "station_name": "UDALGURI", "district": "UDALGURI", "commenced_on": "2020-02-17", "closed_on": "2021-04-08", "financial_year_commenced": "2019-2020", "financial_year_closed": "2021-2022", "mast_height_m": 30, "elevation_m": 114, "maws": 2.07, "mawpd": 8.1, "pdf_page": 14, "source_table": "Telecom tower", "project_type": null, "is_revision": false, "state": "ASSAM", "status": "Closed", "clean_notes": null, "review_required": false, "review_reason": null, "latitude": 26.747889, "longitude": 92.100306}}, {"type": "Feature", "geometry": {"type": "Point", "coordinates": [91.706528, 26.682583]}, "properties": {"id": "S1002", "serial_no": 994, "state_serial_no": 31, "station_name": "SUAGPUR", "district": "KAMRUP", "commenced_on": "2020-02-18", "closed_on": "2021-04-08", "financial_year_commenced": "2019-2020", "financial_year_closed": "2021-2022", "mast_height_m": 37, "elevation_m": 90, "maws": 2.28, "mawpd": 13.99, "pdf_page": 14, "source_table": "Telecom tower", "project_type": null, "is_revision": false, "state": "ASSAM", "status": "Closed", "clean_notes": null, "review_required": false, "review_reason": null, "latitude": 26.682583, "longitude": 91.706528}}, {"type": "Feature", "geometry": {"type": "Point", "coordinates": [91.274889, 26.024611]}, "properties": {"id": "S1003", "serial_no": 995, "state_serial_no": 32, "station_name": "CHATABARI", "district": "KAMRUP", "commenced_on": "2020-02-22", "closed_on": "2021-04-08", "financial_year_commenced": "2019-2020", "financial_year_closed": "2021-2022", "mast_height_m": 37, "elevation_m": 50, "maws": 1.73, "mawpd": 6.5, "pdf_page": 14, "source_table": "Telecom tower", "project_type": null, "is_revision": false, "state": "ASSAM", "status": "Closed", "clean_notes": null, "review_required": false, "review_reason": null, "latitude": 26.024611, "longitude": 91.274889}}, {"type": "Feature", "geometry": {"type": "Point", "coordinates": [91.637917, 26.449917]}, "properties": {"id": "S1004", "serial_no": 996, "state_serial_no": 33, "station_name": "CHIRAKHUNDI", "district": "KAMRUP", "commenced_on": "2020-02-23", "closed_on": "2021-04-08", "financial_year_commenced": "2019-2020", "financial_year_closed": "2021-2022", "mast_height_m": 37, "elevation_m": 60, "maws": 1.71, "mawpd": 6.25, "pdf_page": 14, "source_table": "Telecom tower", "project_type": null, "is_revision": false, "state": "ASSAM", "status": "Closed", "clean_notes": null, "review_required": false, "review_reason": null, "latitude": 26.449917, "longitude": 91.637917}}]}