<?xml version="1.0" encoding="UTF-8"?><kml xmlns="http://www.opengis.net/kml/2.2"><Document><name>NIWE Wind Measurement Stations</name><Style id="Operational"><IconStyle><color>ff00aa00</color><scale>0.9</scale><Icon><href>http://maps.google.com/mapfiles/kml/shapes/placemark_circle.png</href></Icon></IconStyle></Style><Style id="Closed"><IconStyle><color>ff0000ff</color><scale>0.9</scale><Icon><href>http://maps.google.com/mapfiles/kml/shapes/placemark_circle.png</href></Icon></IconStyle></Style><Style id="Unknown"><IconStyle><color>ff888888</color><scale>0.9</scale><Icon><href>http://maps.google.com/mapfiles/kml/shapes/placemark_circle.png</href></Icon></IconStyle></Style><Folder><name>ANDAMAN &amp; NICOBAR ISLANDS (22)</name><Placemark><name>BARKATH LINE</name><description><![CDATA[<table><tr><td><b>Station</b></td><td>BARKATH LINE</td></tr><tr><td><b>District</b></td><td>ANDAMAN</td></tr><tr><td><b>Status</b></td><td>Closed</td></tr><tr><td><b>Source</b></td><td>Mast</td></tr><tr><td><b>Commenced</b></td><td>1992-03-25</td></tr><tr><td><b>Closed</b></td><td>1993-12-18</td></tr><tr><td><b>Mast height (m)</b></td><td>20</td></tr><tr><td><b>Elevation (m)</b></td><td>52</td></tr><tr><td><b>Mean wind speed (m/s)</b></td><td>3.53</td></tr><tr><td><b>Wind power density (W/m2)</b></td><td>63</td></tr><tr><td><b>PDF page</b></td><td>9</td></tr></table>]]></description><TimeSpan><begin>1992-03-25</begin><end>1993-12-18</end></TimeSpan><styleUrl>#Closed</styleUrl><Point><coordinates>92.747778,11.660278,0</coordinates></Point></Placemark><Placemark><name>BADMASH PAHAR</name><description><![CDATA[<table><tr><td><b>Station</b></td><td>BADMASH PAHAR</td></tr><tr><td><b>District</b></td><td>ANDAMAN</td></tr><tr><td><b>Status</b></td><td>Closed</td></tr><tr><td><b>Source</b></td><td>Mast</td></tr><tr><td><b>Commenced</b></td><td>2004-12-04</td></tr><tr><td><b>Closed</b></td><td>2007-11-30</td></tr><tr><td><b>Mast height (m)</b></td><td>30</td></tr><tr><td><b>Elevation (m)</b></td><td>50</td></tr><tr><td><b>Mean wind speed (m/s)</b></td><td>4.17</td></tr><tr><td><b>Wind power density (W/m2)</b></td><td>92</td></tr><tr><td><b>Project type</b></td><td>SNA project</td></tr><tr><td><b>PDF page</b></td><td>9</td></tr></table>]]></description><TimeSpan><begin>2004-12-04</begin><end>2007-11-30</end></TimeSpan><styleUrl>#Closed</styleUrl><Point><coordinates>92.661667,11.648611,0</coordinates></Point></Placemark><Placemark><name>CHUCKMACHI</name><description><![CDATA[<table><tr><td><b>Station</b></td><td>CHUCKMACHI</td></tr><tr><td><b>District</b></td><td>NICOBAR</td></tr><tr><td><b>Status</b></td><td>Closed</td></tr><tr><td><b>Source</b></td><td>Mast</td></tr><tr><td><b>Commenced</b></td><td>1997-03-19</td></tr><tr><td><b>Closed</b></td><td>1998-10-29</td></tr><tr><td><b>Mast height (m)</b></td><td>20</td></tr><tr><td><b>Elevation (m)</b></td><td>31</td></tr><tr><td><b>Mean wind speed (m/s)</b></td><td>4</td></tr><tr><td><b>Wind power density (W/m2)</b></td><td>66.2</td></tr><tr><td><b>PDF page</b></td><td>9</td></tr></table>]]></description><TimeSpan><begin>1997-03-19</begin><end>1998-10-29</end></TimeSpan><styleUrl>#Closed</styleUrl><Point><coordinates>93.163056,8.22,0</coordinates></Point></Placemark><Placemark><name>CORBIN'S PAHAR</name><description><![CDATA[<table><tr><td><b>Station</b></td><td>CORBIN'S PAHAR</td></tr><tr><td><b>District</b></td><td>ANDAMAN</td></tr><tr><td><b>Status</b></td><td>Closed</td></tr><tr><td><b>Source</b></td><td>Mast</td></tr><tr><td><b>Commenced</b></td><td>2004-12-05</td></tr><tr><td><b>Closed</b></td><td>2012-07-30</td></tr><tr><td><b>Mast height (m)</b></td><td>30</td></tr><tr><td><b>Elevation (m)</b></td><td>97</td></tr><tr><td><b>Mean wind speed (m/s)</b></td><td>4.97</td></tr><tr><td><b>Wind power density (W/m2)</b></td><td>125.61</td></tr><tr><td><b>Project type</b></td><td>SNA project</td></tr><tr><td><b>PDF page</b></td><td>9</td></tr></table>]]></description><TimeSpan><begin>2004-12-05</begin><end>2012-07-30</end></TimeSpan><styleUrl>#Closed</styleUrl><Point><coordinates>92.733333,11.633333,0</coordinates></Point></Placemark><Placemark><name>KEATING POINT</name><description><![CDATA[<table><tr><td><b>Station</b></td><td>KEATING POINT</td></tr><tr><td><b>District</b></td><td>NICOBAR</td></tr><tr><td><b>Status</b></td><td>Closed</td></tr><tr><td><b>Source</b></td><td>Mast</td></tr><tr><td><b>Commenced</b></td><td>1997-03-14</td></tr><tr><td><b>Closed</b></td><td>1999-05-12</td></tr><tr><td><b>Mast height (m)</b></td><td>20</td></tr><tr><td><b>Elevation (m)</b></td><td>10</td></tr><tr><td><b>Mean wind speed (m/s)</b></td><td>4.9</td></tr><tr><td><b>Wind power density (W/m2)</b></td><td>113.9</td></tr><tr><td><b>PDF page</b></td><td>9</td></tr></table>]]></description><TimeSpan><begin>1997-03-14</begin><end>1999-05-12</end></TimeSpan><styleUrl>#Closed</styleUrl><Point><coordinates>92.776111,9.255833,0</coordinates></Point></Placemark><Placemark><name>MINYUK</name><description><![CDATA[<table><tr><td><b>Station</b></td><td>MINYUK</td></tr><tr><td><b>District</b></td><td>NICOBAR</td></tr><tr><td><b>Status</b></td><td>Closed</td></tr><tr><td><b>Source</b></td><td>Mast</td></tr><tr><td><b>Commenced</b></td><td>1997-03-20</td></tr><tr><td><b>Closed</b></td><td>1998-10-29</td></tr><tr><td><b>Mast height (m)</b></td><td>20</td></tr><tr><td><b>Elevation (m)</b></td><td>30</td></tr><tr><td><b>Mean wind speed (m/s)</b></td><td>3.9</td></tr><tr><td><b>Wind power density (W/m2)</b></td><td>62.6</td></tr><tr><td><b>PDF page</b></td><td>9</td></tr></table>]]></description><TimeSpan><begin>1997-03-20</begin><end>1998-10-29</end></TimeSpan><styleUrl>#Closed</styleUrl><Point><coordinates>93.144444,8.233611,0</coordinates></Point></Placemark><Placemark><name>MOUNT HARRIET</name><description><![CDATA[<table><tr><td><b>Station</b></td><td>MOUNT HARRIET</td></tr><tr><td><b>District</b></td><td>ANDAMAN</td></tr><tr><td><b>Status</b></td><td>Closed</td></tr><tr><td><b>Source</b></td><td>Mast</td></tr><tr><td><b>Commenced</b></td><td>2004-12-11</td></tr><tr><td><b>Closed</b></td><td>2010-02-13</td></tr><tr><td><b>Mast height (m)</b></td><td>30</td></tr><tr><td><b>Elevation (m)</b></td><td>353</td></tr><tr><td><b>Mean wind speed (m/s)</b></td><td>5.6</td></tr><tr><td><b>Wind power density (W/m2)</b></td><td>165</td></tr><tr><td><b>Project type</b></td><td>SNA project</td></tr><tr><td><b>PDF page</b></td><td>10</td></tr></table>]]></description><TimeSpan><begin>2004-12-11</begin><end>2010-02-13</end></TimeSpan><styleUrl>#Closed</styleUrl><Point><coordinates>92.733611,11.72,0</coordinates></Point></Placemark><Placemark><name>PHOENIX BAY</name><description><![CDATA[<table><tr><td><b>Station</b></td><td>PHOENIX BAY</td></tr><tr><td><b>District</b></td><td>ANDAMAN</td></tr><tr><td><b>Status</b></td><td>Closed</td></tr><tr><td><b>Source</b></td><td>Mast</td></tr><tr><td><b>Commenced</b></td><td>1992-05-25</td></tr><tr><td><b>Closed</b></td><td>1993-12-20</td></tr><tr><td><b>Mast height (m)</b></td><td>20</td></tr><tr><td><b>Elevation (m)</b></td><td>31</td></tr><tr><td><b>Mean wind speed (m/s)</b></td><td>3.47</td></tr><tr><td><b>Wind power density (W/m2)</b></td><td>62</td></tr><tr><td><b>PDF page</b></td><td>10</td></tr></table>]]></description><TimeSpan><begin>1992-05-25</begin><end>1993-12-20</end></TimeSpan><styleUrl>#Closed</styleUrl><Point><coordinates>92.733889,11.667778,0</coordinates></Point></Placemark><Placemark><name>POKKADERO</name><description><![CDATA[<table><tr><td><b>Station</b></td><td>POKKADERO</td></tr><tr><td><b>District</b></td><td>ANDAMAN</td></tr><tr><td><b>Status</b></td><td>Closed</td></tr><tr><td><b>Source</b></td><td>Mast</td></tr><tr><td><b>Commenced</b></td><td>1992-05-27</td></tr><tr><td><b>Closed</b></td><td>1993-12-23</td></tr><tr><td><b>Mast height (m)</b></td><td>20</td></tr><tr><td><b>Elevation (m)</b></td><td>20</td></tr><tr><td><b>Mean wind speed (m/s)</b></td><td>3.03</td></tr><tr><td><b>Wind power density (W/m2)</b></td><td>63.1</td></tr><tr><td><b>PDF page</b></td><td>10</td></tr></table>]]></description><TimeSpan><begin>1992-05-27</begin><end>1993-12-23</end></TimeSpan><styleUrl>#Closed</styleUrl><Point><coordinates>92.9,12.908056,0</coordinates></Point></Placemark><Placemark><name>RAMKRISHNAGRAM</name><description><![CDATA[<table><tr><td><b>Station</b></td><td>RAMKRISHNAGRAM</td></tr><tr><td><b>District</b></td><td>ANDAMAN</td></tr><tr><td><b>Status</b></td><td>Closed</td></tr><tr><td><b>Source</b></td><td>Mast</td></tr><tr><td><b>Commenced</b></td><td>1992-05-29</td></tr><tr><td><b>Closed</b></td><td>1993-12-27</td></tr><tr><td><b>Mast height (m)</b></td><td>20</td></tr><tr><td><b>Elevation (m)</b></td><td>4</td></tr><tr><td><b>Mean wind speed (m/s)</b></td><td>2.79</td></tr><tr><td><b>Wind power density (W/m2)</b></td><td>55.3</td></tr><tr><td><b>PDF page</b></td><td>10</td></tr></table>]]></description><TimeSpan><begin>1992-05-29</begin><end>1993-12-27</end></TimeSpan><styleUrl>#Closed</styleUrl><Point><coordinates>92.983333,13.258333,0</coordinates></Point></Placemark><Placemark><name>SABARI</name><description><![CDATA[<table><tr><td><b>Station</b></td><td>SABARI</td></tr><tr><td><b>District</b></td><td>ANDAMAN</td></tr><tr><td><b>Status</b></td><td>Closed</td></tr><tr><td><b>Source</b></td><td>Mast</td></tr><tr><td><b>Commenced</b></td><td>1992-05-27</td></tr><tr><td><b>Closed</b></td><td>1993-12-23</td></tr><tr><td><b>Mast height (m)</b></td><td>20</td></tr><tr><td><b>Elevation (m)</b></td><td>89</td></tr><tr><td><b>Mean wind speed (m/s)</b></td><td>1.18</td></tr><tr><td><b>Wind power density (W/m2)</b></td><td>0.95</td></tr><tr><td><b>PDF page</b></td><td>10</td></tr></table>]]></description><TimeSpan><begin>1992-05-27</begin><end>1993-12-23</end></TimeSpan><styleUrl>#Closed</styleUrl><Point><coordinates>92.883333,12.5,0</coordinates></Point></Placemark><Placemark><name>SABARI</name><description><![CDATA[<table><tr><td><b>Station</b></td><td>SABARI</td></tr><tr><td><b>District</b></td><td>ANDAMAN</td></tr><tr><td><b>Status</b></td><td>Closed</td></tr><tr><td><b>Source</b></td><td>Mast</td></tr><tr><td><b>Commenced</b></td><td>2004-12-08</td></tr><tr><td><b>Closed</b></td><td>2007-11-30</td></tr><tr><td><b>Mast height (m)</b></td><td>30</td></tr><tr><td><b>Elevation (m)</b></td><td>100</td></tr><tr><td><b>Mean wind speed (m/s)</b></td><td>2.89</td></tr><tr><td><b>Wind power density (W/m2)</b></td><td>30</td></tr><tr><td><b>Project type</b></td><td>SNA project</td></tr><tr><td><b>PDF page</b></td><td>10</td></tr></table>]]></description><TimeSpan><begin>2004-12-08</begin><end>2007-11-30</end></TimeSpan><styleUrl>#Closed</styleUrl><Point><coordinates>92.895556,12.501667,0</coordinates></Point></Placemark><Placemark><name>SOUTH BAY</name><description><![CDATA[<table><tr><td><b>Station</b></td><td>SOUTH BAY</td></tr><tr><td><b>District</b></td><td>ANDAMAN</td></tr><tr><td><b>Status</b></td><td>Closed</td></tr><tr><td><b>Source</b></td><td>Mast</td></tr><tr><td><b>Commenced</b></td><td>1997-03-12</td></tr><tr><td><b>Closed</b></td><td>1998-10-22</td></tr><tr><td><b>Mast height (m)</b></td><td>20</td></tr><tr><td><b>Elevation (m)</b></td><td>10</td></tr><tr><td><b>Mean wind speed (m/s)</b></td><td>3.62</td></tr><tr><td><b>Wind power density (W/m2)</b></td><td>106.6</td></tr><tr><td><b>PDF page</b></td><td>10</td></tr></table>]]></description><TimeSpan><begin>1997-03-12</begin><end>1998-10-22</end></TimeSpan><styleUrl>#Closed</styleUrl><Point><coordinates>92.504167,10.511944,0</coordinates></Point></Placemark><Placemark><name>WANDOOR</name><description><![CDATA[<table><tr><td><b>Station</b></td><td>WANDOOR</td></tr><tr><td><b>District</b></td><td>ANDAMAN</td></tr><tr><td><b>Status</b></td><td>Closed</td></tr><tr><td><b>Source</b></td><td>Mast</td></tr><tr><td><b>Commenced</b></td><td>2010-05-14</td></tr><tr><td><b>Closed</b></td><td>2012-07-30</td></tr><tr><td><b>Mast height (m)</b></td><td>50</td></tr><tr><td><b>Elevation (m)</b></td><td>3</td></tr><tr><td><b>Mean wind speed (m/s)</b></td><td>3.47</td></tr><tr><td><b>Wind power density (W/m2)</b></td><td>55.25</td></tr><tr><td><b>PDF page</b></td><td>10</td></tr></table>]]></description><TimeSpan><begin>2010-05-14</begin><end>2012-07-30</end></TimeSpan><styleUrl>#Closed</styleUrl><Point><coordinates>92.608583,11.603889,0</coordinates></Point></Placemark><Placemark><name>HOG POINT</name><description><![CDATA[<table><tr><td><b>Station</b></td><td>HOG POINT</td></tr><tr><td><b>District</b></td><td>NICOBAR</td></tr><tr><td><b>Status</b></td><td>Closed</td></tr><tr><td><b>Source</b></td><td>Mast</td></tr><tr><td><b>Commenced</b></td><td>2010-05-31</td></tr><tr><td><b>Closed</b></td><td>2012-07-30</td></tr><tr><td><b>Mast height (m)</b></td><td>50</td></tr><tr><td><b>Elevation (m)</b></td><td>1</td></tr><tr><td><b>Mean wind speed (m/s)</b></td><td>5.16</td></tr><tr><td><b>Wind power density (W/m2)</b></td><td>151.59</td></tr><tr><td><b>PDF page</b></td><td>10</td></tr></table>]]></description><TimeSpan><begin>2010-05-31</begin><end>2012-07-30</end></TimeSpan><styleUrl>#Closed</styleUrl><Point><coordinates>92.724722,9.217611,0</coordinates></Point></Placemark><Placemark><name>CHOULDARI</name><description><![CDATA[<table><tr><td><b>Station</b></td><td>CHOULDARI</td></tr><tr><td><b>District</b></td><td>ANDAMAN</td></tr><tr><td><b>Status</b></td><td>Closed</td></tr><tr><td><b>Source</b></td><td>Mast</td></tr><tr><td><b>Commenced</b></td><td>2010-06-05</td></tr><tr><td><b>Closed</b></td><td>2012-07-30</td></tr><tr><td><b>Mast height (m)</b></td><td>50</td></tr><tr><td><b>Elevation (m)</b></td><td>22</td></tr><tr><td><b>Mean wind speed (m/s)</b></td><td>3.39</td></tr><tr><td><b>Wind power density (W/m2)</b></td><td>49.03</td></tr><tr><td><b>Project type</b></td><td>SNA project</td></tr><tr><td><b>PDF page</b></td><td>10</td></tr></table>]]></description><TimeSpan><begin>2010-06-05</begin><end>2012-07-30</end></TimeSpan><styleUrl>#Closed</styleUrl><Point><coordinates>92.663778,11.631361,0</coordinates></Point></Placemark><Placemark><name>COLLINPUR</name><description><![CDATA[<table><tr><td><b>Station</b></td><td>COLLINPUR</td></tr><tr><td><b>District</b></td><td>ANDAMAN</td></tr><tr><td><b>Status</b></td><td>Closed</td></tr><tr><td><b>Source</b></td><td>Mast</td></tr><tr><td><b>Commenced</b></td><td>2010-06-08</td></tr><tr><td><b>Closed</b></td><td>2012-07-30</td></tr><tr><td><b>Mast height (m)</b></td><td>50</td></tr><tr><td><b>Elevation (m)</b></td><td>2</td></tr><tr><td><b>Mean wind speed (m/s)</b></td><td>4.56</td></tr><tr><td><b>Wind power density (W/m2)</b></td><td>156.15</td></tr><tr><td><b>Project type</b></td><td>SNA project</td></tr><tr><td><b>PDF page</b></td><td>10</td></tr></table>]]></description><TimeSpan><begin>2010-06-08</begin><end>2012-07-30</end></TimeSpan><styleUrl>#Closed</styleUrl><Point><coordinates>92.598694,11.693278,0</coordinates></Point></Placemark><Placemark><name>VIKAS NAGAR</name><description><![CDATA[<table><tr><td><b>Station</b></td><td>VIKAS NAGAR</td></tr><tr><td><b>District</b></td><td>NICOBAR</td></tr><tr><td><b>Status</b></td><td>Closed</td></tr><tr><td><b>Source</b></td><td>Mast</td></tr><tr><td><b>Commenced</b></td><td>2010-06-13</td></tr><tr><td><b>Closed</b></td><td>2012-07-30</td></tr><tr><td><b>Mast height (m)</b></td><td>50</td></tr><tr><td><b>Elevation (m)</b></td><td>31</td></tr><tr><td><b>Mean wind speed (m/s)</b></td><td>4.42</td></tr><tr><td><b>Wind power density (W/m2)</b></td><td>84.54</td></tr><tr><td><b>Project type</b></td><td>SNA project</td></tr><tr><td><b>PDF page</b></td><td>10</td></tr></table>]]></description><TimeSpan><begin>2010-06-13</begin><end>2012-07-30</end></TimeSpan><styleUrl>#Closed</styleUrl><Point><coordinates>93.515194,8.120889,0</coordinates></Point></Placemark><Placemark><name>IRBN COMPLEX</name><description><![CDATA[<table><tr><td><b>Station</b></td><td>IRBN COMPLEX</td></tr><tr><td><b>District</b></td><td>ANDAMAN</td></tr><tr><td><b>Status</b></td><td>Closed</td></tr><tr><td><b>Source</b></td><td>Mast</td></tr><tr><td><b>Commenced</b></td><td>2011-01-13</td></tr><tr><td><b>Closed</b></td><td>2013-04-04</td></tr><tr><td><b>Mast height (m)</b></td><td>30</td></tr><tr><td><b>Elevation (m)</b></td><td>102</td></tr><tr><td><b>Mean wind speed (m/s)</b></td><td>4.51</td></tr><tr><td><b>Wind power density (W/m2)</b></td><td>109.11</td></tr><tr><td><b>Project type</b></td><td>SNA project</td></tr><tr><td><b>PDF page</b></td><td>10</td></tr></table>]]></description><TimeSpan><begin>2011-01-13</begin><end>2013-04-04</end></TimeSpan><styleUrl>#Closed</styleUrl><Point><coordinates>92.649806,11.636361,0</coordinates></Point></Placemark><Placemark><name>SIGMUNDERA</name><description><![CDATA[<table><tr><td><b>Station</b></td><td>SIGMUNDERA</td></tr><tr><td><b>District</b></td><td>NORTH ANDAMAN</td></tr><tr><td><b>Status</b></td><td>Operational</td></tr><tr><td><b>Source</b></td><td>Mast</td></tr><tr><td><b>Commenced</b></td><td>2024-03-18</td></tr><tr><td><b>Mast height (m)</b></td><td>100</td></tr><tr><td><b>Elevation (m)</b></td><td>52</td></tr><tr><td><b>PDF page</b></td><td>10</td></tr></table>]]></description><TimeSpan><begin>2024-03-18</begin></TimeSpan><styleUrl>#Operational</styleUrl><Point><coordinates>92.931389,12.38025,0</coordinates></Point></Placemark><Placemark><name>BHARATPUR</name><description><![CDATA[<table><tr><td><b>Station</b></td><td>BHARATPUR</td></tr><tr><td><b>District</b></td><td>NEIL ISLAND</td></tr><tr><td><b>Status</b></td><td>Operational</td></tr><tr><td><b>Source</b></td><td>Mast</td></tr><tr><td><b>Commenced</b></td><td>2024-03-22</td></tr><tr><td><b>Mast height (m)</b></td><td>100</td></tr><tr><td><b>Elevation (m)</b></td><td>24</td></tr><tr><td><b>PDF page</b></td><td>10</td></tr></table>]]></description><TimeSpan><begin>2024-03-22</begin></TimeSpan><styleUrl>#Operational</styleUrl><Point><coordinates>93.032139,11.833861,0</coordinates></Point></Placemark><Placemark><name>MANGULTHAN</name><description><![CDATA[<table><tr><td><b>Station</b></td><td>MANGULTHAN</td></tr><tr><td><b>District</b></td><td>SOUTH ANDAMAN</td></tr><tr><td><b>Status</b></td><td>Operational</td></tr><tr><td><b>Source</b></td><td>Mast</td></tr><tr><td><b>Commenced</b></td><td>2024-04-24</td></tr><tr><td><b>Mast height (m)</b></td><td>100</td></tr><tr><td><b>Elevation (m)</b></td><td>117</td></tr><tr><td><b>PDF page</b></td><td>10</td></tr></table>]]></description><TimeSpan><begin>2024-04-24</begin></TimeSpan><styleUrl>#Operational</styleUrl><Point><coordinates>92.662472,11.572944,0</coordinates></Point></Placemark></Folder><Folder><name>ANDHRA PRADESH (73)</name><Placemark><name>ALANGARAPETA</name><description><![CDATA[<table><tr><td><b>Station</b></td><td>ALANGARAPETA</td></tr><tr><td><b>District</b></td><td>ANANTAPUR</td></tr><tr><td><b>Status</b></td><td>Closed</td></tr><tr><td><b>Source</b></td><td>Mast</td></tr><tr><td><b>Commenced</b></td><td>2000-09-16</td></tr><tr><td><b>Closed</b></td><td>2002-10-17</td></tr><tr><td><b>Mast height (m)</b></td><td>25</td></tr><tr><td><b>Elevation (m)</b></td><td>360</td></tr><tr><td><b>Mean wind speed (m/s)</b></td><td>5.85</td></tr><tr><td><b>Wind power density (W/m2)</b></td><td>244</td></tr><tr><td><b>PDF page</b></td><td>5</td></tr></table>]]></description><TimeSpan><begin>2000-09-16</begin><end>2002-10-17</end></TimeSpan><styleUrl>#Closed</styleUrl><Point><coordinates>77.800278,14.848611,0</coordinates></Point></Placemark><Placemark><name>BADHRAMPALLI KOTTALA</name><description><![CDATA[<table><tr><td><b>Station</b></td><td>BADHRAMPALLI KOTTALA</td></tr><tr><td><b>District</b></td><td>ANANTAPUR</td></tr><tr><td><b>Status</b></td><td>Closed</td></tr><tr><td><b>Source</b></td><td>Mast</td></tr><tr><td><b>Commenced</b></td><td>1994-09-25</td></tr><tr><td><b>Closed</b></td><td>1998-01-22</td></tr><tr><td><b>Mast height (m)</b></td><td>25</td></tr><tr><td><b>Elevation (m)</b></td><td>433</td></tr><tr><td><b>Mean wind speed (m/s)</b></td><td>5.92</td></tr><tr><td><b>Wind power density (W/m2)</b></td><td>247.7</td></tr><tr><td><b>PDF page</b></td><td>5</td></tr></table>]]></description><TimeSpan><begin>1994-09-25</begin><end>1998-01-22</end></TimeSpan><styleUrl>#Closed</styleUrl><Point><coordinates>77.394167,14.925,0</coordinates></Point></Placemark><Placemark><name>BADVEL</name><description><![CDATA[<table><tr><td><b>Station</b></td><td>BADVEL</td></tr><tr><td><b>District</b></td><td>CUDDAPAH</td></tr><tr><td><b>Status</b></td><td>Closed</td></tr><tr><td><b>Source</b></td><td>Mast</td></tr><tr><td><b>Commenced</b></td><td>2000-09-21</td></tr><tr><td><b>Closed</b></td><td>2002-10-20</td></tr><tr><td><b>Mast height (m)</b></td><td>25</td></tr><tr><td><b>Elevation (m)</b></td><td>204</td></tr><tr><td><b>Mean wind speed (m/s)</b></td><td>4.99</td></tr><tr><td><b>Wind power density (W/m2)</b></td><td>167</td></tr><tr><td><b>PDF page</b></td><td>5</td></tr></table>]]></description><TimeSpan><begin>2000-09-21</begin><end>2002-10-20</end></TimeSpan><styleUrl>#Closed</styleUrl><Point><coordinates>79.087194,14.749083,0</coordinates></Point></Placemark><Placemark><name>BALAPURAM</name><description><![CDATA[<table><tr><td><b>Station</b></td><td>BALAPURAM</td></tr><tr><td><b>District</b></td><td>ANANTAPUR</td></tr><tr><td><b>Status</b></td><td>Closed</td></tr><tr><td><b>Source</b></td><td>Mast</td></tr><tr><td><b>Commenced</b></td><td>1999-08-29</td></tr><tr><td><b>Closed</b></td><td>2000-11-21</td></tr><tr><td><b>Mast height (m)</b></td><td>25</td></tr><tr><td><b>Elevation (m)</b></td><td>290</td></tr><tr><td><b>Mean wind speed (m/s)</b></td><td>4.47</td></tr><tr><td><b>Wind power density (W/m2)</b></td><td>104.8</td></tr><tr><td><b>PDF page</b></td><td>5</td></tr></table>]]></description><TimeSpan><begin>1999-08-29</begin><end>2000-11-21</end></TimeSpan><styleUrl>#Closed</styleUrl><Point><coordinates>77.978056,14.794167,0</coordinates></Point></Placemark><Placemark><name>BANAVASI</name><description><![CDATA[<table><tr><td><b>Station</b></td><td>BANAVASI</td></tr><tr><td><b>District</b></td><td>KURNOOL</td></tr><tr><td><b>Status</b></td><td>Closed</td></tr><tr><td><b>Source</b></td><td>Mast</td></tr><tr><td><b>Commenced</b></td><td>1992-12-07</td></tr><tr><td><b>Closed</b></td><td>1994-01-30</td></tr><tr><td><b>Mast height (m)</b></td><td>25</td></tr><tr><td><b>Elevation (m)</b></td><td>400</td></tr><tr><td><b>Mean wind speed (m/s)</b></td><td>4.14</td></tr><tr><td><b>Wind power density (W/m2)</b></td><td>82.8</td></tr><tr><td><b>PDF page</b></td><td>5</td></tr></table>]]></description><TimeSpan><begin>1992-12-07</begin><end>1994-01-30</end></TimeSpan><styleUrl>#Closed</styleUrl><Point><coordinates>77.433444,15.719944,0</coordinates></Point></Placemark><Placemark><name>BANDERLAPALLI</name><description><![CDATA[<table><tr><td><b>Station</b></td><td>BANDERLAPALLI</td></tr><tr><td><b>District</b></td><td>KURNOOL</td></tr><tr><td><b>Status</b></td><td>Closed</td></tr><tr><td><b>Source</b></td><td>Mast</td></tr><tr><td><b>Commenced</b></td><td>1997-03-23</td></tr><tr><td><b>Closed</b></td><td>1999-04-30</td></tr><tr><td><b>Mast height (m)</b></td><td>25</td></tr><tr><td><b>Elevation (m)</b></td><td>438</td></tr><tr><td><b>Mean wind speed (m/s)</b></td><td>5.58</td></tr><tr><td><b>Wind power density (W/m2)</b></td><td>240.2</td></tr><tr><td><b>PDF page</b></td><td>5</td></tr></table>]]></description><TimeSpan><begin>1997-03-23</begin><end>1999-04-30</end></TimeSpan><styleUrl>#Closed</styleUrl><Point><coordinates>78.061111,15.011944,0</coordinates></Point></Placemark><Placemark><name>BHIMUNIPATNAM</name><description><![CDATA[<table><tr><td><b>Station</b></td><td>BHIMUNIPATNAM</td></tr><tr><td><b>District</b></td><td>VISHAKAPATNAM</td></tr><tr><td><b>Status</b></td><td>Closed</td></tr><tr><td><b>Source</b></td><td>Mast</td></tr><tr><td><b>Commenced</b></td><td>1988-09-03</td></tr><tr><td><b>Closed</b></td><td>1991-12-15</td></tr><tr><td><b>Mast height (m)</b></td><td>20</td></tr><tr><td><b>Elevation (m)</b></td><td>115</td></tr><tr><td><b>Mean wind speed (m/s)</b></td><td>5.31</td></tr><tr><td><b>Wind power density (W/m2)</b></td><td>194.7</td></tr><tr><td><b>PDF page</b></td><td>5</td></tr></table>]]></description><TimeSpan><begin>1988-09-03</begin><end>1991-12-15</end></TimeSpan><styleUrl>#Closed</styleUrl><Point><coordinates>83.407528,17.817694,0</coordinates></Point></Placemark><Placemark><name>BORAMPALLI</name><description><![CDATA[<table><tr><td><b>Station</b></td><td>BORAMPALLI</td></tr><tr><td><b>District</b></td><td>ANANTAPUR</td></tr><tr><td><b>Status</b></td><td>Closed</td></tr><tr><td><b>Source</b></td><td>Mast</td></tr><tr><td><b>Commenced</b></td><td>1998-07-19</td></tr><tr><td><b>Closed</b></td><td>2000-09-15</td></tr><tr><td><b>Mast height (m)</b></td><td>25</td></tr><tr><td><b>Elevation (m)</b></td><td>550</td></tr><tr><td><b>Mean wind speed (m/s)</b></td><td>5.45</td></tr><tr><td><b>Wind power density (W/m2)</b></td><td>163.1</td></tr><tr><td><b>PDF page</b></td><td>5</td></tr></table>]]></description><TimeSpan><begin>1998-07-19</begin><end>2000-09-15</end></TimeSpan><styleUrl>#Closed</styleUrl><Point><coordinates>77.151944,14.5875,0</coordinates></Point></Placemark><Placemark><name>BOXAMPALLI</name><description><![CDATA[<table><tr><td><b>Station</b></td><td>BOXAMPALLI</td></tr><tr><td><b>District</b></td><td>ANANTAPUR</td></tr><tr><td><b>Status</b></td><td>Closed</td></tr><tr><td><b>Source</b></td><td>Mast</td></tr><tr><td><b>Commenced</b></td><td>1994-09-22</td></tr><tr><td><b>Closed</b></td><td>1997-11-21</td></tr><tr><td><b>Mast height (m)</b></td><td>25</td></tr><tr><td><b>Elevation (m)</b></td><td>639</td></tr><tr><td><b>Mean wind speed (m/s)</b></td><td>4.7</td></tr><tr><td><b>Wind power density (W/m2)</b></td><td>128.5</td></tr><tr><td><b>PDF page</b></td><td>5</td></tr></table>]]></description><TimeSpan><begin>1994-09-22</begin><end>1997-11-21</end></TimeSpan><styleUrl>#Closed</styleUrl><Point><coordinates>77.553944,14.091639,0</coordinates></Point></Placemark><Placemark><name>BURUGULA</name><description><![CDATA[<table><tr><td><b>Station</b></td><td>BURUGULA</td></tr><tr><td><b>District</b></td><td>KURNOOL</td></tr><tr><td><b>Status</b></td><td>Closed</td></tr><tr><td><b>Source</b></td><td>Mast</td></tr><tr><td><b>Commenced</b></td><td>1998-09-18</td></tr><tr><td><b>Closed</b></td><td>2000-11-25</td></tr><tr><td><b>Mast height (m)</b></td><td>25</td></tr><tr><td><b>Elevation (m)</b></td><td>540</td></tr><tr><td><b>Mean wind speed (m/s)</b></td><td>5.11</td></tr><tr><td><b>Wind power density (W/m2)</b></td><td>147.4</td></tr><tr><td><b>PDF page</b></td><td>5</td></tr></table>]]></description><TimeSpan><begin>1998-09-18</begin><end>2000-11-25</end></TimeSpan><styleUrl>#Closed</styleUrl><Point><coordinates>77.956389,15.129722,0</coordinates></Point></Placemark><Placemark><name>CHIMALAPENTA</name><description><![CDATA[<table><tr><td><b>Station</b></td><td>CHIMALAPENTA</td></tr><tr><td><b>District</b></td><td>CUDDAPAH</td></tr><tr><td><b>Status</b></td><td>Closed</td></tr><tr><td><b>Source</b></td><td>Mast</td></tr><tr><td><b>Commenced</b></td><td>2000-09-20</td></tr><tr><td><b>Closed</b></td><td>2002-02-17</td></tr><tr><td><b>Mast height (m)</b></td><td>25</td></tr><tr><td><b>Elevation (m)</b></td><td>260</td></tr><tr><td><b>Mean wind speed (m/s)</b></td><td>4.23</td></tr><tr><td><b>Wind power density (W/m2)</b></td><td>89</td></tr><tr><td><b>PDF page</b></td><td>5</td></tr></table>]]></description><TimeSpan><begin>2000-09-20</begin><end>2002-02-17</end></TimeSpan><styleUrl>#Closed</styleUrl><Point><coordinates>78.580772,14.437575,0</coordinates></Point></Placemark><Placemark><name>CHINNABABAYAPALLI</name><description><![CDATA[<table><tr><td><b>Station</b></td><td>CHINNABABAYAPALLI</td></tr><tr><td><b>District</b></td><td>ANANTAPUR</td></tr><tr><td><b>Status</b></td><td>Closed</td></tr><tr><td><b>Source</b></td><td>Mast</td></tr><tr><td><b>Commenced</b></td><td>1998-07-21</td></tr><tr><td><b>Closed</b></td><td>2000-11-23</td></tr><tr><td><b>Mast height (m)</b></td><td>25</td></tr><tr><td><b>Elevation (m)</b></td><td>762</td></tr><tr><td><b>Mean wind speed (m/s)</b></td><td>5.14</td></tr><tr><td><b>Wind power density (W/m2)</b></td><td>132.3</td></tr><tr><td><b>PDF page</b></td><td>5</td></tr></table>]]></description><TimeSpan><begin>1998-07-21</begin><end>2000-11-23</end></TimeSpan><styleUrl>#Closed</styleUrl><Point><coordinates>77.625972,13.961944,0</coordinates></Point></Placemark><Placemark><name>DAKKILI</name><description><![CDATA[<table><tr><td><b>Station</b></td><td>DAKKILI</td></tr><tr><td><b>District</b></td><td>NELLORE</td></tr><tr><td><b>Status</b></td><td>Closed</td></tr><tr><td><b>Source</b></td><td>Mast</td></tr><tr><td><b>Commenced</b></td><td>2000-09-23</td></tr><tr><td><b>Closed</b></td><td>2002-02-19</td></tr><tr><td><b>Mast height (m)</b></td><td>25</td></tr><tr><td><b>Elevation (m)</b></td><td>60</td></tr><tr><td><b>Mean wind speed (m/s)</b></td><td>3.19</td></tr><tr><td><b>Wind power density (W/m2)</b></td><td>53</td></tr><tr><td><b>PDF page</b></td><td>5</td></tr></table>]]></description><TimeSpan><begin>2000-09-23</begin><end>2002-02-19</end></TimeSpan><styleUrl>#Closed</styleUrl><Point><coordinates>79.570333,14.118611,0</coordinates></Point></Placemark><Placemark><name>GALIKONDA</name><description><![CDATA[<table><tr><td><b>Station</b></td><td>GALIKONDA</td></tr><tr><td><b>District</b></td><td>VISHAKAPATNAM</td></tr><tr><td><b>Status</b></td><td>Closed</td></tr><tr><td><b>Source</b></td><td>Mast</td></tr><tr><td><b>Commenced</b></td><td>1988-03-23</td></tr><tr><td><b>Closed</b></td><td>1989-07-26</td></tr><tr><td><b>Mast height (m)</b></td><td>20</td></tr><tr><td><b>Elevation (m)</b></td><td>1329</td></tr><tr><td><b>Mean wind speed (m/s)</b></td><td>4.11</td></tr><tr><td><b>Wind power density (W/m2)</b></td><td>117.9</td></tr><tr><td><b>PDF page</b></td><td>5</td></tr></table>]]></description><TimeSpan><begin>1988-03-23</begin><end>1989-07-26</end></TimeSpan><styleUrl>#Closed</styleUrl><Point><coordinates>82.989917,18.272639,0</coordinates></Point></Placemark><Placemark><name>JAMALAMADUGU 1</name><description><![CDATA[<table><tr><td><b>Station</b></td><td>JAMALAMADUGU 1</td></tr><tr><td><b>District</b></td><td>CUDDAPAH</td></tr><tr><td><b>Status</b></td><td>Closed</td></tr><tr><td><b>Source</b></td><td>Mast</td></tr><tr><td><b>Commenced</b></td><td>1992-12-12</td></tr><tr><td><b>Closed</b></td><td>1995-12-28</td></tr><tr><td><b>Mast height (m)</b></td><td>25</td></tr><tr><td><b>Elevation (m)</b></td><td>390</td></tr><tr><td><b>Mean wind speed (m/s)</b></td><td>4.86</td></tr><tr><td><b>Wind power density (W/m2)</b></td><td>161.4</td></tr><tr><td><b>PDF page</b></td><td>5</td></tr></table>]]></description><TimeSpan><begin>1992-12-12</begin><end>1995-12-28</end></TimeSpan><styleUrl>#Closed</styleUrl><Point><coordinates>78.367833,14.732556,0</coordinates></Point></Placemark><Placemark><name>JAMALAMADUGU 2</name><description><![CDATA[<table><tr><td><b>Station</b></td><td>JAMALAMADUGU 2</td></tr><tr><td><b>District</b></td><td>CUDDAPAH</td></tr><tr><td><b>Status</b></td><td>Closed</td></tr><tr><td><b>Source</b></td><td>Mast</td></tr><tr><td><b>Commenced</b></td><td>1992-12-11</td></tr><tr><td><b>Closed</b></td><td>1995-12-27</td></tr><tr><td><b>Mast height (m)</b></td><td>25</td></tr><tr><td><b>Elevation (m)</b></td><td>380</td></tr><tr><td><b>Mean wind speed (m/s)</b></td><td>5.17</td></tr><tr><td><b>Wind power density (W/m2)</b></td><td>164.8</td></tr><tr><td><b>PDF page</b></td><td>5</td></tr></table>]]></description><TimeSpan><begin>1992-12-11</begin><end>1995-12-27</end></TimeSpan><styleUrl>#Closed</styleUrl><Point><coordinates>78.375278,14.732222,0</coordinates></Point></Placemark><Placemark><name>JANGAMGUNTLA</name><description><![CDATA[<table><tr><td><b>Station</b></td><td>JANGAMGUNTLA</td></tr><tr><td><b>District</b></td><td>PRAKASAM</td></tr><tr><td><b>Status</b></td><td>Closed</td></tr><tr><td><b>Source</b></td><td>Mast</td></tr><tr><td><b>Commenced</b></td><td>1997-03-30</td></tr><tr><td><b>Closed</b></td><td>1999-05-03</td></tr><tr><td><b>Mast height (m)</b></td><td>20</td></tr><tr><td><b>Elevation (m)</b></td><td>237</td></tr><tr><td><b>Mean wind speed (m/s)</b></td><td>4.45</td></tr><tr><td><b>Wind power density (W/m2)</b></td><td>148.6</td></tr><tr><td><b>PDF page</b></td><td>5</td></tr></table>]]></description><TimeSpan><begin>1997-03-30</begin><end>1999-05-03</end></TimeSpan><styleUrl>#Closed</styleUrl><Point><coordinates>79.134472,15.647056,0</coordinates></Point></Placemark><Placemark><name>KADAVAKALLU (1)</name><description><![CDATA[<table><tr><td><b>Station</b></td><td>KADAVAKALLU (1)</td></tr><tr><td><b>District</b></td><td>ANANTAPUR</td></tr><tr><td><b>Status</b></td><td>Closed</td></tr><tr><td><b>Source</b></td><td>Mast</td></tr><tr><td><b>Commenced</b></td><td>1992-12-04</td></tr><tr><td><b>Closed</b></td><td>1998-07-14</td></tr><tr><td><b>Mast height (m)</b></td><td>25</td></tr><tr><td><b>Elevation (m)</b></td><td>368</td></tr><tr><td><b>Mean wind speed (m/s)</b></td><td>6.14</td></tr><tr><td><b>Wind power density (W/m2)</b></td><td>303.1</td></tr><tr><td><b>PDF page</b></td><td>5</td></tr></table>]]></description><TimeSpan><begin>1992-12-04</begin><end>1998-07-14</end></TimeSpan><styleUrl>#Closed</styleUrl><Point><coordinates>77.921389,14.854722,0</coordinates></Point></Placemark><Placemark><name>KADAVAKALLU (2)</name><description><![CDATA[<table><tr><td><b>Station</b></td><td>KADAVAKALLU (2)</td></tr><tr><td><b>District</b></td><td>ANANTAPUR</td></tr><tr><td><b>Status</b></td><td>Closed</td></tr><tr><td><b>Source</b></td><td>Mast</td></tr><tr><td><b>Commenced</b></td><td>2001-05-20</td></tr><tr><td><b>Closed</b></td><td>2010-12-26</td></tr><tr><td><b>Mast height (m)</b></td><td>25</td></tr><tr><td><b>Elevation (m)</b></td><td>386</td></tr><tr><td><b>Mean wind speed (m/s)</b></td><td>6.31</td></tr><tr><td><b>Wind power density (W/m2)</b></td><td>314</td></tr><tr><td><b>PDF page</b></td><td>5</td></tr></table>]]></description><TimeSpan><begin>2001-05-20</begin><end>2010-12-26</end></TimeSpan><styleUrl>#Closed</styleUrl><Point><coordinates>77.9525,14.790556,0</coordinates></Point></Placemark><Placemark><name>KAKULA KONDA</name><description><![CDATA[<table><tr><td><b>Station</b></td><td>KAKULA KONDA</td></tr><tr><td><b>District</b></td><td>CHITTOOR</td></tr><tr><td><b>Status</b></td><td>Closed</td></tr><tr><td><b>Source</b></td><td>Mast</td></tr><tr><td><b>Commenced</b></td><td>1988-08-24</td></tr><tr><td><b>Closed</b></td><td>1993-09-25</td></tr><tr><td><b>Mast height (m)</b></td><td>20</td></tr><tr><td><b>Elevation (m)</b></td><td>972</td></tr><tr><td><b>Mean wind speed (m/s)</b></td><td>6.42</td></tr><tr><td><b>Wind power density (W/m2)</b></td><td>331.9</td></tr><tr><td><b>PDF page</b></td><td>5</td></tr></table>]]></description><TimeSpan><begin>1988-08-24</begin><end>1993-09-25</end></TimeSpan><styleUrl>#Closed</styleUrl><Point><coordinates>79.360861,13.690194,0</coordinates></Point></Placemark><Placemark><name>KODUMURU</name><description><![CDATA[<table><tr><td><b>Station</b></td><td>KODUMURU</td></tr><tr><td><b>District</b></td><td>KURNOOL</td></tr><tr><td><b>Status</b></td><td>Closed</td></tr><tr><td><b>Source</b></td><td>Mast</td></tr><tr><td><b>Commenced</b></td><td>2000-09-18</td></tr><tr><td><b>Closed</b></td><td>2002-10-19</td></tr><tr><td><b>Mast height (m)</b></td><td>25</td></tr><tr><td><b>Elevation (m)</b></td><td>406</td></tr><tr><td><b>Mean wind speed (m/s)</b></td><td>5.92</td></tr><tr><td><b>Wind power density (W/m2)</b></td><td>225</td></tr><tr><td><b>PDF page</b></td><td>5</td></tr></table>]]></description><TimeSpan><begin>2000-09-18</begin><end>2002-10-19</end></TimeSpan><styleUrl>#Closed</styleUrl><Point><coordinates>77.7675,15.690361,0</coordinates></Point></Placemark><Placemark><name>KONDAMEDAPALLI</name><description><![CDATA[<table><tr><td><b>Station</b></td><td>KONDAMEDAPALLI</td></tr><tr><td><b>District</b></td><td>KURNOOL</td></tr><tr><td><b>Status</b></td><td>Closed</td></tr><tr><td><b>Source</b></td><td>Mast</td></tr><tr><td><b>Commenced</b></td><td>1997-03-22</td></tr><tr><td><b>Closed</b></td><td>1999-04-30</td></tr><tr><td><b>Mast height (m)</b></td><td>25</td></tr><tr><td><b>Elevation (m)</b></td><td>439</td></tr><tr><td><b>Mean wind speed (m/s)</b></td><td>5.62</td></tr><tr><td><b>Wind power density (W/m2)</b></td><td>251.6</td></tr><tr><td><b>PDF page</b></td><td>5</td></tr></table>]]></description><TimeSpan><begin>1997-03-22</begin><end>1999-04-30</end></TimeSpan><styleUrl>#Closed</styleUrl><Point><coordinates>78.041944,15.054167,0</coordinates></Point></Placemark><Placemark><name>KORRAKODU</name><description><![CDATA[<table><tr><td><b>Station</b></td><td>KORRAKODU</td></tr><tr><td><b>District</b></td><td>ANANTAPUR</td></tr><tr><td><b>Status</b></td><td>Closed</td></tr><tr><td><b>Source</b></td><td>Mast</td></tr><tr><td><b>Commenced</b></td><td>2000-09-14</td></tr><tr><td><b>Closed</b></td><td>2002-10-18</td></tr><tr><td><b>Mast height (m)</b></td><td>25</td></tr><tr><td><b>Elevation (m)</b></td><td>460</td></tr><tr><td><b>Mean wind speed (m/s)</b></td><td>5.19</td></tr><tr><td><b>Wind power density (W/m2)</b></td><td>146</td></tr><tr><td><b>PDF page</b></td><td>5</td></tr></table>]]></description><TimeSpan><begin>2000-09-14</begin><end>2002-10-18</end></TimeSpan><styleUrl>#Closed</styleUrl><Point><coordinates>77.325833,14.785833,0</coordinates></Point></Placemark><Placemark><name>KOTA</name><description><![CDATA[<table><tr><td><b>Station</b></td><td>KOTA</td></tr><tr><td><b>District</b></td><td>NELLORE</td></tr><tr><td><b>Status</b></td><td>Closed</td></tr><tr><td><b>Source</b></td><td>Mast</td></tr><tr><td><b>Commenced</b></td><td>2000-09-22</td></tr><tr><td><b>Closed</b></td><td>2002-02-20</td></tr><tr><td><b>Mast height (m)</b></td><td>25</td></tr><tr><td><b>Elevation (m)</b></td><td>30</td></tr><tr><td><b>Mean wind speed (m/s)</b></td><td>4.02</td></tr><tr><td><b>Wind power density (W/m2)</b></td><td>65</td></tr><tr><td><b>PDF page</b></td><td>5</td></tr></table>]]></description><TimeSpan><begin>2000-09-22</begin><end>2002-02-20</end></TimeSpan><styleUrl>#Closed</styleUrl><Point><coordinates>80.006972,14.037611,0</coordinates></Point></Placemark><Placemark><name>LACHAMBAVI</name><description><![CDATA[<table><tr><td><b>Station</b></td><td>LACHAMBAVI</td></tr><tr><td><b>District</b></td><td>GUNTUR</td></tr><tr><td><b>Status</b></td><td>Closed</td></tr><tr><td><b>Source</b></td><td>Mast</td></tr><tr><td><b>Commenced</b></td><td>1999-03-08</td></tr><tr><td><b>Closed</b></td><td>2000-09-25</td></tr><tr><td><b>Mast height (m)</b></td><td>25</td></tr><tr><td><b>Elevation (m)</b></td><td>287</td></tr><tr><td><b>Mean wind speed (m/s)</b></td><td>4.28</td></tr><tr><td><b>Wind power density (W/m2)</b></td><td>98</td></tr><tr><td><b>PDF page</b></td><td>5</td></tr></table>]]></description><TimeSpan><begin>1999-03-08</begin><end>2000-09-25</end></TimeSpan><styleUrl>#Closed</styleUrl><Point><coordinates>79.311806,16.453417,0</coordinates></Point></Placemark><Placemark><name>M.P.R. DAM</name><description><![CDATA[<table><tr><td><b>Station</b></td><td>M.P.R. DAM</td></tr><tr><td><b>District</b></td><td>ANANTAPUR</td></tr><tr><td><b>Status</b></td><td>Closed</td></tr><tr><td><b>Source</b></td><td>Mast</td></tr><tr><td><b>Commenced</b></td><td>1988-08-27</td></tr><tr><td><b>Closed</b></td><td>1993-09-29</td></tr><tr><td><b>Mast height (m)</b></td><td>20</td></tr><tr><td><b>Elevation (m)</b></td><td>404</td></tr><tr><td><b>Mean wind speed (m/s)</b></td><td>5.53</td></tr><tr><td><b>Wind power density (W/m2)</b></td><td>227.9</td></tr><tr><td><b>PDF page</b></td><td>5</td></tr></table>]]></description><TimeSpan><begin>1988-08-27</begin><end>1993-09-29</end></TimeSpan><styleUrl>#Closed</styleUrl><Point><coordinates>77.465647,14.818556,0</coordinates></Point></Placemark><Placemark><name>MADIKERE</name><description><![CDATA[<table><tr><td><b>Station</b></td><td>MADIKERE</td></tr><tr><td><b>District</b></td><td>KURNOOL</td></tr><tr><td><b>Status</b></td><td>Closed</td></tr><tr><td><b>Source</b></td><td>Mast</td></tr><tr><td><b>Commenced</b></td><td>1998-07-23</td></tr><tr><td><b>Closed</b></td><td>2000-01-03</td></tr><tr><td><b>Mast height (m)</b></td><td>25</td></tr><tr><td><b>Elevation (m)</b></td><td>493</td></tr><tr><td><b>Mean wind speed (m/s)</b></td><td>4.74</td></tr><tr><td><b>Wind power density (W/m2)</b></td><td>120.9</td></tr><tr><td><b>PDF page</b></td><td>5</td></tr></table>]]></description><TimeSpan><begin>1998-07-23</begin><end>2000-01-03</end></TimeSpan><styleUrl>#Closed</styleUrl><Point><coordinates>77.400806,15.239694,0</coordinates></Point></Placemark><Placemark><name>MADUGUPALLI</name><description><![CDATA[<table><tr><td><b>Station</b></td><td>MADUGUPALLI</td></tr><tr><td><b>District</b></td><td>ANANTAPUR</td></tr><tr><td><b>Status</b></td><td>Closed</td></tr><tr><td><b>Source</b></td><td>Mast</td></tr><tr><td><b>Commenced</b></td><td>1998-07-20</td></tr><tr><td><b>Closed</b></td><td>2000-11-21</td></tr><tr><td><b>Mast height (m)</b></td><td>25</td></tr><tr><td><b>Elevation (m)</b></td><td>440</td></tr><tr><td><b>Mean wind speed (m/s)</b></td><td>5.19</td></tr><tr><td><b>Wind power density (W/m2)</b></td><td>152</td></tr><tr><td><b>PDF page</b></td><td>6</td></tr></table>]]></description><TimeSpan><begin>1998-07-20</begin><end>2000-11-21</end></TimeSpan><styleUrl>#Closed</styleUrl><Point><coordinates>77.851944,14.708333,0</coordinates></Point></Placemark><Placemark><name>MUSTIKOVALA</name><description><![CDATA[<table><tr><td><b>Station</b></td><td>MUSTIKOVALA</td></tr><tr><td><b>District</b></td><td>ANANTAPUR</td></tr><tr><td><b>Status</b></td><td>Closed</td></tr><tr><td><b>Source</b></td><td>Mast</td></tr><tr><td><b>Commenced</b></td><td>1992-08-18</td></tr><tr><td><b>Closed</b></td><td>2001-05-21</td></tr><tr><td><b>Mast height (m)</b></td><td>20</td></tr><tr><td><b>Elevation (m)</b></td><td>570</td></tr><tr><td><b>Mean wind speed (m/s)</b></td><td>5.61</td></tr><tr><td><b>Wind power density (W/m2)</b></td><td>200.9</td></tr><tr><td><b>PDF page</b></td><td>6</td></tr></table>]]></description><TimeSpan><begin>1992-08-18</begin><end>2001-05-21</end></TimeSpan><styleUrl>#Closed</styleUrl><Point><coordinates>77.514167,14.251944,0</coordinates></Point></Placemark><Placemark><name>NALLAKONDA</name><description><![CDATA[<table><tr><td><b>Station</b></td><td>NALLAKONDA</td></tr><tr><td><b>District</b></td><td>ANANTAPUR</td></tr><tr><td><b>Status</b></td><td>Closed</td></tr><tr><td><b>Source</b></td><td>Mast</td></tr><tr><td><b>Commenced</b></td><td>1994-11-20</td></tr><tr><td><b>Closed</b></td><td>1998-01-20</td></tr><tr><td><b>Mast height (m)</b></td><td>25</td></tr><tr><td><b>Elevation (m)</b></td><td>735</td></tr><tr><td><b>Mean wind speed (m/s)</b></td><td>6.33</td></tr><tr><td><b>Wind power density (W/m2)</b></td><td>275.9</td></tr><tr><td><b>PDF page</b></td><td>6</td></tr></table>]]></description><TimeSpan><begin>1994-11-20</begin><end>1998-01-20</end></TimeSpan><styleUrl>#Closed</styleUrl><Point><coordinates>77.562322,14.128853,0</coordinates></Point></Placemark><Placemark><name>NARASIMHA KONDA</name><description><![CDATA[<table><tr><td><b>Station</b></td><td>NARASIMHA KONDA</td></tr><tr><td><b>District</b></td><td>NELLORE</td></tr><tr><td><b>Status</b></td><td>Closed</td></tr><tr><td><b>Source</b></td><td>Mast</td></tr><tr><td><b>Commenced</b></td><td>1988-08-31</td></tr><tr><td><b>Closed</b></td><td>1993-09-26</td></tr><tr><td><b>Mast height (m)</b></td><td>20</td></tr><tr><td><b>Elevation (m)</b></td><td>138</td></tr><tr><td><b>Mean wind speed (m/s)</b></td><td>5.58</td></tr><tr><td><b>Wind power density (W/m2)</b></td><td>185.8</td></tr><tr><td><b>PDF page</b></td><td>6</td></tr></table>]]></description><TimeSpan><begin>1988-08-31</begin><end>1993-09-26</end></TimeSpan><styleUrl>#Closed</styleUrl><Point><coordinates>79.8785,14.459472,0</coordinates></Point></Placemark><Placemark><name>NEKHANAPURAM</name><description><![CDATA[<table><tr><td><b>Station</b></td><td>NEKHANAPURAM</td></tr><tr><td><b>District</b></td><td>CUDDAPAH</td></tr><tr><td><b>Status</b></td><td>Closed</td></tr><tr><td><b>Source</b></td><td>Mast</td></tr><tr><td><b>Commenced</b></td><td>1997-03-27</td></tr><tr><td><b>Closed</b></td><td>1998-05-18</td></tr><tr><td><b>Mast height (m)</b></td><td>25</td></tr><tr><td><b>Elevation (m)</b></td><td>252</td></tr><tr><td><b>Mean wind speed (m/s)</b></td><td>4.63</td></tr><tr><td><b>Wind power density (W/m2)</b></td><td>141.2</td></tr><tr><td><b>PDF page</b></td><td>6</td></tr></table>]]></description><TimeSpan><begin>1997-03-27</begin><end>1998-05-18</end></TimeSpan><styleUrl>#Closed</styleUrl><Point><coordinates>78.980972,14.439278,0</coordinates></Point></Placemark><Placemark><name>PACHARLAPALLI</name><description><![CDATA[<table><tr><td><b>Station</b></td><td>PACHARLAPALLI</td></tr><tr><td><b>District</b></td><td>CHITTOOR</td></tr><tr><td><b>Status</b></td><td>Closed</td></tr><tr><td><b>Source</b></td><td>Mast</td></tr><tr><td><b>Commenced</b></td><td>1997-03-25</td></tr><tr><td><b>Closed</b></td><td>1998-05-14</td></tr><tr><td><b>Mast height (m)</b></td><td>20</td></tr><tr><td><b>Elevation (m)</b></td><td>757</td></tr><tr><td><b>Mean wind speed (m/s)</b></td><td>4.61</td></tr><tr><td><b>Wind power density (W/m2)</b></td><td>137.8</td></tr><tr><td><b>PDF page</b></td><td>6</td></tr></table>]]></description><TimeSpan><begin>1997-03-25</begin><end>1998-05-14</end></TimeSpan><styleUrl>#Closed</styleUrl><Point><coordinates>78.303861,12.780583,0</coordinates></Point></Placemark><Placemark><name>PAMPANOOR THANDA</name><description><![CDATA[<table><tr><td><b>Station</b></td><td>PAMPANOOR THANDA</td></tr><tr><td><b>District</b></td><td>ANANTAPUR</td></tr><tr><td><b>Status</b></td><td>Closed</td></tr><tr><td><b>Source</b></td><td>Mast</td></tr><tr><td><b>Commenced</b></td><td>1994-09-24</td></tr><tr><td><b>Closed</b></td><td>1997-11-23</td></tr><tr><td><b>Mast height (m)</b></td><td>25</td></tr><tr><td><b>Elevation (m)</b></td><td>490</td></tr><tr><td><b>Mean wind speed (m/s)</b></td><td>5.44</td></tr><tr><td><b>Wind power density (W/m2)</b></td><td>182.2</td></tr><tr><td><b>PDF page</b></td><td>6</td></tr></table>]]></description><TimeSpan><begin>1994-09-24</begin><end>1997-11-23</end></TimeSpan><styleUrl>#Closed</styleUrl><Point><coordinates>77.403611,14.640833,0</coordinates></Point></Placemark><Placemark><name>PAYALAKUNTLA</name><description><![CDATA[<table><tr><td><b>Station</b></td><td>PAYALAKUNTLA</td></tr><tr><td><b>District</b></td><td>CUDDAPAH</td></tr><tr><td><b>Status</b></td><td>Closed</td></tr><tr><td><b>Source</b></td><td>Mast</td></tr><tr><td><b>Commenced</b></td><td>1988-08-25</td></tr><tr><td><b>Closed</b></td><td>1993-09-27</td></tr><tr><td><b>Mast height (m)</b></td><td>20</td></tr><tr><td><b>Elevation (m)</b></td><td>355</td></tr><tr><td><b>Mean wind speed (m/s)</b></td><td>5.68</td></tr><tr><td><b>Wind power density (W/m2)</b></td><td>230</td></tr><tr><td><b>PDF page</b></td><td>6</td></tr></table>]]></description><TimeSpan><begin>1988-08-25</begin><end>1993-09-27</end></TimeSpan><styleUrl>#Closed</styleUrl><Point><coordinates>79.029583,14.874861,0</coordinates></Point></Placemark><Placemark><name>PEDDAVARAM</name><description><![CDATA[<table><tr><td><b>Station</b></td><td>PEDDAVARAM</td></tr><tr><td><b>District</b></td><td>KRISHNA</td></tr><tr><td><b>Status</b></td><td>Closed</td></tr><tr><td><b>Source</b></td><td>Mast</td></tr><tr><td><b>Commenced</b></td><td>1999-09-04</td></tr><tr><td><b>Closed</b></td><td>2000-11-30</td></tr><tr><td><b>Mast height (m)</b></td><td>25</td></tr><tr><td><b>Elevation (m)</b></td><td>137</td></tr><tr><td><b>Mean wind speed (m/s)</b></td><td>4.17</td></tr><tr><td><b>Wind power density (W/m2)</b></td><td>83.2</td></tr><tr><td><b>PDF page</b></td><td>6</td></tr></table>]]></description><TimeSpan><begin>1999-09-04</begin><end>2000-11-30</end></TimeSpan><styleUrl>#Closed</styleUrl><Point><coordinates>80.158303,16.769944,0</coordinates></Point></Placemark><Placemark><name>PUTTAPARTHY</name><description><![CDATA[<table><tr><td><b>Station</b></td><td>PUTTAPARTHY</td></tr><tr><td><b>District</b></td><td>ANANTAPUR</td></tr><tr><td><b>Status</b></td><td>Closed</td></tr><tr><td><b>Source</b></td><td>Mast</td></tr><tr><td><b>Commenced</b></td><td>1993-06-02</td></tr><tr><td><b>Closed</b></td><td>1996-06-08</td></tr><tr><td><b>Mast height (m)</b></td><td>25</td></tr><tr><td><b>Elevation (m)</b></td><td>542</td></tr><tr><td><b>Mean wind speed (m/s)</b></td><td>4.92</td></tr><tr><td><b>Wind power density (W/m2)</b></td><td>149</td></tr><tr><td><b>PDF page</b></td><td>6</td></tr></table>]]></description><TimeSpan><begin>1993-06-02</begin><end>1996-06-08</end></TimeSpan><styleUrl>#Closed</styleUrl><Point><coordinates>77.802806,14.158639,0</coordinates></Point></Placemark><Placemark><name>RAMAGIRI (2)</name><description><![CDATA[<table><tr><td><b>Station</b></td><td>RAMAGIRI (2)</td></tr><tr><td><b>District</b></td><td>ANANTAPUR</td></tr><tr><td><b>Status</b></td><td>Closed</td></tr><tr><td><b>Source</b></td><td>Mast</td></tr><tr><td><b>Commenced</b></td><td>2001-05-21</td></tr><tr><td><b>Closed</b></td><td>2005-06-28</td></tr><tr><td><b>Mast height (m)</b></td><td>25</td></tr><tr><td><b>Elevation (m)</b></td><td>567</td></tr><tr><td><b>Mean wind speed (m/s)</b></td><td>5.88</td></tr><tr><td><b>Wind power density (W/m2)</b></td><td>197</td></tr><tr><td><b>PDF page</b></td><td>6</td></tr></table>]]></description><TimeSpan><begin>2001-05-21</begin><end>2005-06-28</end></TimeSpan><styleUrl>#Closed</styleUrl><Point><coordinates>77.515278,14.284167,0</coordinates></Point></Placemark><Placemark><name>RAMAGIRI (I)</name><description><![CDATA[<table><tr><td><b>Station</b></td><td>RAMAGIRI (I)</td></tr><tr><td><b>District</b></td><td>ANANTAPUR</td></tr><tr><td><b>Status</b></td><td>Closed</td></tr><tr><td><b>Source</b></td><td>Mast</td></tr><tr><td><b>Commenced</b></td><td>1988-08-28</td></tr><tr><td><b>Closed</b></td><td>1993-09-30</td></tr><tr><td><b>Mast height (m)</b></td><td>20</td></tr><tr><td><b>Elevation (m)</b></td><td>573</td></tr><tr><td><b>Mean wind speed (m/s)</b></td><td>5.42</td></tr><tr><td><b>Wind power density (W/m2)</b></td><td>205.1</td></tr><tr><td><b>PDF page</b></td><td>6</td></tr></table>]]></description><TimeSpan><begin>1988-08-28</begin><end>1993-09-30</end></TimeSpan><styleUrl>#Closed</styleUrl><Point><coordinates>77.515428,14.270247,0</coordinates></Point></Placemark><Placemark><name>RAMAGIRI III</name><description><![CDATA[<table><tr><td><b>Station</b></td><td>RAMAGIRI III</td></tr><tr><td><b>District</b></td><td>ANANTAPUR</td></tr><tr><td><b>Status</b></td><td>Closed</td></tr><tr><td><b>Source</b></td><td>Mast</td></tr><tr><td><b>Commenced</b></td><td>1991-09-27</td></tr><tr><td><b>Closed</b></td><td>1995-08-28</td></tr><tr><td><b>Mast height (m)</b></td><td>20</td></tr><tr><td><b>Elevation (m)</b></td><td>550</td></tr><tr><td><b>Mean wind speed (m/s)</b></td><td>5.39</td></tr><tr><td><b>Wind power density (W/m2)</b></td><td>189.7</td></tr><tr><td><b>PDF page</b></td><td>6</td></tr></table>]]></description><TimeSpan><begin>1991-09-27</begin><end>1995-08-28</end></TimeSpan><styleUrl>#Closed</styleUrl><Point><coordinates>77.521667,14.345278,0</coordinates></Point></Placemark><Placemark><name>RAMANAIDU KANDRIKA</name><description><![CDATA[<table><tr><td><b>Station</b></td><td>RAMANAIDU KANDRIKA</td></tr><tr><td><b>District</b></td><td>CHITTOOR</td></tr><tr><td><b>Status</b></td><td>Closed</td></tr><tr><td><b>Source</b></td><td>Mast</td></tr><tr><td><b>Commenced</b></td><td>1988-08-23</td></tr><tr><td><b>Closed</b></td><td>1991-06-23</td></tr><tr><td><b>Mast height (m)</b></td><td>20</td></tr><tr><td><b>Elevation (m)</b></td><td>442</td></tr><tr><td><b>Mean wind speed (m/s)</b></td><td>4.36</td></tr><tr><td><b>Wind power density (W/m2)</b></td><td>97</td></tr><tr><td><b>PDF page</b></td><td>6</td></tr></table>]]></description><TimeSpan><begin>1988-08-23</begin><end>1991-06-23</end></TimeSpan><styleUrl>#Closed</styleUrl><Point><coordinates>79.423972,13.517806,0</coordinates></Point></Placemark><Placemark><name>SHAHPURAM</name><description><![CDATA[<table><tr><td><b>Station</b></td><td>SHAHPURAM</td></tr><tr><td><b>District</b></td><td>ANANTAPUR</td></tr><tr><td><b>Status</b></td><td>Closed</td></tr><tr><td><b>Source</b></td><td>Mast</td></tr><tr><td><b>Commenced</b></td><td>1997-03-18</td></tr><tr><td><b>Closed</b></td><td>1999-04-27</td></tr><tr><td><b>Mast height (m)</b></td><td>25</td></tr><tr><td><b>Elevation (m)</b></td><td>605</td></tr><tr><td><b>Mean wind speed (m/s)</b></td><td>4.81</td></tr><tr><td><b>Wind power density (W/m2)</b></td><td>135</td></tr><tr><td><b>PDF page</b></td><td>6</td></tr></table>]]></description><TimeSpan><begin>1997-03-18</begin><end>1999-04-27</end></TimeSpan><styleUrl>#Closed</styleUrl><Point><coordinates>77.514722,14.190278,0</coordinates></Point></Placemark><Placemark><name>SHIVAPURAM</name><description><![CDATA[<table><tr><td><b>Station</b></td><td>SHIVAPURAM</td></tr><tr><td><b>District</b></td><td>ANANTAPUR</td></tr><tr><td><b>Status</b></td><td>Closed</td></tr><tr><td><b>Source</b></td><td>Mast</td></tr><tr><td><b>Commenced</b></td><td>1997-07-16</td></tr><tr><td><b>Closed</b></td><td>1998-11-10</td></tr><tr><td><b>Mast height (m)</b></td><td>25</td></tr><tr><td><b>Elevation (m)</b></td><td>295</td></tr><tr><td><b>Mean wind speed (m/s)</b></td><td>3.9</td></tr><tr><td><b>Wind power density (W/m2)</b></td><td>100.5</td></tr><tr><td><b>PDF page</b></td><td>6</td></tr></table>]]></description><TimeSpan><begin>1997-07-16</begin><end>1998-11-10</end></TimeSpan><styleUrl>#Closed</styleUrl><Point><coordinates>77.723333,14.787222,0</coordinates></Point></Placemark><Placemark><name>SIDDANAGATTA</name><description><![CDATA[<table><tr><td><b>Station</b></td><td>SIDDANAGATTA</td></tr><tr><td><b>District</b></td><td>KURNOOL</td></tr><tr><td><b>Status</b></td><td>Closed</td></tr><tr><td><b>Source</b></td><td>Mast</td></tr><tr><td><b>Commenced</b></td><td>1999-01-09</td></tr><tr><td><b>Closed</b></td><td>2000-11-26</td></tr><tr><td><b>Mast height (m)</b></td><td>25</td></tr><tr><td><b>Elevation (m)</b></td><td>499</td></tr><tr><td><b>Mean wind speed (m/s)</b></td><td>4.97</td></tr><tr><td><b>Wind power density (W/m2)</b></td><td>126.3</td></tr><tr><td><b>PDF page</b></td><td>6</td></tr></table>]]></description><TimeSpan><begin>1999-01-09</begin><end>2000-11-26</end></TimeSpan><styleUrl>#Closed</styleUrl><Point><coordinates>78.051972,15.570694,0</coordinates></Point></Placemark><Placemark><name>SINGANAMALA</name><description><![CDATA[<table><tr><td><b>Station</b></td><td>SINGANAMALA</td></tr><tr><td><b>District</b></td><td>ANANTAPUR</td></tr><tr><td><b>Status</b></td><td>Closed</td></tr><tr><td><b>Source</b></td><td>Mast</td></tr><tr><td><b>Commenced</b></td><td>1992-12-05</td></tr><tr><td><b>Closed</b></td><td>1998-01-24</td></tr><tr><td><b>Mast height (m)</b></td><td>20</td></tr><tr><td><b>Elevation (m)</b></td><td>425</td></tr><tr><td><b>Mean wind speed (m/s)</b></td><td>6.61</td></tr><tr><td><b>Wind power density (W/m2)</b></td><td>366.4</td></tr><tr><td><b>PDF page</b></td><td>6</td></tr></table>]]></description><TimeSpan><begin>1992-12-05</begin><end>1998-01-24</end></TimeSpan><styleUrl>#Closed</styleUrl><Point><coordinates>77.721389,14.775833,0</coordinates></Point></Placemark><Placemark><name>SINGARIKONDA</name><description><![CDATA[<table><tr><td><b>Station</b></td><td>SINGARIKONDA</td></tr><tr><td><b>District</b></td><td>PRAKASAM</td></tr><tr><td><b>Status</b></td><td>Closed</td></tr><tr><td><b>Source</b></td><td>Mast</td></tr><tr><td><b>Commenced</b></td><td>1997-03-29</td></tr><tr><td><b>Closed</b></td><td>1998-05-19</td></tr><tr><td><b>Mast height (m)</b></td><td>20</td></tr><tr><td><b>Elevation (m)</b></td><td>83</td></tr><tr><td><b>Mean wind speed (m/s)</b></td><td>4.41</td></tr><tr><td><b>Wind power density (W/m2)</b></td><td>115.4</td></tr><tr><td><b>PDF page</b></td><td>6</td></tr></table>]]></description><TimeSpan><begin>1997-03-29</begin><end>1998-05-19</end></TimeSpan><styleUrl>#Closed</styleUrl><Point><coordinates>79.960694,15.850972,0</coordinates></Point></Placemark><Placemark><name>TALARICHERUVU</name><description><![CDATA[<table><tr><td><b>Station</b></td><td>TALARICHERUVU</td></tr><tr><td><b>District</b></td><td>ANANTAPUR</td></tr><tr><td><b>Status</b></td><td>Closed</td></tr><tr><td><b>Source</b></td><td>Mast</td></tr><tr><td><b>Commenced</b></td><td>1997-03-19</td></tr><tr><td><b>Closed</b></td><td>1999-04-29</td></tr><tr><td><b>Mast height (m)</b></td><td>25</td></tr><tr><td><b>Elevation (m)</b></td><td>360</td></tr><tr><td><b>Mean wind speed (m/s)</b></td><td>5.03</td></tr><tr><td><b>Wind power density (W/m2)</b></td><td>143.6</td></tr><tr><td><b>PDF page</b></td><td>6</td></tr></table>]]></description><TimeSpan><begin>1997-03-19</begin><end>1999-04-29</end></TimeSpan><styleUrl>#Closed</styleUrl><Point><coordinates>78.053056,14.944444,0</coordinates></Point></Placemark><Placemark><name>TALLIMADUGULA</name><description><![CDATA[<table><tr><td><b>Station</b></td><td>TALLIMADUGULA</td></tr><tr><td><b>District</b></td><td>ANANTAPUR</td></tr><tr><td><b>Status</b></td><td>Closed</td></tr><tr><td><b>Source</b></td><td>Mast</td></tr><tr><td><b>Commenced</b></td><td>1994-09-20</td></tr><tr><td><b>Closed</b></td><td>1998-01-21</td></tr><tr><td><b>Mast height (m)</b></td><td>25</td></tr><tr><td><b>Elevation (m)</b></td><td>555</td></tr><tr><td><b>Mean wind speed (m/s)</b></td><td>6.17</td></tr><tr><td><b>Wind power density (W/m2)</b></td><td>259.6</td></tr><tr><td><b>PDF page</b></td><td>6</td></tr></table>]]></description><TimeSpan><begin>1994-09-20</begin><end>1998-01-21</end></TimeSpan><styleUrl>#Closed</styleUrl><Point><coordinates>77.538611,14.374167,0</coordinates></Point></Placemark><Placemark><name>TERANAPALLE</name><description><![CDATA[<table><tr><td><b>Station</b></td><td>TERANAPALLE</td></tr><tr><td><b>District</b></td><td>ANANTAPUR</td></tr><tr><td><b>Status</b></td><td>Closed</td></tr><tr><td><b>Source</b></td><td>Mast</td></tr><tr><td><b>Commenced</b></td><td>1997-03-20</td></tr><tr><td><b>Closed</b></td><td>1998-05-16</td></tr><tr><td><b>Mast height (m)</b></td><td>20</td></tr><tr><td><b>Elevation (m)</b></td><td>245</td></tr><tr><td><b>Mean wind speed (m/s)</b></td><td>4.14</td></tr><tr><td><b>Wind power density (W/m2)</b></td><td>110.1</td></tr><tr><td><b>PDF page</b></td><td>6</td></tr></table>]]></description><TimeSpan><begin>1997-03-20</begin><end>1998-05-16</end></TimeSpan><styleUrl>#Closed</styleUrl><Point><coordinates>77.971944,14.886111,0</coordinates></Point></Placemark><Placemark><name>TIRUMALA</name><description><![CDATA[<table><tr><td><b>Station</b></td><td>TIRUMALA</td></tr><tr><td><b>District</b></td><td>CHITTOOR</td></tr><tr><td><b>Status</b></td><td>Closed</td></tr><tr><td><b>Source</b></td><td>Mast</td></tr><tr><td><b>Commenced</b></td><td>1987-11-21</td></tr><tr><td><b>Closed</b></td><td>1992-06-19</td></tr><tr><td><b>Mast height (m)</b></td><td>20</td></tr><tr><td><b>Elevation (m)</b></td><td>946</td></tr><tr><td><b>Mean wind speed (m/s)</b></td><td>5.67</td></tr><tr><td><b>Wind power density (W/m2)</b></td><td>225.6</td></tr><tr><td><b>PDF page</b></td><td>6</td></tr></table>]]></description><TimeSpan><begin>1987-11-21</begin><end>1992-06-19</end></TimeSpan><styleUrl>#Closed</styleUrl><Point><coordinates>79.354861,13.673194,0</coordinates></Point></Placemark><Placemark><name>TIRUMALAYAPALLI</name><description><![CDATA[<table><tr><td><b>Station</b></td><td>TIRUMALAYAPALLI</td></tr><tr><td><b>District</b></td><td>CUDDAPAH</td></tr><tr><td><b>Status</b></td><td>Closed</td></tr><tr><td><b>Source</b></td><td>Mast</td></tr><tr><td><b>Commenced</b></td><td>1997-03-26</td></tr><tr><td><b>Closed</b></td><td>1999-05-01</td></tr><tr><td><b>Mast height (m)</b></td><td>20</td></tr><tr><td><b>Elevation (m)</b></td><td>453</td></tr><tr><td><b>Mean wind speed (m/s)</b></td><td>5.28</td></tr><tr><td><b>Wind power density (W/m2)</b></td><td>153.9</td></tr><tr><td><b>PDF page</b></td><td>6</td></tr></table>]]></description><TimeSpan><begin>1997-03-26</begin><end>1999-05-01</end></TimeSpan><styleUrl>#Closed</styleUrl><Point><coordinates>78.183861,14.894583,0</coordinates></Point></Placemark><Placemark><name>ULINDAKONDA</name><description><![CDATA[<table><tr><td><b>Station</b></td><td>ULINDAKONDA</td></tr><tr><td><b>District</b></td><td>KURNOOL</td></tr><tr><td><b>Status</b></td><td>Closed</td></tr><tr><td><b>Source</b></td><td>Mast</td></tr><tr><td><b>Commenced</b></td><td>2000-09-19</td></tr><tr><td><b>Closed</b></td><td>2002-10-19</td></tr><tr><td><b>Mast height (m)</b></td><td>25</td></tr><tr><td><b>Elevation (m)</b></td><td>418</td></tr><tr><td><b>Mean wind speed (m/s)</b></td><td>4.87</td></tr><tr><td><b>Wind power density (W/m2)</b></td><td>130</td></tr><tr><td><b>PDF page</b></td><td>6</td></tr></table>]]></description><TimeSpan><begin>2000-09-19</begin><end>2002-10-19</end></TimeSpan><styleUrl>#Closed</styleUrl><Point><coordinates>77.985192,15.642856,0</coordinates></Point></Placemark><Placemark><name>VAJRAKARUR</name><description><![CDATA[<table><tr><td><b>Station</b></td><td>VAJRAKARUR</td></tr><tr><td><b>District</b></td><td>ANANTAPUR</td></tr><tr><td><b>Status</b></td><td>Closed</td></tr><tr><td><b>Source</b></td><td>Mast</td></tr><tr><td><b>Commenced</b></td><td>1997-03-21</td></tr><tr><td><b>Closed</b></td><td>2000-07-30</td></tr><tr><td><b>Mast height (m)</b></td><td>20</td></tr><tr><td><b>Elevation (m)</b></td><td>512</td></tr><tr><td><b>Mean wind speed (m/s)</b></td><td>5.3</td></tr><tr><td><b>Wind power density (W/m2)</b></td><td>173.3</td></tr><tr><td><b>PDF page</b></td><td>6</td></tr></table>]]></description><TimeSpan><begin>1997-03-21</begin><end>2000-07-30</end></TimeSpan><styleUrl>#Closed</styleUrl><Point><coordinates>77.319361,14.975222,0</coordinates></Point></Placemark><Placemark><name>VAJRAKARUR</name><description><![CDATA[<table><tr><td><b>Station</b></td><td>VAJRAKARUR</td></tr><tr><td><b>District</b></td><td>ANANTAPUR</td></tr><tr><td><b>Status</b></td><td>Closed</td></tr><tr><td><b>Source</b></td><td>Mast</td></tr><tr><td><b>Commenced</b></td><td>1999-03-15</td></tr><tr><td><b>Closed</b></td><td>2001-07-30</td></tr><tr><td><b>Mast height (m)</b></td><td>50</td></tr><tr><td><b>Elevation (m)</b></td><td>511</td></tr><tr><td><b>Mean wind speed (m/s)</b></td><td>5.41</td></tr><tr><td><b>Wind power density (W/m2)</b></td><td>202</td></tr><tr><td><b>PDF page</b></td><td>6</td></tr></table>]]></description><TimeSpan><begin>1999-03-15</begin><end>2001-07-30</end></TimeSpan><styleUrl>#Closed</styleUrl><Point><coordinates>77.319667,14.974917,0</coordinates></Point></Placemark><Placemark><name>VEPULAPARTHY</name><description><![CDATA[<table><tr><td><b>Station</b></td><td>VEPULAPARTHY</td></tr><tr><td><b>District</b></td><td>ANANTAPUR</td></tr><tr><td><b>Status</b></td><td>Closed</td></tr><tr><td><b>Source</b></td><td>Mast</td></tr><tr><td><b>Commenced</b></td><td>2000-09-15</td></tr><tr><td><b>Closed</b></td><td>2002-02-15</td></tr><tr><td><b>Mast height (m)</b></td><td>25</td></tr><tr><td><b>Elevation (m)</b></td><td>515</td></tr><tr><td><b>Mean wind speed (m/s)</b></td><td>4.83</td></tr><tr><td><b>Wind power density (W/m2)</b></td><td>122</td></tr><tr><td><b>PDF page</b></td><td>6</td></tr></table>]]></description><TimeSpan><begin>2000-09-15</begin><end>2002-02-15</end></TimeSpan><styleUrl>#Closed</styleUrl><Point><coordinates>76.904444,14.543889,0</coordinates></Point></Placemark><Placemark><name>YERADODDI</name><description><![CDATA[<table><tr><td><b>Station</b></td><td>YERADODDI</td></tr><tr><td><b>District</b></td><td>ANANTAPUR</td></tr><tr><td><b>Status</b></td><td>Closed</td></tr><tr><td><b>Source</b></td><td>Mast</td></tr><tr><td><b>Commenced</b></td><td>1992-12-09</td></tr><tr><td><b>Closed</b></td><td>1995-12-26</td></tr><tr><td><b>Mast height (m)</b></td><td>25</td></tr><tr><td><b>Elevation (m)</b></td><td>521</td></tr><tr><td><b>Mean wind speed (m/s)</b></td><td>4.39</td></tr><tr><td><b>Wind power density (W/m2)</b></td><td>108.1</td></tr><tr><td><b>PDF page</b></td><td>6</td></tr></table>]]></description><TimeSpan><begin>1992-12-09</begin><end>1995-12-26</end></TimeSpan><styleUrl>#Closed</styleUrl><Point><coordinates>78.114528,14.160444,0</coordinates></Point></Placemark><Placemark><name>PACHARLAKONDA</name><description><![CDATA[<table><tr><td><b>Station</b></td><td>PACHARLAKONDA</td></tr><tr><td><b>District</b></td><td>VISHAKAPATNAM</td></tr><tr><td><b>Status</b></td><td>Closed</td></tr><tr><td><b>Source</b></td><td>Mast</td></tr><tr><td><b>Commenced</b></td><td>2006-08-09</td></tr><tr><td><b>Closed</b></td><td>2009-02-28</td></tr><tr><td><b>Mast height (m)</b></td><td>50</td></tr><tr><td><b>Elevation (m)</b></td><td>258</td></tr><tr><td><b>Mean wind speed (m/s)</b></td><td>5.23</td></tr><tr><td><b>Wind power density (W/m2)</b></td><td>143</td></tr><tr><td><b>PDF page</b></td><td>6</td></tr></table>]]></description><TimeSpan><begin>2006-08-09</begin><end>2009-02-28</end></TimeSpan><styleUrl>#Closed</styleUrl><Point><coordinates>82.932917,17.549139,0</coordinates></Point></Placemark><Placemark><name>CHINNAPALASA</name><description><![CDATA[<table><tr><td><b>Station</b></td><td>CHINNAPALASA</td></tr><tr><td><b>District</b></td><td>ADILABAD</td></tr><tr><td><b>Status</b></td><td>Closed</td></tr><tr><td><b>Source</b></td><td>Mast</td></tr><tr><td><b>Commenced</b></td><td>2008-05-16</td></tr><tr><td><b>Closed</b></td><td>2012-10-15</td></tr><tr><td><b>Mast height (m)</b></td><td>50</td></tr><tr><td><b>Elevation (m)</b></td><td>540</td></tr><tr><td><b>Mean wind speed (m/s)</b></td><td>4.36</td></tr><tr><td><b>Wind power density (W/m2)</b></td><td>71.85</td></tr><tr><td><b>PDF page</b></td><td>6</td></tr></table>]]></description><TimeSpan><begin>2008-05-16</begin><end>2012-10-15</end></TimeSpan><styleUrl>#Closed</styleUrl><Point><coordinates>78.941667,19.358333,0</coordinates></Point></Placemark><Placemark><name>VYSAPURAM</name><description><![CDATA[<table><tr><td><b>Station</b></td><td>VYSAPURAM</td></tr><tr><td><b>District</b></td><td>ANANTAPUR</td></tr><tr><td><b>Status</b></td><td>Closed</td></tr><tr><td><b>Source</b></td><td>Mast</td></tr><tr><td><b>Commenced</b></td><td>2011-08-12</td></tr><tr><td><b>Closed</b></td><td>2014-09-18</td></tr><tr><td><b>Mast height (m)</b></td><td>80</td></tr><tr><td><b>Elevation (m)</b></td><td>479</td></tr><tr><td><b>Mean wind speed (m/s)</b></td><td>6.96</td></tr><tr><td><b>Wind power density (W/m2)</b></td><td>284.6</td></tr><tr><td><b>PDF page</b></td><td>6</td></tr></table>]]></description><TimeSpan><begin>2011-08-12</begin><end>2014-09-18</end></TimeSpan><styleUrl>#Closed</styleUrl><Point><coordinates>77.164806,14.885722,0</coordinates></Point></Placemark><Placemark><name>BASAVAPURAM</name><description><![CDATA[<table><tr><td><b>Station</b></td><td>BASAVAPURAM</td></tr><tr><td><b>District</b></td><td>ANANTAPUR</td></tr><tr><td><b>Status</b></td><td>Closed</td></tr><tr><td><b>Source</b></td><td>Mast</td></tr><tr><td><b>Commenced</b></td><td>2011-08-14</td></tr><tr><td><b>Closed</b></td><td>2014-09-18</td></tr><tr><td><b>Mast height (m)</b></td><td>80</td></tr><tr><td><b>Elevation (m)</b></td><td>587</td></tr><tr><td><b>Mean wind speed (m/s)</b></td><td>5.93</td></tr><tr><td><b>Wind power density (W/m2)</b></td><td>185.8</td></tr><tr><td><b>PDF page</b></td><td>6</td></tr></table>]]></description><TimeSpan><begin>2011-08-14</begin><end>2014-09-18</end></TimeSpan><styleUrl>#Closed</styleUrl><Point><coordinates>76.978833,14.322806,0</coordinates></Point></Placemark><Placemark><name>KUTTALAPALLI</name><description><![CDATA[<table><tr><td><b>Station</b></td><td>KUTTALAPALLI</td></tr><tr><td><b>District</b></td><td>ANANTAPUR</td></tr><tr><td><b>Status</b></td><td>Closed</td></tr><tr><td><b>Source</b></td><td>Mast</td></tr><tr><td><b>Commenced</b></td><td>2011-08-16</td></tr><tr><td><b>Closed</b></td><td>2014-09-18</td></tr><tr><td><b>Mast height (m)</b></td><td>80</td></tr><tr><td><b>Elevation (m)</b></td><td>697</td></tr><tr><td><b>Mean wind speed (m/s)</b></td><td>6.66</td></tr><tr><td><b>Wind power density (W/m2)</b></td><td>248.4</td></tr><tr><td><b>PDF page</b></td><td>6</td></tr></table>]]></description><TimeSpan><begin>2011-08-16</begin><end>2014-09-18</end></TimeSpan><styleUrl>#Closed</styleUrl><Point><coordinates>77.929778,14.124194,0</coordinates></Point></Placemark><Placemark><name>KODIGANIPALLI</name><description><![CDATA[<table><tr><td><b>Station</b></td><td>KODIGANIPALLI</td></tr><tr><td><b>District</b></td><td>CHITTOOR</td></tr><tr><td><b>Status</b></td><td>Closed</td></tr><tr><td><b>Source</b></td><td>Mast</td></tr><tr><td><b>Commenced</b></td><td>2011-08-19</td></tr><tr><td><b>Closed</b></td><td>2014-04-30</td></tr><tr><td><b>Mast height (m)</b></td><td>80</td></tr><tr><td><b>Elevation (m)</b></td><td>929</td></tr><tr><td><b>Mean wind speed (m/s)</b></td><td>7.31</td></tr><tr><td><b>Wind power density (W/m2)</b></td><td>306.33</td></tr><tr><td><b>PDF page</b></td><td>6</td></tr></table>]]></description><TimeSpan><begin>2011-08-19</begin><end>2014-04-30</end></TimeSpan><styleUrl>#Closed</styleUrl><Point><coordinates>78.245833,12.789194,0</coordinates></Point></Placemark><Placemark><name>MOLAGAVALLI</name><description><![CDATA[<table><tr><td><b>Station</b></td><td>MOLAGAVALLI</td></tr><tr><td><b>District</b></td><td>KURNOOL</td></tr><tr><td><b>Status</b></td><td>Closed</td></tr><tr><td><b>Source</b></td><td>Mast</td></tr><tr><td><b>Commenced</b></td><td>2011-08-21</td></tr><tr><td><b>Closed</b></td><td>2014-09-18</td></tr><tr><td><b>Mast height (m)</b></td><td>80</td></tr><tr><td><b>Elevation (m)</b></td><td>477</td></tr><tr><td><b>Mean wind speed (m/s)</b></td><td>6.95</td></tr><tr><td><b>Wind power density (W/m2)</b></td><td>281.04</td></tr><tr><td><b>PDF page</b></td><td>6</td></tr></table>]]></description><TimeSpan><begin>2011-08-21</begin><end>2014-09-18</end></TimeSpan><styleUrl>#Closed</styleUrl><Point><coordinates>77.319028,15.369472,0</coordinates></Point></Placemark><Placemark><name>GANGADEVIPALLI</name><description><![CDATA[<table><tr><td><b>Station</b></td><td>GANGADEVIPALLI</td></tr><tr><td><b>District</b></td><td>CUDDAPAH</td></tr><tr><td><b>Status</b></td><td>Closed</td></tr><tr><td><b>Source</b></td><td>Mast</td></tr><tr><td><b>Commenced</b></td><td>2011-08-29</td></tr><tr><td><b>Closed</b></td><td>2014-09-18</td></tr><tr><td><b>Mast height (m)</b></td><td>80</td></tr><tr><td><b>Elevation (m)</b></td><td>406</td></tr><tr><td><b>Mean wind speed (m/s)</b></td><td>7.42</td></tr><tr><td><b>Wind power density (W/m2)</b></td><td>386.7</td></tr><tr><td><b>PDF page</b></td><td>6</td></tr></table>]]></description><TimeSpan><begin>2011-08-29</begin><end>2014-09-18</end></TimeSpan><styleUrl>#Closed</styleUrl><Point><coordinates>78.329139,14.573361,0</coordinates></Point></Placemark><Placemark><name>ONTIMAMIDI</name><description><![CDATA[<table><tr><td><b>Station</b></td><td>ONTIMAMIDI</td></tr><tr><td><b>District</b></td><td>EAST GODAVARI</td></tr><tr><td><b>Status</b></td><td>Closed</td></tr><tr><td><b>Source</b></td><td>Mast</td></tr><tr><td><b>Commenced</b></td><td>2011-10-24</td></tr><tr><td><b>Closed</b></td><td>2014-09-18</td></tr><tr><td><b>Mast height (m)</b></td><td>80</td></tr><tr><td><b>Elevation (m)</b></td><td>3</td></tr><tr><td><b>Mean wind speed (m/s)</b></td><td>4.98</td></tr><tr><td><b>Wind power density (W/m2)</b></td><td>130.39</td></tr><tr><td><b>PDF page</b></td><td>6</td></tr></table>]]></description><TimeSpan><begin>2011-10-24</begin><end>2014-09-18</end></TimeSpan><styleUrl>#Closed</styleUrl><Point><coordinates>82.468556,17.217278,0</coordinates></Point></Placemark><Placemark><name>MALAMEEDAPALLI</name><description><![CDATA[<table><tr><td><b>Station</b></td><td>MALAMEEDAPALLI</td></tr><tr><td><b>District</b></td><td>PRAKASAM</td></tr><tr><td><b>Status</b></td><td>Closed</td></tr><tr><td><b>Source</b></td><td>Mast</td></tr><tr><td><b>Commenced</b></td><td>2011-10-25</td></tr><tr><td><b>Closed</b></td><td>2014-09-18</td></tr><tr><td><b>Mast height (m)</b></td><td>80</td></tr><tr><td><b>Elevation (m)</b></td><td>601</td></tr><tr><td><b>Mean wind speed (m/s)</b></td><td>6.52</td></tr><tr><td><b>Wind power density (W/m2)</b></td><td>244.75</td></tr><tr><td><b>PDF page</b></td><td>6</td></tr></table>]]></description><TimeSpan><begin>2011-10-25</begin><end>2014-09-18</end></TimeSpan><styleUrl>#Closed</styleUrl><Point><coordinates>79.079778,15.090139,0</coordinates></Point></Placemark><Placemark><name>KONDURPALEM</name><description><![CDATA[<table><tr><td><b>Station</b></td><td>KONDURPALEM</td></tr><tr><td><b>District</b></td><td>NELLORE</td></tr><tr><td><b>Status</b></td><td>Closed</td></tr><tr><td><b>Source</b></td><td>Mast</td></tr><tr><td><b>Commenced</b></td><td>2013-07-12</td></tr><tr><td><b>Closed</b></td><td>2016-02-22</td></tr><tr><td><b>Mast height (m)</b></td><td>100</td></tr><tr><td><b>Elevation (m)</b></td><td>4</td></tr><tr><td><b>Mean wind speed (m/s)</b></td><td>6.07</td></tr><tr><td><b>Wind power density (W/m2)</b></td><td>188.73</td></tr><tr><td><b>PDF page</b></td><td>6</td></tr></table>]]></description><TimeSpan><begin>2013-07-12</begin><end>2016-02-22</end></TimeSpan><styleUrl>#Closed</styleUrl><Point><coordinates>80.14975,14.009333,0</coordinates></Point></Placemark><Placemark><name>DEVEREDDYPALLI</name><description><![CDATA[<table><tr><td><b>Station</b></td><td>DEVEREDDYPALLI</td></tr><tr><td><b>District</b></td><td>ANANTAPUR</td></tr><tr><td><b>Status</b></td><td>Closed</td></tr><tr><td><b>Source</b></td><td>Mast</td></tr><tr><td><b>Commenced</b></td><td>2013-07-15</td></tr><tr><td><b>Closed</b></td><td>2016-08-25</td></tr><tr><td><b>Mast height (m)</b></td><td>100</td></tr><tr><td><b>Elevation (m)</b></td><td>507</td></tr><tr><td><b>Mean wind speed (m/s)</b></td><td>6.6</td></tr><tr><td><b>Wind power density (W/m2)</b></td><td>252.2</td></tr><tr><td><b>PDF page</b></td><td>6</td></tr></table>]]></description><TimeSpan><begin>2013-07-15</begin><end>2016-08-25</end></TimeSpan><styleUrl>#Closed</styleUrl><Point><coordinates>76.962583,14.668917,0</coordinates></Point></Placemark><Placemark><name>GUNDUTHANDA</name><description><![CDATA[<table><tr><td><b>Station</b></td><td>GUNDUTHANDA</td></tr><tr><td><b>District</b></td><td>KURNOOL</td></tr><tr><td><b>Status</b></td><td>Closed</td></tr><tr><td><b>Source</b></td><td>Mast</td></tr><tr><td><b>Commenced</b></td><td>2013-07-17</td></tr><tr><td><b>Closed</b></td><td>2016-08-24</td></tr><tr><td><b>Mast height (m)</b></td><td>100</td></tr><tr><td><b>Elevation (m)</b></td><td>517</td></tr><tr><td><b>Mean wind speed (m/s)</b></td><td>6.8</td></tr><tr><td><b>Wind power density (W/m2)</b></td><td>259.45</td></tr><tr><td><b>PDF page</b></td><td>6</td></tr></table>]]></description><TimeSpan><begin>2013-07-17</begin><end>2016-08-24</end></TimeSpan><styleUrl>#Closed</styleUrl><Point><coordinates>77.541667,15.404528,0</coordinates></Point></Placemark><Placemark><name>SORLAGONDI</name><description><![CDATA[<table><tr><td><b>Station</b></td><td>SORLAGONDI</td></tr><tr><td><b>District</b></td><td>KRISHNA</td></tr><tr><td><b>Status</b></td><td>Closed</td></tr><tr><td><b>Source</b></td><td>Mast</td></tr><tr><td><b>Commenced</b></td><td>2013-08-26</td></tr><tr><td><b>Closed</b></td><td>2016-08-30</td></tr><tr><td><b>Mast height (m)</b></td><td>100</td></tr><tr><td><b>Elevation (m)</b></td><td>3</td></tr><tr><td><b>Mean wind speed (m/s)</b></td><td>5.81</td></tr><tr><td><b>Wind power density (W/m2)</b></td><td>166.53</td></tr><tr><td><b>PDF page</b></td><td>6</td></tr></table>]]></description><TimeSpan><begin>2013-08-26</begin><end>2016-08-30</end></TimeSpan><styleUrl>#Closed</styleUrl><Point><coordinates>80.959806,15.86975,0</coordinates></Point></Placemark><Placemark><name>GODUGUPETA</name><description><![CDATA[<table><tr><td><b>Station</b></td><td>GODUGUPETA</td></tr><tr><td><b>District</b></td><td>WEST GODAVARI</td></tr><tr><td><b>Status</b></td><td>Closed</td></tr><tr><td><b>Source</b></td><td>Mast</td></tr><tr><td><b>Commenced</b></td><td>2013-08-28</td></tr><tr><td><b>Closed</b></td><td>2016-02-20</td></tr><tr><td><b>Mast height (m)</b></td><td>100</td></tr><tr><td><b>Elevation (m)</b></td><td>157</td></tr><tr><td><b>Mean wind speed (m/s)</b></td><td>4.99</td></tr><tr><td><b>Wind power density (W/m2)</b></td><td>114.98</td></tr><tr><td><b>PDF page</b></td><td>6</td></tr></table>]]></description><TimeSpan><begin>2013-08-28</begin><end>2016-02-20</end></TimeSpan><styleUrl>#Closed</styleUrl><Point><coordinates>81.330583,17.009583,0</coordinates></Point></Placemark><Placemark><name>TARIGOPULA (RAMASAMUDRAM)</name><description><![CDATA[<table><tr><td><b>Station</b></td><td>TARIGOPULA (RAMASAMUDRAM)</td></tr><tr><td><b>District</b></td><td>KURNOOL</td></tr><tr><td><b>Status</b></td><td>Closed</td></tr><tr><td><b>Source</b></td><td>Mast</td></tr><tr><td><b>Commenced</b></td><td>2021-03-19</td></tr><tr><td><b>Closed</b></td><td>2022-10-14</td></tr><tr><td><b>Mast height (m)</b></td><td>100</td></tr><tr><td><b>Elevation (m)</b></td><td>293</td></tr><tr><td><b>PDF page</b></td><td>6</td></tr></table>]]></description><TimeSpan><begin>2021-03-19</begin><end>2022-10-14</end></TimeSpan><styleUrl>#Closed</styleUrl><Point><coordinates>78.440089,15.83115,0</coordinates></Point></Placemark><Placemark><name>HAMPAPURAM</name><description><![CDATA[<table><tr><td><b>Station</b></td><td>HAMPAPURAM</td></tr><tr><td><b>District</b></td><td>ANANTAPURAM</td></tr><tr><td><b>Status</b></td><td>Closed</td></tr><tr><td><b>Source</b></td><td>Mast</td></tr><tr><td><b>Commenced</b></td><td>2021-03-21</td></tr><tr><td><b>Closed</b></td><td>2023-07-06</td></tr><tr><td><b>Mast height (m)</b></td><td>100</td></tr><tr><td><b>Elevation (m)</b></td><td>384</td></tr><tr><td><b>Mean wind speed (m/s)</b></td><td>5.63</td></tr><tr><td><b>Wind power density (W/m2)</b></td><td>169.15</td></tr><tr><td><b>PDF page</b></td><td>6</td></tr></table>]]></description><TimeSpan><begin>2021-03-21</begin><end>2023-07-06</end></TimeSpan><styleUrl>#Closed</styleUrl><Point><coordinates>77.617422,14.563578,0</coordinates></Point></Placemark></Folder><Folder><name>ARUNACHAL PRADESH (21)</name><Placemark><name>LIKABALI</name><description><![CDATA[<table><tr><td><b>Station</b></td><td>LIKABALI</td></tr><tr><td><b>District</b></td><td>WEST SIANG</td></tr><tr><td><b>Status</b></td><td>Closed</td></tr><tr><td><b>Source</b></td><td>Mast</td></tr><tr><td><b>Commenced</b></td><td>2005-04-01</td></tr><tr><td><b>Closed</b></td><td>2006-11-29</td></tr><tr><td><b>Mast height (m)</b></td><td>25</td></tr><tr><td><b>Elevation (m)</b></td><td>144</td></tr><tr><td><b>Mean wind speed (m/s)</b></td><td>2.87</td></tr><tr><td><b>Wind power density (W/m2)</b></td><td>38.4</td></tr><tr><td><b>PDF page</b></td><td>10</td></tr></table>]]></description><TimeSpan><begin>2005-04-01</begin><end>2006-11-29</end></TimeSpan><styleUrl>#Closed</styleUrl><Point><coordinates>94.700833,27.647222,0</coordinates></Point></Placemark><Placemark><name>PASSIGHAT</name><description><![CDATA[<table><tr><td><b>Station</b></td><td>PASSIGHAT</td></tr><tr><td><b>District</b></td><td>EAST SIANG</td></tr><tr><td><b>Status</b></td><td>Closed</td></tr><tr><td><b>Source</b></td><td>Mast</td></tr><tr><td><b>Commenced</b></td><td>1994-04-01</td></tr><tr><td><b>Closed</b></td><td>1996-11-28</td></tr><tr><td><b>Mast height (m)</b></td><td>25</td></tr><tr><td><b>Elevation (m)</b></td><td>155</td></tr><tr><td><b>Mean wind speed (m/s)</b></td><td>2.27</td></tr><tr><td><b>Wind power density (W/m2)</b></td><td>33</td></tr><tr><td><b>PDF page</b></td><td>10</td></tr></table>]]></description><TimeSpan><begin>1994-04-01</begin><end>1996-11-28</end></TimeSpan><styleUrl>#Closed</styleUrl><Point><coordinates>95.331667,28.048889,0</coordinates></Point></Placemark><Placemark><name>RAGA</name><description><![CDATA[<table><tr><td><b>Station</b></td><td>RAGA</td></tr><tr><td><b>District</b></td><td>LOWER SUBANSIRI</td></tr><tr><td><b>Status</b></td><td>Closed</td></tr><tr><td><b>Source</b></td><td>Mast</td></tr><tr><td><b>Commenced</b></td><td>2005-04-27</td></tr><tr><td><b>Closed</b></td><td>2006-12-09</td></tr><tr><td><b>Mast height (m)</b></td><td>25</td></tr><tr><td><b>Elevation (m)</b></td><td>283</td></tr><tr><td><b>Mean wind speed (m/s)</b></td><td>1.8</td></tr><tr><td><b>Wind power density (W/m2)</b></td><td>14</td></tr><tr><td><b>PDF page</b></td><td>10</td></tr></table>]]></description><TimeSpan><begin>2005-04-27</begin><end>2006-12-09</end></TimeSpan><styleUrl>#Closed</styleUrl><Point><coordinates>94.070833,27.750278,0</coordinates></Point></Placemark><Placemark><name>SELA</name><description><![CDATA[<table><tr><td><b>Station</b></td><td>SELA</td></tr><tr><td><b>District</b></td><td>WEST KAMENG</td></tr><tr><td><b>Status</b></td><td>Closed</td></tr><tr><td><b>Source</b></td><td>Mast</td></tr><tr><td><b>Commenced</b></td><td>2005-06-10</td></tr><tr><td><b>Closed</b></td><td>2006-08-03</td></tr><tr><td><b>Mast height (m)</b></td><td>25</td></tr><tr><td><b>Elevation (m)</b></td><td>4150</td></tr><tr><td><b>Mean wind speed (m/s)</b></td><td>4.6</td></tr><tr><td><b>Wind power density (W/m2)</b></td><td>126</td></tr><tr><td><b>PDF page</b></td><td>10</td></tr></table>]]></description><TimeSpan><begin>2005-06-10</begin><end>2006-08-03</end></TimeSpan><styleUrl>#Closed</styleUrl><Point><coordinates>92.0975,27.5125,0</coordinates></Point></Placemark><Placemark><name>SIMONG</name><description><![CDATA[<table><tr><td><b>Station</b></td><td>SIMONG</td></tr><tr><td><b>District</b></td><td>UPPER SIANG</td></tr><tr><td><b>Status</b></td><td>Closed</td></tr><tr><td><b>Source</b></td><td>Mast</td></tr><tr><td><b>Commenced</b></td><td>2005-07-19</td></tr><tr><td><b>Closed</b></td><td>2006-08-19</td></tr><tr><td><b>Mast height (m)</b></td><td>25</td></tr><tr><td><b>Elevation (m)</b></td><td>450</td></tr><tr><td><b>Mean wind speed (m/s)</b></td><td>1</td></tr><tr><td><b>Wind power density (W/m2)</b></td><td>5</td></tr><tr><td><b>PDF page</b></td><td>10</td></tr></table>]]></description><TimeSpan><begin>2005-07-19</begin><end>2006-08-19</end></TimeSpan><styleUrl>#Closed</styleUrl><Point><coordinates>95.046667,28.607778,0</coordinates></Point></Placemark><Placemark><name>YONGCHIK</name><description><![CDATA[<table><tr><td><b>Station</b></td><td>YONGCHIK</td></tr><tr><td><b>District</b></td><td>CHANGLANG</td></tr><tr><td><b>Status</b></td><td>Closed</td></tr><tr><td><b>Source</b></td><td>Mast</td></tr><tr><td><b>Commenced</b></td><td>1994-11-23</td></tr><tr><td><b>Closed</b></td><td>1996-11-26</td></tr><tr><td><b>Mast height (m)</b></td><td>25</td></tr><tr><td><b>Elevation (m)</b></td><td>733</td></tr><tr><td><b>Mean wind speed (m/s)</b></td><td>1</td></tr><tr><td><b>Wind power density (W/m2)</b></td><td>6.6</td></tr><tr><td><b>PDF page</b></td><td>10</td></tr></table>]]></description><TimeSpan><begin>1994-11-23</begin><end>1996-11-26</end></TimeSpan><styleUrl>#Closed</styleUrl><Point><coordinates>95.730372,27.189139,0</coordinates></Point></Placemark><Placemark><name>MECHUKA</name><description><![CDATA[<table><tr><td><b>Station</b></td><td>MECHUKA</td></tr><tr><td><b>District</b></td><td>WEST SIANG</td></tr><tr><td><b>Status</b></td><td>Closed</td></tr><tr><td><b>Source</b></td><td>Mast</td></tr><tr><td><b>Commenced</b></td><td>2012-10-21</td></tr><tr><td><b>Closed</b></td><td>2014-11-28</td></tr><tr><td><b>Mast height (m)</b></td><td>50</td></tr><tr><td><b>Elevation (m)</b></td><td>1947</td></tr><tr><td><b>Mean wind speed (m/s)</b></td><td>1.68</td></tr><tr><td><b>Wind power density (W/m2)</b></td><td>18.59</td></tr><tr><td><b>PDF page</b></td><td>10</td></tr></table>]]></description><TimeSpan><begin>2012-10-21</begin><end>2014-11-28</end></TimeSpan><styleUrl>#Closed</styleUrl><Point><coordinates>94.104139,28.606194,0</coordinates></Point></Placemark><Placemark><name>HAWAI</name><description><![CDATA[<table><tr><td><b>Station</b></td><td>HAWAI</td></tr><tr><td><b>District</b></td><td>ANJAW</td></tr><tr><td><b>Status</b></td><td>Closed</td></tr><tr><td><b>Source</b></td><td>Mast</td></tr><tr><td><b>Commenced</b></td><td>2013-03-10</td></tr><tr><td><b>Closed</b></td><td>2015-04-17</td></tr><tr><td><b>Mast height (m)</b></td><td>50</td></tr><tr><td><b>Elevation (m)</b></td><td>1229</td></tr><tr><td><b>Mean wind speed (m/s)</b></td><td>2.07</td></tr><tr><td><b>Wind power density (W/m2)</b></td><td>14.72</td></tr><tr><td><b>PDF page</b></td><td>10</td></tr></table>]]></description><TimeSpan><begin>2013-03-10</begin><end>2015-04-17</end></TimeSpan><styleUrl>#Closed</styleUrl><Point><coordinates>96.819583,27.88375,0</coordinates></Point></Placemark><Placemark><name>ANINI</name><description><![CDATA[<table><tr><td><b>Station</b></td><td>ANINI</td></tr><tr><td><b>District</b></td><td>DIBANG VALLEY</td></tr><tr><td><b>Status</b></td><td>Closed</td></tr><tr><td><b>Source</b></td><td>Mast</td></tr><tr><td><b>Commenced</b></td><td>2013-03-21</td></tr><tr><td><b>Closed</b></td><td>2015-04-17</td></tr><tr><td><b>Mast height (m)</b></td><td>18</td></tr><tr><td><b>Elevation (m)</b></td><td>1485</td></tr><tr><td><b>Mean wind speed (m/s)</b></td><td>1.63</td></tr><tr><td><b>Wind power density (W/m2)</b></td><td>19.94</td></tr><tr><td><b>PDF page</b></td><td>10</td></tr></table>]]></description><TimeSpan><begin>2013-03-21</begin><end>2015-04-17</end></TimeSpan><styleUrl>#Closed</styleUrl><Point><coordinates>95.88225,28.795944,0</coordinates></Point></Placemark><Placemark><name>PANIDURIA</name><description><![CDATA[<table><tr><td><b>Station</b></td><td>PANIDURIA</td></tr><tr><td><b>District</b></td><td>TIRAP</td></tr><tr><td><b>Status</b></td><td>Closed</td></tr><tr><td><b>Source</b></td><td>Mast</td></tr><tr><td><b>Commenced</b></td><td>2018-05-31</td></tr><tr><td><b>Closed</b></td><td>2019-12-31</td></tr><tr><td><b>Mast height (m)</b></td><td>50</td></tr><tr><td><b>Elevation (m)</b></td><td>330</td></tr><tr><td><b>Mean wind speed (m/s)</b></td><td>1.76</td></tr><tr><td><b>Wind power density (W/m2)</b></td><td>6.15</td></tr><tr><td><b>PDF page</b></td><td>10</td></tr></table>]]></description><TimeSpan><begin>2018-05-31</begin><end>2019-12-31</end></TimeSpan><styleUrl>#Closed</styleUrl><Point><coordinates>95.429289,27.045639,0</coordinates></Point></Placemark><Placemark><name>LAPNAN</name><description><![CDATA[<table><tr><td><b>Station</b></td><td>LAPNAN</td></tr><tr><td><b>District</b></td><td>TIRAP</td></tr><tr><td><b>Status</b></td><td>Closed</td></tr><tr><td><b>Source</b></td><td>Mast</td></tr><tr><td><b>Commenced</b></td><td>2018-05-30</td></tr><tr><td><b>Closed</b></td><td>2021-04-08</td></tr><tr><td><b>Mast height (m)</b></td><td>50</td></tr><tr><td><b>Elevation (m)</b></td><td>559</td></tr><tr><td><b>Mean wind speed (m/s)</b></td><td>1.24</td></tr><tr><td><b>Wind power density (W/m2)</b></td><td>3</td></tr><tr><td><b>PDF page</b></td><td>10</td></tr></table>]]></description><TimeSpan><begin>2018-05-30</begin><end>2021-04-08</end></TimeSpan><styleUrl>#Closed</styleUrl><Point><coordinates>95.470644,26.987461,0</coordinates></Point></Placemark><Placemark><name>KAPONG</name><description><![CDATA[<table><tr><td><b>Station</b></td><td>KAPONG</td></tr><tr><td><b>District</b></td><td>UPPER SIANG</td></tr><tr><td><b>Status</b></td><td>Closed</td></tr><tr><td><b>Source</b></td><td>Mast</td></tr><tr><td><b>Commenced</b></td><td>2019-03-26</td></tr><tr><td><b>Closed</b></td><td>2020-12-14</td></tr><tr><td><b>Mast height (m)</b></td><td>50</td></tr><tr><td><b>Elevation (m)</b></td><td>351</td></tr><tr><td><b>Mean wind speed (m/s)</b></td><td>1.23</td></tr><tr><td><b>Wind power density (W/m2)</b></td><td>5.05</td></tr><tr><td><b>PDF page</b></td><td>10</td></tr></table>]]></description><TimeSpan><begin>2019-03-26</begin><end>2020-12-14</end></TimeSpan><styleUrl>#Closed</styleUrl><Point><coordinates>95.0129,28.650969,0</coordinates></Point></Placemark><Placemark><name>MOSSING</name><description><![CDATA[<table><tr><td><b>Station</b></td><td>MOSSING</td></tr><tr><td><b>District</b></td><td>UPPER SIANG</td></tr><tr><td><b>Status</b></td><td>Closed</td></tr><tr><td><b>Source</b></td><td>Mast</td></tr><tr><td><b>Commenced</b></td><td>2019-03-27</td></tr><tr><td><b>Closed</b></td><td>2021-04-08</td></tr><tr><td><b>Mast height (m)</b></td><td>50</td></tr><tr><td><b>Elevation (m)</b></td><td>1016</td></tr><tr><td><b>Mean wind speed (m/s)</b></td><td>1.68</td></tr><tr><td><b>Wind power density (W/m2)</b></td><td>6.56</td></tr><tr><td><b>PDF page</b></td><td>10</td></tr></table>]]></description><TimeSpan><begin>2019-03-27</begin><end>2021-04-08</end></TimeSpan><styleUrl>#Closed</styleUrl><Point><coordinates>94.7927,28.808561,0</coordinates></Point></Placemark><Placemark><name>JANBO</name><description><![CDATA[<table><tr><td><b>Station</b></td><td>JANBO</td></tr><tr><td><b>District</b></td><td>YINGKIONG-JENGGING</td></tr><tr><td><b>Status</b></td><td>Closed</td></tr><tr><td><b>Source</b></td><td>Mast</td></tr><tr><td><b>Commenced</b></td><td>2019-03-26</td></tr><tr><td><b>Closed</b></td><td>2020-12-14</td></tr><tr><td><b>Mast height (m)</b></td><td>50</td></tr><tr><td><b>Elevation (m)</b></td><td>1142</td></tr><tr><td><b>Mean wind speed (m/s)</b></td><td>4.08</td></tr><tr><td><b>Wind power density (W/m2)</b></td><td>58.54</td></tr><tr><td><b>PDF page</b></td><td>10</td></tr></table>]]></description><TimeSpan><begin>2019-03-26</begin><end>2020-12-14</end></TimeSpan><styleUrl>#Closed</styleUrl><Point><coordinates>94.856269,28.791711,0</coordinates></Point></Placemark><Placemark><name>DIPUNALLAP</name><description><![CDATA[<table><tr><td><b>Station</b></td><td>DIPUNALLAP</td></tr><tr><td><b>District</b></td><td>LOWER DIBANG VALLEY</td></tr><tr><td><b>Status</b></td><td>Closed</td></tr><tr><td><b>Source</b></td><td>Mast</td></tr><tr><td><b>Commenced</b></td><td>2019-03-31</td></tr><tr><td><b>Closed</b></td><td>2021-04-08</td></tr><tr><td><b>Mast height (m)</b></td><td>50</td></tr><tr><td><b>Elevation (m)</b></td><td>705</td></tr><tr><td><b>Mean wind speed (m/s)</b></td><td>3.46</td></tr><tr><td><b>Wind power density (W/m2)</b></td><td>48.33</td></tr><tr><td><b>PDF page</b></td><td>10</td></tr></table>]]></description><TimeSpan><begin>2019-03-31</begin><end>2021-04-08</end></TimeSpan><styleUrl>#Closed</styleUrl><Point><coordinates>95.979694,28.064822,0</coordinates></Point></Placemark><Placemark><name>EZENGO</name><description><![CDATA[<table><tr><td><b>Station</b></td><td>EZENGO</td></tr><tr><td><b>District</b></td><td>LOWER DIBANG VALLEY</td></tr><tr><td><b>Status</b></td><td>Closed</td></tr><tr><td><b>Source</b></td><td>Mast</td></tr><tr><td><b>Commenced</b></td><td>2019-03-31</td></tr><tr><td><b>Closed</b></td><td>2020-12-14</td></tr><tr><td><b>Mast height (m)</b></td><td>50</td></tr><tr><td><b>Elevation (m)</b></td><td>408</td></tr><tr><td><b>Mean wind speed (m/s)</b></td><td>3.5</td></tr><tr><td><b>Wind power density (W/m2)</b></td><td>55.45</td></tr><tr><td><b>PDF page</b></td><td>10</td></tr></table>]]></description><TimeSpan><begin>2019-03-31</begin><end>2020-12-14</end></TimeSpan><styleUrl>#Closed</styleUrl><Point><coordinates>95.833739,28.15725,0</coordinates></Point></Placemark><Placemark><name>ITANAGAR C BLOCK</name><description><![CDATA[<table><tr><td><b>Station</b></td><td>ITANAGAR C BLOCK</td></tr><tr><td><b>District</b></td><td>PAPUM PARE</td></tr><tr><td><b>Status</b></td><td>Closed</td></tr><tr><td><b>Source</b></td><td>Telecom tower</td></tr><tr><td><b>Commenced</b></td><td>2019-02-19</td></tr><tr><td><b>Closed</b></td><td>2020-05-20</td></tr><tr><td><b>Mast height (m)</b></td><td>30</td></tr><tr><td><b>Elevation (m)</b></td><td>480</td></tr><tr><td><b>Mean wind speed (m/s)</b></td><td>2.11</td></tr><tr><td><b>Wind power density (W/m2)</b></td><td>9.29</td></tr><tr><td><b>PDF page</b></td><td>13</td></tr></table>]]></description><TimeSpan><begin>2019-02-19</begin><end>2020-05-20</end></TimeSpan><styleUrl>#Closed</styleUrl><Point><coordinates>93.634431,27.094986,0</coordinates></Point></Placemark><Placemark><name>NIAZ BASTI ,YUPIA</name><description><![CDATA[<table><tr><td><b>Station</b></td><td>NIAZ BASTI ,YUPIA</td></tr><tr><td><b>District</b></td><td>PAPUM PARE</td></tr><tr><td><b>Status</b></td><td>Closed</td></tr><tr><td><b>Source</b></td><td>Telecom tower</td></tr><tr><td><b>Commenced</b></td><td>2019-02-21</td></tr><tr><td><b>Closed</b></td><td>2020-05-20</td></tr><tr><td><b>Mast height (m)</b></td><td>40</td></tr><tr><td><b>Elevation (m)</b></td><td>159</td></tr><tr><td><b>Mean wind speed (m/s)</b></td><td>1.48</td></tr><tr><td><b>Wind power density (W/m2)</b></td><td>9.06</td></tr><tr><td><b>PDF page</b></td><td>13</td></tr></table>]]></description><TimeSpan><begin>2019-02-21</begin><end>2020-05-20</end></TimeSpan><styleUrl>#Closed</styleUrl><Point><coordinates>93.717106,27.137697,0</coordinates></Point></Placemark><Placemark><name>RAKAB COLONY</name><description><![CDATA[<table><tr><td><b>Station</b></td><td>RAKAB COLONY</td></tr><tr><td><b>District</b></td><td>PAPUM PARE</td></tr><tr><td><b>Status</b></td><td>Closed</td></tr><tr><td><b>Source</b></td><td>Telecom tower</td></tr><tr><td><b>Commenced</b></td><td>2019-03-31</td></tr><tr><td><b>Closed</b></td><td>2020-05-20</td></tr><tr><td><b>Mast height (m)</b></td><td>40</td></tr><tr><td><b>Elevation (m)</b></td><td>51</td></tr><tr><td><b>Mean wind speed (m/s)</b></td><td>2.37</td></tr><tr><td><b>Wind power density (W/m2)</b></td><td>17.47</td></tr><tr><td><b>PDF page</b></td><td>13</td></tr></table>]]></description><TimeSpan><begin>2019-03-31</begin><end>2020-05-20</end></TimeSpan><styleUrl>#Closed</styleUrl><Point><coordinates>93.697581,27.105631,0</coordinates></Point></Placemark><Placemark><name>LEKHI</name><description><![CDATA[<table><tr><td><b>Station</b></td><td>LEKHI</td></tr><tr><td><b>District</b></td><td>PAPUM PARE</td></tr><tr><td><b>Status</b></td><td>Closed</td></tr><tr><td><b>Source</b></td><td>Telecom tower</td></tr><tr><td><b>Commenced</b></td><td>2019-03-22</td></tr><tr><td><b>Closed</b></td><td>2020-05-20</td></tr><tr><td><b>Mast height (m)</b></td><td>50</td></tr><tr><td><b>Elevation (m)</b></td><td>141</td></tr><tr><td><b>Mean wind speed (m/s)</b></td><td>1.66</td></tr><tr><td><b>Wind power density (W/m2)</b></td><td>6.92</td></tr><tr><td><b>PDF page</b></td><td>13</td></tr></table>]]></description><TimeSpan><begin>2019-03-22</begin><end>2020-05-20</end></TimeSpan><styleUrl>#Closed</styleUrl><Point><coordinates>93.721089,27.124131,0</coordinates></Point></Placemark><Placemark><name>JOLLANG</name><description><![CDATA[<table><tr><td><b>Station</b></td><td>JOLLANG</td></tr><tr><td><b>District</b></td><td>PAPUM PARE</td></tr><tr><td><b>Status</b></td><td>Closed</td></tr><tr><td><b>Source</b></td><td>Telecom tower</td></tr><tr><td><b>Commenced</b></td><td>2019-03-31</td></tr><tr><td><b>Closed</b></td><td>2020-05-20</td></tr><tr><td><b>Mast height (m)</b></td><td>32</td></tr><tr><td><b>Elevation (m)</b></td><td>214</td></tr><tr><td><b>Mean wind speed (m/s)</b></td><td>1.99</td></tr><tr><td><b>Wind power density (W/m2)</b></td><td>10.03</td></tr><tr><td><b>PDF page</b></td><td>13</td></tr></table>]]></description><TimeSpan><begin>2019-03-31</begin><end>2020-05-20</end></TimeSpan><styleUrl>#Closed</styleUrl><Point><coordinates>93.628611,27.073389,0</coordinates></Point></Placemark></Folder><Folder><name>ASSAM (51)</name><Placemark><name>BORGAON</name><description><![CDATA[<table><tr><td><b>Station</b></td><td>BORGAON</td></tr><tr><td><b>District</b></td><td>KARBI ANGLONG</td></tr><tr><td><b>Status</b></td><td>Closed</td></tr><tr><td><b>Source</b></td><td>Mast</td></tr><tr><td><b>Commenced</b></td><td>1997-04-01</td></tr><tr><td><b>Closed</b></td><td>1998-06-20</td></tr><tr><td><b>Mast height (m)</b></td><td>25</td></tr><tr><td><b>Elevation (m)</b></td><td>504</td></tr><tr><td><b>Mean wind speed (m/s)</b></td><td>2.43</td></tr><tr><td><b>Wind power density (W/m2)</b></td><td>19.6</td></tr><tr><td><b>PDF page</b></td><td>10</td></tr></table>]]></description><TimeSpan><begin>1997-04-01</begin><end>1998-06-20</end></TimeSpan><styleUrl>#Closed</styleUrl><Point><coordinates>92.401667,26.075,0</coordinates></Point></Placemark><Placemark><name>P.LEIKUL</name><description><![CDATA[<table><tr><td><b>Station</b></td><td>P.LEIKUL</td></tr><tr><td><b>District</b></td><td>NORTH CACHAR HILLS</td></tr><tr><td><b>Status</b></td><td>Closed</td></tr><tr><td><b>Source</b></td><td>Mast</td></tr><tr><td><b>Commenced</b></td><td>2005-03-20</td></tr><tr><td><b>Closed</b></td><td>2007-05-14</td></tr><tr><td><b>Mast height (m)</b></td><td>25</td></tr><tr><td><b>Elevation (m)</b></td><td>1001</td></tr><tr><td><b>Mean wind speed (m/s)</b></td><td>3.2</td></tr><tr><td><b>Wind power density (W/m2)</b></td><td>130</td></tr><tr><td><b>PDF page</b></td><td>10</td></tr></table>]]></description><TimeSpan><begin>2005-03-20</begin><end>2007-05-14</end></TimeSpan><styleUrl>#Closed</styleUrl><Point><coordinates>93.2125,25.199444,0</coordinates></Point></Placemark><Placemark><name>TOLPOI</name><description><![CDATA[<table><tr><td><b>Station</b></td><td>TOLPOI</td></tr><tr><td><b>District</b></td><td>NORTH CACHAR HILLS</td></tr><tr><td><b>Status</b></td><td>Closed</td></tr><tr><td><b>Source</b></td><td>Mast</td></tr><tr><td><b>Commenced</b></td><td>2005-04-05</td></tr><tr><td><b>Closed</b></td><td>2007-05-13</td></tr><tr><td><b>Mast height (m)</b></td><td>25</td></tr><tr><td><b>Elevation (m)</b></td><td>1045</td></tr><tr><td><b>Mean wind speed (m/s)</b></td><td>2.5</td></tr><tr><td><b>Wind power density (W/m2)</b></td><td>23.7</td></tr><tr><td><b>PDF page</b></td><td>10</td></tr></table>]]></description><TimeSpan><begin>2005-04-05</begin><end>2007-05-13</end></TimeSpan><styleUrl>#Closed</styleUrl><Point><coordinates>93.266667,25.191667,0</coordinates></Point></Placemark><Placemark><name>UMPHABENG</name><description><![CDATA[<table><tr><td><b>Station</b></td><td>UMPHABENG</td></tr><tr><td><b>District</b></td><td>KARBI ANGLONG</td></tr><tr><td><b>Status</b></td><td>Closed</td></tr><tr><td><b>Source</b></td><td>Mast</td></tr><tr><td><b>Commenced</b></td><td>1997-05-23</td></tr><tr><td><b>Closed</b></td><td>1998-06-20</td></tr><tr><td><b>Mast height (m)</b></td><td>25</td></tr><tr><td><b>Elevation (m)</b></td><td>890</td></tr><tr><td><b>Mean wind speed (m/s)</b></td><td>2.31</td></tr><tr><td><b>Wind power density (W/m2)</b></td><td>17</td></tr><tr><td><b>PDF page</b></td><td>10</td></tr></table>]]></description><TimeSpan><begin>1997-05-23</begin><end>1998-06-20</end></TimeSpan><styleUrl>#Closed</styleUrl><Point><coordinates>92.466667,25.716667,0</coordinates></Point></Placemark><Placemark><name>R.K.NAGAR</name><description><![CDATA[<table><tr><td><b>Station</b></td><td>R.K.NAGAR</td></tr><tr><td><b>District</b></td><td>KARIMGANJ</td></tr><tr><td><b>Status</b></td><td>Closed</td></tr><tr><td><b>Source</b></td><td>Mast</td></tr><tr><td><b>Commenced</b></td><td>2007-06-14</td></tr><tr><td><b>Closed</b></td><td>2009-05-28</td></tr><tr><td><b>Mast height (m)</b></td><td>50</td></tr><tr><td><b>Elevation (m)</b></td><td>52</td></tr><tr><td><b>Mean wind speed (m/s)</b></td><td>2.6</td></tr><tr><td><b>Wind power density (W/m2)</b></td><td>24</td></tr><tr><td><b>PDF page</b></td><td>10</td></tr></table>]]></description><TimeSpan><begin>2007-06-14</begin><end>2009-05-28</end></TimeSpan><styleUrl>#Closed</styleUrl><Point><coordinates>92.467778,24.564722,0</coordinates></Point></Placemark><Placemark><name>NEW PANBARI</name><description><![CDATA[<table><tr><td><b>Station</b></td><td>NEW PANBARI</td></tr><tr><td><b>District</b></td><td>DHUBRI</td></tr><tr><td><b>Status</b></td><td>Closed</td></tr><tr><td><b>Source</b></td><td>Mast</td></tr><tr><td><b>Commenced</b></td><td>2011-06-14</td></tr><tr><td><b>Closed</b></td><td>2013-01-24</td></tr><tr><td><b>Mast height (m)</b></td><td>50</td></tr><tr><td><b>Elevation (m)</b></td><td>43</td></tr><tr><td><b>Mean wind speed (m/s)</b></td><td>3.1</td></tr><tr><td><b>Wind power density (W/m2)</b></td><td>37.85</td></tr><tr><td><b>PDF page</b></td><td>10</td></tr></table>]]></description><TimeSpan><begin>2011-06-14</begin><end>2013-01-24</end></TimeSpan><styleUrl>#Closed</styleUrl><Point><coordinates>90.058806,26.162278,0</coordinates></Point></Placemark><Placemark><name>THARIGRAMVITA</name><description><![CDATA[<table><tr><td><b>Station</b></td><td>THARIGRAMVITA</td></tr><tr><td><b>District</b></td><td>DHUBRI</td></tr><tr><td><b>Status</b></td><td>Closed</td></tr><tr><td><b>Source</b></td><td>Mast</td></tr><tr><td><b>Commenced</b></td><td>2013-04-13</td></tr><tr><td><b>Closed</b></td><td>2015-04-17</td></tr><tr><td><b>Mast height (m)</b></td><td>50</td></tr><tr><td><b>Elevation (m)</b></td><td>26</td></tr><tr><td><b>Mean wind speed (m/s)</b></td><td>3.33</td></tr><tr><td><b>Wind power density (W/m2)</b></td><td>48.54</td></tr><tr><td><b>PDF page</b></td><td>10</td></tr></table>]]></description><TimeSpan><begin>2013-04-13</begin><end>2015-04-17</end></TimeSpan><styleUrl>#Closed</styleUrl><Point><coordinates>89.892194,25.929972,0</coordinates></Point></Placemark><Placemark><name>BHURBANDHA</name><description><![CDATA[<table><tr><td><b>Station</b></td><td>BHURBANDHA</td></tr><tr><td><b>District</b></td><td>MORIGAON</td></tr><tr><td><b>Status</b></td><td>Closed</td></tr><tr><td><b>Source</b></td><td>Mast</td></tr><tr><td><b>Commenced</b></td><td>2017-06-22</td></tr><tr><td><b>Closed</b></td><td>2019-06-30</td></tr><tr><td><b>Mast height (m)</b></td><td>50</td></tr><tr><td><b>Elevation (m)</b></td><td>53</td></tr><tr><td><b>Mean wind speed (m/s)</b></td><td>2.65</td></tr><tr><td><b>Wind power density (W/m2)</b></td><td>19.17</td></tr><tr><td><b>PDF page</b></td><td>10</td></tr></table>]]></description><TimeSpan><begin>2017-06-22</begin><end>2019-06-30</end></TimeSpan><styleUrl>#Closed</styleUrl><Point><coordinates>92.374328,26.303331,0</coordinates></Point></Placemark><Placemark><name>BAMGAON</name><description><![CDATA[<table><tr><td><b>Station</b></td><td>BAMGAON</td></tr><tr><td><b>District</b></td><td>BISWANATH</td></tr><tr><td><b>Status</b></td><td>Closed</td></tr><tr><td><b>Source</b></td><td>Mast</td></tr><tr><td><b>Commenced</b></td><td>2017-06-23</td></tr><tr><td><b>Closed</b></td><td>2019-06-30</td></tr><tr><td><b>Mast height (m)</b></td><td>50</td></tr><tr><td><b>Elevation (m)</b></td><td>61</td></tr><tr><td><b>Mean wind speed (m/s)</b></td><td>3.09</td></tr><tr><td><b>Wind power density (W/m2)</b></td><td>31.67</td></tr><tr><td><b>PDF page</b></td><td>10</td></tr></table>]]></description><TimeSpan><begin>2017-06-23</begin><end>2019-06-30</end></TimeSpan><styleUrl>#Closed</styleUrl><Point><coordinates>93.162147,26.729672,0</coordinates></Point></Placemark><Placemark><name>GOPALPUR GRANT</name><description><![CDATA[<table><tr><td><b>Station</b></td><td>GOPALPUR GRANT</td></tr><tr><td><b>District</b></td><td>BISWANATH</td></tr><tr><td><b>Status</b></td><td>Closed</td></tr><tr><td><b>Source</b></td><td>Mast</td></tr><tr><td><b>Commenced</b></td><td>2017-06-24</td></tr><tr><td><b>Closed</b></td><td>2019-06-30</td></tr><tr><td><b>Mast height (m)</b></td><td>50</td></tr><tr><td><b>Elevation (m)</b></td><td>60</td></tr><tr><td><b>Mean wind speed (m/s)</b></td><td>2.67</td></tr><tr><td><b>Wind power density (W/m2)</b></td><td>24.17</td></tr><tr><td><b>PDF page</b></td><td>10</td></tr></table>]]></description><TimeSpan><begin>2017-06-24</begin><end>2019-06-30</end></TimeSpan><styleUrl>#Closed</styleUrl><Point><coordinates>93.659367,26.916631,0</coordinates></Point></Placemark><Placemark><name>RAJGARH KACHARI</name><description><![CDATA[<table><tr><td><b>Station</b></td><td>RAJGARH KACHARI</td></tr><tr><td><b>District</b></td><td>LAKHIMPUR</td></tr><tr><td><b>Status</b></td><td>Closed</td></tr><tr><td><b>Source</b></td><td>Mast</td></tr><tr><td><b>Commenced</b></td><td>2017-06-27</td></tr><tr><td><b>Closed</b></td><td>2019-06-30</td></tr><tr><td><b>Mast height (m)</b></td><td>50</td></tr><tr><td><b>Elevation (m)</b></td><td>53</td></tr><tr><td><b>Mean wind speed (m/s)</b></td><td>2.17</td></tr><tr><td><b>Wind power density (W/m2)</b></td><td>11.74</td></tr><tr><td><b>PDF page</b></td><td>10</td></tr></table>]]></description><TimeSpan><begin>2017-06-27</begin><end>2019-06-30</end></TimeSpan><styleUrl>#Closed</styleUrl><Point><coordinates>93.980167,27.249417,0</coordinates></Point></Placemark><Placemark><name>TARIONI</name><description><![CDATA[<table><tr><td><b>Station</b></td><td>TARIONI</td></tr><tr><td><b>District</b></td><td>NORTH LAKHIMPUR</td></tr><tr><td><b>Status</b></td><td>Closed</td></tr><tr><td><b>Source</b></td><td>Mast</td></tr><tr><td><b>Commenced</b></td><td>2017-06-28</td></tr><tr><td><b>Closed</b></td><td>2019-11-06</td></tr><tr><td><b>Mast height (m)</b></td><td>50</td></tr><tr><td><b>Elevation (m)</b></td><td>77</td></tr><tr><td><b>Mean wind speed (m/s)</b></td><td>1.91</td></tr><tr><td><b>Wind power density (W/m2)</b></td><td>9.79</td></tr><tr><td><b>PDF page</b></td><td>10</td></tr></table>]]></description><TimeSpan><begin>2017-06-28</begin><end>2019-11-06</end></TimeSpan><styleUrl>#Closed</styleUrl><Point><coordinates>94.182242,27.52275,0</coordinates></Point></Placemark><Placemark><name>KULAJAN</name><description><![CDATA[<table><tr><td><b>Station</b></td><td>KULAJAN</td></tr><tr><td><b>District</b></td><td>NAGAON</td></tr><tr><td><b>Status</b></td><td>Closed</td></tr><tr><td><b>Source</b></td><td>Mast</td></tr><tr><td><b>Commenced</b></td><td>2017-06-29</td></tr><tr><td><b>Closed</b></td><td>2019-06-30</td></tr><tr><td><b>Mast height (m)</b></td><td>50</td></tr><tr><td><b>Elevation (m)</b></td><td>107</td></tr><tr><td><b>Mean wind speed (m/s)</b></td><td>2.73</td></tr><tr><td><b>Wind power density (W/m2)</b></td><td>20.1</td></tr><tr><td><b>PDF page</b></td><td>10</td></tr></table>]]></description><TimeSpan><begin>2017-06-29</begin><end>2019-06-30</end></TimeSpan><styleUrl>#Closed</styleUrl><Point><coordinates>94.722167,27.528889,0</coordinates></Point></Placemark><Placemark><name>SAGMOTEA TEA ESTATE</name><description><![CDATA[<table><tr><td><b>Station</b></td><td>SAGMOTEA TEA ESTATE</td></tr><tr><td><b>District</b></td><td>NAGAON</td></tr><tr><td><b>Status</b></td><td>Closed</td></tr><tr><td><b>Source</b></td><td>Mast</td></tr><tr><td><b>Commenced</b></td><td>2017-07-05</td></tr><tr><td><b>Closed</b></td><td>2019-06-30</td></tr><tr><td><b>Mast height (m)</b></td><td>50</td></tr><tr><td><b>Elevation (m)</b></td><td>187</td></tr><tr><td><b>Mean wind speed (m/s)</b></td><td>1.86</td></tr><tr><td><b>Wind power density (W/m2)</b></td><td>15.08</td></tr><tr><td><b>PDF page</b></td><td>10</td></tr></table>]]></description><TimeSpan><begin>2017-07-05</begin><end>2019-06-30</end></TimeSpan><styleUrl>#Closed</styleUrl><Point><coordinates>93.033028,26.532611,0</coordinates></Point></Placemark><Placemark><name>MUGASONG</name><description><![CDATA[<table><tr><td><b>Station</b></td><td>MUGASONG</td></tr><tr><td><b>District</b></td><td>WEST KARBI ANGLONG</td></tr><tr><td><b>Status</b></td><td>Closed</td></tr><tr><td><b>Source</b></td><td>Mast</td></tr><tr><td><b>Commenced</b></td><td>2019-03-04</td></tr><tr><td><b>Closed</b></td><td>2020-05-20</td></tr><tr><td><b>Mast height (m)</b></td><td>50</td></tr><tr><td><b>Elevation (m)</b></td><td>67</td></tr><tr><td><b>Mean wind speed (m/s)</b></td><td>2.23</td></tr><tr><td><b>Wind power density (W/m2)</b></td><td>13.92</td></tr><tr><td><b>PDF page</b></td><td>10</td></tr></table>]]></description><TimeSpan><begin>2019-03-04</begin><end>2020-05-20</end></TimeSpan><styleUrl>#Closed</styleUrl><Point><coordinates>92.737222,25.988889,0</coordinates></Point></Placemark><Placemark><name>BARGAON</name><description><![CDATA[<table><tr><td><b>Station</b></td><td>BARGAON</td></tr><tr><td><b>District</b></td><td>KAMRUP RURAL</td></tr><tr><td><b>Status</b></td><td>Closed</td></tr><tr><td><b>Source</b></td><td>Mast</td></tr><tr><td><b>Commenced</b></td><td>2019-03-10</td></tr><tr><td><b>Closed</b></td><td>2020-05-20</td></tr><tr><td><b>Mast height (m)</b></td><td>50</td></tr><tr><td><b>Elevation (m)</b></td><td>30</td></tr><tr><td><b>Mean wind speed (m/s)</b></td><td>2.78</td></tr><tr><td><b>Wind power density (W/m2)</b></td><td>23.11</td></tr><tr><td><b>PDF page</b></td><td>10</td></tr></table>]]></description><TimeSpan><begin>2019-03-10</begin><end>2020-05-20</end></TimeSpan><styleUrl>#Closed</styleUrl><Point><coordinates>91.759111,26.406722,0</coordinates></Point></Placemark><Placemark><name>KOTOHAPORIA</name><description><![CDATA[<table><tr><td><b>Station</b></td><td>KOTOHAPORIA</td></tr><tr><td><b>District</b></td><td>JORHAT</td></tr><tr><td><b>Status</b></td><td>Closed</td></tr><tr><td><b>Source</b></td><td>Mast</td></tr><tr><td><b>Commenced</b></td><td>2019-03-03</td></tr><tr><td><b>Closed</b></td><td>2020-05-20</td></tr><tr><td><b>Mast height (m)</b></td><td>50</td></tr><tr><td><b>Elevation (m)</b></td><td>93</td></tr><tr><td><b>Mean wind speed (m/s)</b></td><td>2.55</td></tr><tr><td><b>Wind power density (W/m2)</b></td><td>19.94</td></tr><tr><td><b>PDF page</b></td><td>10</td></tr></table>]]></description><TimeSpan><begin>2019-03-03</begin><end>2020-05-20</end></TimeSpan><styleUrl>#Closed</styleUrl><Point><coordinates>94.250561,26.789056,0</coordinates></Point></Placemark><Placemark><name>RANGACHAKUA</name><description><![CDATA[<table><tr><td><b>Station</b></td><td>RANGACHAKUA</td></tr><tr><td><b>District</b></td><td>SONITPUR</td></tr><tr><td><b>Status</b></td><td>Closed</td></tr><tr><td><b>Source</b></td><td>Mast</td></tr><tr><td><b>Commenced</b></td><td>2019-03-02</td></tr><tr><td><b>Closed</b></td><td>2020-05-20</td></tr><tr><td><b>Mast height (m)</b></td><td>50</td></tr><tr><td><b>Elevation (m)</b></td><td>86</td></tr><tr><td><b>Mean wind speed (m/s)</b></td><td>2.75</td></tr><tr><td><b>Wind power density (W/m2)</b></td><td>21.42</td></tr><tr><td><b>PDF page</b></td><td>10</td></tr></table>]]></description><TimeSpan><begin>2019-03-02</begin><end>2020-05-20</end></TimeSpan><styleUrl>#Closed</styleUrl><Point><coordinates>92.9085,26.846944,0</coordinates></Point></Placemark><Placemark><name>CHANDMARI HILL TOP</name><description><![CDATA[<table><tr><td><b>Station</b></td><td>CHANDMARI HILL TOP</td></tr><tr><td><b>District</b></td><td>KAMRUP</td></tr><tr><td><b>Status</b></td><td>Closed</td></tr><tr><td><b>Source</b></td><td>Telecom tower</td></tr><tr><td><b>Commenced</b></td><td>2019-11-13</td></tr><tr><td><b>Closed</b></td><td>2021-04-08</td></tr><tr><td><b>Mast height (m)</b></td><td>70</td></tr><tr><td><b>Elevation (m)</b></td><td>225</td></tr><tr><td><b>PDF page</b></td><td>14</td></tr></table>]]></description><TimeSpan><begin>2019-11-13</begin><end>2021-04-08</end></TimeSpan><styleUrl>#Closed</styleUrl><Point><coordinates>91.7741,26.19405,0</coordinates></Point></Placemark><Placemark><name>CHAPRAKATA</name><description><![CDATA[<table><tr><td><b>Station</b></td><td>CHAPRAKATA</td></tr><tr><td><b>District</b></td><td>BONGAIGAON</td></tr><tr><td><b>Status</b></td><td>Closed</td></tr><tr><td><b>Source</b></td><td>Telecom tower</td></tr><tr><td><b>Commenced</b></td><td>2019-11-14</td></tr><tr><td><b>Closed</b></td><td>2020-12-21</td></tr><tr><td><b>Mast height (m)</b></td><td>80</td></tr><tr><td><b>Elevation (m)</b></td><td>18</td></tr><tr><td><b>Mean wind speed (m/s)</b></td><td>2.93</td></tr><tr><td><b>Wind power density (W/m2)</b></td><td>34.77</td></tr><tr><td><b>PDF page</b></td><td>14</td></tr></table>]]></description><TimeSpan><begin>2019-11-14</begin><end>2020-12-21</end></TimeSpan><styleUrl>#Closed</styleUrl><Point><coordinates>90.581431,26.4911,0</coordinates></Point></Placemark><Placemark><name>BIDYAPARA</name><description><![CDATA[<table><tr><td><b>Station</b></td><td>BIDYAPARA</td></tr><tr><td><b>District</b></td><td>DHUBRI</td></tr><tr><td><b>Status</b></td><td>Closed</td></tr><tr><td><b>Source</b></td><td>Telecom tower</td></tr><tr><td><b>Commenced</b></td><td>2019-11-15</td></tr><tr><td><b>Closed</b></td><td>2020-12-21</td></tr><tr><td><b>Mast height (m)</b></td><td>80</td></tr><tr><td><b>Elevation (m)</b></td><td>31</td></tr><tr><td><b>Mean wind speed (m/s)</b></td><td>3.98</td></tr><tr><td><b>Wind power density (W/m2)</b></td><td>77.92</td></tr><tr><td><b>PDF page</b></td><td>14</td></tr></table>]]></description><TimeSpan><begin>2019-11-15</begin><end>2020-12-21</end></TimeSpan><styleUrl>#Closed</styleUrl><Point><coordinates>89.967689,26.033569,0</coordinates></Point></Placemark><Placemark><name>BADULIPUR</name><description><![CDATA[<table><tr><td><b>Station</b></td><td>BADULIPUR</td></tr><tr><td><b>District</b></td><td>GOLAGHAT</td></tr><tr><td><b>Status</b></td><td>Closed</td></tr><tr><td><b>Source</b></td><td>Telecom tower</td></tr><tr><td><b>Commenced</b></td><td>2019-11-16</td></tr><tr><td><b>Closed</b></td><td>2021-01-07</td></tr><tr><td><b>Mast height (m)</b></td><td>40</td></tr><tr><td><b>Elevation (m)</b></td><td>90</td></tr><tr><td><b>PDF page</b></td><td>14</td></tr></table>]]></description><TimeSpan><begin>2019-11-16</begin><end>2021-01-07</end></TimeSpan><styleUrl>#Closed</styleUrl><Point><coordinates>93.868806,26.664139,0</coordinates></Point></Placemark><Placemark><name>NA-ALI DHEKIAJULI</name><description><![CDATA[<table><tr><td><b>Station</b></td><td>NA-ALI DHEKIAJULI</td></tr><tr><td><b>District</b></td><td>JORHAT</td></tr><tr><td><b>Status</b></td><td>Closed</td></tr><tr><td><b>Source</b></td><td>Telecom tower</td></tr><tr><td><b>Commenced</b></td><td>2019-11-17</td></tr><tr><td><b>Closed</b></td><td>2021-04-08</td></tr><tr><td><b>Mast height (m)</b></td><td>54</td></tr><tr><td><b>Elevation (m)</b></td><td>98</td></tr><tr><td><b>Mean wind speed (m/s)</b></td><td>1.91</td></tr><tr><td><b>Wind power density (W/m2)</b></td><td>7.83</td></tr><tr><td><b>PDF page</b></td><td>14</td></tr></table>]]></description><TimeSpan><begin>2019-11-17</begin><end>2021-04-08</end></TimeSpan><styleUrl>#Closed</styleUrl><Point><coordinates>94.197389,26.670361,0</coordinates></Point></Placemark><Placemark><name>SAPEKHATIBAM</name><description><![CDATA[<table><tr><td><b>Station</b></td><td>SAPEKHATIBAM</td></tr><tr><td><b>District</b></td><td>SIBSAGAR</td></tr><tr><td><b>Status</b></td><td>Closed</td></tr><tr><td><b>Source</b></td><td>Telecom tower</td></tr><tr><td><b>Commenced</b></td><td>2019-11-17</td></tr><tr><td><b>Closed</b></td><td>2021-04-08</td></tr><tr><td><b>Mast height (m)</b></td><td>40</td></tr><tr><td><b>Elevation (m)</b></td><td>97</td></tr><tr><td><b>Mean wind speed (m/s)</b></td><td>2.39</td></tr><tr><td><b>Wind power density (W/m2)</b></td><td>15.65</td></tr><tr><td><b>PDF page</b></td><td>14</td></tr></table>]]></description><TimeSpan><begin>2019-11-17</begin><end>2021-04-08</end></TimeSpan><styleUrl>#Closed</styleUrl><Point><coordinates>94.708056,27.159944,0</coordinates></Point></Placemark><Placemark><name>JAPISUJIYA</name><description><![CDATA[<table><tr><td><b>Station</b></td><td>JAPISUJIYA</td></tr><tr><td><b>District</b></td><td>NORTH LAKHIMPUR</td></tr><tr><td><b>Status</b></td><td>Closed</td></tr><tr><td><b>Source</b></td><td>Telecom tower</td></tr><tr><td><b>Commenced</b></td><td>2019-11-18</td></tr><tr><td><b>Closed</b></td><td>2020-12-21</td></tr><tr><td><b>Mast height (m)</b></td><td>80</td></tr><tr><td><b>Elevation (m)</b></td><td>60</td></tr><tr><td><b>Mean wind speed (m/s)</b></td><td>2.76</td></tr><tr><td><b>Wind power density (W/m2)</b></td><td>27.95</td></tr><tr><td><b>PDF page</b></td><td>14</td></tr></table>]]></description><TimeSpan><begin>2019-11-18</begin><end>2020-12-21</end></TimeSpan><styleUrl>#Closed</styleUrl><Point><coordinates>94.104219,27.213911,0</coordinates></Point></Placemark><Placemark><name>BORGANG TEL EXCH</name><description><![CDATA[<table><tr><td><b>Station</b></td><td>BORGANG TEL EXCH</td></tr><tr><td><b>District</b></td><td>BISWANATH</td></tr><tr><td><b>Status</b></td><td>Closed</td></tr><tr><td><b>Source</b></td><td>Telecom tower</td></tr><tr><td><b>Commenced</b></td><td>2019-11-19</td></tr><tr><td><b>Closed</b></td><td>2020-12-21</td></tr><tr><td><b>Mast height (m)</b></td><td>50</td></tr><tr><td><b>Elevation (m)</b></td><td>51</td></tr><tr><td><b>Mean wind speed (m/s)</b></td><td>2.31</td></tr><tr><td><b>Wind power density (W/m2)</b></td><td>15.15</td></tr><tr><td><b>PDF page</b></td><td>14</td></tr></table>]]></description><TimeSpan><begin>2019-11-19</begin><end>2020-12-21</end></TimeSpan><styleUrl>#Closed</styleUrl><Point><coordinates>93.290931,26.836269,0</coordinates></Point></Placemark><Placemark><name>BAKULTOL</name><description><![CDATA[<table><tr><td><b>Station</b></td><td>BAKULTOL</td></tr><tr><td><b>District</b></td><td>NAGAON</td></tr><tr><td><b>Status</b></td><td>Closed</td></tr><tr><td><b>Source</b></td><td>Telecom tower</td></tr><tr><td><b>Commenced</b></td><td>2019-11-19</td></tr><tr><td><b>Closed</b></td><td>2021-04-08</td></tr><tr><td><b>Mast height (m)</b></td><td>40</td></tr><tr><td><b>Elevation (m)</b></td><td>73</td></tr><tr><td><b>Mean wind speed (m/s)</b></td><td>1.97</td></tr><tr><td><b>Wind power density (W/m2)</b></td><td>9.24</td></tr><tr><td><b>PDF page</b></td><td>14</td></tr></table>]]></description><TimeSpan><begin>2019-11-19</begin><end>2021-04-08</end></TimeSpan><styleUrl>#Closed</styleUrl><Point><coordinates>92.790139,26.401417,0</coordinates></Point></Placemark><Placemark><name>SONARI</name><description><![CDATA[<table><tr><td><b>Station</b></td><td>SONARI</td></tr><tr><td><b>District</b></td><td>CHARAIDEO</td></tr><tr><td><b>Status</b></td><td>Closed</td></tr><tr><td><b>Source</b></td><td>Telecom tower</td></tr><tr><td><b>Commenced</b></td><td>2019-11-19</td></tr><tr><td><b>Closed</b></td><td>2020-12-21</td></tr><tr><td><b>Mast height (m)</b></td><td>35</td></tr><tr><td><b>Elevation (m)</b></td><td>106</td></tr><tr><td><b>Mean wind speed (m/s)</b></td><td>1.89</td></tr><tr><td><b>Wind power density (W/m2)</b></td><td>8.18</td></tr><tr><td><b>PDF page</b></td><td>14</td></tr></table>]]></description><TimeSpan><begin>2019-11-19</begin><end>2020-12-21</end></TimeSpan><styleUrl>#Closed</styleUrl><Point><coordinates>95.019417,27.025889,0</coordinates></Point></Placemark><Placemark><name>LUMDING</name><description><![CDATA[<table><tr><td><b>Station</b></td><td>LUMDING</td></tr><tr><td><b>District</b></td><td>NAGAON</td></tr><tr><td><b>Status</b></td><td>Closed</td></tr><tr><td><b>Source</b></td><td>Telecom tower</td></tr><tr><td><b>Commenced</b></td><td>2019-11-20</td></tr><tr><td><b>Closed</b></td><td>2020-12-21</td></tr><tr><td><b>Mast height (m)</b></td><td>60</td></tr><tr><td><b>Elevation (m)</b></td><td>114</td></tr><tr><td><b>Mean wind speed (m/s)</b></td><td>2.13</td></tr><tr><td><b>Wind power density (W/m2)</b></td><td>14.11</td></tr><tr><td><b>PDF page</b></td><td>14</td></tr></table>]]></description><TimeSpan><begin>2019-11-20</begin><end>2020-12-21</end></TimeSpan><styleUrl>#Closed</styleUrl><Point><coordinates>93.175119,25.761019,0</coordinates></Point></Placemark><Placemark><name>TUMPRENG</name><description><![CDATA[<table><tr><td><b>Station</b></td><td>TUMPRENG</td></tr><tr><td><b>District</b></td><td>KARBI ANGLONG</td></tr><tr><td><b>Status</b></td><td>Closed</td></tr><tr><td><b>Source</b></td><td>Telecom tower</td></tr><tr><td><b>Commenced</b></td><td>2019-11-20</td></tr><tr><td><b>Closed</b></td><td>2021-04-08</td></tr><tr><td><b>Mast height (m)</b></td><td>40</td></tr><tr><td><b>Elevation (m)</b></td><td>74</td></tr><tr><td><b>Mean wind speed (m/s)</b></td><td>1.95</td></tr><tr><td><b>Wind power density (W/m2)</b></td><td>9.43</td></tr><tr><td><b>PDF page</b></td><td>14</td></tr></table>]]></description><TimeSpan><begin>2019-11-20</begin><end>2021-04-08</end></TimeSpan><styleUrl>#Closed</styleUrl><Point><coordinates>92.754833,26.004194,0</coordinates></Point></Placemark><Placemark><name>SAIKHOA GHAT</name><description><![CDATA[<table><tr><td><b>Station</b></td><td>SAIKHOA GHAT</td></tr><tr><td><b>District</b></td><td>TINSUKIA</td></tr><tr><td><b>Status</b></td><td>Closed</td></tr><tr><td><b>Source</b></td><td>Telecom tower</td></tr><tr><td><b>Commenced</b></td><td>2019-11-20</td></tr><tr><td><b>Closed</b></td><td>2020-12-21</td></tr><tr><td><b>Mast height (m)</b></td><td>25</td></tr><tr><td><b>Elevation (m)</b></td><td>128</td></tr><tr><td><b>Mean wind speed (m/s)</b></td><td>1.41</td></tr><tr><td><b>Wind power density (W/m2)</b></td><td>3.41</td></tr><tr><td><b>PDF page</b></td><td>14</td></tr></table>]]></description><TimeSpan><begin>2019-11-20</begin><end>2020-12-21</end></TimeSpan><styleUrl>#Closed</styleUrl><Point><coordinates>95.595411,27.752961,0</coordinates></Point></Placemark><Placemark><name>SILONIJAN</name><description><![CDATA[<table><tr><td><b>Station</b></td><td>SILONIJAN</td></tr><tr><td><b>District</b></td><td>KARBI ANGLONG</td></tr><tr><td><b>Status</b></td><td>Closed</td></tr><tr><td><b>Source</b></td><td>Telecom tower</td></tr><tr><td><b>Commenced</b></td><td>2019-11-21</td></tr><tr><td><b>Closed</b></td><td>2020-12-21</td></tr><tr><td><b>Mast height (m)</b></td><td>50</td></tr><tr><td><b>Elevation (m)</b></td><td>101</td></tr><tr><td><b>Mean wind speed (m/s)</b></td><td>1.89</td></tr><tr><td><b>Wind power density (W/m2)</b></td><td>8.11</td></tr><tr><td><b>PDF page</b></td><td>14</td></tr></table>]]></description><TimeSpan><begin>2019-11-21</begin><end>2020-12-21</end></TimeSpan><styleUrl>#Closed</styleUrl><Point><coordinates>93.863789,26.332411,0</coordinates></Point></Placemark><Placemark><name>KUTUHA</name><description><![CDATA[<table><tr><td><b>Station</b></td><td>KUTUHA</td></tr><tr><td><b>District</b></td><td>DIBRUGARH</td></tr><tr><td><b>Status</b></td><td>Closed</td></tr><tr><td><b>Source</b></td><td>Telecom tower</td></tr><tr><td><b>Commenced</b></td><td>2019-11-21</td></tr><tr><td><b>Closed</b></td><td>2021-01-07</td></tr><tr><td><b>Mast height (m)</b></td><td>45</td></tr><tr><td><b>Elevation (m)</b></td><td>106</td></tr><tr><td><b>Mean wind speed (m/s)</b></td><td>2.69</td></tr><tr><td><b>Wind power density (W/m2)</b></td><td>20.99</td></tr><tr><td><b>PDF page</b></td><td>14</td></tr></table>]]></description><TimeSpan><begin>2019-11-21</begin><end>2021-01-07</end></TimeSpan><styleUrl>#Closed</styleUrl><Point><coordinates>94.874839,27.326439,0</coordinates></Point></Placemark><Placemark><name>SIBSAGAR</name><description><![CDATA[<table><tr><td><b>Station</b></td><td>SIBSAGAR</td></tr><tr><td><b>District</b></td><td>SIBSAGAR</td></tr><tr><td><b>Status</b></td><td>Closed</td></tr><tr><td><b>Source</b></td><td>Telecom tower</td></tr><tr><td><b>Commenced</b></td><td>2019-11-22</td></tr><tr><td><b>Closed</b></td><td>2020-12-21</td></tr><tr><td><b>Mast height (m)</b></td><td>50</td></tr><tr><td><b>Elevation (m)</b></td><td>79</td></tr><tr><td><b>Mean wind speed (m/s)</b></td><td>2.48</td></tr><tr><td><b>Wind power density (W/m2)</b></td><td>21.85</td></tr><tr><td><b>PDF page</b></td><td>14</td></tr></table>]]></description><TimeSpan><begin>2019-11-22</begin><end>2020-12-21</end></TimeSpan><styleUrl>#Closed</styleUrl><Point><coordinates>94.617439,26.961881,0</coordinates></Point></Placemark><Placemark><name>AMGURI</name><description><![CDATA[<table><tr><td><b>Station</b></td><td>AMGURI</td></tr><tr><td><b>District</b></td><td>SIBSAGAR</td></tr><tr><td><b>Status</b></td><td>Closed</td></tr><tr><td><b>Source</b></td><td>Telecom tower</td></tr><tr><td><b>Commenced</b></td><td>2019-11-22</td></tr><tr><td><b>Closed</b></td><td>2020-12-21</td></tr><tr><td><b>Mast height (m)</b></td><td>40</td></tr><tr><td><b>Elevation (m)</b></td><td>51</td></tr><tr><td><b>Mean wind speed (m/s)</b></td><td>1.89</td></tr><tr><td><b>Wind power density (W/m2)</b></td><td>9.13</td></tr><tr><td><b>PDF page</b></td><td>14</td></tr></table>]]></description><TimeSpan><begin>2019-11-22</begin><end>2020-12-21</end></TimeSpan><styleUrl>#Closed</styleUrl><Point><coordinates>94.520219,26.81215,0</coordinates></Point></Placemark><Placemark><name>PALONGHAT</name><description><![CDATA[<table><tr><td><b>Station</b></td><td>PALONGHAT</td></tr><tr><td><b>District</b></td><td>CACHAR</td></tr><tr><td><b>Status</b></td><td>Closed</td></tr><tr><td><b>Source</b></td><td>Telecom tower</td></tr><tr><td><b>Commenced</b></td><td>2019-11-22</td></tr><tr><td><b>Closed</b></td><td>2021-04-08</td></tr><tr><td><b>Mast height (m)</b></td><td>40</td></tr><tr><td><b>Elevation (m)</b></td><td>31</td></tr><tr><td><b>Mean wind speed (m/s)</b></td><td>1.67</td></tr><tr><td><b>Wind power density (W/m2)</b></td><td>6.25</td></tr><tr><td><b>PDF page</b></td><td>14</td></tr></table>]]></description><TimeSpan><begin>2019-11-22</begin><end>2021-04-08</end></TimeSpan><styleUrl>#Closed</styleUrl><Point><coordinates>92.885417,24.646667,0</coordinates></Point></Placemark><Placemark><name>BONGAON</name><description><![CDATA[<table><tr><td><b>Station</b></td><td>BONGAON</td></tr><tr><td><b>District</b></td><td>JORHAT</td></tr><tr><td><b>Status</b></td><td>Closed</td></tr><tr><td><b>Source</b></td><td>Telecom tower</td></tr><tr><td><b>Commenced</b></td><td>2019-11-22</td></tr><tr><td><b>Closed</b></td><td>2020-12-21</td></tr><tr><td><b>Mast height (m)</b></td><td>35</td></tr><tr><td><b>Elevation (m)</b></td><td>92</td></tr><tr><td><b>Mean wind speed (m/s)</b></td><td>1.64</td></tr><tr><td><b>Wind power density (W/m2)</b></td><td>5</td></tr><tr><td><b>PDF page</b></td><td>14</td></tr></table>]]></description><TimeSpan><begin>2019-11-22</begin><end>2020-12-21</end></TimeSpan><styleUrl>#Closed</styleUrl><Point><coordinates>94.267739,26.964439,0</coordinates></Point></Placemark><Placemark><name>RATANPORE</name><description><![CDATA[<table><tr><td><b>Station</b></td><td>RATANPORE</td></tr><tr><td><b>District</b></td><td>HAILAKANDI</td></tr><tr><td><b>Status</b></td><td>Closed</td></tr><tr><td><b>Source</b></td><td>Telecom tower</td></tr><tr><td><b>Commenced</b></td><td>2019-11-23</td></tr><tr><td><b>Closed</b></td><td>2021-04-08</td></tr><tr><td><b>Mast height (m)</b></td><td>40</td></tr><tr><td><b>Elevation (m)</b></td><td>33</td></tr><tr><td><b>PDF page</b></td><td>14</td></tr></table>]]></description><TimeSpan><begin>2019-11-23</begin><end>2021-04-08</end></TimeSpan><styleUrl>#Closed</styleUrl><Point><coordinates>92.688,24.722556,0</coordinates></Point></Placemark><Placemark><name>GHILAMORA</name><description><![CDATA[<table><tr><td><b>Station</b></td><td>GHILAMORA</td></tr><tr><td><b>District</b></td><td>LAKHIMPUR</td></tr><tr><td><b>Status</b></td><td>Closed</td></tr><tr><td><b>Source</b></td><td>Telecom tower</td></tr><tr><td><b>Commenced</b></td><td>2019-11-23</td></tr><tr><td><b>Closed</b></td><td>2021-01-07</td></tr><tr><td><b>Mast height (m)</b></td><td>54</td></tr><tr><td><b>Elevation (m)</b></td><td>93</td></tr><tr><td><b>Mean wind speed (m/s)</b></td><td>2.3</td></tr><tr><td><b>Wind power density (W/m2)</b></td><td>13.45</td></tr><tr><td><b>PDF page</b></td><td>14</td></tr></table>]]></description><TimeSpan><begin>2019-11-23</begin><end>2021-01-07</end></TimeSpan><styleUrl>#Closed</styleUrl><Point><coordinates>94.411278,27.3195,0</coordinates></Point></Placemark><Placemark><name>PANBAZAR</name><description><![CDATA[<table><tr><td><b>Station</b></td><td>PANBAZAR</td></tr><tr><td><b>District</b></td><td>KAMRUP</td></tr><tr><td><b>Status</b></td><td>Closed</td></tr><tr><td><b>Source</b></td><td>Telecom tower</td></tr><tr><td><b>Commenced</b></td><td>2019-11-24</td></tr><tr><td><b>Closed</b></td><td>2021-01-07</td></tr><tr><td><b>Mast height (m)</b></td><td>80</td></tr><tr><td><b>Elevation (m)</b></td><td>68</td></tr><tr><td><b>Mean wind speed (m/s)</b></td><td>2.88</td></tr><tr><td><b>Wind power density (W/m2)</b></td><td>35.65</td></tr><tr><td><b>PDF page</b></td><td>14</td></tr></table>]]></description><TimeSpan><begin>2019-11-24</begin><end>2021-01-07</end></TimeSpan><styleUrl>#Closed</styleUrl><Point><coordinates>91.746111,26.186931,0</coordinates></Point></Placemark><Placemark><name>GHARMURA</name><description><![CDATA[<table><tr><td><b>Station</b></td><td>GHARMURA</td></tr><tr><td><b>District</b></td><td>HAILAKANDI</td></tr><tr><td><b>Status</b></td><td>Closed</td></tr><tr><td><b>Source</b></td><td>Telecom tower</td></tr><tr><td><b>Commenced</b></td><td>2019-11-24</td></tr><tr><td><b>Closed</b></td><td>2021-04-08</td></tr><tr><td><b>Mast height (m)</b></td><td>37</td></tr><tr><td><b>Elevation (m)</b></td><td>46</td></tr><tr><td><b>Mean wind speed (m/s)</b></td><td>1.08</td></tr><tr><td><b>Wind power density (W/m2)</b></td><td>1.4</td></tr><tr><td><b>PDF page</b></td><td>14</td></tr></table>]]></description><TimeSpan><begin>2019-11-24</begin><end>2021-04-08</end></TimeSpan><styleUrl>#Closed</styleUrl><Point><coordinates>92.515028,24.287778,0</coordinates></Point></Placemark><Placemark><name>GOPUR</name><description><![CDATA[<table><tr><td><b>Station</b></td><td>GOPUR</td></tr><tr><td><b>District</b></td><td>SONITPUR</td></tr><tr><td><b>Status</b></td><td>Closed</td></tr><tr><td><b>Source</b></td><td>Telecom tower</td></tr><tr><td><b>Commenced</b></td><td>2019-11-25</td></tr><tr><td><b>Closed</b></td><td>2021-01-07</td></tr><tr><td><b>Mast height (m)</b></td><td>36</td></tr><tr><td><b>Elevation (m)</b></td><td>72</td></tr><tr><td><b>Mean wind speed (m/s)</b></td><td>2.11</td></tr><tr><td><b>Wind power density (W/m2)</b></td><td>11.03</td></tr><tr><td><b>PDF page</b></td><td>14</td></tr></table>]]></description><TimeSpan><begin>2019-11-25</begin><end>2021-01-07</end></TimeSpan><styleUrl>#Closed</styleUrl><Point><coordinates>93.634561,26.888211,0</coordinates></Point></Placemark><Placemark><name>GUMRAH</name><description><![CDATA[<table><tr><td><b>Station</b></td><td>GUMRAH</td></tr><tr><td><b>District</b></td><td>CACHAR</td></tr><tr><td><b>Status</b></td><td>Closed</td></tr><tr><td><b>Source</b></td><td>Telecom tower</td></tr><tr><td><b>Commenced</b></td><td>2019-11-26</td></tr><tr><td><b>Closed</b></td><td>2021-01-07</td></tr><tr><td><b>Mast height (m)</b></td><td>50</td></tr><tr><td><b>Elevation (m)</b></td><td>26</td></tr><tr><td><b>Mean wind speed (m/s)</b></td><td>2.06</td></tr><tr><td><b>Wind power density (W/m2)</b></td><td>10.72</td></tr><tr><td><b>PDF page</b></td><td>14</td></tr></table>]]></description><TimeSpan><begin>2019-11-26</begin><end>2021-01-07</end></TimeSpan><styleUrl>#Closed</styleUrl><Point><coordinates>92.519639,24.978667,0</coordinates></Point></Placemark><Placemark><name>BISHNUPUR</name><description><![CDATA[<table><tr><td><b>Station</b></td><td>BISHNUPUR</td></tr><tr><td><b>District</b></td><td>DHEMAJI</td></tr><tr><td><b>Status</b></td><td>Closed</td></tr><tr><td><b>Source</b></td><td>Telecom tower</td></tr><tr><td><b>Commenced</b></td><td>2019-11-26</td></tr><tr><td><b>Closed</b></td><td>2021-04-08</td></tr><tr><td><b>Mast height (m)</b></td><td>55</td></tr><tr><td><b>Elevation (m)</b></td><td>114</td></tr><tr><td><b>Mean wind speed (m/s)</b></td><td>2</td></tr><tr><td><b>Wind power density (W/m2)</b></td><td>13.77</td></tr><tr><td><b>PDF page</b></td><td>14</td></tr></table>]]></description><TimeSpan><begin>2019-11-26</begin><end>2021-04-08</end></TimeSpan><styleUrl>#Closed</styleUrl><Point><coordinates>94.5189,27.52625,0</coordinates></Point></Placemark><Placemark><name>CHAPAR</name><description><![CDATA[<table><tr><td><b>Station</b></td><td>CHAPAR</td></tr><tr><td><b>District</b></td><td>DHUBRI</td></tr><tr><td><b>Status</b></td><td>Closed</td></tr><tr><td><b>Source</b></td><td>Telecom tower</td></tr><tr><td><b>Commenced</b></td><td>2020-02-12</td></tr><tr><td><b>Closed</b></td><td>2021-04-08</td></tr><tr><td><b>Mast height (m)</b></td><td>40</td></tr><tr><td><b>Elevation (m)</b></td><td>43</td></tr><tr><td><b>Mean wind speed (m/s)</b></td><td>1.43</td></tr><tr><td><b>Wind power density (W/m2)</b></td><td>3.88</td></tr><tr><td><b>PDF page</b></td><td>14</td></tr></table>]]></description><TimeSpan><begin>2020-02-12</begin><end>2021-04-08</end></TimeSpan><styleUrl>#Closed</styleUrl><Point><coordinates>90.447139,26.277472,0</coordinates></Point></Placemark><Placemark><name>HALAKURA</name><description><![CDATA[<table><tr><td><b>Station</b></td><td>HALAKURA</td></tr><tr><td><b>District</b></td><td>DHUBRI</td></tr><tr><td><b>Status</b></td><td>Closed</td></tr><tr><td><b>Source</b></td><td>Telecom tower</td></tr><tr><td><b>Commenced</b></td><td>2020-02-13</td></tr><tr><td><b>Closed</b></td><td>2021-04-08</td></tr><tr><td><b>Mast height (m)</b></td><td>37</td></tr><tr><td><b>Elevation (m)</b></td><td>37</td></tr><tr><td><b>Mean wind speed (m/s)</b></td><td>1.92</td></tr><tr><td><b>Wind power density (W/m2)</b></td><td>8.3</td></tr><tr><td><b>PDF page</b></td><td>14</td></tr></table>]]></description><TimeSpan><begin>2020-02-13</begin><end>2021-04-08</end></TimeSpan><styleUrl>#Closed</styleUrl><Point><coordinates>89.776278,26.250111,0</coordinates></Point></Placemark><Placemark><name>SANTIPUR</name><description><![CDATA[<table><tr><td><b>Station</b></td><td>SANTIPUR</td></tr><tr><td><b>District</b></td><td>CHIRANG</td></tr><tr><td><b>Status</b></td><td>Closed</td></tr><tr><td><b>Source</b></td><td>Telecom tower</td></tr><tr><td><b>Commenced</b></td><td>2020-02-14</td></tr><tr><td><b>Closed</b></td><td>2021-04-08</td></tr><tr><td><b>Mast height (m)</b></td><td>37</td></tr><tr><td><b>Elevation (m)</b></td><td>127</td></tr><tr><td><b>Mean wind speed (m/s)</b></td><td>2.1</td></tr><tr><td><b>Wind power density (W/m2)</b></td><td>10.46</td></tr><tr><td><b>PDF page</b></td><td>14</td></tr></table>]]></description><TimeSpan><begin>2020-02-14</begin><end>2021-04-08</end></TimeSpan><styleUrl>#Closed</styleUrl><Point><coordinates>90.438222,26.736,0</coordinates></Point></Placemark><Placemark><name>UDALGURI</name><description><![CDATA[<table><tr><td><b>Station</b></td><td>UDALGURI</td></tr><tr><td><b>District</b></td><td>UDALGURI</td></tr><tr><td><b>Status</b></td><td>Closed</td></tr><tr><td><b>Source</b></td><td>Telecom tower</td></tr><tr><td><b>Commenced</b></td><td>2020-02-17</td></tr><tr><td><b>Closed</b></td><td>2021-04-08</td></tr><tr><td><b>Mast height (m)</b></td><td>30</td></tr><tr><td><b>Elevation (m)</b></td><td>114</td></tr><tr><td><b>Mean wind speed (m/s)</b></td><td>2.07</td></tr><tr><td><b>Wind power density (W/m2)</b></td><td>8.1</td></tr><tr><td><b>PDF page</b></td><td>14</td></tr></table>]]></description><TimeSpan><begin>2020-02-17</begin><end>2021-04-08</end></TimeSpan><styleUrl>#Closed</styleUrl><Point><coordinates>92.100306,26.747889,0</coordinates></Point></Placemark><Placemark><name>SUAGPUR</name><description><![CDATA[<table><tr><td><b>Station</b></td><td>SUAGPUR</td></tr><tr><td><b>District</b></td><td>KAMRUP</td></tr><tr><td><b>Status</b></td><td>Closed</td></tr><tr><td><b>Source</b></td><td>Telecom tower</td></tr><tr><td><b>Commenced</b></td><td>2020-02-18</td></tr><tr><td><b>Closed</b></td><td>2021-04-08</td></tr><tr><td><b>Mast height (m)</b></td><td>37</td></tr><tr><td><b>Elevation (m)</b></td><td>90</td></tr><tr><td><b>Mean wind speed (m/s)</b></td><td>2.28</td></tr><tr><td><b>Wind power density (W/m2)</b></td><td>13.99</td></tr><tr><td><b>PDF page</b></td><td>14</td></tr></table>]]></description><TimeSpan><begin>2020-02-18</begin><end>2021-04-08</end></TimeSpan><styleUrl>#Closed</styleUrl><Point><coordinates>91.706528,26.682583,0</coordinates></Point></Placemark><Placemark><name>CHATABARI</name><description><![CDATA[<table><tr><td><b>Station</b></td><td>CHATABARI</td></tr><tr><td><b>District</b></td><td>KAMRUP</td></tr><tr><td><b>Status</b></td><td>Closed</td></tr><tr><td><b>Source</b></td><td>Telecom tower</td></tr><tr><td><b>Commenced</b></td><td>2020-02-22</td></tr><tr><td><b>Closed</b></td><td>2021-04-08</td></tr><tr><td><b>Mast height (m)</b></td><td>37</td></tr><tr><td><b>Elevation (m)</b></td><td>50</td></tr><tr><td><b>Mean wind speed (m/s)</b></td><td>1.73</td></tr><tr><td><b>Wind power density (W/m2)</b></td><td>6.5</td></tr><tr><td><b>PDF page</b></td><td>14</td></tr></table>]]></description><TimeSpan><begin>2020-02-22</begin><end>2021-04-08</end></TimeSpan><styleUrl>#Closed</styleUrl><Point><coordinates>91.274889,26.024611,0</coordinates></Point></Placemark><Placemark><name>CHIRAKHUNDI</name><description><![CDATA[<table><tr><td><b>Station</b></td><td>CHIRAKHUNDI</td></tr><tr><td><b>District</b></td><td>KAMRUP</td></tr><tr><td><b>Status</b></td><td>Closed</td></tr><tr><td><b>Source</b></td><td>Telecom tower</td></tr><tr><td><b>Commenced</b></td><td>2020-02-23</td></tr><tr><td><b>Closed</b></td><td>2021-04-08</td></tr><tr><td><b>Mast height (m)</b></td><td>37</td></tr><tr><td><b>Elevation (m)</b></td><td>60</td></tr><tr><td><b>Mean wind speed (m/s)</b></td><td>1.71</td></tr><tr><td><b>Wind power density (W/m2)</b></td><td>6.25</td></tr><tr><td><b>PDF page</b></td><td>14</td></tr></table>]]></description><TimeSpan><begin>2020-02-23</begin><end>2021-04-08</end></TimeSpan><styleUrl>#Closed</styleUrl><Point><coordinates>91.637917,26.449917,0</coordinates></Point></Placemark></Folder><Folder><name>BIHAR (6)</name><Placemark><name>SIMULTALA</name><description><![CDATA[<table><tr><td><b>Station</b></td><td>SIMULTALA</td></tr><tr><td><b>District</b></td><td>JAMUI</td></tr><tr><td><b>Status</b></td><td>Closed</td></tr><tr><td><b>Source</b></td><td>Mast</td></tr><tr><td><b>Commenced</b></td><td>2009-02-12</td></tr><tr><td><b>Closed</b></td><td>2011-03-23</td></tr><tr><td><b>Mast height (m)</b></td><td>50</td></tr><tr><td><b>Elevation (m)</b></td><td>250</td></tr><tr><td><b>Mean wind speed (m/s)</b></td><td>3.92</td></tr><tr><td><b>Wind power density (W/m2)</b></td><td>60.13</td></tr><tr><td><b>PDF page</b></td><td>12</td></tr></table>]]></description><TimeSpan><begin>2009-02-12</begin><end>2011-03-23</end></TimeSpan><styleUrl>#Closed</styleUrl><Point><coordinates>86.550139,24.711944,0</coordinates></Point></Placemark><Placemark><name>LALGANJ</name><description><![CDATA[<table><tr><td><b>Station</b></td><td>LALGANJ</td></tr><tr><td><b>District</b></td><td>HAJIPUR</td></tr><tr><td><b>Status</b></td><td>Closed</td></tr><tr><td><b>Source</b></td><td>Mast</td></tr><tr><td><b>Commenced</b></td><td>2009-02-14</td></tr><tr><td><b>Closed</b></td><td>2011-03-22</td></tr><tr><td><b>Mast height (m)</b></td><td>50</td></tr><tr><td><b>Elevation (m)</b></td><td>37</td></tr><tr><td><b>Mean wind speed (m/s)</b></td><td>3.73</td></tr><tr><td><b>Wind power density (W/m2)</b></td><td>50.23</td></tr><tr><td><b>PDF page</b></td><td>12</td></tr></table>]]></description><TimeSpan><begin>2009-02-14</begin><end>2011-03-22</end></TimeSpan><styleUrl>#Closed</styleUrl><Point><coordinates>85.173333,25.852778,0</coordinates></Point></Placemark><Placemark><name>ADHAURA</name><description><![CDATA[<table><tr><td><b>Station</b></td><td>ADHAURA</td></tr><tr><td><b>District</b></td><td>KAIMUR</td></tr><tr><td><b>Status</b></td><td>Closed</td></tr><tr><td><b>Source</b></td><td>Mast</td></tr><tr><td><b>Commenced</b></td><td>2009-02-16</td></tr><tr><td><b>Closed</b></td><td>2012-07-30</td></tr><tr><td><b>Mast height (m)</b></td><td>50</td></tr><tr><td><b>Elevation (m)</b></td><td>469</td></tr><tr><td><b>Mean wind speed (m/s)</b></td><td>3.73</td></tr><tr><td><b>Wind power density (W/m2)</b></td><td>49.78</td></tr><tr><td><b>PDF page</b></td><td>12</td></tr></table>]]></description><TimeSpan><begin>2009-02-16</begin><end>2012-07-30</end></TimeSpan><styleUrl>#Closed</styleUrl><Point><coordinates>83.600833,24.696389,0</coordinates></Point></Placemark><Placemark><name>ZINDAPUR</name><description><![CDATA[<table><tr><td><b>Station</b></td><td>ZINDAPUR</td></tr><tr><td><b>District</b></td><td>GAYA</td></tr><tr><td><b>Status</b></td><td>Closed</td></tr><tr><td><b>Source</b></td><td>Mast</td></tr><tr><td><b>Commenced</b></td><td>2011-05-20</td></tr><tr><td><b>Closed</b></td><td>2013-04-04</td></tr><tr><td><b>Mast height (m)</b></td><td>50</td></tr><tr><td><b>Elevation (m)</b></td><td>128</td></tr><tr><td><b>PDF page</b></td><td>12</td></tr></table>]]></description><TimeSpan><begin>2011-05-20</begin><end>2013-04-04</end></TimeSpan><styleUrl>#Closed</styleUrl><Point><coordinates>84.966861,24.667833,0</coordinates></Point></Placemark><Placemark><name>SHANKARNAGAR</name><description><![CDATA[<table><tr><td><b>Station</b></td><td>SHANKARNAGAR</td></tr><tr><td><b>District</b></td><td>MUNGER</td></tr><tr><td><b>Status</b></td><td>Closed</td></tr><tr><td><b>Source</b></td><td>Mast</td></tr><tr><td><b>Commenced</b></td><td>2011-05-26</td></tr><tr><td><b>Closed</b></td><td>2014-04-01</td></tr><tr><td><b>Mast height (m)</b></td><td>50</td></tr><tr><td><b>Elevation (m)</b></td><td>77</td></tr><tr><td><b>PDF page</b></td><td>12</td></tr></table>]]></description><TimeSpan><begin>2011-05-26</begin><end>2014-04-01</end></TimeSpan><styleUrl>#Closed</styleUrl><Point><coordinates>86.508889,25.378806,0</coordinates></Point></Placemark><Placemark><name>CHIKINI</name><description><![CDATA[<table><tr><td><b>Station</b></td><td>CHIKINI</td></tr><tr><td><b>District</b></td><td>EAST CHAMPARAN</td></tr><tr><td><b>Status</b></td><td>Closed</td></tr><tr><td><b>Source</b></td><td>Mast</td></tr><tr><td><b>Commenced</b></td><td>2012-12-02</td></tr><tr><td><b>Closed</b></td><td>2015-12-28</td></tr><tr><td><b>Mast height (m)</b></td><td>50</td></tr><tr><td><b>Elevation (m)</b></td><td>56</td></tr><tr><td><b>PDF page</b></td><td>12</td></tr></table>]]></description><TimeSpan><begin>2012-12-02</begin><end>2015-12-28</end></TimeSpan><styleUrl>#Closed</styleUrl><Point><coordinates>84.826389,26.989861,0</coordinates></Point></Placemark></Folder><Folder><name>CHATTISGARH (21)</name><Placemark><name>KAMLESHWARPUR</name><description><![CDATA[<table><tr><td><b>Station</b></td><td>KAMLESHWARPUR</td></tr><tr><td><b>District</b></td><td>JASHPUR</td></tr><tr><td><b>Status</b></td><td>Closed</td></tr><tr><td><b>Source</b></td><td>Mast</td></tr><tr><td><b>Commenced</b></td><td>1996-06-23</td></tr><tr><td><b>Closed</b></td><td>1997-08-29</td></tr><tr><td><b>Mast height (m)</b></td><td>25</td></tr><tr><td><b>Elevation (m)</b></td><td>1097</td></tr><tr><td><b>Mean wind speed (m/s)</b></td><td>3.69</td></tr><tr><td><b>Wind power density (W/m2)</b></td><td>46</td></tr><tr><td><b>PDF page</b></td><td>9</td></tr></table>]]></description><TimeSpan><begin>1996-06-23</begin><end>1997-08-29</end></TimeSpan><styleUrl>#Closed</styleUrl><Point><coordinates>83.330556,22.831111,0</coordinates></Point></Placemark><Placemark><name>BAILADILA HILLS</name><description><![CDATA[<table><tr><td><b>Station</b></td><td>BAILADILA HILLS</td></tr><tr><td><b>District</b></td><td>DANTEWADA</td></tr><tr><td><b>Status</b></td><td>Closed</td></tr><tr><td><b>Source</b></td><td>Mast</td></tr><tr><td><b>Commenced</b></td><td>2004-05-30</td></tr><tr><td><b>Closed</b></td><td>2006-09-24</td></tr><tr><td><b>Mast height (m)</b></td><td>50</td></tr><tr><td><b>Elevation (m)</b></td><td>1117</td></tr><tr><td><b>Mean wind speed (m/s)</b></td><td>4.3</td></tr><tr><td><b>Wind power density (W/m2)</b></td><td>120</td></tr><tr><td><b>PDF page</b></td><td>9</td></tr></table>]]></description><TimeSpan><begin>2004-05-30</begin><end>2006-09-24</end></TimeSpan><styleUrl>#Closed</styleUrl><Point><coordinates>81.217428,18.700817,0</coordinates></Point></Placemark><Placemark><name>RAUNI</name><description><![CDATA[<table><tr><td><b>Station</b></td><td>RAUNI</td></tr><tr><td><b>District</b></td><td>JASHPUR</td></tr><tr><td><b>Status</b></td><td>Closed</td></tr><tr><td><b>Source</b></td><td>Mast</td></tr><tr><td><b>Commenced</b></td><td>2004-04-25</td></tr><tr><td><b>Closed</b></td><td>2006-04-05</td></tr><tr><td><b>Mast height (m)</b></td><td>50</td></tr><tr><td><b>Elevation (m)</b></td><td>1109</td></tr><tr><td><b>Mean wind speed (m/s)</b></td><td>4.8</td></tr><tr><td><b>Wind power density (W/m2)</b></td><td>89.5</td></tr><tr><td><b>PDF page</b></td><td>9</td></tr></table>]]></description><TimeSpan><begin>2004-04-25</begin><end>2006-04-05</end></TimeSpan><styleUrl>#Closed</styleUrl><Point><coordinates>83.631111,23.067778,0</coordinates></Point></Placemark><Placemark><name>RAJMERGARH</name><description><![CDATA[<table><tr><td><b>Station</b></td><td>RAJMERGARH</td></tr><tr><td><b>District</b></td><td>BILASPUR</td></tr><tr><td><b>Status</b></td><td>Closed</td></tr><tr><td><b>Source</b></td><td>Mast</td></tr><tr><td><b>Commenced</b></td><td>2008-05-19</td></tr><tr><td><b>Closed</b></td><td>2010-06-30</td></tr><tr><td><b>Mast height (m)</b></td><td>50</td></tr><tr><td><b>Elevation (m)</b></td><td>1120</td></tr><tr><td><b>Mean wind speed (m/s)</b></td><td>5.75</td></tr><tr><td><b>Wind power density (W/m2)</b></td><td>167.95</td></tr><tr><td><b>PDF page</b></td><td>9</td></tr></table>]]></description><TimeSpan><begin>2008-05-19</begin><end>2010-06-30</end></TimeSpan><styleUrl>#Closed</styleUrl><Point><coordinates>81.770833,22.726667,0</coordinates></Point></Placemark><Placemark><name>BAGBAHAR</name><description><![CDATA[<table><tr><td><b>Station</b></td><td>BAGBAHAR</td></tr><tr><td><b>District</b></td><td>MAHASAMUND</td></tr><tr><td><b>Status</b></td><td>Closed</td></tr><tr><td><b>Source</b></td><td>Mast</td></tr><tr><td><b>Commenced</b></td><td>2009-02-27</td></tr><tr><td><b>Closed</b></td><td>2011-03-26</td></tr><tr><td><b>Mast height (m)</b></td><td>50</td></tr><tr><td><b>Elevation (m)</b></td><td>360</td></tr><tr><td><b>Mean wind speed (m/s)</b></td><td>3.68</td></tr><tr><td><b>Wind power density (W/m2)</b></td><td>54.9</td></tr><tr><td><b>PDF page</b></td><td>9</td></tr></table>]]></description><TimeSpan><begin>2009-02-27</begin><end>2011-03-26</end></TimeSpan><styleUrl>#Closed</styleUrl><Point><coordinates>82.404306,21.047583,0</coordinates></Point></Placemark><Placemark><name>GHATGAON</name><description><![CDATA[<table><tr><td><b>Station</b></td><td>GHATGAON</td></tr><tr><td><b>District</b></td><td>RAJGARH</td></tr><tr><td><b>Status</b></td><td>Closed</td></tr><tr><td><b>Source</b></td><td>Mast</td></tr><tr><td><b>Commenced</b></td><td>2009-03-09</td></tr><tr><td><b>Closed</b></td><td>2011-06-30</td></tr><tr><td><b>Mast height (m)</b></td><td>50</td></tr><tr><td><b>Elevation (m)</b></td><td>605</td></tr><tr><td><b>Mean wind speed (m/s)</b></td><td>3.61</td></tr><tr><td><b>Wind power density (W/m2)</b></td><td>42.11</td></tr><tr><td><b>PDF page</b></td><td>9</td></tr></table>]]></description><TimeSpan><begin>2009-03-09</begin><end>2011-06-30</end></TimeSpan><styleUrl>#Closed</styleUrl><Point><coordinates>83.553944,22.501167,0</coordinates></Point></Placemark><Placemark><name>NAWAPARA</name><description><![CDATA[<table><tr><td><b>Station</b></td><td>NAWAPARA</td></tr><tr><td><b>District</b></td><td>JASHPUR</td></tr><tr><td><b>Status</b></td><td>Closed</td></tr><tr><td><b>Source</b></td><td>Mast</td></tr><tr><td><b>Commenced</b></td><td>2009-10-04</td></tr><tr><td><b>Closed</b></td><td>2011-10-30</td></tr><tr><td><b>Mast height (m)</b></td><td>50</td></tr><tr><td><b>Elevation (m)</b></td><td>1095</td></tr><tr><td><b>Mean wind speed (m/s)</b></td><td>4.26</td></tr><tr><td><b>Wind power density (W/m2)</b></td><td>62</td></tr><tr><td><b>PDF page</b></td><td>9</td></tr></table>]]></description><TimeSpan><begin>2009-10-04</begin><end>2011-10-30</end></TimeSpan><styleUrl>#Closed</styleUrl><Point><coordinates>83.689722,23.128333,0</coordinates></Point></Placemark><Placemark><name>RAIKOT</name><description><![CDATA[<table><tr><td><b>Station</b></td><td>RAIKOT</td></tr><tr><td><b>District</b></td><td>BASTAR</td></tr><tr><td><b>Status</b></td><td>Closed</td></tr><tr><td><b>Source</b></td><td>Mast</td></tr><tr><td><b>Commenced</b></td><td>2015-01-05</td></tr><tr><td><b>Closed</b></td><td>2016-11-24</td></tr><tr><td><b>Mast height (m)</b></td><td>100</td></tr><tr><td><b>Elevation (m)</b></td><td>684</td></tr><tr><td><b>Mean wind speed (m/s)</b></td><td>3.88</td></tr><tr><td><b>Wind power density (W/m2)</b></td><td>65</td></tr><tr><td><b>PDF page</b></td><td>9</td></tr></table>]]></description><TimeSpan><begin>2015-01-05</begin><end>2016-11-24</end></TimeSpan><styleUrl>#Closed</styleUrl><Point><coordinates>81.759939,18.923606,0</coordinates></Point></Placemark><Placemark><name>BURGUM</name><description><![CDATA[<table><tr><td><b>Station</b></td><td>BURGUM</td></tr><tr><td><b>District</b></td><td>BASTAR</td></tr><tr><td><b>Status</b></td><td>Closed</td></tr><tr><td><b>Source</b></td><td>Mast</td></tr><tr><td><b>Commenced</b></td><td>2015-01-06</td></tr><tr><td><b>Closed</b></td><td>2016-11-24</td></tr><tr><td><b>Mast height (m)</b></td><td>100</td></tr><tr><td><b>Elevation (m)</b></td><td>809</td></tr><tr><td><b>Mean wind speed (m/s)</b></td><td>3.53</td></tr><tr><td><b>Wind power density (W/m2)</b></td><td>47</td></tr><tr><td><b>PDF page</b></td><td>9</td></tr></table>]]></description><TimeSpan><begin>2015-01-06</begin><end>2016-11-24</end></TimeSpan><styleUrl>#Closed</styleUrl><Point><coordinates>81.50925,20.045,0</coordinates></Point></Placemark><Placemark><name>GAURGHAT</name><description><![CDATA[<table><tr><td><b>Station</b></td><td>GAURGHAT</td></tr><tr><td><b>District</b></td><td>GARIYABAND</td></tr><tr><td><b>Status</b></td><td>Closed</td></tr><tr><td><b>Source</b></td><td>Mast</td></tr><tr><td><b>Commenced</b></td><td>2015-01-08</td></tr><tr><td><b>Closed</b></td><td>2016-11-24</td></tr><tr><td><b>Mast height (m)</b></td><td>100</td></tr><tr><td><b>Elevation (m)</b></td><td>493</td></tr><tr><td><b>Mean wind speed (m/s)</b></td><td>2.63</td></tr><tr><td><b>Wind power density (W/m2)</b></td><td>32.08</td></tr><tr><td><b>PDF page</b></td><td>9</td></tr></table>]]></description><TimeSpan><begin>2015-01-08</begin><end>2016-11-24</end></TimeSpan><styleUrl>#Closed</styleUrl><Point><coordinates>82.257597,20.294683,0</coordinates></Point></Placemark><Placemark><name>BANGAURA</name><description><![CDATA[<table><tr><td><b>Station</b></td><td>BANGAURA</td></tr><tr><td><b>District</b></td><td>KABIRDHAM</td></tr><tr><td><b>Status</b></td><td>Closed</td></tr><tr><td><b>Source</b></td><td>Mast</td></tr><tr><td><b>Commenced</b></td><td>2015-01-09</td></tr><tr><td><b>Closed</b></td><td>2016-11-24</td></tr><tr><td><b>Mast height (m)</b></td><td>100</td></tr><tr><td><b>Elevation (m)</b></td><td>934</td></tr><tr><td><b>Mean wind speed (m/s)</b></td><td>5.04</td></tr><tr><td><b>Wind power density (W/m2)</b></td><td>113.13</td></tr><tr><td><b>PDF page</b></td><td>9</td></tr></table>]]></description><TimeSpan><begin>2015-01-09</begin><end>2016-11-24</end></TimeSpan><styleUrl>#Closed</styleUrl><Point><coordinates>81.136472,22.440778,0</coordinates></Point></Placemark><Placemark><name>MANPALI</name><description><![CDATA[<table><tr><td><b>Station</b></td><td>MANPALI</td></tr><tr><td><b>District</b></td><td>MAHASAMUND</td></tr><tr><td><b>Status</b></td><td>Closed</td></tr><tr><td><b>Source</b></td><td>Mast</td></tr><tr><td><b>Commenced</b></td><td>2017-05-05</td></tr><tr><td><b>Closed</b></td><td>2019-12-31</td></tr><tr><td><b>Mast height (m)</b></td><td>100</td></tr><tr><td><b>Elevation (m)</b></td><td>253</td></tr><tr><td><b>Mean wind speed (m/s)</b></td><td>3.38</td></tr><tr><td><b>Wind power density (W/m2)</b></td><td>58.45</td></tr><tr><td><b>PDF page</b></td><td>9</td></tr></table>]]></description><TimeSpan><begin>2017-05-05</begin><end>2019-12-31</end></TimeSpan><styleUrl>#Closed</styleUrl><Point><coordinates>83.137639,21.266611,0</coordinates></Point></Placemark><Placemark><name>SARODADADAR</name><description><![CDATA[<table><tr><td><b>Station</b></td><td>SARODADADAR</td></tr><tr><td><b>District</b></td><td>KABIRDHAM</td></tr><tr><td><b>Status</b></td><td>Closed</td></tr><tr><td><b>Source</b></td><td>Mast</td></tr><tr><td><b>Commenced</b></td><td>2017-07-13</td></tr><tr><td><b>Closed</b></td><td>2019-06-30</td></tr><tr><td><b>Mast height (m)</b></td><td>100</td></tr><tr><td><b>Elevation (m)</b></td><td>859</td></tr><tr><td><b>Mean wind speed (m/s)</b></td><td>5.66</td></tr><tr><td><b>Wind power density (W/m2)</b></td><td>204.58</td></tr><tr><td><b>PDF page</b></td><td>9</td></tr></table>]]></description><TimeSpan><begin>2017-07-13</begin><end>2019-06-30</end></TimeSpan><styleUrl>#Closed</styleUrl><Point><coordinates>81.079711,22.184803,0</coordinates></Point></Placemark><Placemark><name>LAPHA</name><description><![CDATA[<table><tr><td><b>Station</b></td><td>LAPHA</td></tr><tr><td><b>District</b></td><td>KORBA</td></tr><tr><td><b>Status</b></td><td>Closed</td></tr><tr><td><b>Source</b></td><td>Mast</td></tr><tr><td><b>Commenced</b></td><td>2017-07-14</td></tr><tr><td><b>Closed</b></td><td>2019-06-30</td></tr><tr><td><b>Mast height (m)</b></td><td>100</td></tr><tr><td><b>Elevation (m)</b></td><td>347</td></tr><tr><td><b>Mean wind speed (m/s)</b></td><td>2.62</td></tr><tr><td><b>Wind power density (W/m2)</b></td><td>37.95</td></tr><tr><td><b>PDF page</b></td><td>9</td></tr></table>]]></description><TimeSpan><begin>2017-07-14</begin><end>2019-06-30</end></TimeSpan><styleUrl>#Closed</styleUrl><Point><coordinates>82.283214,22.446047,0</coordinates></Point></Placemark><Placemark><name>PATHRAI</name><description><![CDATA[<table><tr><td><b>Station</b></td><td>PATHRAI</td></tr><tr><td><b>District</b></td><td>SURAJPUR</td></tr><tr><td><b>Status</b></td><td>Closed</td></tr><tr><td><b>Source</b></td><td>Mast</td></tr><tr><td><b>Commenced</b></td><td>2017-07-15</td></tr><tr><td><b>Closed</b></td><td>2019-06-30</td></tr><tr><td><b>Mast height (m)</b></td><td>100</td></tr><tr><td><b>Elevation (m)</b></td><td>1093</td></tr><tr><td><b>Mean wind speed (m/s)</b></td><td>5.28</td></tr><tr><td><b>Wind power density (W/m2)</b></td><td>139.12</td></tr><tr><td><b>PDF page</b></td><td>9</td></tr></table>]]></description><TimeSpan><begin>2017-07-15</begin><end>2019-06-30</end></TimeSpan><styleUrl>#Closed</styleUrl><Point><coordinates>83.266064,22.797386,0</coordinates></Point></Placemark><Placemark><name>SABAG</name><description><![CDATA[<table><tr><td><b>Station</b></td><td>SABAG</td></tr><tr><td><b>District</b></td><td>BALRAMPUR</td></tr><tr><td><b>Status</b></td><td>Closed</td></tr><tr><td><b>Source</b></td><td>Mast</td></tr><tr><td><b>Commenced</b></td><td>2017-07-18</td></tr><tr><td><b>Closed</b></td><td>2021-01-12</td></tr><tr><td><b>Mast height (m)</b></td><td>100</td></tr><tr><td><b>Elevation (m)</b></td><td>1165</td></tr><tr><td><b>PDF page</b></td><td>9</td></tr></table>]]></description><TimeSpan><begin>2017-07-18</begin><end>2021-01-12</end></TimeSpan><styleUrl>#Closed</styleUrl><Point><coordinates>83.987364,23.529031,0</coordinates></Point></Placemark><Placemark><name>KALMUCHE</name><description><![CDATA[<table><tr><td><b>Station</b></td><td>KALMUCHE</td></tr><tr><td><b>District</b></td><td>KANKER</td></tr><tr><td><b>Status</b></td><td>Closed</td></tr><tr><td><b>Source</b></td><td>Mast</td></tr><tr><td><b>Commenced</b></td><td>2017-07-19</td></tr><tr><td><b>Closed</b></td><td>2019-12-31</td></tr><tr><td><b>Mast height (m)</b></td><td>100</td></tr><tr><td><b>Elevation (m)</b></td><td>751</td></tr><tr><td><b>Mean wind speed (m/s)</b></td><td>5.1</td></tr><tr><td><b>Wind power density (W/m2)</b></td><td>127.4</td></tr><tr><td><b>PDF page</b></td><td>9</td></tr></table>]]></description><TimeSpan><begin>2017-07-19</begin><end>2019-12-31</end></TimeSpan><styleUrl>#Closed</styleUrl><Point><coordinates>81.395239,20.181339,0</coordinates></Point></Placemark><Placemark><name>KASTURPAL</name><description><![CDATA[<table><tr><td><b>Station</b></td><td>KASTURPAL</td></tr><tr><td><b>District</b></td><td>BASTAR</td></tr><tr><td><b>Status</b></td><td>Closed</td></tr><tr><td><b>Source</b></td><td>Mast</td></tr><tr><td><b>Commenced</b></td><td>2017-07-21</td></tr><tr><td><b>Closed</b></td><td>2019-06-30</td></tr><tr><td><b>Mast height (m)</b></td><td>100</td></tr><tr><td><b>Elevation (m)</b></td><td>694</td></tr><tr><td><b>Mean wind speed (m/s)</b></td><td>4.99</td></tr><tr><td><b>Wind power density (W/m2)</b></td><td>110.05</td></tr><tr><td><b>PDF page</b></td><td>9</td></tr></table>]]></description><TimeSpan><begin>2017-07-21</begin><end>2019-06-30</end></TimeSpan><styleUrl>#Closed</styleUrl><Point><coordinates>81.615856,19.133228,0</coordinates></Point></Placemark><Placemark><name>KAILASHGUFA</name><description><![CDATA[<table><tr><td><b>Station</b></td><td>KAILASHGUFA</td></tr><tr><td><b>District</b></td><td>JASHPUR</td></tr><tr><td><b>Status</b></td><td>Closed</td></tr><tr><td><b>Source</b></td><td>Mast</td></tr><tr><td><b>Commenced</b></td><td>2017-12-04</td></tr><tr><td><b>Closed</b></td><td>2021-01-12</td></tr><tr><td><b>Mast height (m)</b></td><td>100</td></tr><tr><td><b>Elevation (m)</b></td><td>1114</td></tr><tr><td><b>PDF page</b></td><td>9</td></tr></table>]]></description><TimeSpan><begin>2017-12-04</begin><end>2021-01-12</end></TimeSpan><styleUrl>#Closed</styleUrl><Point><coordinates>83.543467,23.060197,0</coordinates></Point></Placemark><Placemark><name>AMLOR</name><description><![CDATA[<table><tr><td><b>Station</b></td><td>AMLOR</td></tr><tr><td><b>District</b></td><td>GARIABAND</td></tr><tr><td><b>Status</b></td><td>Closed</td></tr><tr><td><b>Source</b></td><td>Mast</td></tr><tr><td><b>Commenced</b></td><td>2017-12-06</td></tr><tr><td><b>Closed</b></td><td>2019-06-30</td></tr><tr><td><b>Mast height (m)</b></td><td>100</td></tr><tr><td><b>Elevation (m)</b></td><td>728</td></tr><tr><td><b>Mean wind speed (m/s)</b></td><td>4.13</td></tr><tr><td><b>Wind power density (W/m2)</b></td><td>83.34</td></tr><tr><td><b>PDF page</b></td><td>9</td></tr></table>]]></description><TimeSpan><begin>2017-12-06</begin><end>2019-06-30</end></TimeSpan><styleUrl>#Closed</styleUrl><Point><coordinates>82.344417,20.400133,0</coordinates></Point></Placemark><Placemark><name>JOKAPATH</name><description><![CDATA[<table><tr><td><b>Station</b></td><td>JOKAPATH</td></tr><tr><td><b>District</b></td><td>BALRAMPUR</td></tr><tr><td><b>Status</b></td><td>Closed</td></tr><tr><td><b>Source</b></td><td>Mast</td></tr><tr><td><b>Commenced</b></td><td>2017-12-17</td></tr><tr><td><b>Closed</b></td><td>2019-06-30</td></tr><tr><td><b>Mast height (m)</b></td><td>100</td></tr><tr><td><b>Elevation (m)</b></td><td>1169</td></tr><tr><td><b>Mean wind speed (m/s)</b></td><td>5.41</td></tr><tr><td><b>Wind power density (W/m2)</b></td><td>132.38</td></tr><tr><td><b>PDF page</b></td><td>9</td></tr></table>]]></description><TimeSpan><begin>2017-12-17</begin><end>2019-06-30</end></TimeSpan><styleUrl>#Closed</styleUrl><Point><coordinates>83.659669,23.3997,0</coordinates></Point></Placemark></Folder><Folder><name>GOA (4)</name><Placemark><name>LOLIEM</name><description><![CDATA[<table><tr><td><b>Station</b></td><td>LOLIEM</td></tr><tr><td><b>District</b></td><td>SOUTH GOA</td></tr><tr><td><b>Status</b></td><td>Closed</td></tr><tr><td><b>Source</b></td><td>Mast</td></tr><tr><td><b>Commenced</b></td><td>2005-01-20</td></tr><tr><td><b>Closed</b></td><td>2006-04-17</td></tr><tr><td><b>Mast height (m)</b></td><td>50</td></tr><tr><td><b>Elevation (m)</b></td><td>118</td></tr><tr><td><b>Mean wind speed (m/s)</b></td><td>4.01</td></tr><tr><td><b>Wind power density (W/m2)</b></td><td>81</td></tr><tr><td><b>PDF page</b></td><td>12</td></tr></table>]]></description><TimeSpan><begin>2005-01-20</begin><end>2006-04-17</end></TimeSpan><styleUrl>#Closed</styleUrl><Point><coordinates>74.0825,14.955278,0</coordinates></Point></Placemark><Placemark><name>PERNAM</name><description><![CDATA[<table><tr><td><b>Station</b></td><td>PERNAM</td></tr><tr><td><b>District</b></td><td>NORTH GOA</td></tr><tr><td><b>Status</b></td><td>Closed</td></tr><tr><td><b>Source</b></td><td>Mast</td></tr><tr><td><b>Commenced</b></td><td>2010-01-21</td></tr><tr><td><b>Closed</b></td><td>2012-07-30</td></tr><tr><td><b>Mast height (m)</b></td><td>50</td></tr><tr><td><b>Elevation (m)</b></td><td>120</td></tr><tr><td><b>Mean wind speed (m/s)</b></td><td>3.7</td></tr><tr><td><b>Wind power density (W/m2)</b></td><td>49.58</td></tr><tr><td><b>PDF page</b></td><td>12</td></tr></table>]]></description><TimeSpan><begin>2010-01-21</begin><end>2012-07-30</end></TimeSpan><styleUrl>#Closed</styleUrl><Point><coordinates>73.799583,15.700167,0</coordinates></Point></Placemark><Placemark><name>BETUL</name><description><![CDATA[<table><tr><td><b>Station</b></td><td>BETUL</td></tr><tr><td><b>District</b></td><td>SOUTH GOA</td></tr><tr><td><b>Status</b></td><td>Closed</td></tr><tr><td><b>Source</b></td><td>Mast</td></tr><tr><td><b>Commenced</b></td><td>2010-01-23</td></tr><tr><td><b>Closed</b></td><td>2012-07-30</td></tr><tr><td><b>Mast height (m)</b></td><td>50</td></tr><tr><td><b>Elevation (m)</b></td><td>59</td></tr><tr><td><b>Mean wind speed (m/s)</b></td><td>3.8</td></tr><tr><td><b>Wind power density (W/m2)</b></td><td>64</td></tr><tr><td><b>PDF page</b></td><td>12</td></tr></table>]]></description><TimeSpan><begin>2010-01-23</begin><end>2012-07-30</end></TimeSpan><styleUrl>#Closed</styleUrl><Point><coordinates>73.949556,15.139381,0</coordinates></Point></Placemark><Placemark><name>SIRIGAO</name><description><![CDATA[<table><tr><td><b>Station</b></td><td>SIRIGAO</td></tr><tr><td><b>District</b></td><td>NORTH GOA</td></tr><tr><td><b>Status</b></td><td>Closed</td></tr><tr><td><b>Source</b></td><td>Mast</td></tr><tr><td><b>Commenced</b></td><td>2010-12-04</td></tr><tr><td><b>Closed</b></td><td>2012-11-30</td></tr><tr><td><b>Mast height (m)</b></td><td>50</td></tr><tr><td><b>Elevation (m)</b></td><td>143</td></tr><tr><td><b>Mean wind speed (m/s)</b></td><td>4.26</td></tr><tr><td><b>Wind power density (W/m2)</b></td><td>85.42</td></tr><tr><td><b>PDF page</b></td><td>12</td></tr></table>]]></description><TimeSpan><begin>2010-12-04</begin><end>2012-11-30</end></TimeSpan><styleUrl>#Closed</styleUrl><Point><coordinates>73.910222,15.601028,0</coordinates></Point></Placemark></Folder><Folder><name>GUJARAT (100)</name><Placemark><name>ADESAR</name><description><![CDATA[<table><tr><td><b>Station</b></td><td>ADESAR</td></tr><tr><td><b>District</b></td><td>KUTCH</td></tr><tr><td><b>Status</b></td><td>Closed</td></tr><tr><td><b>Source</b></td><td>Mast</td></tr><tr><td><b>Commenced</b></td><td>1988-06-13</td></tr><tr><td><b>Closed</b></td><td>1993-10-20</td></tr><tr><td><b>Mast height (m)</b></td><td>20</td></tr><tr><td><b>Elevation (m)</b></td><td>30</td></tr><tr><td><b>Mean wind speed (m/s)</b></td><td>4.33</td></tr><tr><td><b>Wind power density (W/m2)</b></td><td>93.4</td></tr><tr><td><b>PDF page</b></td><td>2</td></tr></table>]]></description><TimeSpan><begin>1988-06-13</begin><end>1993-10-20</end></TimeSpan><styleUrl>#Closed</styleUrl><Point><coordinates>70.979167,23.5575,0</coordinates></Point></Placemark><Placemark><name>AMRAPAR (GIR)</name><description><![CDATA[<table><tr><td><b>Station</b></td><td>AMRAPAR (GIR)</td></tr><tr><td><b>District</b></td><td>JUNAGADH</td></tr><tr><td><b>Status</b></td><td>Closed</td></tr><tr><td><b>Source</b></td><td>Mast</td></tr><tr><td><b>Commenced</b></td><td>1996-08-10</td></tr><tr><td><b>Closed</b></td><td>1998-10-09</td></tr><tr><td><b>Mast height (m)</b></td><td>20</td></tr><tr><td><b>Elevation (m)</b></td><td>146</td></tr><tr><td><b>Mean wind speed (m/s)</b></td><td>5.47</td></tr><tr><td><b>Wind power density (W/m2)</b></td><td>147.1</td></tr><tr><td><b>PDF page</b></td><td>2</td></tr></table>]]></description><TimeSpan><begin>1996-08-10</begin><end>1998-10-09</end></TimeSpan><styleUrl>#Closed</styleUrl><Point><coordinates>70.418111,21.179694,0</coordinates></Point></Placemark><Placemark><name>AMRAPAR (SETH)</name><description><![CDATA[<table><tr><td><b>Station</b></td><td>AMRAPAR (SETH)</td></tr><tr><td><b>District</b></td><td>RAJKOT</td></tr><tr><td><b>Status</b></td><td>Closed</td></tr><tr><td><b>Source</b></td><td>Mast</td></tr><tr><td><b>Commenced</b></td><td>1997-02-11</td></tr><tr><td><b>Closed</b></td><td>1999-05-08</td></tr><tr><td><b>Mast height (m)</b></td><td>20</td></tr><tr><td><b>Elevation (m)</b></td><td>102</td></tr><tr><td><b>Mean wind speed (m/s)</b></td><td>5.33</td></tr><tr><td><b>Wind power density (W/m2)</b></td><td>151.3</td></tr><tr><td><b>PDF page</b></td><td>2</td></tr></table>]]></description><TimeSpan><begin>1997-02-11</begin><end>1999-05-08</end></TimeSpan><styleUrl>#Closed</styleUrl><Point><coordinates>70.027167,21.730194,0</coordinates></Point></Placemark><Placemark><name>BAMANBORE 1</name><description><![CDATA[<table><tr><td><b>Station</b></td><td>BAMANBORE 1</td></tr><tr><td><b>District</b></td><td>SURENDRA NAGAR</td></tr><tr><td><b>Status</b></td><td>Closed</td></tr><tr><td><b>Source</b></td><td>Mast</td></tr><tr><td><b>Commenced</b></td><td>1988-02-07</td></tr><tr><td><b>Closed</b></td><td>1992-12-24</td></tr><tr><td><b>Mast height (m)</b></td><td>20</td></tr><tr><td><b>Elevation (m)</b></td><td>186</td></tr><tr><td><b>Mean wind speed (m/s)</b></td><td>4.31</td></tr><tr><td><b>Wind power density (W/m2)</b></td><td>108.2</td></tr><tr><td><b>PDF page</b></td><td>2</td></tr></table>]]></description><TimeSpan><begin>1988-02-07</begin><end>1992-12-24</end></TimeSpan><styleUrl>#Closed</styleUrl><Point><coordinates>71.026222,22.407028,0</coordinates></Point></Placemark><Placemark><name>BAMANBORE 2</name><description><![CDATA[<table><tr><td><b>Station</b></td><td>BAMANBORE 2</td></tr><tr><td><b>District</b></td><td>SURENDRA NAGAR</td></tr><tr><td><b>Status</b></td><td>Closed</td></tr><tr><td><b>Source</b></td><td>Mast</td></tr><tr><td><b>Commenced</b></td><td>1990-10-28</td></tr><tr><td><b>Closed</b></td><td>1995-10-21</td></tr><tr><td><b>Mast height (m)</b></td><td>20</td></tr><tr><td><b>Elevation (m)</b></td><td>227</td></tr><tr><td><b>Mean wind speed (m/s)</b></td><td>5.64</td></tr><tr><td><b>Wind power density (W/m2)</b></td><td>170.9</td></tr><tr><td><b>PDF page</b></td><td>2</td></tr></table>]]></description><TimeSpan><begin>1990-10-28</begin><end>1995-10-21</end></TimeSpan><styleUrl>#Closed</styleUrl><Point><coordinates>71.056806,22.430444,0</coordinates></Point></Placemark><Placemark><name>BAYATH</name><description><![CDATA[<table><tr><td><b>Station</b></td><td>BAYATH</td></tr><tr><td><b>District</b></td><td>KUTCH</td></tr><tr><td><b>Status</b></td><td>Closed</td></tr><tr><td><b>Source</b></td><td>Mast</td></tr><tr><td><b>Commenced</b></td><td>1997-06-14</td></tr><tr><td><b>Closed</b></td><td>1999-07-13</td></tr><tr><td><b>Mast height (m)</b></td><td>20</td></tr><tr><td><b>Elevation (m)</b></td><td>20</td></tr><tr><td><b>Mean wind speed (m/s)</b></td><td>5</td></tr><tr><td><b>Wind power density (W/m2)</b></td><td>118.2</td></tr><tr><td><b>PDF page</b></td><td>2</td></tr></table>]]></description><TimeSpan><begin>1997-06-14</begin><end>1999-07-13</end></TimeSpan><styleUrl>#Closed</styleUrl><Point><coordinates>69.171389,22.940556,0</coordinates></Point></Placemark><Placemark><name>BHANDARIYA</name><description><![CDATA[<table><tr><td><b>Station</b></td><td>BHANDARIYA</td></tr><tr><td><b>District</b></td><td>JAMNAGAR</td></tr><tr><td><b>Status</b></td><td>Closed</td></tr><tr><td><b>Source</b></td><td>Mast</td></tr><tr><td><b>Commenced</b></td><td>1992-12-22</td></tr><tr><td><b>Closed</b></td><td>1996-12-08</td></tr><tr><td><b>Mast height (m)</b></td><td>20</td></tr><tr><td><b>Elevation (m)</b></td><td>97</td></tr><tr><td><b>Mean wind speed (m/s)</b></td><td>5.42</td></tr><tr><td><b>Wind power density (W/m2)</b></td><td>161.7</td></tr><tr><td><b>PDF page</b></td><td>2</td></tr></table>]]></description><TimeSpan><begin>1992-12-22</begin><end>1996-12-08</end></TimeSpan><styleUrl>#Closed</styleUrl><Point><coordinates>69.6825,22.089167,0</coordinates></Point></Placemark><Placemark><name>BUTAVADAR</name><description><![CDATA[<table><tr><td><b>Station</b></td><td>BUTAVADAR</td></tr><tr><td><b>District</b></td><td>JAMNAGAR</td></tr><tr><td><b>Status</b></td><td>Closed</td></tr><tr><td><b>Source</b></td><td>Mast</td></tr><tr><td><b>Commenced</b></td><td>2001-04-22</td></tr><tr><td><b>Closed</b></td><td>2003-08-28</td></tr><tr><td><b>Mast height (m)</b></td><td>20</td></tr><tr><td><b>Elevation (m)</b></td><td>119</td></tr><tr><td><b>Mean wind speed (m/s)</b></td><td>4.56</td></tr><tr><td><b>Wind power density (W/m2)</b></td><td>98</td></tr><tr><td><b>PDF page</b></td><td>2</td></tr></table>]]></description><TimeSpan><begin>2001-04-22</begin><end>2003-08-28</end></TimeSpan><styleUrl>#Closed</styleUrl><Point><coordinates>70.202306,21.949611,0</coordinates></Point></Placemark><Placemark><name>DAHOD</name><description><![CDATA[<table><tr><td><b>Station</b></td><td>DAHOD</td></tr><tr><td><b>District</b></td><td>DAHOD</td></tr><tr><td><b>Status</b></td><td>Closed</td></tr><tr><td><b>Source</b></td><td>Mast</td></tr><tr><td><b>Commenced</b></td><td>1988-05-26</td></tr><tr><td><b>Closed</b></td><td>1993-10-19</td></tr><tr><td><b>Mast height (m)</b></td><td>20</td></tr><tr><td><b>Elevation (m)</b></td><td>360</td></tr><tr><td><b>Mean wind speed (m/s)</b></td><td>4.72</td></tr><tr><td><b>Wind power density (W/m2)</b></td><td>107.9</td></tr><tr><td><b>PDF page</b></td><td>2</td></tr></table>]]></description><TimeSpan><begin>1988-05-26</begin><end>1993-10-19</end></TimeSpan><styleUrl>#Closed</styleUrl><Point><coordinates>74.176389,22.841944,0</coordinates></Point></Placemark><Placemark><name>DANDI</name><description><![CDATA[<table><tr><td><b>Station</b></td><td>DANDI</td></tr><tr><td><b>District</b></td><td>NAVSARI</td></tr><tr><td><b>Status</b></td><td>Closed</td></tr><tr><td><b>Source</b></td><td>Mast</td></tr><tr><td><b>Commenced</b></td><td>1988-06-02</td></tr><tr><td><b>Closed</b></td><td>1992-08-24</td></tr><tr><td><b>Mast height (m)</b></td><td>20</td></tr><tr><td><b>Elevation (m)</b></td><td>3</td></tr><tr><td><b>Mean wind speed (m/s)</b></td><td>4.03</td></tr><tr><td><b>Wind power density (W/m2)</b></td><td>72.3</td></tr><tr><td><b>PDF page</b></td><td>2</td></tr></table>]]></description><TimeSpan><begin>1988-06-02</begin><end>1992-08-24</end></TimeSpan><styleUrl>#Closed</styleUrl><Point><coordinates>72.808611,20.891389,0</coordinates></Point></Placemark><Placemark><name>DHANDHALPUR</name><description><![CDATA[<table><tr><td><b>Station</b></td><td>DHANDHALPUR</td></tr><tr><td><b>District</b></td><td>SURENDRA NAGAR</td></tr><tr><td><b>Status</b></td><td>Closed</td></tr><tr><td><b>Source</b></td><td>Mast</td></tr><tr><td><b>Commenced</b></td><td>2001-07-06</td></tr><tr><td><b>Closed</b></td><td>2004-03-15</td></tr><tr><td><b>Mast height (m)</b></td><td>25</td></tr><tr><td><b>Elevation (m)</b></td><td>185</td></tr><tr><td><b>Mean wind speed (m/s)</b></td><td>5.51</td></tr><tr><td><b>Wind power density (W/m2)</b></td><td>144</td></tr><tr><td><b>PDF page</b></td><td>2</td></tr></table>]]></description><TimeSpan><begin>2001-07-06</begin><end>2004-03-15</end></TimeSpan><styleUrl>#Closed</styleUrl><Point><coordinates>71.366667,22.383333,0</coordinates></Point></Placemark><Placemark><name>DHANK 1 (1)</name><description><![CDATA[<table><tr><td><b>Station</b></td><td>DHANK 1 (1)</td></tr><tr><td><b>District</b></td><td>RAJKOT</td></tr><tr><td><b>Status</b></td><td>Closed</td></tr><tr><td><b>Source</b></td><td>Mast</td></tr><tr><td><b>Commenced</b></td><td>1990-10-28</td></tr><tr><td><b>Closed</b></td><td>1998-02-23</td></tr><tr><td><b>Mast height (m)</b></td><td>20</td></tr><tr><td><b>Elevation (m)</b></td><td>154</td></tr><tr><td><b>Mean wind speed (m/s)</b></td><td>6.78</td></tr><tr><td><b>Wind power density (W/m2)</b></td><td>311.5</td></tr><tr><td><b>PDF page</b></td><td>2</td></tr></table>]]></description><TimeSpan><begin>1990-10-28</begin><end>1998-02-23</end></TimeSpan><styleUrl>#Closed</styleUrl><Point><coordinates>70.121917,21.787278,0</coordinates></Point></Placemark><Placemark><name>DHANK 2</name><description><![CDATA[<table><tr><td><b>Station</b></td><td>DHANK 2</td></tr><tr><td><b>District</b></td><td>RAJKOT</td></tr><tr><td><b>Status</b></td><td>Closed</td></tr><tr><td><b>Source</b></td><td>Mast</td></tr><tr><td><b>Commenced</b></td><td>1990-10-28</td></tr><tr><td><b>Closed</b></td><td>1995-10-21</td></tr><tr><td><b>Mast height (m)</b></td><td>20</td></tr><tr><td><b>Elevation (m)</b></td><td>187</td></tr><tr><td><b>Mean wind speed (m/s)</b></td><td>6.97</td></tr><tr><td><b>Wind power density (W/m2)</b></td><td>327</td></tr><tr><td><b>PDF page</b></td><td>2</td></tr></table>]]></description><TimeSpan><begin>1990-10-28</begin><end>1995-10-21</end></TimeSpan><styleUrl>#Closed</styleUrl><Point><coordinates>70.117472,21.790131,0</coordinates></Point></Placemark><Placemark><name>DHROBANA</name><description><![CDATA[<table><tr><td><b>Station</b></td><td>DHROBANA</td></tr><tr><td><b>District</b></td><td>KUTCH</td></tr><tr><td><b>Status</b></td><td>Closed</td></tr><tr><td><b>Source</b></td><td>Mast</td></tr><tr><td><b>Commenced</b></td><td>1999-02-22</td></tr><tr><td><b>Closed</b></td><td>2000-11-13</td></tr><tr><td><b>Mast height (m)</b></td><td>25</td></tr><tr><td><b>Elevation (m)</b></td><td>40</td></tr><tr><td><b>Mean wind speed (m/s)</b></td><td>4.81</td></tr><tr><td><b>Wind power density (W/m2)</b></td><td>124.1</td></tr><tr><td><b>PDF page</b></td><td>2</td></tr></table>]]></description><TimeSpan><begin>1999-02-22</begin><end>2000-11-13</end></TimeSpan><styleUrl>#Closed</styleUrl><Point><coordinates>69.7475,23.940833,0</coordinates></Point></Placemark><Placemark><name>DUMDHA</name><description><![CDATA[<table><tr><td><b>Station</b></td><td>DUMDHA</td></tr><tr><td><b>District</b></td><td>SURAT</td></tr><tr><td><b>Status</b></td><td>Closed</td></tr><tr><td><b>Source</b></td><td>Mast</td></tr><tr><td><b>Commenced</b></td><td>1999-02-27</td></tr><tr><td><b>Closed</b></td><td>2000-09-03</td></tr><tr><td><b>Mast height (m)</b></td><td>25</td></tr><tr><td><b>Elevation (m)</b></td><td>145</td></tr><tr><td><b>Mean wind speed (m/s)</b></td><td>4.14</td></tr><tr><td><b>Wind power density (W/m2)</b></td><td>94.1</td></tr><tr><td><b>PDF page</b></td><td>2</td></tr></table>]]></description><TimeSpan><begin>1999-02-27</begin><end>2000-09-03</end></TimeSpan><styleUrl>#Closed</styleUrl><Point><coordinates>73.533333,21.2,0</coordinates></Point></Placemark><Placemark><name>GALA</name><description><![CDATA[<table><tr><td><b>Station</b></td><td>GALA</td></tr><tr><td><b>District</b></td><td>JAMNAGAR</td></tr><tr><td><b>Status</b></td><td>Closed</td></tr><tr><td><b>Source</b></td><td>Mast</td></tr><tr><td><b>Commenced</b></td><td>1998-08-07</td></tr><tr><td><b>Closed</b></td><td>2000-11-15</td></tr><tr><td><b>Mast height (m)</b></td><td>20</td></tr><tr><td><b>Elevation (m)</b></td><td>111</td></tr><tr><td><b>Mean wind speed (m/s)</b></td><td>5.49</td></tr><tr><td><b>Wind power density (W/m2)</b></td><td>175</td></tr><tr><td><b>PDF page</b></td><td>2</td></tr></table>]]></description><TimeSpan><begin>1998-08-07</begin><end>2000-11-15</end></TimeSpan><styleUrl>#Closed</styleUrl><Point><coordinates>70.114222,22.247667,0</coordinates></Point></Placemark><Placemark><name>GODLADHAR</name><description><![CDATA[<table><tr><td><b>Station</b></td><td>GODLADHAR</td></tr><tr><td><b>District</b></td><td>RAJKOT</td></tr><tr><td><b>Status</b></td><td>Closed</td></tr><tr><td><b>Source</b></td><td>Mast</td></tr><tr><td><b>Commenced</b></td><td>1997-02-13</td></tr><tr><td><b>Closed</b></td><td>1999-05-07</td></tr><tr><td><b>Mast height (m)</b></td><td>20</td></tr><tr><td><b>Elevation (m)</b></td><td>240</td></tr><tr><td><b>Mean wind speed (m/s)</b></td><td>5.52</td></tr><tr><td><b>Wind power density (W/m2)</b></td><td>144</td></tr><tr><td><b>PDF page</b></td><td>2</td></tr></table>]]></description><TimeSpan><begin>1997-02-13</begin><end>1999-05-07</end></TimeSpan><styleUrl>#Closed</styleUrl><Point><coordinates>71.313472,22.054278,0</coordinates></Point></Placemark><Placemark><name>HARIPAR</name><description><![CDATA[<table><tr><td><b>Station</b></td><td>HARIPAR</td></tr><tr><td><b>District</b></td><td>JAMNAGAR</td></tr><tr><td><b>Status</b></td><td>Closed</td></tr><tr><td><b>Source</b></td><td>Mast</td></tr><tr><td><b>Commenced</b></td><td>1996-08-09</td></tr><tr><td><b>Closed</b></td><td>1998-12-20</td></tr><tr><td><b>Mast height (m)</b></td><td>20</td></tr><tr><td><b>Elevation (m)</b></td><td>51</td></tr><tr><td><b>Mean wind speed (m/s)</b></td><td>5.46</td></tr><tr><td><b>Wind power density (W/m2)</b></td><td>159.9</td></tr><tr><td><b>PDF page</b></td><td>2</td></tr></table>]]></description><TimeSpan><begin>1996-08-09</begin><end>1998-12-20</end></TimeSpan><styleUrl>#Closed</styleUrl><Point><coordinates>69.639306,22.265694,0</coordinates></Point></Placemark><Placemark><name>HARSHAD</name><description><![CDATA[<table><tr><td><b>Station</b></td><td>HARSHAD</td></tr><tr><td><b>District</b></td><td>JAMNAGAR</td></tr><tr><td><b>Status</b></td><td>Closed</td></tr><tr><td><b>Source</b></td><td>Mast</td></tr><tr><td><b>Commenced</b></td><td>1986-12-07</td></tr><tr><td><b>Closed</b></td><td>1992-02-27</td></tr><tr><td><b>Mast height (m)</b></td><td>20</td></tr><tr><td><b>Elevation (m)</b></td><td>15</td></tr><tr><td><b>Mean wind speed (m/s)</b></td><td>5.56</td></tr><tr><td><b>Wind power density (W/m2)</b></td><td>163.7</td></tr><tr><td><b>PDF page</b></td><td>2</td></tr></table>]]></description><TimeSpan><begin>1986-12-07</begin><end>1992-02-27</end></TimeSpan><styleUrl>#Closed</styleUrl><Point><coordinates>69.363944,21.837389,0</coordinates></Point></Placemark><Placemark><name>JAFRABAD</name><description><![CDATA[<table><tr><td><b>Station</b></td><td>JAFRABAD</td></tr><tr><td><b>District</b></td><td>AMRELI</td></tr><tr><td><b>Status</b></td><td>Closed</td></tr><tr><td><b>Source</b></td><td>Mast</td></tr><tr><td><b>Commenced</b></td><td>1988-06-15</td></tr><tr><td><b>Closed</b></td><td>1993-10-25</td></tr><tr><td><b>Mast height (m)</b></td><td>20</td></tr><tr><td><b>Elevation (m)</b></td><td>25</td></tr><tr><td><b>Mean wind speed (m/s)</b></td><td>4.86</td></tr><tr><td><b>Wind power density (W/m2)</b></td><td>137.3</td></tr><tr><td><b>PDF page</b></td><td>2</td></tr></table>]]></description><TimeSpan><begin>1988-06-15</begin><end>1993-10-25</end></TimeSpan><styleUrl>#Closed</styleUrl><Point><coordinates>71.392525,20.897186,0</coordinates></Point></Placemark><Placemark><name>JAMANVADA</name><description><![CDATA[<table><tr><td><b>Station</b></td><td>JAMANVADA</td></tr><tr><td><b>District</b></td><td>KUTCH</td></tr><tr><td><b>Status</b></td><td>Closed</td></tr><tr><td><b>Source</b></td><td>Mast</td></tr><tr><td><b>Commenced</b></td><td>1993-02-22</td></tr><tr><td><b>Closed</b></td><td>1996-12-11</td></tr><tr><td><b>Mast height (m)</b></td><td>20</td></tr><tr><td><b>Elevation (m)</b></td><td>60</td></tr><tr><td><b>Mean wind speed (m/s)</b></td><td>5.17</td></tr><tr><td><b>Wind power density (W/m2)</b></td><td>149.4</td></tr><tr><td><b>PDF page</b></td><td>2</td></tr></table>]]></description><TimeSpan><begin>1993-02-22</begin><end>1996-12-11</end></TimeSpan><styleUrl>#Closed</styleUrl><Point><coordinates>68.598056,23.578333,0</coordinates></Point></Placemark><Placemark><name>JASAPAR</name><description><![CDATA[<table><tr><td><b>Station</b></td><td>JASAPAR</td></tr><tr><td><b>District</b></td><td>AMRELI</td></tr><tr><td><b>Status</b></td><td>Closed</td></tr><tr><td><b>Source</b></td><td>Mast</td></tr><tr><td><b>Commenced</b></td><td>2001-04-25</td></tr><tr><td><b>Closed</b></td><td>2003-08-29</td></tr><tr><td><b>Mast height (m)</b></td><td>20</td></tr><tr><td><b>Elevation (m)</b></td><td>224</td></tr><tr><td><b>Mean wind speed (m/s)</b></td><td>4.78</td></tr><tr><td><b>Wind power density (W/m2)</b></td><td>104</td></tr><tr><td><b>PDF page</b></td><td>2</td></tr></table>]]></description><TimeSpan><begin>2001-04-25</begin><end>2003-08-29</end></TimeSpan><styleUrl>#Closed</styleUrl><Point><coordinates>71.091667,21.357056,0</coordinates></Point></Placemark><Placemark><name>KAGAVAD</name><description><![CDATA[<table><tr><td><b>Station</b></td><td>KAGAVAD</td></tr><tr><td><b>District</b></td><td>RAJKOT</td></tr><tr><td><b>Status</b></td><td>Closed</td></tr><tr><td><b>Source</b></td><td>Mast</td></tr><tr><td><b>Commenced</b></td><td>2000-03-14</td></tr><tr><td><b>Closed</b></td><td>2003-03-23</td></tr><tr><td><b>Mast height (m)</b></td><td>20</td></tr><tr><td><b>Elevation (m)</b></td><td>132</td></tr><tr><td><b>Mean wind speed (m/s)</b></td><td>5.13</td></tr><tr><td><b>Wind power density (W/m2)</b></td><td>141</td></tr><tr><td><b>PDF page</b></td><td>2</td></tr></table>]]></description><TimeSpan><begin>2000-03-14</begin><end>2003-03-23</end></TimeSpan><styleUrl>#Closed</styleUrl><Point><coordinates>70.697222,21.791944,0</coordinates></Point></Placemark><Placemark><name>KALYANPUR</name><description><![CDATA[<table><tr><td><b>Station</b></td><td>KALYANPUR</td></tr><tr><td><b>District</b></td><td>JAMNAGAR</td></tr><tr><td><b>Status</b></td><td>Closed</td></tr><tr><td><b>Source</b></td><td>Mast</td></tr><tr><td><b>Commenced</b></td><td>1990-10-31</td></tr><tr><td><b>Closed</b></td><td>1995-10-20</td></tr><tr><td><b>Mast height (m)</b></td><td>20</td></tr><tr><td><b>Elevation (m)</b></td><td>92</td></tr><tr><td><b>Mean wind speed (m/s)</b></td><td>6.14</td></tr><tr><td><b>Wind power density (W/m2)</b></td><td>207.5</td></tr><tr><td><b>PDF page</b></td><td>2</td></tr></table>]]></description><TimeSpan><begin>1990-10-31</begin><end>1995-10-20</end></TimeSpan><styleUrl>#Closed</styleUrl><Point><coordinates>69.401611,22.056722,0</coordinates></Point></Placemark><Placemark><name>KERA</name><description><![CDATA[<table><tr><td><b>Station</b></td><td>KERA</td></tr><tr><td><b>District</b></td><td>KUTCH</td></tr><tr><td><b>Status</b></td><td>Closed</td></tr><tr><td><b>Source</b></td><td>Mast</td></tr><tr><td><b>Commenced</b></td><td>1996-08-14</td></tr><tr><td><b>Closed</b></td><td>1998-10-07</td></tr><tr><td><b>Mast height (m)</b></td><td>20</td></tr><tr><td><b>Elevation (m)</b></td><td>120</td></tr><tr><td><b>Mean wind speed (m/s)</b></td><td>5.39</td></tr><tr><td><b>Wind power density (W/m2)</b></td><td>135.3</td></tr><tr><td><b>PDF page</b></td><td>2</td></tr></table>]]></description><TimeSpan><begin>1996-08-14</begin><end>1998-10-07</end></TimeSpan><styleUrl>#Closed</styleUrl><Point><coordinates>69.614167,23.055833,0</coordinates></Point></Placemark><Placemark><name>KHAMBADA</name><description><![CDATA[<table><tr><td><b>Station</b></td><td>KHAMBADA</td></tr><tr><td><b>District</b></td><td>AMRELI</td></tr><tr><td><b>Status</b></td><td>Closed</td></tr><tr><td><b>Source</b></td><td>Mast</td></tr><tr><td><b>Commenced</b></td><td>1999-11-20</td></tr><tr><td><b>Closed</b></td><td>2002-12-24</td></tr><tr><td><b>Mast height (m)</b></td><td>20</td></tr><tr><td><b>Elevation (m)</b></td><td>169</td></tr><tr><td><b>Mean wind speed (m/s)</b></td><td>4.94</td></tr><tr><td><b>Wind power density (W/m2)</b></td><td>126.2</td></tr><tr><td><b>PDF page</b></td><td>2</td></tr></table>]]></description><TimeSpan><begin>1999-11-20</begin><end>2002-12-24</end></TimeSpan><styleUrl>#Closed</styleUrl><Point><coordinates>71.360861,21.972417,0</coordinates></Point></Placemark><Placemark><name>KUKMA</name><description><![CDATA[<table><tr><td><b>Station</b></td><td>KUKMA</td></tr><tr><td><b>District</b></td><td>KUTCH</td></tr><tr><td><b>Status</b></td><td>Closed</td></tr><tr><td><b>Source</b></td><td>Mast</td></tr><tr><td><b>Commenced</b></td><td>1990-08-14</td></tr><tr><td><b>Closed</b></td><td>1993-10-22</td></tr><tr><td><b>Mast height (m)</b></td><td>20</td></tr><tr><td><b>Elevation (m)</b></td><td>224</td></tr><tr><td><b>Mean wind speed (m/s)</b></td><td>5.33</td></tr><tr><td><b>Wind power density (W/m2)</b></td><td>149.6</td></tr><tr><td><b>PDF page</b></td><td>2</td></tr></table>]]></description><TimeSpan><begin>1990-08-14</begin><end>1993-10-22</end></TimeSpan><styleUrl>#Closed</styleUrl><Point><coordinates>69.778422,23.172439,0</coordinates></Point></Placemark><Placemark><name>LAMBA</name><description><![CDATA[<table><tr><td><b>Station</b></td><td>LAMBA</td></tr><tr><td><b>District</b></td><td>JAMNAGAR</td></tr><tr><td><b>Status</b></td><td>Closed</td></tr><tr><td><b>Source</b></td><td>Mast</td></tr><tr><td><b>Commenced</b></td><td>1992-12-22</td></tr><tr><td><b>Closed</b></td><td>1997-02-10</td></tr><tr><td><b>Mast height (m)</b></td><td>20</td></tr><tr><td><b>Elevation (m)</b></td><td>8</td></tr><tr><td><b>Mean wind speed (m/s)</b></td><td>5.56</td></tr><tr><td><b>Wind power density (W/m2)</b></td><td>164.2</td></tr><tr><td><b>PDF page</b></td><td>2</td></tr></table>]]></description><TimeSpan><begin>1992-12-22</begin><end>1997-02-10</end></TimeSpan><styleUrl>#Closed</styleUrl><Point><coordinates>69.291222,21.890389,0</coordinates></Point></Placemark><Placemark><name>LIMBARA</name><description><![CDATA[<table><tr><td><b>Station</b></td><td>LIMBARA</td></tr><tr><td><b>District</b></td><td>RAJKOT</td></tr><tr><td><b>Status</b></td><td>Closed</td></tr><tr><td><b>Source</b></td><td>Mast</td></tr><tr><td><b>Commenced</b></td><td>1992-12-25</td></tr><tr><td><b>Closed</b></td><td>1996-12-09</td></tr><tr><td><b>Mast height (m)</b></td><td>20</td></tr><tr><td><b>Elevation (m)</b></td><td>165</td></tr><tr><td><b>Mean wind speed (m/s)</b></td><td>5.31</td></tr><tr><td><b>Wind power density (W/m2)</b></td><td>165.6</td></tr><tr><td><b>PDF page</b></td><td>2</td></tr></table>]]></description><TimeSpan><begin>1992-12-25</begin><end>1996-12-09</end></TimeSpan><styleUrl>#Closed</styleUrl><Point><coordinates>70.985944,22.554333,0</coordinates></Point></Placemark><Placemark><name>MAHIDAD</name><description><![CDATA[<table><tr><td><b>Station</b></td><td>MAHIDAD</td></tr><tr><td><b>District</b></td><td>SURENDRA NAGAR</td></tr><tr><td><b>Status</b></td><td>Closed</td></tr><tr><td><b>Source</b></td><td>Mast</td></tr><tr><td><b>Commenced</b></td><td>1998-12-23</td></tr><tr><td><b>Closed</b></td><td>2001-04-18</td></tr><tr><td><b>Mast height (m)</b></td><td>25</td></tr><tr><td><b>Elevation (m)</b></td><td>326</td></tr><tr><td><b>Mean wind speed (m/s)</b></td><td>5.97</td></tr><tr><td><b>Wind power density (W/m2)</b></td><td>178</td></tr><tr><td><b>PDF page</b></td><td>2</td></tr></table>]]></description><TimeSpan><begin>1998-12-23</begin><end>2001-04-18</end></TimeSpan><styleUrl>#Closed</styleUrl><Point><coordinates>71.192139,22.280444,0</coordinates></Point></Placemark><Placemark><name>MESARIA</name><description><![CDATA[<table><tr><td><b>Station</b></td><td>MESARIA</td></tr><tr><td><b>District</b></td><td>RAJKOT</td></tr><tr><td><b>Status</b></td><td>Closed</td></tr><tr><td><b>Source</b></td><td>Mast</td></tr><tr><td><b>Commenced</b></td><td>1996-08-07</td></tr><tr><td><b>Closed</b></td><td>1998-10-05</td></tr><tr><td><b>Mast height (m)</b></td><td>20</td></tr><tr><td><b>Elevation (m)</b></td><td>193</td></tr><tr><td><b>Mean wind speed (m/s)</b></td><td>5.11</td></tr><tr><td><b>Wind power density (W/m2)</b></td><td>124</td></tr><tr><td><b>PDF page</b></td><td>2</td></tr></table>]]></description><TimeSpan><begin>1996-08-07</begin><end>1998-10-05</end></TimeSpan><styleUrl>#Closed</styleUrl><Point><coordinates>71.095611,22.467722,0</coordinates></Point></Placemark><Placemark><name>MOTA DADAWA</name><description><![CDATA[<table><tr><td><b>Station</b></td><td>MOTA DADAWA</td></tr><tr><td><b>District</b></td><td>RAJKOT</td></tr><tr><td><b>Status</b></td><td>Closed</td></tr><tr><td><b>Source</b></td><td>Mast</td></tr><tr><td><b>Commenced</b></td><td>2000-01-18</td></tr><tr><td><b>Closed</b></td><td>2001-07-10</td></tr><tr><td><b>Mast height (m)</b></td><td>20</td></tr><tr><td><b>Elevation (m)</b></td><td>179</td></tr><tr><td><b>Mean wind speed (m/s)</b></td><td>4.92</td></tr><tr><td><b>Wind power density (W/m2)</b></td><td>112.5</td></tr><tr><td><b>PDF page</b></td><td>2</td></tr></table>]]></description><TimeSpan><begin>2000-01-18</begin><end>2001-07-10</end></TimeSpan><styleUrl>#Closed</styleUrl><Point><coordinates>71.013167,22.004083,0</coordinates></Point></Placemark><Placemark><name>MOTI SINDHOLI</name><description><![CDATA[<table><tr><td><b>Station</b></td><td>MOTI SINDHOLI</td></tr><tr><td><b>District</b></td><td>KUTCH</td></tr><tr><td><b>Status</b></td><td>Closed</td></tr><tr><td><b>Source</b></td><td>Mast</td></tr><tr><td><b>Commenced</b></td><td>1988-05-28</td></tr><tr><td><b>Closed</b></td><td>1993-10-21</td></tr><tr><td><b>Mast height (m)</b></td><td>20</td></tr><tr><td><b>Elevation (m)</b></td><td>10</td></tr><tr><td><b>Mean wind speed (m/s)</b></td><td>4.87</td></tr><tr><td><b>Wind power density (W/m2)</b></td><td>117.9</td></tr><tr><td><b>PDF page</b></td><td>2</td></tr></table>]]></description><TimeSpan><begin>1988-05-28</begin><end>1993-10-21</end></TimeSpan><styleUrl>#Closed</styleUrl><Point><coordinates>68.783333,23.156667,0</coordinates></Point></Placemark><Placemark><name>MUNDRA</name><description><![CDATA[<table><tr><td><b>Station</b></td><td>MUNDRA</td></tr><tr><td><b>District</b></td><td>KUTCH</td></tr><tr><td><b>Status</b></td><td>Closed</td></tr><tr><td><b>Source</b></td><td>Mast</td></tr><tr><td><b>Commenced</b></td><td>1988-05-29</td></tr><tr><td><b>Closed</b></td><td>1993-10-21</td></tr><tr><td><b>Mast height (m)</b></td><td>20</td></tr><tr><td><b>Elevation (m)</b></td><td>2</td></tr><tr><td><b>Mean wind speed (m/s)</b></td><td>5.42</td></tr><tr><td><b>Wind power density (W/m2)</b></td><td>167.5</td></tr><tr><td><b>PDF page</b></td><td>2</td></tr></table>]]></description><TimeSpan><begin>1988-05-29</begin><end>1993-10-21</end></TimeSpan><styleUrl>#Closed</styleUrl><Point><coordinates>69.721667,22.791389,0</coordinates></Point></Placemark><Placemark><name>NANI KUNDAL</name><description><![CDATA[<table><tr><td><b>Station</b></td><td>NANI KUNDAL</td></tr><tr><td><b>District</b></td><td>AMRELI</td></tr><tr><td><b>Status</b></td><td>Closed</td></tr><tr><td><b>Source</b></td><td>Mast</td></tr><tr><td><b>Commenced</b></td><td>1997-04-13</td></tr><tr><td><b>Closed</b></td><td>1999-07-08</td></tr><tr><td><b>Mast height (m)</b></td><td>20</td></tr><tr><td><b>Elevation (m)</b></td><td>166</td></tr><tr><td><b>Mean wind speed (m/s)</b></td><td>5.74</td></tr><tr><td><b>Wind power density (W/m2)</b></td><td>162.5</td></tr><tr><td><b>PDF page</b></td><td>2</td></tr></table>]]></description><TimeSpan><begin>1997-04-13</begin><end>1999-07-08</end></TimeSpan><styleUrl>#Closed</styleUrl><Point><coordinates>71.450972,21.910722,0</coordinates></Point></Placemark><Placemark><name>NAVADRA</name><description><![CDATA[<table><tr><td><b>Station</b></td><td>NAVADRA</td></tr><tr><td><b>District</b></td><td>JAMNAGAR</td></tr><tr><td><b>Status</b></td><td>Closed</td></tr><tr><td><b>Source</b></td><td>Mast</td></tr><tr><td><b>Commenced</b></td><td>1992-12-23</td></tr><tr><td><b>Closed</b></td><td>1997-02-10</td></tr><tr><td><b>Mast height (m)</b></td><td>20</td></tr><tr><td><b>Elevation (m)</b></td><td>24</td></tr><tr><td><b>Mean wind speed (m/s)</b></td><td>5.78</td></tr><tr><td><b>Wind power density (W/m2)</b></td><td>182.7</td></tr><tr><td><b>PDF page</b></td><td>2</td></tr></table>]]></description><TimeSpan><begin>1992-12-23</begin><end>1997-02-10</end></TimeSpan><styleUrl>#Closed</styleUrl><Point><coordinates>69.240694,21.947083,0</coordinates></Point></Placemark><Placemark><name>NAVI BANDER</name><description><![CDATA[<table><tr><td><b>Station</b></td><td>NAVI BANDER</td></tr><tr><td><b>District</b></td><td>PORBANDAR</td></tr><tr><td><b>Status</b></td><td>Closed</td></tr><tr><td><b>Source</b></td><td>Mast</td></tr><tr><td><b>Commenced</b></td><td>1988-06-14</td></tr><tr><td><b>Closed</b></td><td>1993-10-24</td></tr><tr><td><b>Mast height (m)</b></td><td>20</td></tr><tr><td><b>Elevation (m)</b></td><td>12</td></tr><tr><td><b>Mean wind speed (m/s)</b></td><td>5.42</td></tr><tr><td><b>Wind power density (W/m2)</b></td><td>153.2</td></tr><tr><td><b>PDF page</b></td><td>2</td></tr></table>]]></description><TimeSpan><begin>1988-06-14</begin><end>1993-10-24</end></TimeSpan><styleUrl>#Closed</styleUrl><Point><coordinates>69.788694,21.448194,0</coordinates></Point></Placemark><Placemark><name>OKHA</name><description><![CDATA[<table><tr><td><b>Station</b></td><td>OKHA</td></tr><tr><td><b>District</b></td><td>JAMNAGAR</td></tr><tr><td><b>Status</b></td><td>Closed</td></tr><tr><td><b>Source</b></td><td>Mast</td></tr><tr><td><b>Commenced</b></td><td>1986-12-08</td></tr><tr><td><b>Closed</b></td><td>1993-10-24</td></tr><tr><td><b>Mast height (m)</b></td><td>20</td></tr><tr><td><b>Elevation (m)</b></td><td>3</td></tr><tr><td><b>Mean wind speed (m/s)</b></td><td>5.39</td></tr><tr><td><b>Wind power density (W/m2)</b></td><td>150.1</td></tr><tr><td><b>PDF page</b></td><td>2</td></tr></table>]]></description><TimeSpan><begin>1986-12-08</begin><end>1993-10-24</end></TimeSpan><styleUrl>#Closed</styleUrl><Point><coordinates>69.0415,22.457278,0</coordinates></Point></Placemark><Placemark><name>OKHAMADHI</name><description><![CDATA[<table><tr><td><b>Station</b></td><td>OKHAMADHI</td></tr><tr><td><b>District</b></td><td>JAMNAGAR</td></tr><tr><td><b>Status</b></td><td>Closed</td></tr><tr><td><b>Source</b></td><td>Mast</td></tr><tr><td><b>Commenced</b></td><td>1988-06-14</td></tr><tr><td><b>Closed</b></td><td>1993-10-24</td></tr><tr><td><b>Mast height (m)</b></td><td>20</td></tr><tr><td><b>Elevation (m)</b></td><td>20</td></tr><tr><td><b>Mean wind speed (m/s)</b></td><td>5.28</td></tr><tr><td><b>Wind power density (W/m2)</b></td><td>129.2</td></tr><tr><td><b>PDF page</b></td><td>2</td></tr></table>]]></description><TimeSpan><begin>1988-06-14</begin><end>1993-10-24</end></TimeSpan><styleUrl>#Closed</styleUrl><Point><coordinates>69.105472,22.084722,0</coordinates></Point></Placemark><Placemark><name>PAREWADA</name><description><![CDATA[<table><tr><td><b>Station</b></td><td>PAREWADA</td></tr><tr><td><b>District</b></td><td>RAJKOT</td></tr><tr><td><b>Status</b></td><td>Closed</td></tr><tr><td><b>Source</b></td><td>Mast</td></tr><tr><td><b>Commenced</b></td><td>2001-09-14</td></tr><tr><td><b>Closed</b></td><td>2003-03-21</td></tr><tr><td><b>Mast height (m)</b></td><td>25</td></tr><tr><td><b>Elevation (m)</b></td><td>176</td></tr><tr><td><b>Mean wind speed (m/s)</b></td><td>4.91</td></tr><tr><td><b>Wind power density (W/m2)</b></td><td>122</td></tr><tr><td><b>PDF page</b></td><td>2</td></tr></table>]]></description><TimeSpan><begin>2001-09-14</begin><end>2003-03-21</end></TimeSpan><styleUrl>#Closed</styleUrl><Point><coordinates>71.014508,22.337,0</coordinates></Point></Placemark><Placemark><name>POLADIYA</name><description><![CDATA[<table><tr><td><b>Station</b></td><td>POLADIYA</td></tr><tr><td><b>District</b></td><td>KUTCH</td></tr><tr><td><b>Status</b></td><td>Closed</td></tr><tr><td><b>Source</b></td><td>Mast</td></tr><tr><td><b>Commenced</b></td><td>1998-08-05</td></tr><tr><td><b>Closed</b></td><td>2000-11-14</td></tr><tr><td><b>Mast height (m)</b></td><td>20</td></tr><tr><td><b>Elevation (m)</b></td><td>138</td></tr><tr><td><b>Mean wind speed (m/s)</b></td><td>5.72</td></tr><tr><td><b>Wind power density (W/m2)</b></td><td>177</td></tr><tr><td><b>PDF page</b></td><td>2</td></tr></table>]]></description><TimeSpan><begin>1998-08-05</begin><end>2000-11-14</end></TimeSpan><styleUrl>#Closed</styleUrl><Point><coordinates>69.220556,23.058333,0</coordinates></Point></Placemark><Placemark><name>RATABHE</name><description><![CDATA[<table><tr><td><b>Station</b></td><td>RATABHE</td></tr><tr><td><b>District</b></td><td>SURENDRA NAGAR</td></tr><tr><td><b>Status</b></td><td>Closed</td></tr><tr><td><b>Source</b></td><td>Mast</td></tr><tr><td><b>Commenced</b></td><td>1998-08-04</td></tr><tr><td><b>Closed</b></td><td>1999-09-13</td></tr><tr><td><b>Mast height (m)</b></td><td>20</td></tr><tr><td><b>Elevation (m)</b></td><td>88</td></tr><tr><td><b>Mean wind speed (m/s)</b></td><td>4.86</td></tr><tr><td><b>Wind power density (W/m2)</b></td><td>122.9</td></tr><tr><td><b>PDF page</b></td><td>2</td></tr></table>]]></description><TimeSpan><begin>1998-08-04</begin><end>1999-09-13</end></TimeSpan><styleUrl>#Closed</styleUrl><Point><coordinates>70.989528,22.849667,0</coordinates></Point></Placemark><Placemark><name>ROJMAL 1</name><description><![CDATA[<table><tr><td><b>Station</b></td><td>ROJMAL 1</td></tr><tr><td><b>District</b></td><td>BHAVNAGAR</td></tr><tr><td><b>Status</b></td><td>Closed</td></tr><tr><td><b>Source</b></td><td>Mast</td></tr><tr><td><b>Commenced</b></td><td>1997-02-13</td></tr><tr><td><b>Closed</b></td><td>1999-05-07</td></tr><tr><td><b>Mast height (m)</b></td><td>20</td></tr><tr><td><b>Elevation (m)</b></td><td>140</td></tr><tr><td><b>Mean wind speed (m/s)</b></td><td>4.44</td></tr><tr><td><b>Wind power density (W/m2)</b></td><td>81.3</td></tr><tr><td><b>PDF page</b></td><td>2</td></tr></table>]]></description><TimeSpan><begin>1997-02-13</begin><end>1999-05-07</end></TimeSpan><styleUrl>#Closed</styleUrl><Point><coordinates>71.466667,22.016667,0</coordinates></Point></Placemark><Placemark><name>ROJMAL 2</name><description><![CDATA[<table><tr><td><b>Station</b></td><td>ROJMAL 2</td></tr><tr><td><b>District</b></td><td>BHAVNAGAR</td></tr><tr><td><b>Status</b></td><td>Closed</td></tr><tr><td><b>Source</b></td><td>Mast</td></tr><tr><td><b>Commenced</b></td><td>1999-11-20</td></tr><tr><td><b>Closed</b></td><td>2002-12-24</td></tr><tr><td><b>Mast height (m)</b></td><td>20</td></tr><tr><td><b>Elevation (m)</b></td><td>137</td></tr><tr><td><b>Mean wind speed (m/s)</b></td><td>5.12</td></tr><tr><td><b>Wind power density (W/m2)</b></td><td>129</td></tr><tr><td><b>PDF page</b></td><td>2</td></tr></table>]]></description><TimeSpan><begin>1999-11-20</begin><end>2002-12-24</end></TimeSpan><styleUrl>#Closed</styleUrl><Point><coordinates>71.477389,22.013,0</coordinates></Point></Placemark><Placemark><name>SADODAR</name><description><![CDATA[<table><tr><td><b>Station</b></td><td>SADODAR</td></tr><tr><td><b>District</b></td><td>JAMNAGAR</td></tr><tr><td><b>Status</b></td><td>Closed</td></tr><tr><td><b>Source</b></td><td>Mast</td></tr><tr><td><b>Commenced</b></td><td>1998-12-22</td></tr><tr><td><b>Closed</b></td><td>2001-04-21</td></tr><tr><td><b>Mast height (m)</b></td><td>20</td></tr><tr><td><b>Elevation (m)</b></td><td>241</td></tr><tr><td><b>Mean wind speed (m/s)</b></td><td>5.19</td></tr><tr><td><b>Wind power density (W/m2)</b></td><td>125.8</td></tr><tr><td><b>PDF page</b></td><td>2</td></tr></table>]]></description><TimeSpan><begin>1998-12-22</begin><end>2001-04-21</end></TimeSpan><styleUrl>#Closed</styleUrl><Point><coordinates>70.244611,22.035083,0</coordinates></Point></Placemark><Placemark><name>SANODAR</name><description><![CDATA[<table><tr><td><b>Station</b></td><td>SANODAR</td></tr><tr><td><b>District</b></td><td>BHAVNAGAR</td></tr><tr><td><b>Status</b></td><td>Closed</td></tr><tr><td><b>Source</b></td><td>Mast</td></tr><tr><td><b>Commenced</b></td><td>1996-08-11</td></tr><tr><td><b>Closed</b></td><td>1998-12-24</td></tr><tr><td><b>Mast height (m)</b></td><td>20</td></tr><tr><td><b>Elevation (m)</b></td><td>195</td></tr><tr><td><b>Mean wind speed (m/s)</b></td><td>6.24</td></tr><tr><td><b>Wind power density (W/m2)</b></td><td>197.1</td></tr><tr><td><b>PDF page</b></td><td>2</td></tr></table>]]></description><TimeSpan><begin>1996-08-11</begin><end>1998-12-24</end></TimeSpan><styleUrl>#Closed</styleUrl><Point><coordinates>72.108583,21.557111,0</coordinates></Point></Placemark><Placemark><name>SAPUTARA</name><description><![CDATA[<table><tr><td><b>Station</b></td><td>SAPUTARA</td></tr><tr><td><b>District</b></td><td>THE DANGS</td></tr><tr><td><b>Status</b></td><td>Closed</td></tr><tr><td><b>Source</b></td><td>Mast</td></tr><tr><td><b>Commenced</b></td><td>1988-06-03</td></tr><tr><td><b>Closed</b></td><td>1992-08-23</td></tr><tr><td><b>Mast height (m)</b></td><td>20</td></tr><tr><td><b>Elevation (m)</b></td><td>880</td></tr><tr><td><b>Mean wind speed (m/s)</b></td><td>3.22</td></tr><tr><td><b>Wind power density (W/m2)</b></td><td>40.4</td></tr><tr><td><b>PDF page</b></td><td>2</td></tr></table>]]></description><TimeSpan><begin>1988-06-03</begin><end>1992-08-23</end></TimeSpan><styleUrl>#Closed</styleUrl><Point><coordinates>73.755556,20.581111,0</coordinates></Point></Placemark><Placemark><name>SINAI</name><description><![CDATA[<table><tr><td><b>Station</b></td><td>SINAI</td></tr><tr><td><b>District</b></td><td>KUTCH</td></tr><tr><td><b>Status</b></td><td>Closed</td></tr><tr><td><b>Source</b></td><td>Mast</td></tr><tr><td><b>Commenced</b></td><td>1996-08-13</td></tr><tr><td><b>Closed</b></td><td>1998-12-18</td></tr><tr><td><b>Mast height (m)</b></td><td>20</td></tr><tr><td><b>Elevation (m)</b></td><td>57</td></tr><tr><td><b>Mean wind speed (m/s)</b></td><td>5.77</td></tr><tr><td><b>Wind power density (W/m2)</b></td><td>182.8</td></tr><tr><td><b>PDF page</b></td><td>2</td></tr></table>]]></description><TimeSpan><begin>1996-08-13</begin><end>1998-12-18</end></TimeSpan><styleUrl>#Closed</styleUrl><Point><coordinates>70.062222,23.045833,0</coordinates></Point></Placemark><Placemark><name>SINUGRA</name><description><![CDATA[<table><tr><td><b>Station</b></td><td>SINUGRA</td></tr><tr><td><b>District</b></td><td>KUTCH</td></tr><tr><td><b>Status</b></td><td>Closed</td></tr><tr><td><b>Source</b></td><td>Mast</td></tr><tr><td><b>Commenced</b></td><td>1996-08-13</td></tr><tr><td><b>Closed</b></td><td>1998-01-20</td></tr><tr><td><b>Mast height (m)</b></td><td>20</td></tr><tr><td><b>Elevation (m)</b></td><td>100</td></tr><tr><td><b>Mean wind speed (m/s)</b></td><td>4.79</td></tr><tr><td><b>Wind power density (W/m2)</b></td><td>102.8</td></tr><tr><td><b>PDF page</b></td><td>2</td></tr></table>]]></description><TimeSpan><begin>1996-08-13</begin><end>1998-01-20</end></TimeSpan><styleUrl>#Closed</styleUrl><Point><coordinates>69.962222,23.087778,0</coordinates></Point></Placemark><Placemark><name>SIVALAKHA</name><description><![CDATA[<table><tr><td><b>Station</b></td><td>SIVALAKHA</td></tr><tr><td><b>District</b></td><td>KUTCH</td></tr><tr><td><b>Status</b></td><td>Closed</td></tr><tr><td><b>Source</b></td><td>Mast</td></tr><tr><td><b>Commenced</b></td><td>2000-11-12</td></tr><tr><td><b>Closed</b></td><td>2004-03-16</td></tr><tr><td><b>Mast height (m)</b></td><td>25</td></tr><tr><td><b>Elevation (m)</b></td><td>100</td></tr><tr><td><b>Mean wind speed (m/s)</b></td><td>4.52</td></tr><tr><td><b>Wind power density (W/m2)</b></td><td>91</td></tr><tr><td><b>PDF page</b></td><td>2</td></tr></table>]]></description><TimeSpan><begin>2000-11-12</begin><end>2004-03-16</end></TimeSpan><styleUrl>#Closed</styleUrl><Point><coordinates>70.633333,23.383333,0</coordinates></Point></Placemark><Placemark><name>SURAJBARI</name><description><![CDATA[<table><tr><td><b>Station</b></td><td>SURAJBARI</td></tr><tr><td><b>District</b></td><td>KUTCH</td></tr><tr><td><b>Status</b></td><td>Closed</td></tr><tr><td><b>Source</b></td><td>Mast</td></tr><tr><td><b>Commenced</b></td><td>1988-06-13</td></tr><tr><td><b>Closed</b></td><td>1993-10-22</td></tr><tr><td><b>Mast height (m)</b></td><td>20</td></tr><tr><td><b>Elevation (m)</b></td><td>11</td></tr><tr><td><b>Mean wind speed (m/s)</b></td><td>5.42</td></tr><tr><td><b>Wind power density (W/m2)</b></td><td>184.2</td></tr><tr><td><b>PDF page</b></td><td>3</td></tr></table>]]></description><TimeSpan><begin>1988-06-13</begin><end>1993-10-22</end></TimeSpan><styleUrl>#Closed</styleUrl><Point><coordinates>70.705414,23.216842,0</coordinates></Point></Placemark><Placemark><name>SUVARDA</name><description><![CDATA[<table><tr><td><b>Station</b></td><td>SUVARDA</td></tr><tr><td><b>District</b></td><td>JAMNAGAR</td></tr><tr><td><b>Status</b></td><td>Closed</td></tr><tr><td><b>Source</b></td><td>Mast</td></tr><tr><td><b>Commenced</b></td><td>1998-05-20</td></tr><tr><td><b>Closed</b></td><td>2001-04-21</td></tr><tr><td><b>Mast height (m)</b></td><td>20</td></tr><tr><td><b>Elevation (m)</b></td><td>80</td></tr><tr><td><b>Mean wind speed (m/s)</b></td><td>5.61</td></tr><tr><td><b>Wind power density (W/m2)</b></td><td>165.6</td></tr><tr><td><b>PDF page</b></td><td>3</td></tr></table>]]></description><TimeSpan><begin>1998-05-20</begin><end>2001-04-21</end></TimeSpan><styleUrl>#Closed</styleUrl><Point><coordinates>70.164111,22.401917,0</coordinates></Point></Placemark><Placemark><name>TAGA</name><description><![CDATA[<table><tr><td><b>Station</b></td><td>TAGA</td></tr><tr><td><b>District</b></td><td>KUTCH</td></tr><tr><td><b>Status</b></td><td>Closed</td></tr><tr><td><b>Source</b></td><td>Mast</td></tr><tr><td><b>Commenced</b></td><td>2000-01-21</td></tr><tr><td><b>Closed</b></td><td>2001-09-16</td></tr><tr><td><b>Mast height (m)</b></td><td>20</td></tr><tr><td><b>Elevation (m)</b></td><td>47</td></tr><tr><td><b>Mean wind speed (m/s)</b></td><td>4.53</td></tr><tr><td><b>Wind power density (W/m2)</b></td><td>99</td></tr><tr><td><b>PDF page</b></td><td>3</td></tr></table>]]></description><TimeSpan><begin>2000-01-21</begin><end>2001-09-16</end></TimeSpan><styleUrl>#Closed</styleUrl><Point><coordinates>69.849444,23.829722,0</coordinates></Point></Placemark><Placemark><name>VANDHYA</name><description><![CDATA[<table><tr><td><b>Station</b></td><td>VANDHYA</td></tr><tr><td><b>District</b></td><td>KUTCH</td></tr><tr><td><b>Status</b></td><td>Closed</td></tr><tr><td><b>Source</b></td><td>Mast</td></tr><tr><td><b>Commenced</b></td><td>2003-06-13</td></tr><tr><td><b>Closed</b></td><td>2005-10-19</td></tr><tr><td><b>Mast height (m)</b></td><td>45</td></tr><tr><td><b>Elevation (m)</b></td><td>14</td></tr><tr><td><b>Mean wind speed (m/s)</b></td><td>5.76</td></tr><tr><td><b>Wind power density (W/m2)</b></td><td>196</td></tr><tr><td><b>PDF page</b></td><td>3</td></tr></table>]]></description><TimeSpan><begin>2003-06-13</begin><end>2005-10-19</end></TimeSpan><styleUrl>#Closed</styleUrl><Point><coordinates>70.601111,23.218333,0</coordinates></Point></Placemark><Placemark><name>VELAN</name><description><![CDATA[<table><tr><td><b>Station</b></td><td>VELAN</td></tr><tr><td><b>District</b></td><td>AMRELI</td></tr><tr><td><b>Status</b></td><td>Closed</td></tr><tr><td><b>Source</b></td><td>Mast</td></tr><tr><td><b>Commenced</b></td><td>1988-06-15</td></tr><tr><td><b>Closed</b></td><td>1993-10-25</td></tr><tr><td><b>Mast height (m)</b></td><td>20</td></tr><tr><td><b>Elevation (m)</b></td><td>6</td></tr><tr><td><b>Mean wind speed (m/s)</b></td><td>4.42</td></tr><tr><td><b>Wind power density (W/m2)</b></td><td>99.6</td></tr><tr><td><b>PDF page</b></td><td>3</td></tr></table>]]></description><TimeSpan><begin>1988-06-15</begin><end>1993-10-25</end></TimeSpan><styleUrl>#Closed</styleUrl><Point><coordinates>70.829639,20.714944,0</coordinates></Point></Placemark><Placemark><name>VERAVAL</name><description><![CDATA[<table><tr><td><b>Station</b></td><td>VERAVAL</td></tr><tr><td><b>District</b></td><td>JUNAGAD</td></tr><tr><td><b>Status</b></td><td>Closed</td></tr><tr><td><b>Source</b></td><td>Mast</td></tr><tr><td><b>Commenced</b></td><td>1988-05-31</td></tr><tr><td><b>Closed</b></td><td>1992-02-29</td></tr><tr><td><b>Mast height (m)</b></td><td>20</td></tr><tr><td><b>Elevation (m)</b></td><td>6</td></tr><tr><td><b>Mean wind speed (m/s)</b></td><td>4.89</td></tr><tr><td><b>Wind power density (W/m2)</b></td><td>129.3</td></tr><tr><td><b>PDF page</b></td><td>3</td></tr></table>]]></description><TimeSpan><begin>1988-05-31</begin><end>1992-02-29</end></TimeSpan><styleUrl>#Closed</styleUrl><Point><coordinates>70.352667,20.911333,0</coordinates></Point></Placemark><Placemark><name>WARSHAMEDI</name><description><![CDATA[<table><tr><td><b>Station</b></td><td>WARSHAMEDI</td></tr><tr><td><b>District</b></td><td>RAJKOT</td></tr><tr><td><b>Status</b></td><td>Closed</td></tr><tr><td><b>Source</b></td><td>Mast</td></tr><tr><td><b>Commenced</b></td><td>2000-11-11</td></tr><tr><td><b>Closed</b></td><td>2003-08-27</td></tr><tr><td><b>Mast height (m)</b></td><td>20</td></tr><tr><td><b>Elevation (m)</b></td><td>9</td></tr><tr><td><b>Mean wind speed (m/s)</b></td><td>5.67</td></tr><tr><td><b>Wind power density (W/m2)</b></td><td>192</td></tr><tr><td><b>PDF page</b></td><td>3</td></tr></table>]]></description><TimeSpan><begin>2000-11-11</begin><end>2003-08-27</end></TimeSpan><styleUrl>#Closed</styleUrl><Point><coordinates>70.566528,22.971139,0</coordinates></Point></Placemark><Placemark><name>VADGAM</name><description><![CDATA[<table><tr><td><b>Station</b></td><td>VADGAM</td></tr><tr><td><b>District</b></td><td>ANAND</td></tr><tr><td><b>Status</b></td><td>Closed</td></tr><tr><td><b>Source</b></td><td>Mast</td></tr><tr><td><b>Commenced</b></td><td>2006-07-26</td></tr><tr><td><b>Closed</b></td><td>2009-01-31</td></tr><tr><td><b>Mast height (m)</b></td><td>50</td></tr><tr><td><b>Elevation (m)</b></td><td>10</td></tr><tr><td><b>Mean wind speed (m/s)</b></td><td>5.81</td></tr><tr><td><b>Wind power density (W/m2)</b></td><td>187.72</td></tr><tr><td><b>PDF page</b></td><td>3</td></tr></table>]]></description><TimeSpan><begin>2006-07-26</begin><end>2009-01-31</end></TimeSpan><styleUrl>#Closed</styleUrl><Point><coordinates>72.575833,22.340278,0</coordinates></Point></Placemark><Placemark><name>SANGASAR</name><description><![CDATA[<table><tr><td><b>Station</b></td><td>SANGASAR</td></tr><tr><td><b>District</b></td><td>DAHOD</td></tr><tr><td><b>Status</b></td><td>Closed</td></tr><tr><td><b>Source</b></td><td>Mast</td></tr><tr><td><b>Commenced</b></td><td>2007-03-12</td></tr><tr><td><b>Closed</b></td><td>2009-06-13</td></tr><tr><td><b>Mast height (m)</b></td><td>50</td></tr><tr><td><b>Elevation (m)</b></td><td>481</td></tr><tr><td><b>Mean wind speed (m/s)</b></td><td>6</td></tr><tr><td><b>Wind power density (W/m2)</b></td><td>207</td></tr><tr><td><b>PDF page</b></td><td>3</td></tr></table>]]></description><TimeSpan><begin>2007-03-12</begin><end>2009-06-13</end></TimeSpan><styleUrl>#Closed</styleUrl><Point><coordinates>74.168583,22.694667,0</coordinates></Point></Placemark><Placemark><name>NAVA</name><description><![CDATA[<table><tr><td><b>Station</b></td><td>NAVA</td></tr><tr><td><b>District</b></td><td>SURENDRA NAGAR</td></tr><tr><td><b>Status</b></td><td>Closed</td></tr><tr><td><b>Source</b></td><td>Mast</td></tr><tr><td><b>Commenced</b></td><td>2008-06-01</td></tr><tr><td><b>Closed</b></td><td>2010-06-30</td></tr><tr><td><b>Mast height (m)</b></td><td>50</td></tr><tr><td><b>Elevation (m)</b></td><td>185</td></tr><tr><td><b>Mean wind speed (m/s)</b></td><td>5.57</td></tr><tr><td><b>Wind power density (W/m2)</b></td><td>139.25</td></tr><tr><td><b>PDF page</b></td><td>3</td></tr></table>]]></description><TimeSpan><begin>2008-06-01</begin><end>2010-06-30</end></TimeSpan><styleUrl>#Closed</styleUrl><Point><coordinates>71.215833,22.4925,0</coordinates></Point></Placemark><Placemark><name>CHAPRIYALI</name><description><![CDATA[<table><tr><td><b>Station</b></td><td>CHAPRIYALI</td></tr><tr><td><b>District</b></td><td>BHAV NAGAR</td></tr><tr><td><b>Status</b></td><td>Closed</td></tr><tr><td><b>Source</b></td><td>Mast</td></tr><tr><td><b>Commenced</b></td><td>2008-06-04</td></tr><tr><td><b>Closed</b></td><td>2010-06-30</td></tr><tr><td><b>Mast height (m)</b></td><td>50</td></tr><tr><td><b>Elevation (m)</b></td><td>204</td></tr><tr><td><b>Mean wind speed (m/s)</b></td><td>5.7</td></tr><tr><td><b>Wind power density (W/m2)</b></td><td>150.79</td></tr><tr><td><b>PDF page</b></td><td>3</td></tr></table>]]></description><TimeSpan><begin>2008-06-04</begin><end>2010-06-30</end></TimeSpan><styleUrl>#Closed</styleUrl><Point><coordinates>71.667194,21.328,0</coordinates></Point></Placemark><Placemark><name>VEKARIYA</name><description><![CDATA[<table><tr><td><b>Station</b></td><td>VEKARIYA</td></tr><tr><td><b>District</b></td><td>JUNAGADH</td></tr><tr><td><b>Status</b></td><td>Closed</td></tr><tr><td><b>Source</b></td><td>Mast</td></tr><tr><td><b>Commenced</b></td><td>2008-06-05</td></tr><tr><td><b>Closed</b></td><td>2010-06-30</td></tr><tr><td><b>Mast height (m)</b></td><td>50</td></tr><tr><td><b>Elevation (m)</b></td><td>284</td></tr><tr><td><b>Mean wind speed (m/s)</b></td><td>5.39</td></tr><tr><td><b>Wind power density (W/m2)</b></td><td>129.22</td></tr><tr><td><b>PDF page</b></td><td>3</td></tr></table>]]></description><TimeSpan><begin>2008-06-05</begin><end>2010-06-30</end></TimeSpan><styleUrl>#Closed</styleUrl><Point><coordinates>70.883083,21.327944,0</coordinates></Point></Placemark><Placemark><name>NANA ASOTA</name><description><![CDATA[<table><tr><td><b>Station</b></td><td>NANA ASOTA</td></tr><tr><td><b>District</b></td><td>JAMNAGAR</td></tr><tr><td><b>Status</b></td><td>Closed</td></tr><tr><td><b>Source</b></td><td>Mast</td></tr><tr><td><b>Commenced</b></td><td>2008-06-07</td></tr><tr><td><b>Closed</b></td><td>2010-06-30</td></tr><tr><td><b>Mast height (m)</b></td><td>50</td></tr><tr><td><b>Elevation (m)</b></td><td>39</td></tr><tr><td><b>Mean wind speed (m/s)</b></td><td>5.76</td></tr><tr><td><b>Wind power density (W/m2)</b></td><td>152.85</td></tr><tr><td><b>PDF page</b></td><td>3</td></tr></table>]]></description><TimeSpan><begin>2008-06-07</begin><end>2010-06-30</end></TimeSpan><styleUrl>#Closed</styleUrl><Point><coordinates>69.538417,22.253972,0</coordinates></Point></Placemark><Placemark><name>LODHRANI</name><description><![CDATA[<table><tr><td><b>Station</b></td><td>LODHRANI</td></tr><tr><td><b>District</b></td><td>KUTCH</td></tr><tr><td><b>Status</b></td><td>Closed</td></tr><tr><td><b>Source</b></td><td>Mast</td></tr><tr><td><b>Commenced</b></td><td>2008-06-08</td></tr><tr><td><b>Closed</b></td><td>2010-06-30</td></tr><tr><td><b>Mast height (m)</b></td><td>50</td></tr><tr><td><b>Elevation (m)</b></td><td>30</td></tr><tr><td><b>Mean wind speed (m/s)</b></td><td>5.74</td></tr><tr><td><b>Wind power density (W/m2)</b></td><td>166.07</td></tr><tr><td><b>PDF page</b></td><td>3</td></tr></table>]]></description><TimeSpan><begin>2008-06-08</begin><end>2010-06-30</end></TimeSpan><styleUrl>#Closed</styleUrl><Point><coordinates>70.641667,23.883083,0</coordinates></Point></Placemark><Placemark><name>LAMBA</name><description><![CDATA[<table><tr><td><b>Station</b></td><td>LAMBA</td></tr><tr><td><b>District</b></td><td>JAMNAGAR</td></tr><tr><td><b>Status</b></td><td>Closed</td></tr><tr><td><b>Source</b></td><td>Mast</td></tr><tr><td><b>Commenced</b></td><td>2008-12-07</td></tr><tr><td><b>Closed</b></td><td>2015-12-21</td></tr><tr><td><b>Mast height (m)</b></td><td>120</td></tr><tr><td><b>Elevation (m)</b></td><td>10</td></tr><tr><td><b>Mean wind speed (m/s)</b></td><td>6.85</td></tr><tr><td><b>Wind power density (W/m2)</b></td><td>261.46</td></tr><tr><td><b>PDF page</b></td><td>3</td></tr></table>]]></description><TimeSpan><begin>2008-12-07</begin><end>2015-12-21</end></TimeSpan><styleUrl>#Closed</styleUrl><Point><coordinates>69.281306,21.904111,0</coordinates></Point></Placemark><Placemark><name>SARVA</name><description><![CDATA[<table><tr><td><b>Station</b></td><td>SARVA</td></tr><tr><td><b>District</b></td><td>BHAV NAGAR</td></tr><tr><td><b>Status</b></td><td>Closed</td></tr><tr><td><b>Source</b></td><td>Mast</td></tr><tr><td><b>Commenced</b></td><td>2010-06-22</td></tr><tr><td><b>Closed</b></td><td>2012-09-30</td></tr><tr><td><b>Mast height (m)</b></td><td>50</td></tr><tr><td><b>Elevation (m)</b></td><td>151</td></tr><tr><td><b>Mean wind speed (m/s)</b></td><td>5.52</td></tr><tr><td><b>Wind power density (W/m2)</b></td><td>149.06</td></tr><tr><td><b>PDF page</b></td><td>3</td></tr></table>]]></description><TimeSpan><begin>2010-06-22</begin><end>2012-09-30</end></TimeSpan><styleUrl>#Closed</styleUrl><Point><coordinates>71.491611,22.224444,0</coordinates></Point></Placemark><Placemark><name>JEGAWADA</name><description><![CDATA[<table><tr><td><b>Station</b></td><td>JEGAWADA</td></tr><tr><td><b>District</b></td><td>SURENDRA NAGAR</td></tr><tr><td><b>Status</b></td><td>Closed</td></tr><tr><td><b>Source</b></td><td>Mast</td></tr><tr><td><b>Commenced</b></td><td>2010-06-26</td></tr><tr><td><b>Closed</b></td><td>2012-09-30</td></tr><tr><td><b>Mast height (m)</b></td><td>50</td></tr><tr><td><b>Elevation (m)</b></td><td>87</td></tr><tr><td><b>Mean wind speed (m/s)</b></td><td>5.48</td></tr><tr><td><b>Wind power density (W/m2)</b></td><td>152.9</td></tr><tr><td><b>PDF page</b></td><td>3</td></tr></table>]]></description><TimeSpan><begin>2010-06-26</begin><end>2012-09-30</end></TimeSpan><styleUrl>#Closed</styleUrl><Point><coordinates>71.508333,22.959194,0</coordinates></Point></Placemark><Placemark><name>VIREWADI</name><description><![CDATA[<table><tr><td><b>Station</b></td><td>VIREWADI</td></tr><tr><td><b>District</b></td><td>BHAV NAGAR</td></tr><tr><td><b>Status</b></td><td>Closed</td></tr><tr><td><b>Source</b></td><td>Mast</td></tr><tr><td><b>Commenced</b></td><td>2010-06-24</td></tr><tr><td><b>Closed</b></td><td>2012-09-30</td></tr><tr><td><b>Mast height (m)</b></td><td>50</td></tr><tr><td><b>Elevation (m)</b></td><td>162</td></tr><tr><td><b>Mean wind speed (m/s)</b></td><td>5.79</td></tr><tr><td><b>Wind power density (W/m2)</b></td><td>167.63</td></tr><tr><td><b>PDF page</b></td><td>3</td></tr></table>]]></description><TimeSpan><begin>2010-06-24</begin><end>2012-09-30</end></TimeSpan><styleUrl>#Closed</styleUrl><Point><coordinates>71.467333,22.037472,0</coordinates></Point></Placemark><Placemark><name>BALAVA</name><description><![CDATA[<table><tr><td><b>Station</b></td><td>BALAVA</td></tr><tr><td><b>District</b></td><td>JAMNAGAR</td></tr><tr><td><b>Status</b></td><td>Closed</td></tr><tr><td><b>Source</b></td><td>Mast</td></tr><tr><td><b>Commenced</b></td><td>2010-11-18</td></tr><tr><td><b>Closed</b></td><td>2012-11-30</td></tr><tr><td><b>Mast height (m)</b></td><td>50</td></tr><tr><td><b>Elevation (m)</b></td><td>156</td></tr><tr><td><b>Mean wind speed (m/s)</b></td><td>5.66</td></tr><tr><td><b>Wind power density (W/m2)</b></td><td>144.89</td></tr><tr><td><b>PDF page</b></td><td>3</td></tr></table>]]></description><TimeSpan><begin>2010-11-18</begin><end>2012-11-30</end></TimeSpan><styleUrl>#Closed</styleUrl><Point><coordinates>69.960972,21.869056,0</coordinates></Point></Placemark><Placemark><name>JIKIALI</name><description><![CDATA[<table><tr><td><b>Station</b></td><td>JIKIALI</td></tr><tr><td><b>District</b></td><td>AMRELI</td></tr><tr><td><b>Status</b></td><td>Closed</td></tr><tr><td><b>Source</b></td><td>Mast</td></tr><tr><td><b>Commenced</b></td><td>2010-11-20</td></tr><tr><td><b>Closed</b></td><td>2012-11-30</td></tr><tr><td><b>Mast height (m)</b></td><td>50</td></tr><tr><td><b>Elevation (m)</b></td><td>224</td></tr><tr><td><b>Mean wind speed (m/s)</b></td><td>5.51</td></tr><tr><td><b>Wind power density (W/m2)</b></td><td>138.37</td></tr><tr><td><b>PDF page</b></td><td>3</td></tr></table>]]></description><TimeSpan><begin>2010-11-20</begin><end>2012-11-30</end></TimeSpan><styleUrl>#Closed</styleUrl><Point><coordinates>71.263333,21.278972,0</coordinates></Point></Placemark><Placemark><name>MOTA UBHADA</name><description><![CDATA[<table><tr><td><b>Station</b></td><td>MOTA UBHADA</td></tr><tr><td><b>District</b></td><td>SURENDRANAGAR</td></tr><tr><td><b>Status</b></td><td>Closed</td></tr><tr><td><b>Source</b></td><td>Mast</td></tr><tr><td><b>Commenced</b></td><td>2013-09-19</td></tr><tr><td><b>Closed</b></td><td>2015-10-11</td></tr><tr><td><b>Mast height (m)</b></td><td>100</td></tr><tr><td><b>Elevation (m)</b></td><td>31</td></tr><tr><td><b>Mean wind speed (m/s)</b></td><td>5.81</td></tr><tr><td><b>Wind power density (W/m2)</b></td><td>194.62</td></tr><tr><td><b>PDF page</b></td><td>3</td></tr></table>]]></description><TimeSpan><begin>2013-09-19</begin><end>2015-10-11</end></TimeSpan><styleUrl>#Closed</styleUrl><Point><coordinates>71.97275,23.2365,0</coordinates></Point></Placemark><Placemark><name>ORUMANA</name><description><![CDATA[<table><tr><td><b>Station</b></td><td>ORUMANA</td></tr><tr><td><b>District</b></td><td>PATAN</td></tr><tr><td><b>Status</b></td><td>Closed</td></tr><tr><td><b>Source</b></td><td>Mast</td></tr><tr><td><b>Commenced</b></td><td>2013-09-20</td></tr><tr><td><b>Closed</b></td><td>2016-01-18</td></tr><tr><td><b>Mast height (m)</b></td><td>100</td></tr><tr><td><b>Elevation (m)</b></td><td>53</td></tr><tr><td><b>Mean wind speed (m/s)</b></td><td>5.79</td></tr><tr><td><b>Wind power density (W/m2)</b></td><td>198.46</td></tr><tr><td><b>PDF page</b></td><td>3</td></tr></table>]]></description><TimeSpan><begin>2013-09-20</begin><end>2016-01-18</end></TimeSpan><styleUrl>#Closed</styleUrl><Point><coordinates>71.90125,23.604056,0</coordinates></Point></Placemark><Placemark><name>SUIGAM</name><description><![CDATA[<table><tr><td><b>Station</b></td><td>SUIGAM</td></tr><tr><td><b>District</b></td><td>BANASKTHA</td></tr><tr><td><b>Status</b></td><td>Closed</td></tr><tr><td><b>Source</b></td><td>Mast</td></tr><tr><td><b>Commenced</b></td><td>2013-09-22</td></tr><tr><td><b>Closed</b></td><td>2015-10-10</td></tr><tr><td><b>Mast height (m)</b></td><td>100</td></tr><tr><td><b>Elevation (m)</b></td><td>30</td></tr><tr><td><b>Mean wind speed (m/s)</b></td><td>6.04</td></tr><tr><td><b>Wind power density (W/m2)</b></td><td>238.45</td></tr><tr><td><b>PDF page</b></td><td>3</td></tr></table>]]></description><TimeSpan><begin>2013-09-22</begin><end>2015-10-10</end></TimeSpan><styleUrl>#Closed</styleUrl><Point><coordinates>71.346806,24.168194,0</coordinates></Point></Placemark><Placemark><name>KURAN</name><description><![CDATA[<table><tr><td><b>Station</b></td><td>KURAN</td></tr><tr><td><b>District</b></td><td>KUTCH</td></tr><tr><td><b>Status</b></td><td>Closed</td></tr><tr><td><b>Source</b></td><td>Mast</td></tr><tr><td><b>Commenced</b></td><td>2013-09-23</td></tr><tr><td><b>Closed</b></td><td>2015-07-26</td></tr><tr><td><b>Mast height (m)</b></td><td>100</td></tr><tr><td><b>Elevation (m)</b></td><td>35</td></tr><tr><td><b>Mean wind speed (m/s)</b></td><td>6.21</td></tr><tr><td><b>Wind power density (W/m2)</b></td><td>237.43</td></tr><tr><td><b>PDF page</b></td><td>3</td></tr></table>]]></description><TimeSpan><begin>2013-09-23</begin><end>2015-07-26</end></TimeSpan><styleUrl>#Closed</styleUrl><Point><coordinates>69.752833,23.951833,0</coordinates></Point></Placemark><Placemark><name>PANDHARO</name><description><![CDATA[<table><tr><td><b>Station</b></td><td>PANDHARO</td></tr><tr><td><b>District</b></td><td>KUTCH</td></tr><tr><td><b>Status</b></td><td>Closed</td></tr><tr><td><b>Source</b></td><td>Mast</td></tr><tr><td><b>Commenced</b></td><td>2013-09-25</td></tr><tr><td><b>Closed</b></td><td>2017-01-19</td></tr><tr><td><b>Mast height (m)</b></td><td>100</td></tr><tr><td><b>Elevation (m)</b></td><td>47</td></tr><tr><td><b>Mean wind speed (m/s)</b></td><td>6.95</td></tr><tr><td><b>Wind power density (W/m2)</b></td><td>284.16</td></tr><tr><td><b>PDF page</b></td><td>3</td></tr></table>]]></description><TimeSpan><begin>2013-09-25</begin><end>2017-01-19</end></TimeSpan><styleUrl>#Closed</styleUrl><Point><coordinates>68.729667,23.693556,0</coordinates></Point></Placemark><Placemark><name>MALEGON</name><description><![CDATA[<table><tr><td><b>Station</b></td><td>MALEGON</td></tr><tr><td><b>District</b></td><td>DANG</td></tr><tr><td><b>Status</b></td><td>Closed</td></tr><tr><td><b>Source</b></td><td>Mast</td></tr><tr><td><b>Commenced</b></td><td>2013-10-21</td></tr><tr><td><b>Closed</b></td><td>2016-03-20</td></tr><tr><td><b>Mast height (m)</b></td><td>100</td></tr><tr><td><b>Elevation (m)</b></td><td>626</td></tr><tr><td><b>Mean wind speed (m/s)</b></td><td>4.39</td></tr><tr><td><b>Wind power density (W/m2)</b></td><td>111.35</td></tr><tr><td><b>PDF page</b></td><td>3</td></tr></table>]]></description><TimeSpan><begin>2013-10-21</begin><end>2016-03-20</end></TimeSpan><styleUrl>#Closed</styleUrl><Point><coordinates>73.739639,20.604361,0</coordinates></Point></Placemark><Placemark><name>VIRATHWA</name><description><![CDATA[<table><tr><td><b>Station</b></td><td>VIRATHWA</td></tr><tr><td><b>District</b></td><td>TAPI</td></tr><tr><td><b>Status</b></td><td>Closed</td></tr><tr><td><b>Source</b></td><td>Mast</td></tr><tr><td><b>Commenced</b></td><td>2013-10-19</td></tr><tr><td><b>Closed</b></td><td>2016-09-20</td></tr><tr><td><b>Mast height (m)</b></td><td>100</td></tr><tr><td><b>Elevation (m)</b></td><td>387</td></tr><tr><td><b>Mean wind speed (m/s)</b></td><td>4.51</td></tr><tr><td><b>Wind power density (W/m2)</b></td><td>91.77</td></tr><tr><td><b>PDF page</b></td><td>3</td></tr></table>]]></description><TimeSpan><begin>2013-10-19</begin><end>2016-09-20</end></TimeSpan><styleUrl>#Closed</styleUrl><Point><coordinates>73.804583,21.000444,0</coordinates></Point></Placemark><Placemark><name>KHAVI</name><description><![CDATA[<table><tr><td><b>Station</b></td><td>KHAVI</td></tr><tr><td><b>District</b></td><td>BHARUCH</td></tr><tr><td><b>Status</b></td><td>Closed</td></tr><tr><td><b>Source</b></td><td>Mast</td></tr><tr><td><b>Commenced</b></td><td>2013-10-21</td></tr><tr><td><b>Closed</b></td><td>2016-11-18</td></tr><tr><td><b>Mast height (m)</b></td><td>100</td></tr><tr><td><b>Elevation (m)</b></td><td>29</td></tr><tr><td><b>Mean wind speed (m/s)</b></td><td>5.95</td></tr><tr><td><b>Wind power density (W/m2)</b></td><td>206.32</td></tr><tr><td><b>PDF page</b></td><td>3</td></tr></table>]]></description><TimeSpan><begin>2013-10-21</begin><end>2016-11-18</end></TimeSpan><styleUrl>#Closed</styleUrl><Point><coordinates>72.664028,22.187389,0</coordinates></Point></Placemark><Placemark><name>MOTIBARU</name><description><![CDATA[<table><tr><td><b>Station</b></td><td>MOTIBARU</td></tr><tr><td><b>District</b></td><td>AHMEDABAD</td></tr><tr><td><b>Status</b></td><td>Closed</td></tr><tr><td><b>Source</b></td><td>Mast</td></tr><tr><td><b>Commenced</b></td><td>2013-10-22</td></tr><tr><td><b>Closed</b></td><td>2017-01-19</td></tr><tr><td><b>Mast height (m)</b></td><td>100</td></tr><tr><td><b>Elevation (m)</b></td><td>16</td></tr><tr><td><b>Mean wind speed (m/s)</b></td><td>6.33</td></tr><tr><td><b>Wind power density (W/m2)</b></td><td>246.62</td></tr><tr><td><b>PDF page</b></td><td>3</td></tr></table>]]></description><TimeSpan><begin>2013-10-22</begin><end>2017-01-19</end></TimeSpan><styleUrl>#Closed</styleUrl><Point><coordinates>72.351169,22.470989,0</coordinates></Point></Placemark><Placemark><name>AGIYALI</name><description><![CDATA[<table><tr><td><b>Station</b></td><td>AGIYALI</td></tr><tr><td><b>District</b></td><td>BHAVNAGAR</td></tr><tr><td><b>Status</b></td><td>Closed</td></tr><tr><td><b>Source</b></td><td>Mast</td></tr><tr><td><b>Commenced</b></td><td>2013-10-23</td></tr><tr><td><b>Closed</b></td><td>2017-01-05</td></tr><tr><td><b>Mast height (m)</b></td><td>100</td></tr><tr><td><b>Elevation (m)</b></td><td>165</td></tr><tr><td><b>Mean wind speed (m/s)</b></td><td>6.26</td></tr><tr><td><b>Wind power density (W/m2)</b></td><td>206.48</td></tr><tr><td><b>PDF page</b></td><td>3</td></tr></table>]]></description><TimeSpan><begin>2013-10-23</begin><end>2017-01-05</end></TimeSpan><styleUrl>#Closed</styleUrl><Point><coordinates>72.014211,21.574739,0</coordinates></Point></Placemark><Placemark><name>GAGA</name><description><![CDATA[<table><tr><td><b>Station</b></td><td>GAGA</td></tr><tr><td><b>District</b></td><td>JAMNAGAR</td></tr><tr><td><b>Status</b></td><td>Closed</td></tr><tr><td><b>Source</b></td><td>Mast</td></tr><tr><td><b>Commenced</b></td><td>2013-10-25</td></tr><tr><td><b>Closed</b></td><td>2016-12-17</td></tr><tr><td><b>Mast height (m)</b></td><td>100</td></tr><tr><td><b>Elevation (m)</b></td><td>2</td></tr><tr><td><b>Mean wind speed (m/s)</b></td><td>6.81</td></tr><tr><td><b>Wind power density (W/m2)</b></td><td>266.44</td></tr><tr><td><b>PDF page</b></td><td>3</td></tr></table>]]></description><TimeSpan><begin>2013-10-25</begin><end>2016-12-17</end></TimeSpan><styleUrl>#Closed</styleUrl><Point><coordinates>69.214389,22.131419,0</coordinates></Point></Placemark><Placemark><name>LILWA THAKOR</name><description><![CDATA[<table><tr><td><b>Station</b></td><td>LILWA THAKOR</td></tr><tr><td><b>District</b></td><td>DAHOD</td></tr><tr><td><b>Status</b></td><td>Closed</td></tr><tr><td><b>Source</b></td><td>Mast</td></tr><tr><td><b>Commenced</b></td><td>2013-12-04</td></tr><tr><td><b>Closed</b></td><td>2016-03-13</td></tr><tr><td><b>Mast height (m)</b></td><td>100</td></tr><tr><td><b>Elevation (m)</b></td><td>306</td></tr><tr><td><b>Mean wind speed (m/s)</b></td><td>5.82</td></tr><tr><td><b>Wind power density (W/m2)</b></td><td>179.36</td></tr><tr><td><b>PDF page</b></td><td>3</td></tr></table>]]></description><TimeSpan><begin>2013-12-04</begin><end>2016-03-13</end></TimeSpan><styleUrl>#Closed</styleUrl><Point><coordinates>74.209511,23.04845,0</coordinates></Point></Placemark><Placemark><name>JAFRABAD(BHANKODAR)</name><description><![CDATA[<table><tr><td><b>Station</b></td><td>JAFRABAD(BHANKODAR)</td></tr><tr><td><b>District</b></td><td>AMERELI</td></tr><tr><td><b>Status</b></td><td>Closed</td></tr><tr><td><b>Source</b></td><td>Mast</td></tr><tr><td><b>Commenced</b></td><td>2017-10-31</td></tr><tr><td><b>Closed</b></td><td>2021-01-31</td></tr><tr><td><b>Mast height (m)</b></td><td>100</td></tr><tr><td><b>Elevation (m)</b></td><td>24</td></tr><tr><td><b>Mean wind speed (m/s)</b></td><td>7.01</td></tr><tr><td><b>Wind power density (W/m2)</b></td><td>296.75</td></tr><tr><td><b>PDF page</b></td><td>3</td></tr></table>]]></description><TimeSpan><begin>2017-10-31</begin><end>2021-01-31</end></TimeSpan><styleUrl>#Closed</styleUrl><Point><coordinates>71.459889,20.891617,0</coordinates></Point></Placemark><Placemark><name>CHITRAKHADA</name><description><![CDATA[<table><tr><td><b>Station</b></td><td>CHITRAKHADA</td></tr><tr><td><b>District</b></td><td>RAJKOT</td></tr><tr><td><b>Status</b></td><td>Closed</td></tr><tr><td><b>Source</b></td><td>Mast</td></tr><tr><td><b>Commenced</b></td><td>2019-12-11</td></tr><tr><td><b>Closed</b></td><td>2022-07-31</td></tr><tr><td><b>Mast height (m)</b></td><td>100</td></tr><tr><td><b>Elevation (m)</b></td><td>118</td></tr><tr><td><b>Mean wind speed (m/s)</b></td><td>5.95</td></tr><tr><td><b>Wind power density (W/m2)</b></td><td>184.73</td></tr><tr><td><b>PDF page</b></td><td>3</td></tr></table>]]></description><TimeSpan><begin>2019-12-11</begin><end>2022-07-31</end></TimeSpan><styleUrl>#Closed</styleUrl><Point><coordinates>71.136778,22.678556,0</coordinates></Point></Placemark><Placemark><name>KODDHA</name><description><![CDATA[<table><tr><td><b>Station</b></td><td>KODDHA</td></tr><tr><td><b>District</b></td><td>PATAN</td></tr><tr><td><b>Status</b></td><td>Closed</td></tr><tr><td><b>Source</b></td><td>Mast</td></tr><tr><td><b>Commenced</b></td><td>2019-12-13</td></tr><tr><td><b>Closed</b></td><td>2022-07-31</td></tr><tr><td><b>Mast height (m)</b></td><td>100</td></tr><tr><td><b>Elevation (m)</b></td><td>11</td></tr><tr><td><b>PDF page</b></td><td>3</td></tr></table>]]></description><TimeSpan><begin>2019-12-13</begin><end>2022-07-31</end></TimeSpan><styleUrl>#Closed</styleUrl><Point><coordinates>71.496022,23.545917,0</coordinates></Point></Placemark><Placemark><name>UKHEDA</name><description><![CDATA[<table><tr><td><b>Station</b></td><td>UKHEDA</td></tr><tr><td><b>District</b></td><td>BHUJ KUTCH</td></tr><tr><td><b>Status</b></td><td>Closed</td></tr><tr><td><b>Source</b></td><td>Mast</td></tr><tr><td><b>Commenced</b></td><td>2019-12-14</td></tr><tr><td><b>Closed</b></td><td>2022-07-31</td></tr><tr><td><b>Mast height (m)</b></td><td>100</td></tr><tr><td><b>Elevation (m)</b></td><td>122</td></tr><tr><td><b>Mean wind speed (m/s)</b></td><td>6.1</td></tr><tr><td><b>Wind power density (W/m2)</b></td><td>190.65</td></tr><tr><td><b>PDF page</b></td><td>3</td></tr></table>]]></description><TimeSpan><begin>2019-12-14</begin><end>2022-07-31</end></TimeSpan><styleUrl>#Closed</styleUrl><Point><coordinates>69.133139,23.349217,0</coordinates></Point></Placemark><Placemark><name>BADA</name><description><![CDATA[<table><tr><td><b>Station</b></td><td>BADA</td></tr><tr><td><b>District</b></td><td>BHUJ KUTCH</td></tr><tr><td><b>Status</b></td><td>Closed</td></tr><tr><td><b>Source</b></td><td>Mast</td></tr><tr><td><b>Commenced</b></td><td>2019-12-16</td></tr><tr><td><b>Closed</b></td><td>2022-07-31</td></tr><tr><td><b>Mast height (m)</b></td><td>100</td></tr><tr><td><b>Elevation (m)</b></td><td>17</td></tr><tr><td><b>PDF page</b></td><td>3</td></tr></table>]]></description><TimeSpan><begin>2019-12-16</begin><end>2022-07-31</end></TimeSpan><styleUrl>#Closed</styleUrl><Point><coordinates>69.136747,22.922414,0</coordinates></Point></Placemark><Placemark><name>LUNKI</name><description><![CDATA[<table><tr><td><b>Station</b></td><td>LUNKI</td></tr><tr><td><b>District</b></td><td>AMRELI</td></tr><tr><td><b>Status</b></td><td>Closed</td></tr><tr><td><b>Source</b></td><td>Mast</td></tr><tr><td><b>Commenced</b></td><td>2019-12-18</td></tr><tr><td><b>Closed</b></td><td>2022-07-31</td></tr><tr><td><b>Mast height (m)</b></td><td>100</td></tr><tr><td><b>Elevation (m)</b></td><td>170</td></tr><tr><td><b>Mean wind speed (m/s)</b></td><td>6.32</td></tr><tr><td><b>Wind power density (W/m2)</b></td><td>213.4</td></tr><tr><td><b>PDF page</b></td><td>3</td></tr></table>]]></description><TimeSpan><begin>2019-12-18</begin><end>2022-07-31</end></TimeSpan><styleUrl>#Closed</styleUrl><Point><coordinates>71.27,21.820139,0</coordinates></Point></Placemark><Placemark><name>LAKHDHIRGADH</name><description><![CDATA[<table><tr><td><b>Station</b></td><td>LAKHDHIRGADH</td></tr><tr><td><b>District</b></td><td>BHUJ KUTCH</td></tr><tr><td><b>Status</b></td><td>Closed</td></tr><tr><td><b>Source</b></td><td>Mast</td></tr><tr><td><b>Commenced</b></td><td>2019-12-23</td></tr><tr><td><b>Closed</b></td><td>2022-07-31</td></tr><tr><td><b>Mast height (m)</b></td><td>100</td></tr><tr><td><b>Elevation (m)</b></td><td>27</td></tr><tr><td><b>Mean wind speed (m/s)</b></td><td>5.34</td></tr><tr><td><b>Wind power density (W/m2)</b></td><td>154.58</td></tr><tr><td><b>PDF page</b></td><td>3</td></tr></table>]]></description><TimeSpan><begin>2019-12-23</begin><end>2022-07-31</end></TimeSpan><styleUrl>#Closed</styleUrl><Point><coordinates>70.595908,23.252597,0</coordinates></Point></Placemark><Placemark><name>DHRAFA</name><description><![CDATA[<table><tr><td><b>Station</b></td><td>DHRAFA</td></tr><tr><td><b>District</b></td><td>JAMNAGAR</td></tr><tr><td><b>Status</b></td><td>Closed</td></tr><tr><td><b>Source</b></td><td>Mast</td></tr><tr><td><b>Commenced</b></td><td>2019-12-25</td></tr><tr><td><b>Closed</b></td><td>2022-07-31</td></tr><tr><td><b>Mast height (m)</b></td><td>100</td></tr><tr><td><b>Elevation (m)</b></td><td>111</td></tr><tr><td><b>Mean wind speed (m/s)</b></td><td>5.99</td></tr><tr><td><b>Wind power density (W/m2)</b></td><td>182.09</td></tr><tr><td><b>PDF page</b></td><td>3</td></tr></table>]]></description><TimeSpan><begin>2019-12-25</begin><end>2022-07-31</end></TimeSpan><styleUrl>#Closed</styleUrl><Point><coordinates>70.126308,21.963061,0</coordinates></Point></Placemark><Placemark><name>VAYOR</name><description><![CDATA[<table><tr><td><b>Station</b></td><td>VAYOR</td></tr><tr><td><b>District</b></td><td>KUTCH</td></tr><tr><td><b>Status</b></td><td>Closed</td></tr><tr><td><b>Source</b></td><td>Mast</td></tr><tr><td><b>Commenced</b></td><td>2020-02-27</td></tr><tr><td><b>Closed</b></td><td>2022-07-31</td></tr><tr><td><b>Mast height (m)</b></td><td>100</td></tr><tr><td><b>Elevation (m)</b></td><td>40</td></tr><tr><td><b>Mean wind speed (m/s)</b></td><td>6.67</td></tr><tr><td><b>Wind power density (W/m2)</b></td><td>247.07</td></tr><tr><td><b>PDF page</b></td><td>3</td></tr></table>]]></description><TimeSpan><begin>2020-02-27</begin><end>2022-07-31</end></TimeSpan><styleUrl>#Closed</styleUrl><Point><coordinates>68.690456,23.428872,0</coordinates></Point></Placemark><Placemark><name>DEVALIYA</name><description><![CDATA[<table><tr><td><b>Station</b></td><td>DEVALIYA</td></tr><tr><td><b>District</b></td><td>RAJKOT</td></tr><tr><td><b>Status</b></td><td>Closed</td></tr><tr><td><b>Source</b></td><td>Mast</td></tr><tr><td><b>Commenced</b></td><td>2020-02-29</td></tr><tr><td><b>Closed</b></td><td>2022-07-31</td></tr><tr><td><b>Mast height (m)</b></td><td>100</td></tr><tr><td><b>Elevation (m)</b></td><td>188</td></tr><tr><td><b>Mean wind speed (m/s)</b></td><td>6.09</td></tr><tr><td><b>Wind power density (W/m2)</b></td><td>191.91</td></tr><tr><td><b>PDF page</b></td><td>3</td></tr></table>]]></description><TimeSpan><begin>2020-02-29</begin><end>2022-07-31</end></TimeSpan><styleUrl>#Closed</styleUrl><Point><coordinates>70.92985,22.081383,0</coordinates></Point></Placemark><Placemark><name>KHAVDA 1</name><description><![CDATA[<table><tr><td><b>Station</b></td><td>KHAVDA 1</td></tr><tr><td><b>District</b></td><td>KUTCH</td></tr><tr><td><b>Status</b></td><td>Closed</td></tr><tr><td><b>Source</b></td><td>Mast</td></tr><tr><td><b>Commenced</b></td><td>2021-05-08</td></tr><tr><td><b>Closed</b></td><td>2022-07-03</td></tr><tr><td><b>Mast height (m)</b></td><td>100</td></tr><tr><td><b>Elevation (m)</b></td><td>3</td></tr><tr><td><b>Mean wind speed (m/s)</b></td><td>7.71</td></tr><tr><td><b>Wind power density (W/m2)</b></td><td>418.17</td></tr><tr><td><b>Project type</b></td><td>SNA project</td></tr><tr><td><b>PDF page</b></td><td>3</td></tr></table>]]></description><TimeSpan><begin>2021-05-08</begin><end>2022-07-03</end></TimeSpan><styleUrl>#Closed</styleUrl><Point><coordinates>69.526689,24.078906,0</coordinates></Point></Placemark><Placemark><name>KHAVDA 2</name><description><![CDATA[<table><tr><td><b>Station</b></td><td>KHAVDA 2</td></tr><tr><td><b>District</b></td><td>KUTCH</td></tr><tr><td><b>Status</b></td><td>Closed</td></tr><tr><td><b>Source</b></td><td>Mast</td></tr><tr><td><b>Commenced</b></td><td>2021-05-10</td></tr><tr><td><b>Closed</b></td><td>2022-12-15</td></tr><tr><td><b>Mast height (m)</b></td><td>100</td></tr><tr><td><b>Elevation (m)</b></td><td>3</td></tr><tr><td><b>Mean wind speed (m/s)</b></td><td>7.72</td></tr><tr><td><b>Wind power density (W/m2)</b></td><td>430.13</td></tr><tr><td><b>Project type</b></td><td>SNA project</td></tr><tr><td><b>PDF page</b></td><td>3</td></tr></table>]]></description><TimeSpan><begin>2021-05-10</begin><end>2022-12-15</end></TimeSpan><styleUrl>#Closed</styleUrl><Point><coordinates>69.341389,24.187056,0</coordinates></Point></Placemark><Placemark><name>KHAVDA 3</name><description><![CDATA[<table><tr><td><b>Station</b></td><td>KHAVDA 3</td></tr><tr><td><b>District</b></td><td>KUTCH</td></tr><tr><td><b>Status</b></td><td>Closed</td></tr><tr><td><b>Source</b></td><td>Mast</td></tr><tr><td><b>Commenced</b></td><td>2021-05-09</td></tr><tr><td><b>Closed</b></td><td>2022-05-31</td></tr><tr><td><b>Mast height (m)</b></td><td>100</td></tr><tr><td><b>Elevation (m)</b></td><td>3</td></tr><tr><td><b>Mean wind speed (m/s)</b></td><td>7.86</td></tr><tr><td><b>Wind power density (W/m2)</b></td><td>451.47</td></tr><tr><td><b>Project type</b></td><td>SNA project</td></tr><tr><td><b>PDF page</b></td><td>3</td></tr></table>]]></description><TimeSpan><begin>2021-05-09</begin><end>2022-05-31</end></TimeSpan><styleUrl>#Closed</styleUrl><Point><coordinates>69.498075,24.201119,0</coordinates></Point></Placemark><Placemark><name>GOGLA</name><description><![CDATA[<table><tr><td><b>Station</b></td><td>GOGLA</td></tr><tr><td><b>District</b></td><td>AHMEDABAD</td></tr><tr><td><b>Status</b></td><td>Closed</td></tr><tr><td><b>Source</b></td><td>Mast</td></tr><tr><td><b>Commenced</b></td><td>2021-11-13</td></tr><tr><td><b>Closed</b></td><td>2022-04-12</td></tr><tr><td><b>Mast height (m)</b></td><td>100</td></tr><tr><td><b>Elevation (m)</b></td><td>10</td></tr><tr><td><b>Mean wind speed (m/s)</b></td><td>6.13</td></tr><tr><td><b>Wind power density (W/m2)</b></td><td>222.2</td></tr><tr><td><b>PDF page</b></td><td>3</td></tr></table>]]></description><TimeSpan><begin>2021-11-13</begin><end>2022-04-12</end></TimeSpan><styleUrl>#Closed</styleUrl><Point><coordinates>72.253639,22.273931,0</coordinates></Point></Placemark><Placemark><name>RAMPARA</name><description><![CDATA[<table><tr><td><b>Station</b></td><td>RAMPARA</td></tr><tr><td><b>District</b></td><td>SURENDRANAGAR</td></tr><tr><td><b>Status</b></td><td>Closed</td></tr><tr><td><b>Source</b></td><td>Mast</td></tr><tr><td><b>Commenced</b></td><td>2021-11-14</td></tr><tr><td><b>Closed</b></td><td>2022-12-17</td></tr><tr><td><b>Mast height (m)</b></td><td>100</td></tr><tr><td><b>Elevation (m)</b></td><td>101</td></tr><tr><td><b>Mean wind speed (m/s)</b></td><td>6.21</td></tr><tr><td><b>Wind power density (W/m2)</b></td><td>210.43</td></tr><tr><td><b>PDF page</b></td><td>3</td></tr></table>]]></description><TimeSpan><begin>2021-11-14</begin><end>2022-12-17</end></TimeSpan><styleUrl>#Closed</styleUrl><Point><coordinates>71.559922,22.574419,0</coordinates></Point></Placemark><Placemark><name>LALIYA</name><description><![CDATA[<table><tr><td><b>Station</b></td><td>LALIYA</td></tr><tr><td><b>District</b></td><td>NAVSARI</td></tr><tr><td><b>Status</b></td><td>Closed</td></tr><tr><td><b>Source</b></td><td>Mast</td></tr><tr><td><b>Commenced</b></td><td>2021-11-16</td></tr><tr><td><b>Mast height (m)</b></td><td>100</td></tr><tr><td><b>Elevation (m)</b></td><td>66</td></tr><tr><td><b>PDF page</b></td><td>3</td></tr></table>]]></description><TimeSpan><begin>2021-11-16</begin></TimeSpan><styleUrl>#Closed</styleUrl><Point><coordinates>69.645056,22.13175,0</coordinates></Point></Placemark><Placemark><name>LAMBA</name><description><![CDATA[<table><tr><td><b>Station</b></td><td>LAMBA</td></tr><tr><td><b>District</b></td><td>DEVBHUMI DWARAKA</td></tr><tr><td><b>Status</b></td><td>Closed</td></tr><tr><td><b>Source</b></td><td>Mast</td></tr><tr><td><b>Commenced</b></td><td>2021-11-17</td></tr><tr><td><b>Closed</b></td><td>2023-06-15</td></tr><tr><td><b>Mast height (m)</b></td><td>100</td></tr><tr><td><b>Elevation (m)</b></td><td>12</td></tr><tr><td><b>Mean wind speed (m/s)</b></td><td>6.75</td></tr><tr><td><b>Wind power density (W/m2)</b></td><td>256.57</td></tr><tr><td><b>PDF page</b></td><td>3</td></tr></table>]]></description><TimeSpan><begin>2021-11-17</begin><end>2023-06-15</end></TimeSpan><styleUrl>#Closed</styleUrl><Point><coordinates>69.279183,21.902608,0</coordinates></Point></Placemark><Placemark><name>GADHWALI</name><description><![CDATA[<table><tr><td><b>Station</b></td><td>GADHWALI</td></tr><tr><td><b>District</b></td><td>KUTCH</td></tr><tr><td><b>Status</b></td><td>Closed</td></tr><tr><td><b>Source</b></td><td>Mast</td></tr><tr><td><b>Commenced</b></td><td>2021-11-22</td></tr><tr><td><b>Closed</b></td><td>2022-12-10</td></tr><tr><td><b>Mast height (m)</b></td><td>100</td></tr><tr><td><b>Elevation (m)</b></td><td>4</td></tr><tr><td><b>Mean wind speed (m/s)</b></td><td>6.44</td></tr><tr><td><b>Wind power density (W/m2)</b></td><td>220.61</td></tr><tr><td><b>PDF page</b></td><td>3</td></tr></table>]]></description><TimeSpan><begin>2021-11-22</begin><end>2022-12-10</end></TimeSpan><styleUrl>#Closed</styleUrl><Point><coordinates>68.787611,23.082058,0</coordinates></Point></Placemark></Folder><Folder><name>HARYANA (6)</name><Placemark><name>ABHEPUR</name><description><![CDATA[<table><tr><td><b>Station</b></td><td>ABHEPUR</td></tr><tr><td><b>District</b></td><td>GURGAON</td></tr><tr><td><b>Status</b></td><td>Closed</td></tr><tr><td><b>Source</b></td><td>Mast</td></tr><tr><td><b>Commenced</b></td><td>1998-11-21</td></tr><tr><td><b>Closed</b></td><td>2000-10-21</td></tr><tr><td><b>Mast height (m)</b></td><td>25</td></tr><tr><td><b>Elevation (m)</b></td><td>255</td></tr><tr><td><b>Mean wind speed (m/s)</b></td><td>3.64</td></tr><tr><td><b>Wind power density (W/m2)</b></td><td>53</td></tr><tr><td><b>PDF page</b></td><td>11</td></tr></table>]]></description><TimeSpan><begin>1998-11-21</begin><end>2000-10-21</end></TimeSpan><styleUrl>#Closed</styleUrl><Point><coordinates>77.128611,28.294722,0</coordinates></Point></Placemark><Placemark><name>MORNI HILLS</name><description><![CDATA[<table><tr><td><b>Station</b></td><td>MORNI HILLS</td></tr><tr><td><b>District</b></td><td>PANCHKULA</td></tr><tr><td><b>Status</b></td><td>Closed</td></tr><tr><td><b>Source</b></td><td>Mast</td></tr><tr><td><b>Commenced</b></td><td>1999-01-20</td></tr><tr><td><b>Closed</b></td><td>2000-10-19</td></tr><tr><td><b>Mast height (m)</b></td><td>25</td></tr><tr><td><b>Elevation (m)</b></td><td>1104</td></tr><tr><td><b>Mean wind speed (m/s)</b></td><td>4</td></tr><tr><td><b>Wind power density (W/m2)</b></td><td>84.9</td></tr><tr><td><b>PDF page</b></td><td>11</td></tr></table>]]></description><TimeSpan><begin>1999-01-20</begin><end>2000-10-19</end></TimeSpan><styleUrl>#Closed</styleUrl><Point><coordinates>77.121944,30.665,0</coordinates></Point></Placemark><Placemark><name>RAGHUNATHPUR</name><description><![CDATA[<table><tr><td><b>Station</b></td><td>RAGHUNATHPUR</td></tr><tr><td><b>District</b></td><td>MAHENDRAGARH</td></tr><tr><td><b>Status</b></td><td>Closed</td></tr><tr><td><b>Source</b></td><td>Mast</td></tr><tr><td><b>Commenced</b></td><td>2002-09-11</td></tr><tr><td><b>Closed</b></td><td>2004-03-17</td></tr><tr><td><b>Mast height (m)</b></td><td>25</td></tr><tr><td><b>Elevation (m)</b></td><td>295</td></tr><tr><td><b>Mean wind speed (m/s)</b></td><td>2.81</td></tr><tr><td><b>Wind power density (W/m2)</b></td><td>30</td></tr><tr><td><b>PDF page</b></td><td>11</td></tr></table>]]></description><TimeSpan><begin>2002-09-11</begin><end>2004-03-17</end></TimeSpan><styleUrl>#Closed</styleUrl><Point><coordinates>76.179167,28.082222,0</coordinates></Point></Placemark><Placemark><name>SILKHAH</name><description><![CDATA[<table><tr><td><b>Station</b></td><td>SILKHAH</td></tr><tr><td><b>District</b></td><td>GURGAON</td></tr><tr><td><b>Status</b></td><td>Closed</td></tr><tr><td><b>Source</b></td><td>Mast</td></tr><tr><td><b>Commenced</b></td><td>2004-05-06</td></tr><tr><td><b>Closed</b></td><td>2006-05-03</td></tr><tr><td><b>Mast height (m)</b></td><td>50</td></tr><tr><td><b>Elevation (m)</b></td><td>350</td></tr><tr><td><b>Mean wind speed (m/s)</b></td><td>5.18</td></tr><tr><td><b>Wind power density (W/m2)</b></td><td>124</td></tr><tr><td><b>PDF page</b></td><td>11</td></tr></table>]]></description><TimeSpan><begin>2004-05-06</begin><end>2006-05-03</end></TimeSpan><styleUrl>#Closed</styleUrl><Point><coordinates>76.968056,28.149167,0</coordinates></Point></Placemark><Placemark><name>BAHLON</name><description><![CDATA[<table><tr><td><b>Station</b></td><td>BAHLON</td></tr><tr><td><b>District</b></td><td>PANCHKULA</td></tr><tr><td><b>Status</b></td><td>Closed</td></tr><tr><td><b>Source</b></td><td>Mast</td></tr><tr><td><b>Commenced</b></td><td>2007-12-23</td></tr><tr><td><b>Closed</b></td><td>2009-12-17</td></tr><tr><td><b>Mast height (m)</b></td><td>50</td></tr><tr><td><b>Elevation (m)</b></td><td>1105</td></tr><tr><td><b>Mean wind speed (m/s)</b></td><td>3.67</td></tr><tr><td><b>Wind power density (W/m2)</b></td><td>57.11</td></tr><tr><td><b>PDF page</b></td><td>11</td></tr></table>]]></description><TimeSpan><begin>2007-12-23</begin><end>2009-12-17</end></TimeSpan><styleUrl>#Closed</styleUrl><Point><coordinates>77.075833,30.697222,0</coordinates></Point></Placemark><Placemark><name>ISLAMPURA</name><description><![CDATA[<table><tr><td><b>Station</b></td><td>ISLAMPURA</td></tr><tr><td><b>District</b></td><td>MAHENDRAGARH</td></tr><tr><td><b>Status</b></td><td>Closed</td></tr><tr><td><b>Source</b></td><td>Mast</td></tr><tr><td><b>Commenced</b></td><td>2008-05-09</td></tr><tr><td><b>Closed</b></td><td>2010-06-30</td></tr><tr><td><b>Mast height (m)</b></td><td>50</td></tr><tr><td><b>Elevation (m)</b></td><td>351</td></tr><tr><td><b>Mean wind speed (m/s)</b></td><td>3.35</td></tr><tr><td><b>Wind power density (W/m2)</b></td><td>48.83</td></tr><tr><td><b>PDF page</b></td><td>11</td></tr></table>]]></description><TimeSpan><begin>2008-05-09</begin><end>2010-06-30</end></TimeSpan><styleUrl>#Closed</styleUrl><Point><coordinates>76.033889,27.910833,0</coordinates></Point></Placemark></Folder><Folder><name>HIMACHAL PRADESH (6)</name><Placemark><name>CHURAG</name><description><![CDATA[<table><tr><td><b>Station</b></td><td>CHURAG</td></tr><tr><td><b>District</b></td><td>MANDI</td></tr><tr><td><b>Status</b></td><td>Closed</td></tr><tr><td><b>Source</b></td><td>Mast</td></tr><tr><td><b>Commenced</b></td><td>1994-10-10</td></tr><tr><td><b>Closed</b></td><td>1995-11-30</td></tr><tr><td><b>Mast height (m)</b></td><td>25</td></tr><tr><td><b>Elevation (m)</b></td><td>1874</td></tr><tr><td><b>Mean wind speed (m/s)</b></td><td>3.37</td></tr><tr><td><b>Wind power density (W/m2)</b></td><td>50.2</td></tr><tr><td><b>PDF page</b></td><td>10</td></tr></table>]]></description><TimeSpan><begin>1994-10-10</begin><end>1995-11-30</end></TimeSpan><styleUrl>#Closed</styleUrl><Point><coordinates>77.158611,31.343611,0</coordinates></Point></Placemark><Placemark><name>JAWALI</name><description><![CDATA[<table><tr><td><b>Station</b></td><td>JAWALI</td></tr><tr><td><b>District</b></td><td>KANGRA</td></tr><tr><td><b>Status</b></td><td>Closed</td></tr><tr><td><b>Source</b></td><td>Mast</td></tr><tr><td><b>Commenced</b></td><td>2000-11-26</td></tr><tr><td><b>Closed</b></td><td>2003-01-20</td></tr><tr><td><b>Mast height (m)</b></td><td>25</td></tr><tr><td><b>Elevation (m)</b></td><td>420</td></tr><tr><td><b>Mean wind speed (m/s)</b></td><td>1.53</td></tr><tr><td><b>Wind power density (W/m2)</b></td><td>5</td></tr><tr><td><b>PDF page</b></td><td>10</td></tr></table>]]></description><TimeSpan><begin>2000-11-26</begin><end>2003-01-20</end></TimeSpan><styleUrl>#Closed</styleUrl><Point><coordinates>76.014167,32.136389,0</coordinates></Point></Placemark><Placemark><name>KAHAN</name><description><![CDATA[<table><tr><td><b>Station</b></td><td>KAHAN</td></tr><tr><td><b>District</b></td><td>SIRMUR</td></tr><tr><td><b>Status</b></td><td>Closed</td></tr><tr><td><b>Source</b></td><td>Mast</td></tr><tr><td><b>Commenced</b></td><td>1994-12-14</td></tr><tr><td><b>Closed</b></td><td>1996-11-30</td></tr><tr><td><b>Mast height (m)</b></td><td>25</td></tr><tr><td><b>Elevation (m)</b></td><td>1510</td></tr><tr><td><b>Mean wind speed (m/s)</b></td><td>4.22</td></tr><tr><td><b>Wind power density (W/m2)</b></td><td>92.7</td></tr><tr><td><b>PDF page</b></td><td>10</td></tr></table>]]></description><TimeSpan><begin>1994-12-14</begin><end>1996-11-30</end></TimeSpan><styleUrl>#Closed</styleUrl><Point><coordinates>77.214392,30.713789,0</coordinates></Point></Placemark><Placemark><name>SHATDHAR</name><description><![CDATA[<table><tr><td><b>Station</b></td><td>SHATDHAR</td></tr><tr><td><b>District</b></td><td>KULLU</td></tr><tr><td><b>Status</b></td><td>Closed</td></tr><tr><td><b>Source</b></td><td>Mast</td></tr><tr><td><b>Commenced</b></td><td>1994-06-16</td></tr><tr><td><b>Closed</b></td><td>1995-08-05</td></tr><tr><td><b>Mast height (m)</b></td><td>25</td></tr><tr><td><b>Elevation (m)</b></td><td>1279</td></tr><tr><td><b>Mean wind speed (m/s)</b></td><td>1.83</td></tr><tr><td><b>Wind power density (W/m2)</b></td><td>37.6</td></tr><tr><td><b>PDF page</b></td><td>10</td></tr></table>]]></description><TimeSpan><begin>1994-06-16</begin><end>1995-08-05</end></TimeSpan><styleUrl>#Closed</styleUrl><Point><coordinates>77.620278,31.406389,0</coordinates></Point></Placemark><Placemark><name>SOLAN</name><description><![CDATA[<table><tr><td><b>Station</b></td><td>SOLAN</td></tr><tr><td><b>District</b></td><td>SOLAN</td></tr><tr><td><b>Status</b></td><td>Closed</td></tr><tr><td><b>Source</b></td><td>Mast</td></tr><tr><td><b>Commenced</b></td><td>1995-04-06</td></tr><tr><td><b>Closed</b></td><td>1996-08-01</td></tr><tr><td><b>Mast height (m)</b></td><td>25</td></tr><tr><td><b>Elevation (m)</b></td><td>1478</td></tr><tr><td><b>Mean wind speed (m/s)</b></td><td>2.88</td></tr><tr><td><b>Wind power density (W/m2)</b></td><td>24.8</td></tr><tr><td><b>PDF page</b></td><td>10</td></tr></table>]]></description><TimeSpan><begin>1995-04-06</begin><end>1996-08-01</end></TimeSpan><styleUrl>#Closed</styleUrl><Point><coordinates>77.108036,30.915572,0</coordinates></Point></Placemark><Placemark><name>SARKIDHAR</name><description><![CDATA[<table><tr><td><b>Station</b></td><td>SARKIDHAR</td></tr><tr><td><b>District</b></td><td>MANDI</td></tr><tr><td><b>Status</b></td><td>Closed</td></tr><tr><td><b>Source</b></td><td>Mast</td></tr><tr><td><b>Commenced</b></td><td>2007-12-18</td></tr><tr><td><b>Closed</b></td><td>2009-12-31</td></tr><tr><td><b>Mast height (m)</b></td><td>50</td></tr><tr><td><b>Elevation (m)</b></td><td>1788</td></tr><tr><td><b>Mean wind speed (m/s)</b></td><td>3.4</td></tr><tr><td><b>Wind power density (W/m2)</b></td><td>47.61</td></tr><tr><td><b>PDF page</b></td><td>10</td></tr></table>]]></description><TimeSpan><begin>2007-12-18</begin><end>2009-12-31</end></TimeSpan><styleUrl>#Closed</styleUrl><Point><coordinates>76.819167,31.633056,0</coordinates></Point></Placemark></Folder><Folder><name>JAMMU &amp; KASHMIR (8)</name><Placemark><name>BIDDA</name><description><![CDATA[<table><tr><td><b>Station</b></td><td>BIDDA</td></tr><tr><td><b>District</b></td><td>REASI</td></tr><tr><td><b>Status</b></td><td>Closed</td></tr><tr><td><b>Source</b></td><td>Mast</td></tr><tr><td><b>Commenced</b></td><td>2008-06-22</td></tr><tr><td><b>Closed</b></td><td>2013-03-26</td></tr><tr><td><b>Mast height (m)</b></td><td>50</td></tr><tr><td><b>Elevation (m)</b></td><td>754</td></tr><tr><td><b>Mean wind speed (m/s)</b></td><td>6.89</td></tr><tr><td><b>Wind power density (W/m2)</b></td><td>336</td></tr><tr><td><b>PDF page</b></td><td>11</td></tr></table>]]></description><TimeSpan><begin>2008-06-22</begin><end>2013-03-26</end></TimeSpan><styleUrl>#Closed</styleUrl><Point><coordinates>74.821131,33.120194,0</coordinates></Point></Placemark><Placemark><name>IJARA</name><description><![CDATA[<table><tr><td><b>Station</b></td><td>IJARA</td></tr><tr><td><b>District</b></td><td>BARAMULA</td></tr><tr><td><b>Status</b></td><td>Closed</td></tr><tr><td><b>Source</b></td><td>Mast</td></tr><tr><td><b>Commenced</b></td><td>2008-06-25</td></tr><tr><td><b>Closed</b></td><td>2010-06-30</td></tr><tr><td><b>Mast height (m)</b></td><td>50</td></tr><tr><td><b>Elevation (m)</b></td><td>1662</td></tr><tr><td><b>Mean wind speed (m/s)</b></td><td>4.44</td></tr><tr><td><b>Wind power density (W/m2)</b></td><td>94.04</td></tr><tr><td><b>PDF page</b></td><td>11</td></tr></table>]]></description><TimeSpan><begin>2008-06-25</begin><end>2010-06-30</end></TimeSpan><styleUrl>#Closed</styleUrl><Point><coordinates>74.230833,34.170833,0</coordinates></Point></Placemark><Placemark><name>PIR KI GALI</name><description><![CDATA[<table><tr><td><b>Station</b></td><td>PIR KI GALI</td></tr><tr><td><b>District</b></td><td>POONCH</td></tr><tr><td><b>Status</b></td><td>Closed</td></tr><tr><td><b>Source</b></td><td>Mast</td></tr><tr><td><b>Commenced</b></td><td>2010-10-13</td></tr><tr><td><b>Closed</b></td><td>2013-03-26</td></tr><tr><td><b>Mast height (m)</b></td><td>50</td></tr><tr><td><b>Elevation (m)</b></td><td>3490</td></tr><tr><td><b>Mean wind speed (m/s)</b></td><td>4.52</td></tr><tr><td><b>Wind power density (W/m2)</b></td><td>95.68</td></tr><tr><td><b>PDF page</b></td><td>11</td></tr></table>]]></description><TimeSpan><begin>2010-10-13</begin><end>2013-03-26</end></TimeSpan><styleUrl>#Closed</styleUrl><Point><coordinates>74.519667,33.628611,0</coordinates></Point></Placemark><Placemark><name>PATNITOP</name><description><![CDATA[<table><tr><td><b>Station</b></td><td>PATNITOP</td></tr><tr><td><b>District</b></td><td>UDHAMPUR</td></tr><tr><td><b>Status</b></td><td>Closed</td></tr><tr><td><b>Source</b></td><td>Mast</td></tr><tr><td><b>Commenced</b></td><td>2010-10-18</td></tr><tr><td><b>Closed</b></td><td>2013-03-26</td></tr><tr><td><b>Mast height (m)</b></td><td>50</td></tr><tr><td><b>Elevation (m)</b></td><td>2470</td></tr><tr><td><b>Mean wind speed (m/s)</b></td><td>3.01</td></tr><tr><td><b>Wind power density (W/m2)</b></td><td>36.84</td></tr><tr><td><b>PDF page</b></td><td>11</td></tr></table>]]></description><TimeSpan><begin>2010-10-18</begin><end>2013-03-26</end></TimeSpan><styleUrl>#Closed</styleUrl><Point><coordinates>75.26825,33.095806,0</coordinates></Point></Placemark><Placemark><name>KANGAN</name><description><![CDATA[<table><tr><td><b>Station</b></td><td>KANGAN</td></tr><tr><td><b>District</b></td><td>GANDERBAL</td></tr><tr><td><b>Status</b></td><td>Closed</td></tr><tr><td><b>Source</b></td><td>Mast</td></tr><tr><td><b>Commenced</b></td><td>2011-04-27</td></tr><tr><td><b>Closed</b></td><td>2013-04-04</td></tr><tr><td><b>Mast height (m)</b></td><td>50</td></tr><tr><td><b>Elevation (m)</b></td><td>1919</td></tr><tr><td><b>Mean wind speed (m/s)</b></td><td>2.81</td></tr><tr><td><b>Wind power density (W/m2)</b></td><td>33.17</td></tr><tr><td><b>PDF page</b></td><td>11</td></tr></table>]]></description><TimeSpan><begin>2011-04-27</begin><end>2013-04-04</end></TimeSpan><styleUrl>#Closed</styleUrl><Point><coordinates>74.987333,34.2285,0</coordinates></Point></Placemark><Placemark><name>PARIHASPORA</name><description><![CDATA[<table><tr><td><b>Station</b></td><td>PARIHASPORA</td></tr><tr><td><b>District</b></td><td>BARAMULA</td></tr><tr><td><b>Status</b></td><td>Closed</td></tr><tr><td><b>Source</b></td><td>Mast</td></tr><tr><td><b>Commenced</b></td><td>2011-04-30</td></tr><tr><td><b>Closed</b></td><td>2013-04-04</td></tr><tr><td><b>Mast height (m)</b></td><td>50</td></tr><tr><td><b>Elevation (m)</b></td><td>1632</td></tr><tr><td><b>PDF page</b></td><td>11</td></tr></table>]]></description><TimeSpan><begin>2011-04-30</begin><end>2013-04-04</end></TimeSpan><styleUrl>#Closed</styleUrl><Point><coordinates>74.632917,34.153694,0</coordinates></Point></Placemark><Placemark><name>GULMARG</name><description><![CDATA[<table><tr><td><b>Station</b></td><td>GULMARG</td></tr><tr><td><b>District</b></td><td>BARAMULA</td></tr><tr><td><b>Status</b></td><td>Closed</td></tr><tr><td><b>Source</b></td><td>Mast</td></tr><tr><td><b>Commenced</b></td><td>2011-05-03</td></tr><tr><td><b>Closed</b></td><td>2014-02-18</td></tr><tr><td><b>Mast height (m)</b></td><td>50</td></tr><tr><td><b>Elevation (m)</b></td><td>2673</td></tr><tr><td><b>PDF page</b></td><td>11</td></tr></table>]]></description><TimeSpan><begin>2011-05-03</begin><end>2014-02-18</end></TimeSpan><styleUrl>#Closed</styleUrl><Point><coordinates>74.395083,34.057611,0</coordinates></Point></Placemark><Placemark><name>UPLINA</name><description><![CDATA[<table><tr><td><b>Station</b></td><td>UPLINA</td></tr><tr><td><b>District</b></td><td>BARAMULA</td></tr><tr><td><b>Status</b></td><td>Closed</td></tr><tr><td><b>Source</b></td><td>Mast</td></tr><tr><td><b>Commenced</b></td><td>2011-05-05</td></tr><tr><td><b>Closed</b></td><td>2014-02-18</td></tr><tr><td><b>Mast height (m)</b></td><td>50</td></tr><tr><td><b>Elevation (m)</b></td><td>1834</td></tr><tr><td><b>PDF page</b></td><td>11</td></tr></table>]]></description><TimeSpan><begin>2011-05-05</begin><end>2014-02-18</end></TimeSpan><styleUrl>#Closed</styleUrl><Point><coordinates>74.393389,34.199333,0</coordinates></Point></Placemark></Folder><Folder><name>JHARKHAND (3)</name><Placemark><name>PITHAURIA</name><description><![CDATA[<table><tr><td><b>Station</b></td><td>PITHAURIA</td></tr><tr><td><b>District</b></td><td>RANCHI</td></tr><tr><td><b>Status</b></td><td>Closed</td></tr><tr><td><b>Source</b></td><td>Mast</td></tr><tr><td><b>Commenced</b></td><td>2004-04-30</td></tr><tr><td><b>Closed</b></td><td>2006-11-01</td></tr><tr><td><b>Mast height (m)</b></td><td>50</td></tr><tr><td><b>Elevation (m)</b></td><td>688</td></tr><tr><td><b>Mean wind speed (m/s)</b></td><td>4.41</td></tr><tr><td><b>Wind power density (W/m2)</b></td><td>78</td></tr><tr><td><b>PDF page</b></td><td>11</td></tr></table>]]></description><TimeSpan><begin>2004-04-30</begin><end>2006-11-01</end></TimeSpan><styleUrl>#Closed</styleUrl><Point><coordinates>85.3075,23.522222,0</coordinates></Point></Placemark><Placemark><name>SHAKHUWAPANI</name><description><![CDATA[<table><tr><td><b>Station</b></td><td>SHAKHUWAPANI</td></tr><tr><td><b>District</b></td><td>GUMLA</td></tr><tr><td><b>Status</b></td><td>Closed</td></tr><tr><td><b>Source</b></td><td>Mast</td></tr><tr><td><b>Commenced</b></td><td>2009-02-20</td></tr><tr><td><b>Closed</b></td><td>2011-03-16</td></tr><tr><td><b>Mast height (m)</b></td><td>50</td></tr><tr><td><b>Elevation (m)</b></td><td>1094</td></tr><tr><td><b>Mean wind speed (m/s)</b></td><td>4.29</td></tr><tr><td><b>Wind power density (W/m2)</b></td><td>63</td></tr><tr><td><b>PDF page</b></td><td>11</td></tr></table>]]></description><TimeSpan><begin>2009-02-20</begin><end>2011-03-16</end></TimeSpan><styleUrl>#Closed</styleUrl><Point><coordinates>84.257917,23.3405,0</coordinates></Point></Placemark><Placemark><name>METRAMETA</name><description><![CDATA[<table><tr><td><b>Station</b></td><td>METRAMETA</td></tr><tr><td><b>District</b></td><td>SIMDEGA</td></tr><tr><td><b>Status</b></td><td>Closed</td></tr><tr><td><b>Source</b></td><td>Mast</td></tr><tr><td><b>Commenced</b></td><td>2009-02-22</td></tr><tr><td><b>Closed</b></td><td>2011-11-30</td></tr><tr><td><b>Mast height (m)</b></td><td>50</td></tr><tr><td><b>Elevation (m)</b></td><td>433</td></tr><tr><td><b>Mean wind speed (m/s)</b></td><td>3.11</td></tr><tr><td><b>Wind power density (W/m2)</b></td><td>32.36</td></tr><tr><td><b>PDF page</b></td><td>11</td></tr></table>]]></description><TimeSpan><begin>2009-02-22</begin><end>2011-11-30</end></TimeSpan><styleUrl>#Closed</styleUrl><Point><coordinates>84.486944,22.581389,0</coordinates></Point></Placemark></Folder><Folder><name>KARNATAKA (76)</name><Placemark><name>AMGARHALLI</name><description><![CDATA[<table><tr><td><b>Station</b></td><td>AMGARHALLI</td></tr><tr><td><b>District</b></td><td>KOLAR</td></tr><tr><td><b>Status</b></td><td>Closed</td></tr><tr><td><b>Source</b></td><td>Mast</td></tr><tr><td><b>Commenced</b></td><td>1998-10-08</td></tr><tr><td><b>Closed</b></td><td>1999-12-17</td></tr><tr><td><b>Mast height (m)</b></td><td>20</td></tr><tr><td><b>Elevation (m)</b></td><td>888</td></tr><tr><td><b>Mean wind speed (m/s)</b></td><td>4.32</td></tr><tr><td><b>Wind power density (W/m2)</b></td><td>89.2</td></tr><tr><td><b>PDF page</b></td><td>7</td></tr></table>]]></description><TimeSpan><begin>1998-10-08</begin><end>1999-12-17</end></TimeSpan><styleUrl>#Closed</styleUrl><Point><coordinates>77.878222,13.574167,0</coordinates></Point></Placemark><Placemark><name>B.B. HILLS</name><description><![CDATA[<table><tr><td><b>Station</b></td><td>B.B. HILLS</td></tr><tr><td><b>District</b></td><td>CHIKKAMAGALUR</td></tr><tr><td><b>Status</b></td><td>Closed</td></tr><tr><td><b>Source</b></td><td>Mast</td></tr><tr><td><b>Commenced</b></td><td>1990-10-19</td></tr><tr><td><b>Closed</b></td><td>1996-02-09</td></tr><tr><td><b>Mast height (m)</b></td><td>20</td></tr><tr><td><b>Elevation (m)</b></td><td>1830</td></tr><tr><td><b>Mean wind speed (m/s)</b></td><td>7.52</td></tr><tr><td><b>Wind power density (W/m2)</b></td><td>497.7</td></tr><tr><td><b>PDF page</b></td><td>7</td></tr></table>]]></description><TimeSpan><begin>1990-10-19</begin><end>1996-02-09</end></TimeSpan><styleUrl>#Closed</styleUrl><Point><coordinates>75.767778,13.426111,0</coordinates></Point></Placemark><Placemark><name>BADAVANAHALLI</name><description><![CDATA[<table><tr><td><b>Station</b></td><td>BADAVANAHALLI</td></tr><tr><td><b>District</b></td><td>TUMKUR</td></tr><tr><td><b>Status</b></td><td>Closed</td></tr><tr><td><b>Source</b></td><td>Mast</td></tr><tr><td><b>Commenced</b></td><td>1998-09-18</td></tr><tr><td><b>Closed</b></td><td>1999-10-26</td></tr><tr><td><b>Mast height (m)</b></td><td>20</td></tr><tr><td><b>Elevation (m)</b></td><td>770</td></tr><tr><td><b>Mean wind speed (m/s)</b></td><td>4.47</td></tr><tr><td><b>Wind power density (W/m2)</b></td><td>96.1</td></tr><tr><td><b>PDF page</b></td><td>7</td></tr></table>]]></description><TimeSpan><begin>1998-09-18</begin><end>1999-10-26</end></TimeSpan><styleUrl>#Closed</styleUrl><Point><coordinates>77.051117,13.699672,0</coordinates></Point></Placemark><Placemark><name>BOMMANAHALLI</name><description><![CDATA[<table><tr><td><b>Station</b></td><td>BOMMANAHALLI</td></tr><tr><td><b>District</b></td><td>TUMKUR</td></tr><tr><td><b>Status</b></td><td>Closed</td></tr><tr><td><b>Source</b></td><td>Mast</td></tr><tr><td><b>Commenced</b></td><td>1989-10-09</td></tr><tr><td><b>Closed</b></td><td>1993-09-25</td></tr><tr><td><b>Mast height (m)</b></td><td>20</td></tr><tr><td><b>Elevation (m)</b></td><td>935</td></tr><tr><td><b>Mean wind speed (m/s)</b></td><td>5.03</td></tr><tr><td><b>Wind power density (W/m2)</b></td><td>128.3</td></tr><tr><td><b>PDF page</b></td><td>7</td></tr></table>]]></description><TimeSpan><begin>1989-10-09</begin><end>1993-09-25</end></TimeSpan><styleUrl>#Closed</styleUrl><Point><coordinates>76.613069,13.290886,0</coordinates></Point></Placemark><Placemark><name>BYNDOOR</name><description><![CDATA[<table><tr><td><b>Station</b></td><td>BYNDOOR</td></tr><tr><td><b>District</b></td><td>UTTARA KANNADA</td></tr><tr><td><b>Status</b></td><td>Closed</td></tr><tr><td><b>Source</b></td><td>Mast</td></tr><tr><td><b>Commenced</b></td><td>1990-02-02</td></tr><tr><td><b>Closed</b></td><td>1992-08-24</td></tr><tr><td><b>Mast height (m)</b></td><td>20</td></tr><tr><td><b>Elevation (m)</b></td><td>75</td></tr><tr><td><b>Mean wind speed (m/s)</b></td><td>3.31</td></tr><tr><td><b>Wind power density (W/m2)</b></td><td>47.9</td></tr><tr><td><b>PDF page</b></td><td>7</td></tr></table>]]></description><TimeSpan><begin>1990-02-02</begin><end>1992-08-24</end></TimeSpan><styleUrl>#Closed</styleUrl><Point><coordinates>74.613806,13.876167,0</coordinates></Point></Placemark><Placemark><name>CHALAMATTI</name><description><![CDATA[<table><tr><td><b>Station</b></td><td>CHALAMATTI</td></tr><tr><td><b>District</b></td><td>DHARWAD</td></tr><tr><td><b>Status</b></td><td>Closed</td></tr><tr><td><b>Source</b></td><td>Mast</td></tr><tr><td><b>Commenced</b></td><td>1998-09-21</td></tr><tr><td><b>Closed</b></td><td>2000-11-27</td></tr><tr><td><b>Mast height (m)</b></td><td>20</td></tr><tr><td><b>Elevation (m)</b></td><td>705</td></tr><tr><td><b>Mean wind speed (m/s)</b></td><td>5.79</td></tr><tr><td><b>Wind power density (W/m2)</b></td><td>189.2</td></tr><tr><td><b>PDF page</b></td><td>7</td></tr></table>]]></description><TimeSpan><begin>1998-09-21</begin><end>2000-11-27</end></TimeSpan><styleUrl>#Closed</styleUrl><Point><coordinates>75.049722,15.295,0</coordinates></Point></Placemark><Placemark><name>CHANNAVADAYANPURA</name><description><![CDATA[<table><tr><td><b>Station</b></td><td>CHANNAVADAYANPURA</td></tr><tr><td><b>District</b></td><td>CHAMARAJA NAGAR</td></tr><tr><td><b>Status</b></td><td>Closed</td></tr><tr><td><b>Source</b></td><td>Mast</td></tr><tr><td><b>Commenced</b></td><td>2000-09-15</td></tr><tr><td><b>Closed</b></td><td>2003-03-15</td></tr><tr><td><b>Mast height (m)</b></td><td>25</td></tr><tr><td><b>Elevation (m)</b></td><td>938</td></tr><tr><td><b>Mean wind speed (m/s)</b></td><td>5.66</td></tr><tr><td><b>Wind power density (W/m2)</b></td><td>154</td></tr><tr><td><b>PDF page</b></td><td>7</td></tr></table>]]></description><TimeSpan><begin>2000-09-15</begin><end>2003-03-15</end></TimeSpan><styleUrl>#Closed</styleUrl><Point><coordinates>76.607278,11.955917,0</coordinates></Point></Placemark><Placemark><name>CHIKKODI</name><description><![CDATA[<table><tr><td><b>Station</b></td><td>CHIKKODI</td></tr><tr><td><b>District</b></td><td>BELGAUM</td></tr><tr><td><b>Status</b></td><td>Closed</td></tr><tr><td><b>Source</b></td><td>Mast</td></tr><tr><td><b>Commenced</b></td><td>1993-08-07</td></tr><tr><td><b>Closed</b></td><td>2011-03-19</td></tr><tr><td><b>Mast height (m)</b></td><td>25</td></tr><tr><td><b>Elevation (m)</b></td><td>760</td></tr><tr><td><b>Mean wind speed (m/s)</b></td><td>6.44</td></tr><tr><td><b>Wind power density (W/m2)</b></td><td>263.5</td></tr><tr><td><b>PDF page</b></td><td>7</td></tr></table>]]></description><TimeSpan><begin>1993-08-07</begin><end>2011-03-19</end></TimeSpan><styleUrl>#Closed</styleUrl><Point><coordinates>74.577778,16.418611,0</coordinates></Point></Placemark><Placemark><name>GODEKERE</name><description><![CDATA[<table><tr><td><b>Station</b></td><td>GODEKERE</td></tr><tr><td><b>District</b></td><td>TUMKUR</td></tr><tr><td><b>Status</b></td><td>Closed</td></tr><tr><td><b>Source</b></td><td>Mast</td></tr><tr><td><b>Commenced</b></td><td>1993-09-24</td></tr><tr><td><b>Closed</b></td><td>1996-09-30</td></tr><tr><td><b>Mast height (m)</b></td><td>25</td></tr><tr><td><b>Elevation (m)</b></td><td>976</td></tr><tr><td><b>Mean wind speed (m/s)</b></td><td>5.45</td></tr><tr><td><b>Wind power density (W/m2)</b></td><td>155</td></tr><tr><td><b>PDF page</b></td><td>7</td></tr></table>]]></description><TimeSpan><begin>1993-09-24</begin><end>1996-09-30</end></TimeSpan><styleUrl>#Closed</styleUrl><Point><coordinates>76.688861,13.364667,0</coordinates></Point></Placemark><Placemark><name>GOKAK</name><description><![CDATA[<table><tr><td><b>Station</b></td><td>GOKAK</td></tr><tr><td><b>District</b></td><td>BELGAUM</td></tr><tr><td><b>Status</b></td><td>Closed</td></tr><tr><td><b>Source</b></td><td>Mast</td></tr><tr><td><b>Commenced</b></td><td>1989-10-05</td></tr><tr><td><b>Closed</b></td><td>1994-11-27</td></tr><tr><td><b>Mast height (m)</b></td><td>20</td></tr><tr><td><b>Elevation (m)</b></td><td>730</td></tr><tr><td><b>Mean wind speed (m/s)</b></td><td>5.33</td></tr><tr><td><b>Wind power density (W/m2)</b></td><td>167.9</td></tr><tr><td><b>PDF page</b></td><td>7</td></tr></table>]]></description><TimeSpan><begin>1989-10-05</begin><end>1994-11-27</end></TimeSpan><styleUrl>#Closed</styleUrl><Point><coordinates>74.793711,16.172433,0</coordinates></Point></Placemark><Placemark><name>HANAMSAGAR</name><description><![CDATA[<table><tr><td><b>Station</b></td><td>HANAMSAGAR</td></tr><tr><td><b>District</b></td><td>KOPPAL</td></tr><tr><td><b>Status</b></td><td>Closed</td></tr><tr><td><b>Source</b></td><td>Mast</td></tr><tr><td><b>Commenced</b></td><td>1989-10-07</td></tr><tr><td><b>Closed</b></td><td>1994-11-24</td></tr><tr><td><b>Mast height (m)</b></td><td>20</td></tr><tr><td><b>Elevation (m)</b></td><td>722</td></tr><tr><td><b>Mean wind speed (m/s)</b></td><td>5.62</td></tr><tr><td><b>Wind power density (W/m2)</b></td><td>172.8</td></tr><tr><td><b>PDF page</b></td><td>7</td></tr></table>]]></description><TimeSpan><begin>1989-10-07</begin><end>1994-11-24</end></TimeSpan><styleUrl>#Closed</styleUrl><Point><coordinates>76.041733,15.882606,0</coordinates></Point></Placemark><Placemark><name>HANUMANHATTI</name><description><![CDATA[<table><tr><td><b>Station</b></td><td>HANUMANHATTI</td></tr><tr><td><b>District</b></td><td>BELGAUM</td></tr><tr><td><b>Status</b></td><td>Closed</td></tr><tr><td><b>Source</b></td><td>Mast</td></tr><tr><td><b>Commenced</b></td><td>1990-01-31</td></tr><tr><td><b>Closed</b></td><td>1995-01-26</td></tr><tr><td><b>Mast height (m)</b></td><td>20</td></tr><tr><td><b>Elevation (m)</b></td><td>895</td></tr><tr><td><b>Mean wind speed (m/s)</b></td><td>5.64</td></tr><tr><td><b>Wind power density (W/m2)</b></td><td>165</td></tr><tr><td><b>PDF page</b></td><td>7</td></tr></table>]]></description><TimeSpan><begin>1990-01-31</begin><end>1995-01-26</end></TimeSpan><styleUrl>#Closed</styleUrl><Point><coordinates>74.708611,15.891111,0</coordinates></Point></Placemark><Placemark><name>HARADENAHALLI</name><description><![CDATA[<table><tr><td><b>Station</b></td><td>HARADENAHALLI</td></tr><tr><td><b>District</b></td><td>HASSAN</td></tr><tr><td><b>Status</b></td><td>Closed</td></tr><tr><td><b>Source</b></td><td>Mast</td></tr><tr><td><b>Commenced</b></td><td>1992-12-23</td></tr><tr><td><b>Closed</b></td><td>1996-01-24</td></tr><tr><td><b>Mast height (m)</b></td><td>20</td></tr><tr><td><b>Elevation (m)</b></td><td>1042</td></tr><tr><td><b>Mean wind speed (m/s)</b></td><td>5.07</td></tr><tr><td><b>Wind power density (W/m2)</b></td><td>126.6</td></tr><tr><td><b>PDF page</b></td><td>7</td></tr></table>]]></description><TimeSpan><begin>1992-12-23</begin><end>1996-01-24</end></TimeSpan><styleUrl>#Closed</styleUrl><Point><coordinates>76.213889,12.861694,0</coordinates></Point></Placemark><Placemark><name>HORTI</name><description><![CDATA[<table><tr><td><b>Station</b></td><td>HORTI</td></tr><tr><td><b>District</b></td><td>BIJAPUR</td></tr><tr><td><b>Status</b></td><td>Closed</td></tr><tr><td><b>Source</b></td><td>Mast</td></tr><tr><td><b>Commenced</b></td><td>1993-07-07</td></tr><tr><td><b>Closed</b></td><td>1999-07-16</td></tr><tr><td><b>Mast height (m)</b></td><td>25</td></tr><tr><td><b>Elevation (m)</b></td><td>633</td></tr><tr><td><b>Mean wind speed (m/s)</b></td><td>5.5</td></tr><tr><td><b>Wind power density (W/m2)</b></td><td>172.6</td></tr><tr><td><b>PDF page</b></td><td>7</td></tr></table>]]></description><TimeSpan><begin>1993-07-07</begin><end>1999-07-16</end></TimeSpan><styleUrl>#Closed</styleUrl><Point><coordinates>75.724167,17.119444,0</coordinates></Point></Placemark><Placemark><name>HULIHALLI</name><description><![CDATA[<table><tr><td><b>Station</b></td><td>HULIHALLI</td></tr><tr><td><b>District</b></td><td>HASSAN</td></tr><tr><td><b>Status</b></td><td>Closed</td></tr><tr><td><b>Source</b></td><td>Mast</td></tr><tr><td><b>Commenced</b></td><td>1998-09-17</td></tr><tr><td><b>Closed</b></td><td>1999-10-27</td></tr><tr><td><b>Mast height (m)</b></td><td>20</td></tr><tr><td><b>Elevation (m)</b></td><td>1026</td></tr><tr><td><b>Mean wind speed (m/s)</b></td><td>4.72</td></tr><tr><td><b>Wind power density (W/m2)</b></td><td>92.3</td></tr><tr><td><b>PDF page</b></td><td>7</td></tr></table>]]></description><TimeSpan><begin>1998-09-17</begin><end>1999-10-27</end></TimeSpan><styleUrl>#Closed</styleUrl><Point><coordinates>76.087889,12.896528,0</coordinates></Point></Placemark><Placemark><name>JOGIMATTI</name><description><![CDATA[<table><tr><td><b>Station</b></td><td>JOGIMATTI</td></tr><tr><td><b>District</b></td><td>CHITRADURGA</td></tr><tr><td><b>Status</b></td><td>Closed</td></tr><tr><td><b>Source</b></td><td>Mast</td></tr><tr><td><b>Commenced</b></td><td>1989-10-08</td></tr><tr><td><b>Closed</b></td><td>2009-11-30</td></tr><tr><td><b>Mast height (m)</b></td><td>20</td></tr><tr><td><b>Elevation (m)</b></td><td>1132</td></tr><tr><td><b>Mean wind speed (m/s)</b></td><td>8.33</td></tr><tr><td><b>Wind power density (W/m2)</b></td><td>497.7</td></tr><tr><td><b>PDF page</b></td><td>7</td></tr></table>]]></description><TimeSpan><begin>1989-10-08</begin><end>2009-11-30</end></TimeSpan><styleUrl>#Closed</styleUrl><Point><coordinates>76.398889,14.163611,0</coordinates></Point></Placemark><Placemark><name>KAMALAPUR</name><description><![CDATA[<table><tr><td><b>Station</b></td><td>KAMALAPUR</td></tr><tr><td><b>District</b></td><td>GULBURGA</td></tr><tr><td><b>Status</b></td><td>Closed</td></tr><tr><td><b>Source</b></td><td>Mast</td></tr><tr><td><b>Commenced</b></td><td>2004-06-06</td></tr><tr><td><b>Closed</b></td><td>2007-03-31</td></tr><tr><td><b>Mast height (m)</b></td><td>50</td></tr><tr><td><b>Elevation (m)</b></td><td>535</td></tr><tr><td><b>Mean wind speed (m/s)</b></td><td>5.19</td></tr><tr><td><b>Wind power density (W/m2)</b></td><td>128</td></tr><tr><td><b>PDF page</b></td><td>7</td></tr></table>]]></description><TimeSpan><begin>2004-06-06</begin><end>2007-03-31</end></TimeSpan><styleUrl>#Closed</styleUrl><Point><coordinates>76.969444,17.59,0</coordinates></Point></Placemark><Placemark><name>KAPPATTAGUDA</name><description><![CDATA[<table><tr><td><b>Station</b></td><td>KAPPATTAGUDA</td></tr><tr><td><b>District</b></td><td>GADAG</td></tr><tr><td><b>Status</b></td><td>Closed</td></tr><tr><td><b>Source</b></td><td>Mast</td></tr><tr><td><b>Commenced</b></td><td>2000-09-22</td></tr><tr><td><b>Closed</b></td><td>2003-03-13</td></tr><tr><td><b>Mast height (m)</b></td><td>25</td></tr><tr><td><b>Elevation (m)</b></td><td>976</td></tr><tr><td><b>Mean wind speed (m/s)</b></td><td>6.92</td></tr><tr><td><b>Wind power density (W/m2)</b></td><td>311</td></tr><tr><td><b>PDF page</b></td><td>7</td></tr></table>]]></description><TimeSpan><begin>2000-09-22</begin><end>2003-03-13</end></TimeSpan><styleUrl>#Closed</styleUrl><Point><coordinates>75.714886,15.246031,0</coordinates></Point></Placemark><Placemark><name>KHAMKARKATTI</name><description><![CDATA[<table><tr><td><b>Station</b></td><td>KHAMKARKATTI</td></tr><tr><td><b>District</b></td><td>BELGAUM</td></tr><tr><td><b>Status</b></td><td>Closed</td></tr><tr><td><b>Source</b></td><td>Mast</td></tr><tr><td><b>Commenced</b></td><td>1993-07-09</td></tr><tr><td><b>Closed</b></td><td>1999-07-15</td></tr><tr><td><b>Mast height (m)</b></td><td>25</td></tr><tr><td><b>Elevation (m)</b></td><td>846</td></tr><tr><td><b>Mean wind speed (m/s)</b></td><td>5.78</td></tr><tr><td><b>Wind power density (W/m2)</b></td><td>158.5</td></tr><tr><td><b>PDF page</b></td><td>7</td></tr></table>]]></description><TimeSpan><begin>1993-07-09</begin><end>1999-07-15</end></TimeSpan><styleUrl>#Closed</styleUrl><Point><coordinates>74.607372,15.788517,0</coordinates></Point></Placemark><Placemark><name>KHANDERAYANAHALLI</name><description><![CDATA[<table><tr><td><b>Station</b></td><td>KHANDERAYANAHALLI</td></tr><tr><td><b>District</b></td><td>HAVERI</td></tr><tr><td><b>Status</b></td><td>Closed</td></tr><tr><td><b>Source</b></td><td>Mast</td></tr><tr><td><b>Commenced</b></td><td>1993-07-11</td></tr><tr><td><b>Closed</b></td><td>1997-12-11</td></tr><tr><td><b>Mast height (m)</b></td><td>25</td></tr><tr><td><b>Elevation (m)</b></td><td>604</td></tr><tr><td><b>Mean wind speed (m/s)</b></td><td>5.61</td></tr><tr><td><b>Wind power density (W/m2)</b></td><td>183.1</td></tr><tr><td><b>PDF page</b></td><td>7</td></tr></table>]]></description><TimeSpan><begin>1993-07-11</begin><end>1997-12-11</end></TimeSpan><styleUrl>#Closed</styleUrl><Point><coordinates>75.769353,14.58215,0</coordinates></Point></Placemark><Placemark><name>KONDLIBETTA</name><description><![CDATA[<table><tr><td><b>Station</b></td><td>KONDLIBETTA</td></tr><tr><td><b>District</b></td><td>HASSAN</td></tr><tr><td><b>Status</b></td><td>Closed</td></tr><tr><td><b>Source</b></td><td>Mast</td></tr><tr><td><b>Commenced</b></td><td>2000-09-16</td></tr><tr><td><b>Closed</b></td><td>2001-12-15</td></tr><tr><td><b>Mast height (m)</b></td><td>25</td></tr><tr><td><b>Elevation (m)</b></td><td>972</td></tr><tr><td><b>Mean wind speed (m/s)</b></td><td>4.87</td></tr><tr><td><b>Wind power density (W/m2)</b></td><td>116</td></tr><tr><td><b>PDF page</b></td><td>7</td></tr></table>]]></description><TimeSpan><begin>2000-09-16</begin><end>2001-12-15</end></TimeSpan><styleUrl>#Closed</styleUrl><Point><coordinates>76.0715,13.242639,0</coordinates></Point></Placemark><Placemark><name>MAJLAHATTI</name><description><![CDATA[<table><tr><td><b>Station</b></td><td>MAJLAHATTI</td></tr><tr><td><b>District</b></td><td>BELGAUM</td></tr><tr><td><b>Status</b></td><td>Closed</td></tr><tr><td><b>Source</b></td><td>Mast</td></tr><tr><td><b>Commenced</b></td><td>2005-01-15</td></tr><tr><td><b>Closed</b></td><td>2006-03-22</td></tr><tr><td><b>Mast height (m)</b></td><td>50</td></tr><tr><td><b>Elevation (m)</b></td><td>752</td></tr><tr><td><b>Mean wind speed (m/s)</b></td><td>5.77</td></tr><tr><td><b>Wind power density (W/m2)</b></td><td>163</td></tr><tr><td><b>Project type</b></td><td>Other project</td></tr><tr><td><b>PDF page</b></td><td>7</td></tr></table>]]></description><TimeSpan><begin>2005-01-15</begin><end>2006-03-22</end></TimeSpan><styleUrl>#Closed</styleUrl><Point><coordinates>74.547611,16.338333,0</coordinates></Point></Placemark><Placemark><name>MALGATTI</name><description><![CDATA[<table><tr><td><b>Station</b></td><td>MALGATTI</td></tr><tr><td><b>District</b></td><td>KOPPAL</td></tr><tr><td><b>Status</b></td><td>Closed</td></tr><tr><td><b>Source</b></td><td>Mast</td></tr><tr><td><b>Commenced</b></td><td>1989-10-06</td></tr><tr><td><b>Closed</b></td><td>1993-12-07</td></tr><tr><td><b>Mast height (m)</b></td><td>20</td></tr><tr><td><b>Elevation (m)</b></td><td>709</td></tr><tr><td><b>Mean wind speed (m/s)</b></td><td>5.37</td></tr><tr><td><b>Wind power density (W/m2)</b></td><td>156.1</td></tr><tr><td><b>PDF page</b></td><td>7</td></tr></table>]]></description><TimeSpan><begin>1989-10-06</begin><end>1993-12-07</end></TimeSpan><styleUrl>#Closed</styleUrl><Point><coordinates>75.897,15.813556,0</coordinates></Point></Placemark><Placemark><name>MANNIKERE</name><description><![CDATA[<table><tr><td><b>Station</b></td><td>MANNIKERE</td></tr><tr><td><b>District</b></td><td>BELGAUM</td></tr><tr><td><b>Status</b></td><td>Closed</td></tr><tr><td><b>Source</b></td><td>Mast</td></tr><tr><td><b>Commenced</b></td><td>1999-05-19</td></tr><tr><td><b>Closed</b></td><td>2001-08-17</td></tr><tr><td><b>Mast height (m)</b></td><td>20</td></tr><tr><td><b>Elevation (m)</b></td><td>923</td></tr><tr><td><b>Mean wind speed (m/s)</b></td><td>6.75</td></tr><tr><td><b>Wind power density (W/m2)</b></td><td>252</td></tr><tr><td><b>PDF page</b></td><td>7</td></tr></table>]]></description><TimeSpan><begin>1999-05-19</begin><end>2001-08-17</end></TimeSpan><styleUrl>#Closed</styleUrl><Point><coordinates>74.4725,15.972222,0</coordinates></Point></Placemark><Placemark><name>MAVINHUNDA</name><description><![CDATA[<table><tr><td><b>Station</b></td><td>MAVINHUNDA</td></tr><tr><td><b>District</b></td><td>BELGAUM</td></tr><tr><td><b>Status</b></td><td>Closed</td></tr><tr><td><b>Source</b></td><td>Mast</td></tr><tr><td><b>Commenced</b></td><td>1999-05-17</td></tr><tr><td><b>Closed</b></td><td>2001-08-19</td></tr><tr><td><b>Mast height (m)</b></td><td>25</td></tr><tr><td><b>Elevation (m)</b></td><td>780</td></tr><tr><td><b>Mean wind speed (m/s)</b></td><td>6</td></tr><tr><td><b>Wind power density (W/m2)</b></td><td>211.6</td></tr><tr><td><b>PDF page</b></td><td>7</td></tr></table>]]></description><TimeSpan><begin>1999-05-17</begin><end>2001-08-19</end></TimeSpan><styleUrl>#Closed</styleUrl><Point><coordinates>74.792778,16.419722,0</coordinates></Point></Placemark><Placemark><name>MURGOD</name><description><![CDATA[<table><tr><td><b>Station</b></td><td>MURGOD</td></tr><tr><td><b>District</b></td><td>BELGAUM</td></tr><tr><td><b>Status</b></td><td>Closed</td></tr><tr><td><b>Source</b></td><td>Mast</td></tr><tr><td><b>Commenced</b></td><td>1999-05-16</td></tr><tr><td><b>Closed</b></td><td>2000-09-23</td></tr><tr><td><b>Mast height (m)</b></td><td>20</td></tr><tr><td><b>Elevation (m)</b></td><td>791</td></tr><tr><td><b>Mean wind speed (m/s)</b></td><td>5.04</td></tr><tr><td><b>Wind power density (W/m2)</b></td><td>119.5</td></tr><tr><td><b>PDF page</b></td><td>8</td></tr></table>]]></description><TimeSpan><begin>1999-05-16</begin><end>2000-09-23</end></TimeSpan><styleUrl>#Closed</styleUrl><Point><coordinates>74.943778,15.876889,0</coordinates></Point></Placemark><Placemark><name>NARGUND</name><description><![CDATA[<table><tr><td><b>Station</b></td><td>NARGUND</td></tr><tr><td><b>District</b></td><td>GADAG</td></tr><tr><td><b>Status</b></td><td>Closed</td></tr><tr><td><b>Source</b></td><td>Mast</td></tr><tr><td><b>Commenced</b></td><td>2003-10-09</td></tr><tr><td><b>Closed</b></td><td>2005-01-20</td></tr><tr><td><b>Mast height (m)</b></td><td>25</td></tr><tr><td><b>Elevation (m)</b></td><td>786</td></tr><tr><td><b>Mean wind speed (m/s)</b></td><td>8.37</td></tr><tr><td><b>Wind power density (W/m2)</b></td><td>530</td></tr><tr><td><b>Project type</b></td><td>SNA project</td></tr><tr><td><b>PDF page</b></td><td>8</td></tr></table>]]></description><TimeSpan><begin>2003-10-09</begin><end>2005-01-20</end></TimeSpan><styleUrl>#Closed</styleUrl><Point><coordinates>75.375361,15.73575,0</coordinates></Point></Placemark><Placemark><name>NAVILTHIRTH DAM</name><description><![CDATA[<table><tr><td><b>Station</b></td><td>NAVILTHIRTH DAM</td></tr><tr><td><b>District</b></td><td>BELGAUM</td></tr><tr><td><b>Status</b></td><td>Closed</td></tr><tr><td><b>Source</b></td><td>Mast</td></tr><tr><td><b>Commenced</b></td><td>1993-07-06</td></tr><tr><td><b>Closed</b></td><td>1995-03-24</td></tr><tr><td><b>Mast height (m)</b></td><td>25</td></tr><tr><td><b>Elevation (m)</b></td><td>711</td></tr><tr><td><b>Mean wind speed (m/s)</b></td><td>4.43</td></tr><tr><td><b>Wind power density (W/m2)</b></td><td>87</td></tr><tr><td><b>PDF page</b></td><td>8</td></tr></table>]]></description><TimeSpan><begin>1993-07-06</begin><end>1995-03-24</end></TimeSpan><styleUrl>#Closed</styleUrl><Point><coordinates>75.115806,15.824278,0</coordinates></Point></Placemark><Placemark><name>NELAGANTI</name><description><![CDATA[<table><tr><td><b>Station</b></td><td>NELAGANTI</td></tr><tr><td><b>District</b></td><td>BELGAUM</td></tr><tr><td><b>Status</b></td><td>Closed</td></tr><tr><td><b>Source</b></td><td>Mast</td></tr><tr><td><b>Commenced</b></td><td>2001-01-25</td></tr><tr><td><b>Closed</b></td><td>2003-03-14</td></tr><tr><td><b>Mast height (m)</b></td><td>50</td></tr><tr><td><b>Elevation (m)</b></td><td>797</td></tr><tr><td><b>Mean wind speed (m/s)</b></td><td>4.78</td></tr><tr><td><b>Wind power density (W/m2)</b></td><td>136</td></tr><tr><td><b>PDF page</b></td><td>8</td></tr></table>]]></description><TimeSpan><begin>2001-01-25</begin><end>2003-03-14</end></TimeSpan><styleUrl>#Closed</styleUrl><Point><coordinates>74.707556,15.971222,0</coordinates></Point></Placemark><Placemark><name>RAMGAD</name><description><![CDATA[<table><tr><td><b>Station</b></td><td>RAMGAD</td></tr><tr><td><b>District</b></td><td>BELLARY</td></tr><tr><td><b>Status</b></td><td>Closed</td></tr><tr><td><b>Source</b></td><td>Mast</td></tr><tr><td><b>Commenced</b></td><td>2000-09-21</td></tr><tr><td><b>Closed</b></td><td>2003-03-13</td></tr><tr><td><b>Mast height (m)</b></td><td>25</td></tr><tr><td><b>Elevation (m)</b></td><td>963</td></tr><tr><td><b>Mean wind speed (m/s)</b></td><td>5.27</td></tr><tr><td><b>Wind power density (W/m2)</b></td><td>134</td></tr><tr><td><b>PDF page</b></td><td>8</td></tr></table>]]></description><TimeSpan><begin>2000-09-21</begin><end>2003-03-13</end></TimeSpan><styleUrl>#Closed</styleUrl><Point><coordinates>76.457028,15.13175,0</coordinates></Point></Placemark><Placemark><name>SANGUNDI</name><description><![CDATA[<table><tr><td><b>Station</b></td><td>SANGUNDI</td></tr><tr><td><b>District</b></td><td>BAGALKOT</td></tr><tr><td><b>Status</b></td><td>Closed</td></tr><tr><td><b>Source</b></td><td>Mast</td></tr><tr><td><b>Commenced</b></td><td>1991-07-06</td></tr><tr><td><b>Closed</b></td><td>1994-08-02</td></tr><tr><td><b>Mast height (m)</b></td><td>20</td></tr><tr><td><b>Elevation (m)</b></td><td>619</td></tr><tr><td><b>Mean wind speed (m/s)</b></td><td>5.19</td></tr><tr><td><b>Wind power density (W/m2)</b></td><td>152.7</td></tr><tr><td><b>PDF page</b></td><td>8</td></tr></table>]]></description><TimeSpan><begin>1991-07-06</begin><end>1994-08-02</end></TimeSpan><styleUrl>#Closed</styleUrl><Point><coordinates>75.734103,16.247861,0</coordinates></Point></Placemark><Placemark><name>SAUNDATTI</name><description><![CDATA[<table><tr><td><b>Station</b></td><td>SAUNDATTI</td></tr><tr><td><b>District</b></td><td>BELGAUM</td></tr><tr><td><b>Status</b></td><td>Closed</td></tr><tr><td><b>Source</b></td><td>Mast</td></tr><tr><td><b>Commenced</b></td><td>2000-02-28</td></tr><tr><td><b>Closed</b></td><td>2001-03-29</td></tr><tr><td><b>Mast height (m)</b></td><td>25</td></tr><tr><td><b>Elevation (m)</b></td><td>830</td></tr><tr><td><b>Mean wind speed (m/s)</b></td><td>5.28</td></tr><tr><td><b>Wind power density (W/m2)</b></td><td>126</td></tr><tr><td><b>PDF page</b></td><td>8</td></tr></table>]]></description><TimeSpan><begin>2000-02-28</begin><end>2001-03-29</end></TimeSpan><styleUrl>#Closed</styleUrl><Point><coordinates>75.132444,15.739222,0</coordinates></Point></Placemark><Placemark><name>SETTIGERE</name><description><![CDATA[<table><tr><td><b>Station</b></td><td>SETTIGERE</td></tr><tr><td><b>District</b></td><td>KOLAR</td></tr><tr><td><b>Status</b></td><td>Closed</td></tr><tr><td><b>Source</b></td><td>Mast</td></tr><tr><td><b>Commenced</b></td><td>2004-05-20</td></tr><tr><td><b>Closed</b></td><td>2007-03-31</td></tr><tr><td><b>Mast height (m)</b></td><td>50</td></tr><tr><td><b>Elevation (m)</b></td><td>964</td></tr><tr><td><b>Mean wind speed (m/s)</b></td><td>5.58</td></tr><tr><td><b>Wind power density (W/m2)</b></td><td>153</td></tr><tr><td><b>PDF page</b></td><td>8</td></tr></table>]]></description><TimeSpan><begin>2004-05-20</begin><end>2007-03-31</end></TimeSpan><styleUrl>#Closed</styleUrl><Point><coordinates>77.760833,13.551389,0</coordinates></Point></Placemark><Placemark><name>SOGI</name><description><![CDATA[<table><tr><td><b>Station</b></td><td>SOGI</td></tr><tr><td><b>District</b></td><td>BELLARY</td></tr><tr><td><b>Status</b></td><td>Closed</td></tr><tr><td><b>Source</b></td><td>Mast</td></tr><tr><td><b>Commenced</b></td><td>1999-05-21</td></tr><tr><td><b>Closed</b></td><td>2001-08-21</td></tr><tr><td><b>Mast height (m)</b></td><td>25</td></tr><tr><td><b>Elevation (m)</b></td><td>849</td></tr><tr><td><b>Mean wind speed (m/s)</b></td><td>6.61</td></tr><tr><td><b>Wind power density (W/m2)</b></td><td>246.2</td></tr><tr><td><b>PDF page</b></td><td>8</td></tr></table>]]></description><TimeSpan><begin>1999-05-21</begin><end>2001-08-21</end></TimeSpan><styleUrl>#Closed</styleUrl><Point><coordinates>75.97625,14.915806,0</coordinates></Point></Placemark><Placemark><name>SOMADEVARAHATTI</name><description><![CDATA[<table><tr><td><b>Station</b></td><td>SOMADEVARAHATTI</td></tr><tr><td><b>District</b></td><td>BIJAPUR</td></tr><tr><td><b>Status</b></td><td>Closed</td></tr><tr><td><b>Source</b></td><td>Mast</td></tr><tr><td><b>Commenced</b></td><td>1998-09-23</td></tr><tr><td><b>Closed</b></td><td>2000-11-25</td></tr><tr><td><b>Mast height (m)</b></td><td>20</td></tr><tr><td><b>Elevation (m)</b></td><td>640</td></tr><tr><td><b>Mean wind speed (m/s)</b></td><td>4.86</td></tr><tr><td><b>Wind power density (W/m2)</b></td><td>130.9</td></tr><tr><td><b>PDF page</b></td><td>8</td></tr></table>]]></description><TimeSpan><begin>1998-09-23</begin><end>2000-11-25</end></TimeSpan><styleUrl>#Closed</styleUrl><Point><coordinates>75.506917,16.890861,0</coordinates></Point></Placemark><Placemark><name>SUBRAMANYAHALLI</name><description><![CDATA[<table><tr><td><b>Station</b></td><td>SUBRAMANYAHALLI</td></tr><tr><td><b>District</b></td><td>BELLARY</td></tr><tr><td><b>Status</b></td><td>Closed</td></tr><tr><td><b>Source</b></td><td>Mast</td></tr><tr><td><b>Commenced</b></td><td>2000-09-20</td></tr><tr><td><b>Closed</b></td><td>2003-03-13</td></tr><tr><td><b>Mast height (m)</b></td><td>25</td></tr><tr><td><b>Elevation (m)</b></td><td>1026</td></tr><tr><td><b>Mean wind speed (m/s)</b></td><td>6.02</td></tr><tr><td><b>Wind power density (W/m2)</b></td><td>214</td></tr><tr><td><b>PDF page</b></td><td>8</td></tr></table>]]></description><TimeSpan><begin>2000-09-20</begin><end>2003-03-13</end></TimeSpan><styleUrl>#Closed</styleUrl><Point><coordinates>76.553056,15.010556,0</coordinates></Point></Placemark><Placemark><name>GOKARNA</name><description><![CDATA[<table><tr><td><b>Station</b></td><td>GOKARNA</td></tr><tr><td><b>District</b></td><td>UTTARA KANNADA</td></tr><tr><td><b>Status</b></td><td>Closed</td></tr><tr><td><b>Source</b></td><td>Mast</td></tr><tr><td><b>Commenced</b></td><td>2006-11-14</td></tr><tr><td><b>Closed</b></td><td>2001-03-29</td></tr><tr><td><b>Mast height (m)</b></td><td>50</td></tr><tr><td><b>Elevation (m)</b></td><td>49</td></tr><tr><td><b>Mean wind speed (m/s)</b></td><td>4.72</td></tr><tr><td><b>Wind power density (W/m2)</b></td><td>118</td></tr><tr><td><b>PDF page</b></td><td>8</td></tr></table>]]></description><TimeSpan><begin>2006-11-14</begin><end>2001-03-29</end></TimeSpan><styleUrl>#Closed</styleUrl><Point><coordinates>74.313056,14.532778,0</coordinates></Point></Placemark><Placemark><name>HUVILAMADI</name><description><![CDATA[<table><tr><td><b>Station</b></td><td>HUVILAMADI</td></tr><tr><td><b>District</b></td><td>UTTARA KANNADA</td></tr><tr><td><b>Status</b></td><td>Closed</td></tr><tr><td><b>Source</b></td><td>Mast</td></tr><tr><td><b>Commenced</b></td><td>2006-11-16</td></tr><tr><td><b>Closed</b></td><td>2009-03-31</td></tr><tr><td><b>Mast height (m)</b></td><td>50</td></tr><tr><td><b>Elevation (m)</b></td><td>61</td></tr><tr><td><b>Mean wind speed (m/s)</b></td><td>3.85</td></tr><tr><td><b>Wind power density (W/m2)</b></td><td>69</td></tr><tr><td><b>PDF page</b></td><td>8</td></tr></table>]]></description><TimeSpan><begin>2006-11-16</begin><end>2009-03-31</end></TimeSpan><styleUrl>#Closed</styleUrl><Point><coordinates>74.555,13.963611,0</coordinates></Point></Placemark><Placemark><name>TAMMANAYAKANAHALLI</name><description><![CDATA[<table><tr><td><b>Station</b></td><td>TAMMANAYAKANAHALLI</td></tr><tr><td><b>District</b></td><td>BANGALORE URBAN</td></tr><tr><td><b>Status</b></td><td>Closed</td></tr><tr><td><b>Source</b></td><td>Mast</td></tr><tr><td><b>Commenced</b></td><td>2007-08-21</td></tr><tr><td><b>Closed</b></td><td>2009-12-08</td></tr><tr><td><b>Mast height (m)</b></td><td>50</td></tr><tr><td><b>Elevation (m)</b></td><td>944</td></tr><tr><td><b>Mean wind speed (m/s)</b></td><td>5.31</td></tr><tr><td><b>Wind power density (W/m2)</b></td><td>116.51</td></tr><tr><td><b>PDF page</b></td><td>8</td></tr></table>]]></description><TimeSpan><begin>2007-08-21</begin><end>2009-12-08</end></TimeSpan><styleUrl>#Closed</styleUrl><Point><coordinates>77.636667,12.695,0</coordinates></Point></Placemark><Placemark><name>TOPALDODDI</name><description><![CDATA[<table><tr><td><b>Station</b></td><td>TOPALDODDI</td></tr><tr><td><b>District</b></td><td>RAICHUR</td></tr><tr><td><b>Status</b></td><td>Closed</td></tr><tr><td><b>Source</b></td><td>Mast</td></tr><tr><td><b>Commenced</b></td><td>2007-08-22</td></tr><tr><td><b>Closed</b></td><td>2010-10-30</td></tr><tr><td><b>Mast height (m)</b></td><td>50</td></tr><tr><td><b>Elevation (m)</b></td><td>568</td></tr><tr><td><b>Mean wind speed (m/s)</b></td><td>6.07</td></tr><tr><td><b>Wind power density (W/m2)</b></td><td>190.66</td></tr><tr><td><b>PDF page</b></td><td>8</td></tr></table>]]></description><TimeSpan><begin>2007-08-22</begin><end>2010-10-30</end></TimeSpan><styleUrl>#Closed</styleUrl><Point><coordinates>76.73,16.176111,0</coordinates></Point></Placemark><Placemark><name>ANADURWADI TANDA</name><description><![CDATA[<table><tr><td><b>Station</b></td><td>ANADURWADI TANDA</td></tr><tr><td><b>District</b></td><td>BIDAR</td></tr><tr><td><b>Status</b></td><td>Closed</td></tr><tr><td><b>Source</b></td><td>Mast</td></tr><tr><td><b>Commenced</b></td><td>2007-08-24</td></tr><tr><td><b>Closed</b></td><td>2009-12-01</td></tr><tr><td><b>Mast height (m)</b></td><td>50</td></tr><tr><td><b>Elevation (m)</b></td><td>652</td></tr><tr><td><b>Mean wind speed (m/s)</b></td><td>5.64</td></tr><tr><td><b>Wind power density (W/m2)</b></td><td>136.59</td></tr><tr><td><b>PDF page</b></td><td>8</td></tr></table>]]></description><TimeSpan><begin>2007-08-24</begin><end>2009-12-01</end></TimeSpan><styleUrl>#Closed</styleUrl><Point><coordinates>77.375306,17.873028,0</coordinates></Point></Placemark><Placemark><name>KAUDIYAL</name><description><![CDATA[<table><tr><td><b>Station</b></td><td>KAUDIYAL</td></tr><tr><td><b>District</b></td><td>BIDAR</td></tr><tr><td><b>Status</b></td><td>Closed</td></tr><tr><td><b>Source</b></td><td>Mast</td></tr><tr><td><b>Commenced</b></td><td>2007-09-24</td></tr><tr><td><b>Closed</b></td><td>2009-12-01</td></tr><tr><td><b>Mast height (m)</b></td><td>50</td></tr><tr><td><b>Elevation (m)</b></td><td>678</td></tr><tr><td><b>Mean wind speed (m/s)</b></td><td>5.51</td></tr><tr><td><b>Wind power density (W/m2)</b></td><td>134</td></tr><tr><td><b>PDF page</b></td><td>8</td></tr></table>]]></description><TimeSpan><begin>2007-09-24</begin><end>2009-12-01</end></TimeSpan><styleUrl>#Closed</styleUrl><Point><coordinates>76.975,17.803333,0</coordinates></Point></Placemark><Placemark><name>GORLADAKU</name><description><![CDATA[<table><tr><td><b>Station</b></td><td>GORLADAKU</td></tr><tr><td><b>District</b></td><td>CHITRADURGA</td></tr><tr><td><b>Status</b></td><td>Closed</td></tr><tr><td><b>Source</b></td><td>Mast</td></tr><tr><td><b>Commenced</b></td><td>2007-10-18</td></tr><tr><td><b>Closed</b></td><td>2009-11-23</td></tr><tr><td><b>Mast height (m)</b></td><td>50</td></tr><tr><td><b>Elevation (m)</b></td><td>640</td></tr><tr><td><b>Mean wind speed (m/s)</b></td><td>4.79</td></tr><tr><td><b>Wind power density (W/m2)</b></td><td>111</td></tr><tr><td><b>PDF page</b></td><td>8</td></tr></table>]]></description><TimeSpan><begin>2007-10-18</begin><end>2009-11-23</end></TimeSpan><styleUrl>#Closed</styleUrl><Point><coordinates>76.734722,13.873889,0</coordinates></Point></Placemark><Placemark><name>TADAKAL</name><description><![CDATA[<table><tr><td><b>Station</b></td><td>TADAKAL</td></tr><tr><td><b>District</b></td><td>KOPPAL</td></tr><tr><td><b>Status</b></td><td>Closed</td></tr><tr><td><b>Source</b></td><td>Mast</td></tr><tr><td><b>Commenced</b></td><td>2008-08-09</td></tr><tr><td><b>Closed</b></td><td>2010-10-30</td></tr><tr><td><b>Mast height (m)</b></td><td>50</td></tr><tr><td><b>Elevation (m)</b></td><td>576</td></tr><tr><td><b>Mean wind speed (m/s)</b></td><td>5.49</td></tr><tr><td><b>Wind power density (W/m2)</b></td><td>166</td></tr><tr><td><b>PDF page</b></td><td>8</td></tr></table>]]></description><TimeSpan><begin>2008-08-09</begin><end>2010-10-30</end></TimeSpan><styleUrl>#Closed</styleUrl><Point><coordinates>76.025833,15.375,0</coordinates></Point></Placemark><Placemark><name>KAJIBILAGI</name><description><![CDATA[<table><tr><td><b>Station</b></td><td>KAJIBILAGI</td></tr><tr><td><b>District</b></td><td>BAGALKOT</td></tr><tr><td><b>Status</b></td><td>Closed</td></tr><tr><td><b>Source</b></td><td>Mast</td></tr><tr><td><b>Commenced</b></td><td>2008-08-11</td></tr><tr><td><b>Closed</b></td><td>2010-10-30</td></tr><tr><td><b>Mast height (m)</b></td><td>50</td></tr><tr><td><b>Elevation (m)</b></td><td>696</td></tr><tr><td><b>Mean wind speed (m/s)</b></td><td>6.14</td></tr><tr><td><b>Wind power density (W/m2)</b></td><td>190</td></tr><tr><td><b>PDF page</b></td><td>8</td></tr></table>]]></description><TimeSpan><begin>2008-08-11</begin><end>2010-10-30</end></TimeSpan><styleUrl>#Closed</styleUrl><Point><coordinates>75.367222,16.74125,0</coordinates></Point></Placemark><Placemark><name>HULKOTTI</name><description><![CDATA[<table><tr><td><b>Station</b></td><td>HULKOTTI</td></tr><tr><td><b>District</b></td><td>GADAG</td></tr><tr><td><b>Status</b></td><td>Closed</td></tr><tr><td><b>Source</b></td><td>Mast</td></tr><tr><td><b>Commenced</b></td><td>2008-10-14</td></tr><tr><td><b>Closed</b></td><td>2010-11-22</td></tr><tr><td><b>Mast height (m)</b></td><td>50</td></tr><tr><td><b>Elevation (m)</b></td><td>649</td></tr><tr><td><b>Mean wind speed (m/s)</b></td><td>5.64</td></tr><tr><td><b>Wind power density (W/m2)</b></td><td>162</td></tr><tr><td><b>PDF page</b></td><td>8</td></tr></table>]]></description><TimeSpan><begin>2008-10-14</begin><end>2010-11-22</end></TimeSpan><styleUrl>#Closed</styleUrl><Point><coordinates>75.534694,15.393889,0</coordinates></Point></Placemark><Placemark><name>SINGNALLI</name><description><![CDATA[<table><tr><td><b>Station</b></td><td>SINGNALLI</td></tr><tr><td><b>District</b></td><td>DHARWAD</td></tr><tr><td><b>Status</b></td><td>Closed</td></tr><tr><td><b>Source</b></td><td>Mast</td></tr><tr><td><b>Commenced</b></td><td>2008-10-15</td></tr><tr><td><b>Closed</b></td><td>2011-03-19</td></tr><tr><td><b>Mast height (m)</b></td><td>50</td></tr><tr><td><b>Elevation (m)</b></td><td>739</td></tr><tr><td><b>Mean wind speed (m/s)</b></td><td>5.73</td></tr><tr><td><b>Wind power density (W/m2)</b></td><td>151</td></tr><tr><td><b>PDF page</b></td><td>8</td></tr></table>]]></description><TimeSpan><begin>2008-10-15</begin><end>2011-03-19</end></TimeSpan><styleUrl>#Closed</styleUrl><Point><coordinates>74.878333,15.539444,0</coordinates></Point></Placemark><Placemark><name>KARAJAGA</name><description><![CDATA[<table><tr><td><b>Station</b></td><td>KARAJAGA</td></tr><tr><td><b>District</b></td><td>BELGAUM</td></tr><tr><td><b>Status</b></td><td>Closed</td></tr><tr><td><b>Source</b></td><td>Mast</td></tr><tr><td><b>Commenced</b></td><td>2008-10-16</td></tr><tr><td><b>Closed</b></td><td>2011-03-19</td></tr><tr><td><b>Mast height (m)</b></td><td>50</td></tr><tr><td><b>Elevation (m)</b></td><td>769</td></tr><tr><td><b>Mean wind speed (m/s)</b></td><td>5.5</td></tr><tr><td><b>Wind power density (W/m2)</b></td><td>140</td></tr><tr><td><b>PDF page</b></td><td>8</td></tr></table>]]></description><TimeSpan><begin>2008-10-16</begin><end>2011-03-19</end></TimeSpan><styleUrl>#Closed</styleUrl><Point><coordinates>74.457778,16.3375,0</coordinates></Point></Placemark><Placemark><name>JOGIMATTI</name><description><![CDATA[<table><tr><td><b>Station</b></td><td>JOGIMATTI</td></tr><tr><td><b>District</b></td><td>CHITRADURGA</td></tr><tr><td><b>Status</b></td><td>Closed</td></tr><tr><td><b>Source</b></td><td>Mast</td></tr><tr><td><b>Commenced</b></td><td>2010-07-21</td></tr><tr><td><b>Closed</b></td><td>2015-12-21</td></tr><tr><td><b>Mast height (m)</b></td><td>120</td></tr><tr><td><b>Elevation (m)</b></td><td>1125</td></tr><tr><td><b>Mean wind speed (m/s)</b></td><td>8.67</td></tr><tr><td><b>Wind power density (W/m2)</b></td><td>534.93</td></tr><tr><td><b>PDF page</b></td><td>8</td></tr></table>]]></description><TimeSpan><begin>2010-07-21</begin><end>2015-12-21</end></TimeSpan><styleUrl>#Closed</styleUrl><Point><coordinates>76.39925,14.165222,0</coordinates></Point></Placemark><Placemark><name>DASARAHALLI</name><description><![CDATA[<table><tr><td><b>Station</b></td><td>DASARAHALLI</td></tr><tr><td><b>District</b></td><td>BELLARY</td></tr><tr><td><b>Status</b></td><td>Closed</td></tr><tr><td><b>Source</b></td><td>Mast</td></tr><tr><td><b>Commenced</b></td><td>2012-02-10</td></tr><tr><td><b>Closed</b></td><td>2014-09-18</td></tr><tr><td><b>Mast height (m)</b></td><td>80</td></tr><tr><td><b>Elevation (m)</b></td><td>557</td></tr><tr><td><b>Mean wind speed (m/s)</b></td><td>6.27</td></tr><tr><td><b>Wind power density (W/m2)</b></td><td>217.28</td></tr><tr><td><b>PDF page</b></td><td>8</td></tr></table>]]></description><TimeSpan><begin>2012-02-10</begin><end>2014-09-18</end></TimeSpan><styleUrl>#Closed</styleUrl><Point><coordinates>75.960833,15.064639,0</coordinates></Point></Placemark><Placemark><name>HUILGOL</name><description><![CDATA[<table><tr><td><b>Station</b></td><td>HUILGOL</td></tr><tr><td><b>District</b></td><td>GADAG</td></tr><tr><td><b>Status</b></td><td>Closed</td></tr><tr><td><b>Source</b></td><td>Mast</td></tr><tr><td><b>Commenced</b></td><td>2012-02-11</td></tr><tr><td><b>Closed</b></td><td>2014-09-18</td></tr><tr><td><b>Mast height (m)</b></td><td>80</td></tr><tr><td><b>Elevation (m)</b></td><td>608</td></tr><tr><td><b>Mean wind speed (m/s)</b></td><td>6.69</td></tr><tr><td><b>Wind power density (W/m2)</b></td><td>251.5</td></tr><tr><td><b>PDF page</b></td><td>8</td></tr></table>]]></description><TimeSpan><begin>2012-02-11</begin><end>2014-09-18</end></TimeSpan><styleUrl>#Closed</styleUrl><Point><coordinates>75.653233,15.516917,0</coordinates></Point></Placemark><Placemark><name>DOTIHALU</name><description><![CDATA[<table><tr><td><b>Station</b></td><td>DOTIHALU</td></tr><tr><td><b>District</b></td><td>KOPPAL</td></tr><tr><td><b>Status</b></td><td>Closed</td></tr><tr><td><b>Source</b></td><td>Mast</td></tr><tr><td><b>Commenced</b></td><td>2012-02-12</td></tr><tr><td><b>Closed</b></td><td>2014-09-18</td></tr><tr><td><b>Mast height (m)</b></td><td>80</td></tr><tr><td><b>Elevation (m)</b></td><td>625</td></tr><tr><td><b>Mean wind speed (m/s)</b></td><td>6.4</td></tr><tr><td><b>Wind power density (W/m2)</b></td><td>212.1</td></tr><tr><td><b>PDF page</b></td><td>8</td></tr></table>]]></description><TimeSpan><begin>2012-02-12</begin><end>2014-09-18</end></TimeSpan><styleUrl>#Closed</styleUrl><Point><coordinates>76.190944,15.880028,0</coordinates></Point></Placemark><Placemark><name>JEYUR</name><description><![CDATA[<table><tr><td><b>Station</b></td><td>JEYUR</td></tr><tr><td><b>District</b></td><td>BIJAPUR</td></tr><tr><td><b>Status</b></td><td>Closed</td></tr><tr><td><b>Source</b></td><td>Mast</td></tr><tr><td><b>Commenced</b></td><td>2012-02-13</td></tr><tr><td><b>Closed</b></td><td>2014-09-18</td></tr><tr><td><b>Mast height (m)</b></td><td>80</td></tr><tr><td><b>Elevation (m)</b></td><td>489</td></tr><tr><td><b>Mean wind speed (m/s)</b></td><td>5.94</td></tr><tr><td><b>Wind power density (W/m2)</b></td><td>190.68</td></tr><tr><td><b>PDF page</b></td><td>8</td></tr></table>]]></description><TimeSpan><begin>2012-02-13</begin><end>2014-09-18</end></TimeSpan><styleUrl>#Closed</styleUrl><Point><coordinates>75.782028,17.263139,0</coordinates></Point></Placemark><Placemark><name>SHAMSHERPURWADI</name><description><![CDATA[<table><tr><td><b>Station</b></td><td>SHAMSHERPURWADI</td></tr><tr><td><b>District</b></td><td>BIDAR</td></tr><tr><td><b>Status</b></td><td>Closed</td></tr><tr><td><b>Source</b></td><td>Mast</td></tr><tr><td><b>Commenced</b></td><td>2012-02-16</td></tr><tr><td><b>Closed</b></td><td>2014-09-18</td></tr><tr><td><b>Mast height (m)</b></td><td>80</td></tr><tr><td><b>Elevation (m)</b></td><td>607</td></tr><tr><td><b>Mean wind speed (m/s)</b></td><td>5.98</td></tr><tr><td><b>Wind power density (W/m2)</b></td><td>178.79</td></tr><tr><td><b>PDF page</b></td><td>8</td></tr></table>]]></description><TimeSpan><begin>2012-02-16</begin><end>2014-09-18</end></TimeSpan><styleUrl>#Closed</styleUrl><Point><coordinates>77.216056,18.089083,0</coordinates></Point></Placemark><Placemark><name>NAGARANAHALLI</name><description><![CDATA[<table><tr><td><b>Station</b></td><td>NAGARANAHALLI</td></tr><tr><td><b>District</b></td><td>HASSAN</td></tr><tr><td><b>Status</b></td><td>Closed</td></tr><tr><td><b>Source</b></td><td>Mast</td></tr><tr><td><b>Commenced</b></td><td>2012-03-03</td></tr><tr><td><b>Closed</b></td><td>2014-09-18</td></tr><tr><td><b>Mast height (m)</b></td><td>80</td></tr><tr><td><b>Elevation (m)</b></td><td>886</td></tr><tr><td><b>Mean wind speed (m/s)</b></td><td>4.77</td></tr><tr><td><b>Wind power density (W/m2)</b></td><td>94.58</td></tr><tr><td><b>PDF page</b></td><td>8</td></tr></table>]]></description><TimeSpan><begin>2012-03-03</begin><end>2014-09-18</end></TimeSpan><styleUrl>#Closed</styleUrl><Point><coordinates>76.336306,12.694472,0</coordinates></Point></Placemark><Placemark><name>GANGANUR</name><description><![CDATA[<table><tr><td><b>Station</b></td><td>GANGANUR</td></tr><tr><td><b>District</b></td><td>CHAMRAJNAGAR</td></tr><tr><td><b>Status</b></td><td>Closed</td></tr><tr><td><b>Source</b></td><td>Mast</td></tr><tr><td><b>Commenced</b></td><td>2012-03-05</td></tr><tr><td><b>Closed</b></td><td>2014-09-18</td></tr><tr><td><b>Mast height (m)</b></td><td>80</td></tr><tr><td><b>Elevation (m)</b></td><td>717</td></tr><tr><td><b>Mean wind speed (m/s)</b></td><td>5.19</td></tr><tr><td><b>Wind power density (W/m2)</b></td><td>136.94</td></tr><tr><td><b>PDF page</b></td><td>8</td></tr></table>]]></description><TimeSpan><begin>2012-03-05</begin><end>2014-09-18</end></TimeSpan><styleUrl>#Closed</styleUrl><Point><coordinates>76.855694,12.119194,0</coordinates></Point></Placemark><Placemark><name>GOPALANAHALLI</name><description><![CDATA[<table><tr><td><b>Station</b></td><td>GOPALANAHALLI</td></tr><tr><td><b>District</b></td><td>TUMKUR</td></tr><tr><td><b>Status</b></td><td>Closed</td></tr><tr><td><b>Source</b></td><td>Mast</td></tr><tr><td><b>Commenced</b></td><td>2012-03-07</td></tr><tr><td><b>Closed</b></td><td>2014-09-18</td></tr><tr><td><b>Mast height (m)</b></td><td>80</td></tr><tr><td><b>Elevation (m)</b></td><td>826</td></tr><tr><td><b>Mean wind speed (m/s)</b></td><td>4.63</td></tr><tr><td><b>Wind power density (W/m2)</b></td><td>88.62</td></tr><tr><td><b>PDF page</b></td><td>8</td></tr></table>]]></description><TimeSpan><begin>2012-03-07</begin><end>2014-09-18</end></TimeSpan><styleUrl>#Closed</styleUrl><Point><coordinates>76.545639,13.344333,0</coordinates></Point></Placemark><Placemark><name>BEERMANGALA</name><description><![CDATA[<table><tr><td><b>Station</b></td><td>BEERMANGALA</td></tr><tr><td><b>District</b></td><td>CHICKABALLAPUR</td></tr><tr><td><b>Status</b></td><td>Closed</td></tr><tr><td><b>Source</b></td><td>Mast</td></tr><tr><td><b>Commenced</b></td><td>2012-03-09</td></tr><tr><td><b>Closed</b></td><td>2014-09-18</td></tr><tr><td><b>Mast height (m)</b></td><td>80</td></tr><tr><td><b>Elevation (m)</b></td><td>742</td></tr><tr><td><b>Mean wind speed (m/s)</b></td><td>4.58</td></tr><tr><td><b>Wind power density (W/m2)</b></td><td>88.72</td></tr><tr><td><b>PDF page</b></td><td>8</td></tr></table>]]></description><TimeSpan><begin>2012-03-09</begin><end>2014-09-18</end></TimeSpan><styleUrl>#Closed</styleUrl><Point><coordinates>77.557028,13.556139,0</coordinates></Point></Placemark><Placemark><name>SOMAGUDDA</name><description><![CDATA[<table><tr><td><b>Station</b></td><td>SOMAGUDDA</td></tr><tr><td><b>District</b></td><td>CHITRADURGA</td></tr><tr><td><b>Status</b></td><td>Closed</td></tr><tr><td><b>Source</b></td><td>Mast</td></tr><tr><td><b>Commenced</b></td><td>2012-03-13</td></tr><tr><td><b>Closed</b></td><td>2014-09-18</td></tr><tr><td><b>Mast height (m)</b></td><td>80</td></tr><tr><td><b>Elevation (m)</b></td><td>599</td></tr><tr><td><b>Mean wind speed (m/s)</b></td><td>5.69</td></tr><tr><td><b>Wind power density (W/m2)</b></td><td>169.26</td></tr><tr><td><b>PDF page</b></td><td>8</td></tr></table>]]></description><TimeSpan><begin>2012-03-13</begin><end>2014-09-18</end></TimeSpan><styleUrl>#Closed</styleUrl><Point><coordinates>76.620333,14.283444,0</coordinates></Point></Placemark><Placemark><name>ZUNJAWADI K.N</name><description><![CDATA[<table><tr><td><b>Station</b></td><td>ZUNJAWADI K.N</td></tr><tr><td><b>District</b></td><td>BELGAUM</td></tr><tr><td><b>Status</b></td><td>Closed</td></tr><tr><td><b>Source</b></td><td>Mast</td></tr><tr><td><b>Commenced</b></td><td>2013-10-20</td></tr><tr><td><b>Closed</b></td><td>2015-09-01</td></tr><tr><td><b>Mast height (m)</b></td><td>100</td></tr><tr><td><b>Elevation (m)</b></td><td>703</td></tr><tr><td><b>Mean wind speed (m/s)</b></td><td>5.46</td></tr><tr><td><b>Wind power density (W/m2)</b></td><td>135.75</td></tr><tr><td><b>PDF page</b></td><td>8</td></tr></table>]]></description><TimeSpan><begin>2013-10-20</begin><end>2015-09-01</end></TimeSpan><styleUrl>#Closed</styleUrl><Point><coordinates>74.608528,15.581389,0</coordinates></Point></Placemark><Placemark><name>MUSTIGERI</name><description><![CDATA[<table><tr><td><b>Station</b></td><td>MUSTIGERI</td></tr><tr><td><b>District</b></td><td>BAGALKOTI</td></tr><tr><td><b>Status</b></td><td>Closed</td></tr><tr><td><b>Source</b></td><td>Mast</td></tr><tr><td><b>Commenced</b></td><td>2013-10-22</td></tr><tr><td><b>Closed</b></td><td>2016-04-20</td></tr><tr><td><b>Mast height (m)</b></td><td>100</td></tr><tr><td><b>Elevation (m)</b></td><td>616</td></tr><tr><td><b>Mean wind speed (m/s)</b></td><td>5.84</td></tr><tr><td><b>Wind power density (W/m2)</b></td><td>161.31</td></tr><tr><td><b>PDF page</b></td><td>8</td></tr></table>]]></description><TimeSpan><begin>2013-10-22</begin><end>2016-04-20</end></TimeSpan><styleUrl>#Closed</styleUrl><Point><coordinates>75.560833,15.977583,0</coordinates></Point></Placemark><Placemark><name>TARALKATTI</name><description><![CDATA[<table><tr><td><b>Station</b></td><td>TARALKATTI</td></tr><tr><td><b>District</b></td><td>KOPPAL</td></tr><tr><td><b>Status</b></td><td>Closed</td></tr><tr><td><b>Source</b></td><td>Mast</td></tr><tr><td><b>Commenced</b></td><td>2013-10-23</td></tr><tr><td><b>Closed</b></td><td>2015-12-17</td></tr><tr><td><b>Mast height (m)</b></td><td>100</td></tr><tr><td><b>Elevation (m)</b></td><td>679</td></tr><tr><td><b>Mean wind speed (m/s)</b></td><td>7.02</td></tr><tr><td><b>Wind power density (W/m2)</b></td><td>278.1</td></tr><tr><td><b>PDF page</b></td><td>8</td></tr></table>]]></description><TimeSpan><begin>2013-10-23</begin><end>2015-12-17</end></TimeSpan><styleUrl>#Closed</styleUrl><Point><coordinates>76.182306,15.654278,0</coordinates></Point></Placemark><Placemark><name>MACHENAHALLI</name><description><![CDATA[<table><tr><td><b>Station</b></td><td>MACHENAHALLI</td></tr><tr><td><b>District</b></td><td>GADAG</td></tr><tr><td><b>Status</b></td><td>Closed</td></tr><tr><td><b>Source</b></td><td>Mast</td></tr><tr><td><b>Commenced</b></td><td>2013-10-24</td></tr><tr><td><b>Closed</b></td><td>2016-03-19</td></tr><tr><td><b>Mast height (m)</b></td><td>100</td></tr><tr><td><b>Elevation (m)</b></td><td>612</td></tr><tr><td><b>Mean wind speed (m/s)</b></td><td>5.74</td></tr><tr><td><b>Wind power density (W/m2)</b></td><td>174.45</td></tr><tr><td><b>PDF page</b></td><td>8</td></tr></table>]]></description><TimeSpan><begin>2013-10-24</begin><end>2016-03-19</end></TimeSpan><styleUrl>#Closed</styleUrl><Point><coordinates>75.662583,15.110361,0</coordinates></Point></Placemark><Placemark><name>HAIKAL</name><description><![CDATA[<table><tr><td><b>Station</b></td><td>HAIKAL</td></tr><tr><td><b>District</b></td><td>CHITRADURGA</td></tr><tr><td><b>Status</b></td><td>Closed</td></tr><tr><td><b>Source</b></td><td>Mast</td></tr><tr><td><b>Commenced</b></td><td>2013-10-26</td></tr><tr><td><b>Closed</b></td><td>2016-12-30</td></tr><tr><td><b>Mast height (m)</b></td><td>100</td></tr><tr><td><b>Elevation (m)</b></td><td>666</td></tr><tr><td><b>Mean wind speed (m/s)</b></td><td>6.61</td></tr><tr><td><b>Wind power density (W/m2)</b></td><td>227.87</td></tr><tr><td><b>PDF page</b></td><td>8</td></tr></table>]]></description><TimeSpan><begin>2013-10-26</begin><end>2016-12-30</end></TimeSpan><styleUrl>#Closed</styleUrl><Point><coordinates>76.483917,14.32325,0</coordinates></Point></Placemark><Placemark><name>DEVALAPURA</name><description><![CDATA[<table><tr><td><b>Station</b></td><td>DEVALAPURA</td></tr><tr><td><b>District</b></td><td>HASSAN</td></tr><tr><td><b>Status</b></td><td>Closed</td></tr><tr><td><b>Source</b></td><td>Mast</td></tr><tr><td><b>Commenced</b></td><td>2013-10-29</td></tr><tr><td><b>Closed</b></td><td>2016-03-08</td></tr><tr><td><b>Mast height (m)</b></td><td>100</td></tr><tr><td><b>Elevation (m)</b></td><td>912</td></tr><tr><td><b>Mean wind speed (m/s)</b></td><td>5.24</td></tr><tr><td><b>Wind power density (W/m2)</b></td><td>120.44</td></tr><tr><td><b>PDF page</b></td><td>8</td></tr></table>]]></description><TimeSpan><begin>2013-10-29</begin><end>2016-03-08</end></TimeSpan><styleUrl>#Closed</styleUrl><Point><coordinates>76.468472,13.062833,0</coordinates></Point></Placemark><Placemark><name>C.B HALLI</name><description><![CDATA[<table><tr><td><b>Station</b></td><td>C.B HALLI</td></tr><tr><td><b>District</b></td><td>MYSORE</td></tr><tr><td><b>Status</b></td><td>Closed</td></tr><tr><td><b>Source</b></td><td>Mast</td></tr><tr><td><b>Commenced</b></td><td>2013-10-30</td></tr><tr><td><b>Closed</b></td><td>2016-04-14</td></tr><tr><td><b>Mast height (m)</b></td><td>100</td></tr><tr><td><b>Elevation (m)</b></td><td>812</td></tr><tr><td><b>Mean wind speed (m/s)</b></td><td>5.09</td></tr><tr><td><b>Wind power density (W/m2)</b></td><td>112.07</td></tr><tr><td><b>PDF page</b></td><td>8</td></tr></table>]]></description><TimeSpan><begin>2013-10-30</begin><end>2016-04-14</end></TimeSpan><styleUrl>#Closed</styleUrl><Point><coordinates>76.459889,12.285,0</coordinates></Point></Placemark><Placemark><name>HANGALA</name><description><![CDATA[<table><tr><td><b>Station</b></td><td>HANGALA</td></tr><tr><td><b>District</b></td><td>CHAMRAJANAGAR</td></tr><tr><td><b>Status</b></td><td>Closed</td></tr><tr><td><b>Source</b></td><td>Mast</td></tr><tr><td><b>Commenced</b></td><td>2013-11-12</td></tr><tr><td><b>Closed</b></td><td>2016-01-29</td></tr><tr><td><b>Mast height (m)</b></td><td>100</td></tr><tr><td><b>Elevation (m)</b></td><td>873</td></tr><tr><td><b>Mean wind speed (m/s)</b></td><td>5.03</td></tr><tr><td><b>Wind power density (W/m2)</b></td><td>140.32</td></tr><tr><td><b>PDF page</b></td><td>8</td></tr></table>]]></description><TimeSpan><begin>2013-11-12</begin><end>2016-01-29</end></TimeSpan><styleUrl>#Closed</styleUrl><Point><coordinates>76.635611,11.758056,0</coordinates></Point></Placemark><Placemark><name>RAMACHANDRAPURA</name><description><![CDATA[<table><tr><td><b>Station</b></td><td>RAMACHANDRAPURA</td></tr><tr><td><b>District</b></td><td>HASSAN</td></tr><tr><td><b>Status</b></td><td>Closed</td></tr><tr><td><b>Source</b></td><td>Mast</td></tr><tr><td><b>Commenced</b></td><td>2013-11-13</td></tr><tr><td><b>Closed</b></td><td>2016-04-16</td></tr><tr><td><b>Mast height (m)</b></td><td>100</td></tr><tr><td><b>Elevation (m)</b></td><td>1005</td></tr><tr><td><b>Mean wind speed (m/s)</b></td><td>5.28</td></tr><tr><td><b>Wind power density (W/m2)</b></td><td>120.79</td></tr><tr><td><b>PDF page</b></td><td>8</td></tr></table>]]></description><TimeSpan><begin>2013-11-13</begin><end>2016-04-16</end></TimeSpan><styleUrl>#Closed</styleUrl><Point><coordinates>75.943889,13.135611,0</coordinates></Point></Placemark><Placemark><name>MAVALI</name><description><![CDATA[<table><tr><td><b>Station</b></td><td>MAVALI</td></tr><tr><td><b>District</b></td><td>SHIMOGA</td></tr><tr><td><b>Status</b></td><td>Closed</td></tr><tr><td><b>Source</b></td><td>Mast</td></tr><tr><td><b>Commenced</b></td><td>2013-11-14</td></tr><tr><td><b>Closed</b></td><td>2016-01-11</td></tr><tr><td><b>Mast height (m)</b></td><td>100</td></tr><tr><td><b>Elevation (m)</b></td><td>630</td></tr><tr><td><b>Mean wind speed (m/s)</b></td><td>5.25</td></tr><tr><td><b>Wind power density (W/m2)</b></td><td>126.37</td></tr><tr><td><b>PDF page</b></td><td>8</td></tr></table>]]></description><TimeSpan><begin>2013-11-14</begin><end>2016-01-11</end></TimeSpan><styleUrl>#Closed</styleUrl><Point><coordinates>75.16125,14.362889,0</coordinates></Point></Placemark><Placemark><name>ARIKUNTE</name><description><![CDATA[<table><tr><td><b>Station</b></td><td>ARIKUNTE</td></tr><tr><td><b>District</b></td><td>KOLAR</td></tr><tr><td><b>Status</b></td><td>Closed</td></tr><tr><td><b>Source</b></td><td>Mast</td></tr><tr><td><b>Commenced</b></td><td>2013-11-16</td></tr><tr><td><b>Closed</b></td><td>2016-04-21</td></tr><tr><td><b>Mast height (m)</b></td><td>100</td></tr><tr><td><b>Elevation (m)</b></td><td>848</td></tr><tr><td><b>Mean wind speed (m/s)</b></td><td>5.67</td></tr><tr><td><b>Wind power density (W/m2)</b></td><td>145.81</td></tr><tr><td><b>PDF page</b></td><td>8</td></tr></table>]]></description><TimeSpan><begin>2013-11-16</begin><end>2016-04-21</end></TimeSpan><styleUrl>#Closed</styleUrl><Point><coordinates>78.187139,13.391083,0</coordinates></Point></Placemark><Placemark><name>KANCHIKERE</name><description><![CDATA[<table><tr><td><b>Station</b></td><td>KANCHIKERE</td></tr><tr><td><b>District</b></td><td>DAVANGERE</td></tr><tr><td><b>Status</b></td><td>Closed</td></tr><tr><td><b>Source</b></td><td>Mast</td></tr><tr><td><b>Commenced</b></td><td>2013-11-20</td></tr><tr><td><b>Closed</b></td><td>2016-12-25</td></tr><tr><td><b>Mast height (m)</b></td><td>100</td></tr><tr><td><b>Elevation (m)</b></td><td>590</td></tr><tr><td><b>Mean wind speed (m/s)</b></td><td>5.71</td></tr><tr><td><b>Wind power density (W/m2)</b></td><td>164.24</td></tr><tr><td><b>PDF page</b></td><td>8</td></tr></table>]]></description><TimeSpan><begin>2013-11-20</begin><end>2016-12-25</end></TimeSpan><styleUrl>#Closed</styleUrl><Point><coordinates>75.971167,14.614917,0</coordinates></Point></Placemark><Placemark><name>NIRANA</name><description><![CDATA[<table><tr><td><b>Station</b></td><td>NIRANA</td></tr><tr><td><b>District</b></td><td>BIDAR</td></tr><tr><td><b>Status</b></td><td>Closed</td></tr><tr><td><b>Source</b></td><td>Mast</td></tr><tr><td><b>Commenced</b></td><td>2013-12-29</td></tr><tr><td><b>Closed</b></td><td>2016-02-18</td></tr><tr><td><b>Mast height (m)</b></td><td>100</td></tr><tr><td><b>Elevation (m)</b></td><td>643</td></tr><tr><td><b>Mean wind speed (m/s)</b></td><td>6.24</td></tr><tr><td><b>Wind power density (W/m2)</b></td><td>195.83</td></tr><tr><td><b>PDF page</b></td><td>8</td></tr></table>]]></description><TimeSpan><begin>2013-12-29</begin><end>2016-02-18</end></TimeSpan><styleUrl>#Closed</styleUrl><Point><coordinates>77.301,17.691667,0</coordinates></Point></Placemark><Placemark><name>NULENUR T</name><description><![CDATA[<table><tr><td><b>Station</b></td><td>NULENUR T</td></tr><tr><td><b>District</b></td><td>CHITRADURGA</td></tr><tr><td><b>Status</b></td><td>Closed</td></tr><tr><td><b>Source</b></td><td>Mast</td></tr><tr><td><b>Commenced</b></td><td>2021-03-19</td></tr><tr><td><b>Closed</b></td><td>2023-07-04</td></tr><tr><td><b>Mast height (m)</b></td><td>100</td></tr><tr><td><b>Elevation (m)</b></td><td>763</td></tr><tr><td><b>Mean wind speed (m/s)</b></td><td>5.17</td></tr><tr><td><b>Wind power density (W/m2)</b></td><td>113.69</td></tr><tr><td><b>PDF page</b></td><td>8</td></tr></table>]]></description><TimeSpan><begin>2021-03-19</begin><end>2023-07-04</end></TimeSpan><styleUrl>#Closed</styleUrl><Point><coordinates>76.280461,14.127603,0</coordinates></Point></Placemark><Placemark><name>YETTINAHALLI</name><description><![CDATA[<table><tr><td><b>Station</b></td><td>YETTINAHALLI</td></tr><tr><td><b>District</b></td><td>HAVERI</td></tr><tr><td><b>Status</b></td><td>Closed</td></tr><tr><td><b>Source</b></td><td>Mast</td></tr><tr><td><b>Commenced</b></td><td>2021-03-20</td></tr><tr><td><b>Closed</b></td><td>2023-07-04</td></tr><tr><td><b>Mast height (m)</b></td><td>100</td></tr><tr><td><b>Elevation (m)</b></td><td>685</td></tr><tr><td><b>PDF page</b></td><td>8</td></tr></table>]]></description><TimeSpan><begin>2021-03-20</begin><end>2023-07-04</end></TimeSpan><styleUrl>#Closed</styleUrl><Point><coordinates>75.144969,14.987131,0</coordinates></Point></Placemark><Placemark><name>NARENDRA</name><description><![CDATA[<table><tr><td><b>Station</b></td><td>NARENDRA</td></tr><tr><td><b>District</b></td><td>DHARWAD</td></tr><tr><td><b>Status</b></td><td>Closed</td></tr><tr><td><b>Source</b></td><td>Mast</td></tr><tr><td><b>Commenced</b></td><td>2021-03-21</td></tr><tr><td><b>Closed</b></td><td>2022-08-02</td></tr><tr><td><b>Mast height (m)</b></td><td>100</td></tr><tr><td><b>Elevation (m)</b></td><td>699</td></tr><tr><td><b>Mean wind speed (m/s)</b></td><td>5.84</td></tr><tr><td><b>Wind power density (W/m2)</b></td><td>159.93</td></tr><tr><td><b>PDF page</b></td><td>8</td></tr></table>]]></description><TimeSpan><begin>2021-03-21</begin><end>2022-08-02</end></TimeSpan><styleUrl>#Closed</styleUrl><Point><coordinates>74.967069,15.523831,0</coordinates></Point></Placemark><Placemark><name>HALASANGI</name><description><![CDATA[<table><tr><td><b>Station</b></td><td>HALASANGI</td></tr><tr><td><b>District</b></td><td>BIJAPUR</td></tr><tr><td><b>Status</b></td><td>Closed</td></tr><tr><td><b>Source</b></td><td>Mast</td></tr><tr><td><b>Commenced</b></td><td>2021-03-23</td></tr><tr><td><b>Closed</b></td><td>2022-04-26</td></tr><tr><td><b>Mast height (m)</b></td><td>100</td></tr><tr><td><b>Elevation (m)</b></td><td>438</td></tr><tr><td><b>Mean wind speed (m/s)</b></td><td>5.18</td></tr><tr><td><b>Wind power density (W/m2)</b></td><td>129.87</td></tr><tr><td><b>PDF page</b></td><td>8</td></tr></table>]]></description><TimeSpan><begin>2021-03-23</begin><end>2022-04-26</end></TimeSpan><styleUrl>#Closed</styleUrl><Point><coordinates>75.863722,17.31825,0</coordinates></Point></Placemark></Folder><Folder><name>KERALA (31)</name><Placemark><name>GOPALAPURAM</name><description><![CDATA[<table><tr><td><b>Station</b></td><td>GOPALAPURAM</td></tr><tr><td><b>District</b></td><td>GOPALAPURAM</td></tr><tr><td><b>Status</b></td><td>Closed</td></tr><tr><td><b>Source</b></td><td>Mast</td></tr><tr><td><b>Commenced</b></td><td>1990-01-05</td></tr><tr><td><b>Closed</b></td><td>1992-09-29</td></tr><tr><td><b>Mast height (m)</b></td><td>20</td></tr><tr><td><b>Elevation (m)</b></td><td>186</td></tr><tr><td><b>Mean wind speed (m/s)</b></td><td>3.56</td></tr><tr><td><b>Wind power density (W/m2)</b></td><td>59.4</td></tr><tr><td><b>PDF page</b></td><td>8</td></tr></table>]]></description><TimeSpan><begin>1990-01-05</begin><end>1992-09-29</end></TimeSpan><styleUrl>#Closed</styleUrl><Point><coordinates>76.860833,10.780833,0</coordinates></Point></Placemark><Placemark><name>KADAMPUZHA</name><description><![CDATA[<table><tr><td><b>Station</b></td><td>KADAMPUZHA</td></tr><tr><td><b>District</b></td><td>MALAPPURAM</td></tr><tr><td><b>Status</b></td><td>Closed</td></tr><tr><td><b>Source</b></td><td>Mast</td></tr><tr><td><b>Commenced</b></td><td>1999-01-14</td></tr><tr><td><b>Closed</b></td><td>2000-11-11</td></tr><tr><td><b>Mast height (m)</b></td><td>20</td></tr><tr><td><b>Elevation (m)</b></td><td>129</td></tr><tr><td><b>Mean wind speed (m/s)</b></td><td>2.69</td></tr><tr><td><b>Wind power density (W/m2)</b></td><td>28.5</td></tr><tr><td><b>PDF page</b></td><td>8</td></tr></table>]]></description><TimeSpan><begin>1999-01-14</begin><end>2000-11-11</end></TimeSpan><styleUrl>#Closed</styleUrl><Point><coordinates>76.116667,10.933333,0</coordinates></Point></Placemark><Placemark><name>KAILASAMMEDU</name><description><![CDATA[<table><tr><td><b>Station</b></td><td>KAILASAMMEDU</td></tr><tr><td><b>District</b></td><td>IDUKKI</td></tr><tr><td><b>Status</b></td><td>Closed</td></tr><tr><td><b>Source</b></td><td>Mast</td></tr><tr><td><b>Commenced</b></td><td>1998-11-12</td></tr><tr><td><b>Closed</b></td><td>2000-11-09</td></tr><tr><td><b>Mast height (m)</b></td><td>20</td></tr><tr><td><b>Elevation (m)</b></td><td>1160</td></tr><tr><td><b>Mean wind speed (m/s)</b></td><td>6.3</td></tr><tr><td><b>Wind power density (W/m2)</b></td><td>251.4</td></tr><tr><td><b>PDF page</b></td><td>8</td></tr></table>]]></description><TimeSpan><begin>1998-11-12</begin><end>2000-11-09</end></TimeSpan><styleUrl>#Closed</styleUrl><Point><coordinates>77.164722,9.851389,0</coordinates></Point></Placemark><Placemark><name>KANJIKODE</name><description><![CDATA[<table><tr><td><b>Station</b></td><td>KANJIKODE</td></tr><tr><td><b>District</b></td><td>PALAKKAD</td></tr><tr><td><b>Status</b></td><td>Closed</td></tr><tr><td><b>Source</b></td><td>Mast</td></tr><tr><td><b>Commenced</b></td><td>1990-01-04</td></tr><tr><td><b>Closed</b></td><td>1995-01-03</td></tr><tr><td><b>Mast height (m)</b></td><td>20</td></tr><tr><td><b>Elevation (m)</b></td><td>120</td></tr><tr><td><b>Mean wind speed (m/s)</b></td><td>6.2</td></tr><tr><td><b>Wind power density (W/m2)</b></td><td>217.9</td></tr><tr><td><b>PDF page</b></td><td>8</td></tr></table>]]></description><TimeSpan><begin>1990-01-04</begin><end>1995-01-03</end></TimeSpan><styleUrl>#Closed</styleUrl><Point><coordinates>76.7775,10.787778,0</coordinates></Point></Placemark><Placemark><name>KOLAHALAMEDU</name><description><![CDATA[<table><tr><td><b>Station</b></td><td>KOLAHALAMEDU</td></tr><tr><td><b>District</b></td><td>IDUKKI</td></tr><tr><td><b>Status</b></td><td>Closed</td></tr><tr><td><b>Source</b></td><td>Mast</td></tr><tr><td><b>Commenced</b></td><td>1992-11-25</td></tr><tr><td><b>Closed</b></td><td>1995-12-29</td></tr><tr><td><b>Mast height (m)</b></td><td>20</td></tr><tr><td><b>Elevation (m)</b></td><td>1060</td></tr><tr><td><b>Mean wind speed (m/s)</b></td><td>4.69</td></tr><tr><td><b>Wind power density (W/m2)</b></td><td>146.1</td></tr><tr><td><b>PDF page</b></td><td>8</td></tr></table>]]></description><TimeSpan><begin>1992-11-25</begin><end>1995-12-29</end></TimeSpan><styleUrl>#Closed</styleUrl><Point><coordinates>76.920139,9.67075,0</coordinates></Point></Placemark><Placemark><name>KOTAMALA</name><description><![CDATA[<table><tr><td><b>Station</b></td><td>KOTAMALA</td></tr><tr><td><b>District</b></td><td>PALAKKAD</td></tr><tr><td><b>Status</b></td><td>Closed</td></tr><tr><td><b>Source</b></td><td>Mast</td></tr><tr><td><b>Commenced</b></td><td>1990-09-23</td></tr><tr><td><b>Closed</b></td><td>1994-01-04</td></tr><tr><td><b>Mast height (m)</b></td><td>20</td></tr><tr><td><b>Elevation (m)</b></td><td>106</td></tr><tr><td><b>Mean wind speed (m/s)</b></td><td>5.12</td></tr><tr><td><b>Wind power density (W/m2)</b></td><td>153.8</td></tr><tr><td><b>PDF page</b></td><td>8</td></tr></table>]]></description><TimeSpan><begin>1990-09-23</begin><end>1994-01-04</end></TimeSpan><styleUrl>#Closed</styleUrl><Point><coordinates>76.593056,10.787103,0</coordinates></Point></Placemark><Placemark><name>KOTTATHARA</name><description><![CDATA[<table><tr><td><b>Station</b></td><td>KOTTATHARA</td></tr><tr><td><b>District</b></td><td>PALAKKAD</td></tr><tr><td><b>Status</b></td><td>Closed</td></tr><tr><td><b>Source</b></td><td>Mast</td></tr><tr><td><b>Commenced</b></td><td>1990-01-08</td></tr><tr><td><b>Closed</b></td><td>1995-01-02</td></tr><tr><td><b>Mast height (m)</b></td><td>20</td></tr><tr><td><b>Elevation (m)</b></td><td>529</td></tr><tr><td><b>Mean wind speed (m/s)</b></td><td>5.39</td></tr><tr><td><b>Wind power density (W/m2)</b></td><td>207.4</td></tr><tr><td><b>PDF page</b></td><td>8</td></tr></table>]]></description><TimeSpan><begin>1990-01-08</begin><end>1995-01-02</end></TimeSpan><styleUrl>#Closed</styleUrl><Point><coordinates>76.667222,11.123333,0</coordinates></Point></Placemark><Placemark><name>KULATHUMMEDU</name><description><![CDATA[<table><tr><td><b>Station</b></td><td>KULATHUMMEDU</td></tr><tr><td><b>District</b></td><td>IDUKKI</td></tr><tr><td><b>Status</b></td><td>Closed</td></tr><tr><td><b>Source</b></td><td>Mast</td></tr><tr><td><b>Commenced</b></td><td>1998-03-06</td></tr><tr><td><b>Closed</b></td><td>2000-11-07</td></tr><tr><td><b>Mast height (m)</b></td><td>20</td></tr><tr><td><b>Elevation (m)</b></td><td>1121</td></tr><tr><td><b>Mean wind speed (m/s)</b></td><td>5.61</td></tr><tr><td><b>Wind power density (W/m2)</b></td><td>181</td></tr><tr><td><b>PDF page</b></td><td>8</td></tr></table>]]></description><TimeSpan><begin>1998-03-06</begin><end>2000-11-07</end></TimeSpan><styleUrl>#Closed</styleUrl><Point><coordinates>77.171222,9.745042,0</coordinates></Point></Placemark><Placemark><name>KUNDALY</name><description><![CDATA[<table><tr><td><b>Station</b></td><td>KUNDALY</td></tr><tr><td><b>District</b></td><td>IDUKKI</td></tr><tr><td><b>Status</b></td><td>Closed</td></tr><tr><td><b>Source</b></td><td>Mast</td></tr><tr><td><b>Commenced</b></td><td>1990-09-21</td></tr><tr><td><b>Closed</b></td><td>1992-09-26</td></tr><tr><td><b>Mast height (m)</b></td><td>20</td></tr><tr><td><b>Elevation (m)</b></td><td>1800</td></tr><tr><td><b>Mean wind speed (m/s)</b></td><td>2.53</td></tr><tr><td><b>Wind power density (W/m2)</b></td><td>41.9</td></tr><tr><td><b>PDF page</b></td><td>8</td></tr></table>]]></description><TimeSpan><begin>1990-09-21</begin><end>1992-09-26</end></TimeSpan><styleUrl>#Closed</styleUrl><Point><coordinates>77.211917,10.150044,0</coordinates></Point></Placemark><Placemark><name>KUTTIKANAM</name><description><![CDATA[<table><tr><td><b>Station</b></td><td>KUTTIKANAM</td></tr><tr><td><b>District</b></td><td>IDUKKI</td></tr><tr><td><b>Status</b></td><td>Closed</td></tr><tr><td><b>Source</b></td><td>Mast</td></tr><tr><td><b>Commenced</b></td><td>1994-05-06</td></tr><tr><td><b>Closed</b></td><td>1998-01-07</td></tr><tr><td><b>Mast height (m)</b></td><td>20</td></tr><tr><td><b>Elevation (m)</b></td><td>1065</td></tr><tr><td><b>Mean wind speed (m/s)</b></td><td>4.51</td></tr><tr><td><b>Wind power density (W/m2)</b></td><td>139.7</td></tr><tr><td><b>PDF page</b></td><td>8</td></tr></table>]]></description><TimeSpan><begin>1994-05-06</begin><end>1998-01-07</end></TimeSpan><styleUrl>#Closed</styleUrl><Point><coordinates>76.971389,9.598333,0</coordinates></Point></Placemark><Placemark><name>NALLASINGAM</name><description><![CDATA[<table><tr><td><b>Station</b></td><td>NALLASINGAM</td></tr><tr><td><b>District</b></td><td>PALAKKAD</td></tr><tr><td><b>Status</b></td><td>Closed</td></tr><tr><td><b>Source</b></td><td>Mast</td></tr><tr><td><b>Commenced</b></td><td>1999-01-13</td></tr><tr><td><b>Closed</b></td><td>2001-07-16</td></tr><tr><td><b>Mast height (m)</b></td><td>20</td></tr><tr><td><b>Elevation (m)</b></td><td>840</td></tr><tr><td><b>Mean wind speed (m/s)</b></td><td>6.36</td></tr><tr><td><b>Wind power density (W/m2)</b></td><td>323.9</td></tr><tr><td><b>PDF page</b></td><td>8</td></tr></table>]]></description><TimeSpan><begin>1999-01-13</begin><end>2001-07-16</end></TimeSpan><styleUrl>#Closed</styleUrl><Point><coordinates>76.714444,11.0825,0</coordinates></Point></Placemark><Placemark><name>NEENDAKARA</name><description><![CDATA[<table><tr><td><b>Station</b></td><td>NEENDAKARA</td></tr><tr><td><b>District</b></td><td>KOLLAM</td></tr><tr><td><b>Status</b></td><td>Closed</td></tr><tr><td><b>Source</b></td><td>Mast</td></tr><tr><td><b>Commenced</b></td><td>2004-05-28</td></tr><tr><td><b>Closed</b></td><td>2005-11-05</td></tr><tr><td><b>Mast height (m)</b></td><td>20</td></tr><tr><td><b>Elevation (m)</b></td><td>5</td></tr><tr><td><b>Mean wind speed (m/s)</b></td><td>3.83</td></tr><tr><td><b>Wind power density (W/m2)</b></td><td>63</td></tr><tr><td><b>Project type</b></td><td>Other project</td></tr><tr><td><b>PDF page</b></td><td>8</td></tr></table>]]></description><TimeSpan><begin>2004-05-28</begin><end>2005-11-05</end></TimeSpan><styleUrl>#Closed</styleUrl><Point><coordinates>76.537778,8.938333,0</coordinates></Point></Placemark><Placemark><name>OZHALAPATHY</name><description><![CDATA[<table><tr><td><b>Station</b></td><td>OZHALAPATHY</td></tr><tr><td><b>District</b></td><td>PALAKKAD</td></tr><tr><td><b>Status</b></td><td>Closed</td></tr><tr><td><b>Source</b></td><td>Mast</td></tr><tr><td><b>Commenced</b></td><td>1999-01-12</td></tr><tr><td><b>Closed</b></td><td>2000-11-13</td></tr><tr><td><b>Mast height (m)</b></td><td>20</td></tr><tr><td><b>Elevation (m)</b></td><td>220</td></tr><tr><td><b>Mean wind speed (m/s)</b></td><td>4.83</td></tr><tr><td><b>Wind power density (W/m2)</b></td><td>110.5</td></tr><tr><td><b>PDF page</b></td><td>8</td></tr></table>]]></description><TimeSpan><begin>1999-01-12</begin><end>2000-11-13</end></TimeSpan><styleUrl>#Closed</styleUrl><Point><coordinates>76.866667,10.766667,0</coordinates></Point></Placemark><Placemark><name>PANCHALIMEDU</name><description><![CDATA[<table><tr><td><b>Station</b></td><td>PANCHALIMEDU</td></tr><tr><td><b>District</b></td><td>IDUKKI</td></tr><tr><td><b>Status</b></td><td>Closed</td></tr><tr><td><b>Source</b></td><td>Mast</td></tr><tr><td><b>Commenced</b></td><td>1992-11-23</td></tr><tr><td><b>Closed</b></td><td>1997-09-03</td></tr><tr><td><b>Mast height (m)</b></td><td>20</td></tr><tr><td><b>Elevation (m)</b></td><td>973</td></tr><tr><td><b>Mean wind speed (m/s)</b></td><td>5.56</td></tr><tr><td><b>Wind power density (W/m2)</b></td><td>257.8</td></tr><tr><td><b>PDF page</b></td><td>8</td></tr></table>]]></description><TimeSpan><begin>1992-11-23</begin><end>1997-09-03</end></TimeSpan><styleUrl>#Closed</styleUrl><Point><coordinates>76.973333,9.526944,0</coordinates></Point></Placemark><Placemark><name>PARAMPUKETTIMEDU</name><description><![CDATA[<table><tr><td><b>Station</b></td><td>PARAMPUKETTIMEDU</td></tr><tr><td><b>District</b></td><td>IDUKKI</td></tr><tr><td><b>Status</b></td><td>Closed</td></tr><tr><td><b>Source</b></td><td>Mast</td></tr><tr><td><b>Commenced</b></td><td>1998-03-07</td></tr><tr><td><b>Closed</b></td><td>2000-11-08</td></tr><tr><td><b>Mast height (m)</b></td><td>20</td></tr><tr><td><b>Elevation (m)</b></td><td>1128</td></tr><tr><td><b>Mean wind speed (m/s)</b></td><td>7.58</td></tr><tr><td><b>Wind power density (W/m2)</b></td><td>470</td></tr><tr><td><b>PDF page</b></td><td>8</td></tr></table>]]></description><TimeSpan><begin>1998-03-07</begin><end>2000-11-08</end></TimeSpan><styleUrl>#Closed</styleUrl><Point><coordinates>77.218889,9.891389,0</coordinates></Point></Placemark><Placemark><name>PASAVADIGUMBA</name><description><![CDATA[<table><tr><td><b>Station</b></td><td>PASAVADIGUMBA</td></tr><tr><td><b>District</b></td><td>KASARGODE</td></tr><tr><td><b>Status</b></td><td>Closed</td></tr><tr><td><b>Source</b></td><td>Mast</td></tr><tr><td><b>Commenced</b></td><td>2004-04-28</td></tr><tr><td><b>Closed</b></td><td>2006-06-28</td></tr><tr><td><b>Mast height (m)</b></td><td>50</td></tr><tr><td><b>Elevation (m)</b></td><td>315</td></tr><tr><td><b>Mean wind speed (m/s)</b></td><td>5.18</td></tr><tr><td><b>Wind power density (W/m2)</b></td><td>175</td></tr><tr><td><b>PDF page</b></td><td>8</td></tr></table>]]></description><TimeSpan><begin>2004-04-28</begin><end>2006-06-28</end></TimeSpan><styleUrl>#Closed</styleUrl><Point><coordinates>75.022222,12.672778,0</coordinates></Point></Placemark><Placemark><name>PONMUDI</name><description><![CDATA[<table><tr><td><b>Station</b></td><td>PONMUDI</td></tr><tr><td><b>District</b></td><td>TIRUVANANTHAPURAM</td></tr><tr><td><b>Status</b></td><td>Closed</td></tr><tr><td><b>Source</b></td><td>Mast</td></tr><tr><td><b>Commenced</b></td><td>1990-09-19</td></tr><tr><td><b>Closed</b></td><td>1995-10-29</td></tr><tr><td><b>Mast height (m)</b></td><td>20</td></tr><tr><td><b>Elevation (m)</b></td><td>995</td></tr><tr><td><b>Mean wind speed (m/s)</b></td><td>5.1</td></tr><tr><td><b>Wind power density (W/m2)</b></td><td>216</td></tr><tr><td><b>PDF page</b></td><td>8</td></tr></table>]]></description><TimeSpan><begin>1990-09-19</begin><end>1995-10-29</end></TimeSpan><styleUrl>#Closed</styleUrl><Point><coordinates>77.114167,8.764722,0</coordinates></Point></Placemark><Placemark><name>PULLIKANAM</name><description><![CDATA[<table><tr><td><b>Station</b></td><td>PULLIKANAM</td></tr><tr><td><b>District</b></td><td>IDUKKI</td></tr><tr><td><b>Status</b></td><td>Closed</td></tr><tr><td><b>Source</b></td><td>Mast</td></tr><tr><td><b>Commenced</b></td><td>1991-08-06</td></tr><tr><td><b>Closed</b></td><td>1994-09-08</td></tr><tr><td><b>Mast height (m)</b></td><td>20</td></tr><tr><td><b>Elevation (m)</b></td><td>960</td></tr><tr><td><b>Mean wind speed (m/s)</b></td><td>5.06</td></tr><tr><td><b>Wind power density (W/m2)</b></td><td>177.6</td></tr><tr><td><b>PDF page</b></td><td>8</td></tr></table>]]></description><TimeSpan><begin>1991-08-06</begin><end>1994-09-08</end></TimeSpan><styleUrl>#Closed</styleUrl><Point><coordinates>76.868019,9.73495,0</coordinates></Point></Placemark><Placemark><name>PUSHPAGIRI</name><description><![CDATA[<table><tr><td><b>Station</b></td><td>PUSHPAGIRI</td></tr><tr><td><b>District</b></td><td>IDUKKI</td></tr><tr><td><b>Status</b></td><td>Closed</td></tr><tr><td><b>Source</b></td><td>Mast</td></tr><tr><td><b>Commenced</b></td><td>2004-08-31</td></tr><tr><td><b>Closed</b></td><td>2006-10-12</td></tr><tr><td><b>Mast height (m)</b></td><td>50</td></tr><tr><td><b>Elevation (m)</b></td><td>1085</td></tr><tr><td><b>Mean wind speed (m/s)</b></td><td>6.02</td></tr><tr><td><b>Wind power density (W/m2)</b></td><td>223</td></tr><tr><td><b>PDF page</b></td><td>8</td></tr></table>]]></description><TimeSpan><begin>2004-08-31</begin><end>2006-10-12</end></TimeSpan><styleUrl>#Closed</styleUrl><Point><coordinates>77.064722,9.843056,0</coordinates></Point></Placemark><Placemark><name>RAMAKALMEDU</name><description><![CDATA[<table><tr><td><b>Station</b></td><td>RAMAKALMEDU</td></tr><tr><td><b>District</b></td><td>IDUKKI</td></tr><tr><td><b>Status</b></td><td>Closed</td></tr><tr><td><b>Source</b></td><td>Mast</td></tr><tr><td><b>Commenced</b></td><td>1991-08-07</td></tr><tr><td><b>Closed</b></td><td>1998-03-05</td></tr><tr><td><b>Mast height (m)</b></td><td>20</td></tr><tr><td><b>Elevation (m)</b></td><td>997</td></tr><tr><td><b>Mean wind speed (m/s)</b></td><td>8.42</td></tr><tr><td><b>Wind power density (W/m2)</b></td><td>532.2</td></tr><tr><td><b>PDF page</b></td><td>8</td></tr></table>]]></description><TimeSpan><begin>1991-08-07</begin><end>1998-03-05</end></TimeSpan><styleUrl>#Closed</styleUrl><Point><coordinates>77.245556,9.809167,0</coordinates></Point></Placemark><Placemark><name>SAKKULATHUMEDU</name><description><![CDATA[<table><tr><td><b>Station</b></td><td>SAKKULATHUMEDU</td></tr><tr><td><b>District</b></td><td>IDUKKI</td></tr><tr><td><b>Status</b></td><td>Closed</td></tr><tr><td><b>Source</b></td><td>Mast</td></tr><tr><td><b>Commenced</b></td><td>1998-11-11</td></tr><tr><td><b>Closed</b></td><td>2000-08-30</td></tr><tr><td><b>Mast height (m)</b></td><td>20</td></tr><tr><td><b>Elevation (m)</b></td><td>1127</td></tr><tr><td><b>Mean wind speed (m/s)</b></td><td>8.12</td></tr><tr><td><b>Wind power density (W/m2)</b></td><td>531</td></tr><tr><td><b>PDF page</b></td><td>8</td></tr></table>]]></description><TimeSpan><begin>1998-11-11</begin><end>2000-08-30</end></TimeSpan><styleUrl>#Closed</styleUrl><Point><coordinates>77.211667,9.873889,0</coordinates></Point></Placemark><Placemark><name>SENAPATHI</name><description><![CDATA[<table><tr><td><b>Station</b></td><td>SENAPATHI</td></tr><tr><td><b>District</b></td><td>IDUKKI</td></tr><tr><td><b>Status</b></td><td>Closed</td></tr><tr><td><b>Source</b></td><td>Mast</td></tr><tr><td><b>Commenced</b></td><td>1998-03-08</td></tr><tr><td><b>Closed</b></td><td>2000-11-09</td></tr><tr><td><b>Mast height (m)</b></td><td>20</td></tr><tr><td><b>Elevation (m)</b></td><td>1212</td></tr><tr><td><b>Mean wind speed (m/s)</b></td><td>5.39</td></tr><tr><td><b>Wind power density (W/m2)</b></td><td>189.2</td></tr><tr><td><b>PDF page</b></td><td>8</td></tr></table>]]></description><TimeSpan><begin>1998-03-08</begin><end>2000-11-09</end></TimeSpan><styleUrl>#Closed</styleUrl><Point><coordinates>77.173056,9.945278,0</coordinates></Point></Placemark><Placemark><name>TOLANUR</name><description><![CDATA[<table><tr><td><b>Station</b></td><td>TOLANUR</td></tr><tr><td><b>District</b></td><td>PALAKKAD</td></tr><tr><td><b>Status</b></td><td>Closed</td></tr><tr><td><b>Source</b></td><td>Mast</td></tr><tr><td><b>Commenced</b></td><td>1990-09-22</td></tr><tr><td><b>Closed</b></td><td>1993-11-04</td></tr><tr><td><b>Mast height (m)</b></td><td>20</td></tr><tr><td><b>Elevation (m)</b></td><td>114</td></tr><tr><td><b>Mean wind speed (m/s)</b></td><td>4.41</td></tr><tr><td><b>Wind power density (W/m2)</b></td><td>115.2</td></tr><tr><td><b>PDF page</b></td><td>8</td></tr></table>]]></description><TimeSpan><begin>1990-09-22</begin><end>1993-11-04</end></TimeSpan><styleUrl>#Closed</styleUrl><Point><coordinates>76.498889,10.717222,0</coordinates></Point></Placemark><Placemark><name>VEDIKUZHI</name><description><![CDATA[<table><tr><td><b>Station</b></td><td>VEDIKUZHI</td></tr><tr><td><b>District</b></td><td>IDUKKI</td></tr><tr><td><b>Status</b></td><td>Closed</td></tr><tr><td><b>Source</b></td><td>Mast</td></tr><tr><td><b>Commenced</b></td><td>1994-03-05</td></tr><tr><td><b>Closed</b></td><td>1997-04-29</td></tr><tr><td><b>Mast height (m)</b></td><td>20</td></tr><tr><td><b>Elevation (m)</b></td><td>1020</td></tr><tr><td><b>Mean wind speed (m/s)</b></td><td>4.5</td></tr><tr><td><b>Wind power density (W/m2)</b></td><td>139.7</td></tr><tr><td><b>PDF page</b></td><td>8</td></tr></table>]]></description><TimeSpan><begin>1994-03-05</begin><end>1997-04-29</end></TimeSpan><styleUrl>#Closed</styleUrl><Point><coordinates>76.954583,9.680583,0</coordinates></Point></Placemark><Placemark><name>VIZHINJAM</name><description><![CDATA[<table><tr><td><b>Station</b></td><td>VIZHINJAM</td></tr><tr><td><b>District</b></td><td>TIRUVANANTHAPURAM</td></tr><tr><td><b>Status</b></td><td>Closed</td></tr><tr><td><b>Source</b></td><td>Mast</td></tr><tr><td><b>Commenced</b></td><td>2004-05-27</td></tr><tr><td><b>Closed</b></td><td>2005-06-13</td></tr><tr><td><b>Mast height (m)</b></td><td>25</td></tr><tr><td><b>Elevation (m)</b></td><td>13</td></tr><tr><td><b>Mean wind speed (m/s)</b></td><td>3.59</td></tr><tr><td><b>Wind power density (W/m2)</b></td><td>50</td></tr><tr><td><b>Project type</b></td><td>Other project</td></tr><tr><td><b>PDF page</b></td><td>8</td></tr></table>]]></description><TimeSpan><begin>2004-05-27</begin><end>2005-06-13</end></TimeSpan><styleUrl>#Closed</styleUrl><Point><coordinates>76.991111,8.375278,0</coordinates></Point></Placemark><Placemark><name>CHADAYANGULAY</name><description><![CDATA[<table><tr><td><b>Station</b></td><td>CHADAYANGULAY</td></tr><tr><td><b>District</b></td><td>PALAKKAD</td></tr><tr><td><b>Status</b></td><td>Closed</td></tr><tr><td><b>Source</b></td><td>Mast</td></tr><tr><td><b>Commenced</b></td><td>2007-11-16</td></tr><tr><td><b>Closed</b></td><td>2009-12-30</td></tr><tr><td><b>Mast height (m)</b></td><td>50</td></tr><tr><td><b>Elevation (m)</b></td><td>121</td></tr><tr><td><b>Mean wind speed (m/s)</b></td><td>5.56</td></tr><tr><td><b>Wind power density (W/m2)</b></td><td>156</td></tr><tr><td><b>PDF page</b></td><td>8</td></tr></table>]]></description><TimeSpan><begin>2007-11-16</begin><end>2009-12-30</end></TimeSpan><styleUrl>#Closed</styleUrl><Point><coordinates>76.729722,10.803056,0</coordinates></Point></Placemark><Placemark><name>TALAPOYA</name><description><![CDATA[<table><tr><td><b>Station</b></td><td>TALAPOYA</td></tr><tr><td><b>District</b></td><td>WAYANAD</td></tr><tr><td><b>Status</b></td><td>Closed</td></tr><tr><td><b>Source</b></td><td>Mast</td></tr><tr><td><b>Commenced</b></td><td>2007-11-20</td></tr><tr><td><b>Closed</b></td><td>2009-11-09</td></tr><tr><td><b>Mast height (m)</b></td><td>50</td></tr><tr><td><b>Elevation (m)</b></td><td>795</td></tr><tr><td><b>Mean wind speed (m/s)</b></td><td>4.28</td></tr><tr><td><b>Wind power density (W/m2)</b></td><td>87</td></tr><tr><td><b>PDF page</b></td><td>8</td></tr></table>]]></description><TimeSpan><begin>2007-11-20</begin><end>2009-11-09</end></TimeSpan><styleUrl>#Closed</styleUrl><Point><coordinates>75.969167,11.838611,0</coordinates></Point></Placemark><Placemark><name>PUTHUPALLY / KANJIKODE</name><description><![CDATA[<table><tr><td><b>Station</b></td><td>PUTHUPALLY / KANJIKODE</td></tr><tr><td><b>District</b></td><td>PALAKKAD</td></tr><tr><td><b>Status</b></td><td>Closed</td></tr><tr><td><b>Source</b></td><td>Mast</td></tr><tr><td><b>Commenced</b></td><td>2012-02-23</td></tr><tr><td><b>Closed</b></td><td>2014-09-18</td></tr><tr><td><b>Mast height (m)</b></td><td>80</td></tr><tr><td><b>Elevation (m)</b></td><td>139</td></tr><tr><td><b>Mean wind speed (m/s)</b></td><td>6.94</td></tr><tr><td><b>Wind power density (W/m2)</b></td><td>258.52</td></tr><tr><td><b>PDF page</b></td><td>8</td></tr></table>]]></description><TimeSpan><begin>2012-02-23</begin><end>2014-09-18</end></TimeSpan><styleUrl>#Closed</styleUrl><Point><coordinates>76.775,10.787583,0</coordinates></Point></Placemark><Placemark><name>VANDIPERIYAR</name><description><![CDATA[<table><tr><td><b>Station</b></td><td>VANDIPERIYAR</td></tr><tr><td><b>District</b></td><td>IDUKKI</td></tr><tr><td><b>Status</b></td><td>Closed</td></tr><tr><td><b>Source</b></td><td>Mast</td></tr><tr><td><b>Commenced</b></td><td>2012-02-25</td></tr><tr><td><b>Closed</b></td><td>2014-09-18</td></tr><tr><td><b>Mast height (m)</b></td><td>80</td></tr><tr><td><b>Elevation (m)</b></td><td>1097</td></tr><tr><td><b>Mean wind speed (m/s)</b></td><td>5.38</td></tr><tr><td><b>Wind power density (W/m2)</b></td><td>175.26</td></tr><tr><td><b>PDF page</b></td><td>8</td></tr></table>]]></description><TimeSpan><begin>2012-02-25</begin><end>2014-09-18</end></TimeSpan><styleUrl>#Closed</styleUrl><Point><coordinates>77.043722,9.543917,0</coordinates></Point></Placemark><Placemark><name>MEENAKARA DAM</name><description><![CDATA[<table><tr><td><b>Station</b></td><td>MEENAKARA DAM</td></tr><tr><td><b>District</b></td><td>PALAKKAD</td></tr><tr><td><b>Status</b></td><td>Closed</td></tr><tr><td><b>Source</b></td><td>Mast</td></tr><tr><td><b>Commenced</b></td><td>2018-11-17</td></tr><tr><td><b>Closed</b></td><td>2020-12-14</td></tr><tr><td><b>Mast height (m)</b></td><td>100</td></tr><tr><td><b>Elevation (m)</b></td><td>175</td></tr><tr><td><b>Mean wind speed (m/s)</b></td><td>6.38</td></tr><tr><td><b>Wind power density (W/m2)</b></td><td>225.39</td></tr><tr><td><b>PDF page</b></td><td>9</td></tr></table>]]></description><TimeSpan><begin>2018-11-17</begin><end>2020-12-14</end></TimeSpan><styleUrl>#Closed</styleUrl><Point><coordinates>76.798322,10.62605,0</coordinates></Point></Placemark><Placemark><name>KAP 4th BATTALIYAN</name><description><![CDATA[<table><tr><td><b>Station</b></td><td>KAP 4th BATTALIYAN</td></tr><tr><td><b>District</b></td><td>KASARGODE</td></tr><tr><td><b>Status</b></td><td>Closed</td></tr><tr><td><b>Source</b></td><td>Mast</td></tr><tr><td><b>Commenced</b></td><td>2018-11-29</td></tr><tr><td><b>Closed</b></td><td>2020-12-14</td></tr><tr><td><b>Mast height (m)</b></td><td>100</td></tr><tr><td><b>Elevation (m)</b></td><td>115</td></tr><tr><td><b>Mean wind speed (m/s)</b></td><td>4.15</td></tr><tr><td><b>Wind power density (W/m2)</b></td><td>61.21</td></tr><tr><td><b>PDF page</b></td><td>9</td></tr></table>]]></description><TimeSpan><begin>2018-11-29</begin><end>2020-12-14</end></TimeSpan><styleUrl>#Closed</styleUrl><Point><coordinates>75.116861,12.409611,0</coordinates></Point></Placemark></Folder><Folder><name>LADAKH (17)</name><Placemark><name>BASGO</name><description><![CDATA[<table><tr><td><b>Station</b></td><td>BASGO</td></tr><tr><td><b>District</b></td><td>LEH</td></tr><tr><td><b>Status</b></td><td>Closed</td></tr><tr><td><b>Source</b></td><td>Mast</td></tr><tr><td><b>Commenced</b></td><td>1997-09-23</td></tr><tr><td><b>Closed</b></td><td>1999-10-12</td></tr><tr><td><b>Mast height (m)</b></td><td>25</td></tr><tr><td><b>Elevation (m)</b></td><td>3451</td></tr><tr><td><b>Mean wind speed (m/s)</b></td><td>3.77</td></tr><tr><td><b>Wind power density (W/m2)</b></td><td>59.4</td></tr><tr><td><b>PDF page</b></td><td>11</td></tr></table>]]></description><TimeSpan><begin>1997-09-23</begin><end>1999-10-12</end></TimeSpan><styleUrl>#Closed</styleUrl><Point><coordinates>77.255556,34.235278,0</coordinates></Point></Placemark><Placemark><name>CHOCHOT</name><description><![CDATA[<table><tr><td><b>Station</b></td><td>CHOCHOT</td></tr><tr><td><b>District</b></td><td>LEH</td></tr><tr><td><b>Status</b></td><td>Closed</td></tr><tr><td><b>Source</b></td><td>Mast</td></tr><tr><td><b>Commenced</b></td><td>1997-09-24</td></tr><tr><td><b>Closed</b></td><td>1999-10-06</td></tr><tr><td><b>Mast height (m)</b></td><td>25</td></tr><tr><td><b>Elevation (m)</b></td><td>3273</td></tr><tr><td><b>Mean wind speed (m/s)</b></td><td>3.35</td></tr><tr><td><b>Wind power density (W/m2)</b></td><td>81.2</td></tr><tr><td><b>PDF page</b></td><td>11</td></tr></table>]]></description><TimeSpan><begin>1997-09-24</begin><end>1999-10-06</end></TimeSpan><styleUrl>#Closed</styleUrl><Point><coordinates>77.623333,34.052222,0</coordinates></Point></Placemark><Placemark><name>PHYANG</name><description><![CDATA[<table><tr><td><b>Station</b></td><td>PHYANG</td></tr><tr><td><b>District</b></td><td>LEH</td></tr><tr><td><b>Status</b></td><td>Closed</td></tr><tr><td><b>Source</b></td><td>Mast</td></tr><tr><td><b>Commenced</b></td><td>1997-09-22</td></tr><tr><td><b>Closed</b></td><td>1999-10-13</td></tr><tr><td><b>Mast height (m)</b></td><td>25</td></tr><tr><td><b>Elevation (m)</b></td><td>3301</td></tr><tr><td><b>Mean wind speed (m/s)</b></td><td>4.44</td></tr><tr><td><b>Wind power density (W/m2)</b></td><td>113.2</td></tr><tr><td><b>PDF page</b></td><td>11</td></tr></table>]]></description><TimeSpan><begin>1997-09-22</begin><end>1999-10-13</end></TimeSpan><styleUrl>#Closed</styleUrl><Point><coordinates>77.469444,34.149167,0</coordinates></Point></Placemark><Placemark><name>KHALSAR</name><description><![CDATA[<table><tr><td><b>Station</b></td><td>KHALSAR</td></tr><tr><td><b>District</b></td><td>LEH</td></tr><tr><td><b>Status</b></td><td>Closed</td></tr><tr><td><b>Source</b></td><td>Mast</td></tr><tr><td><b>Commenced</b></td><td>2007-09-29</td></tr><tr><td><b>Closed</b></td><td>2009-12-09</td></tr><tr><td><b>Mast height (m)</b></td><td>50</td></tr><tr><td><b>Elevation (m)</b></td><td>3512</td></tr><tr><td><b>Mean wind speed (m/s)</b></td><td>3.82</td></tr><tr><td><b>Wind power density (W/m2)</b></td><td>79</td></tr><tr><td><b>PDF page</b></td><td>11</td></tr></table>]]></description><TimeSpan><begin>2007-09-29</begin><end>2009-12-09</end></TimeSpan><styleUrl>#Closed</styleUrl><Point><coordinates>77.7125,34.481111,0</coordinates></Point></Placemark><Placemark><name>NYOMA</name><description><![CDATA[<table><tr><td><b>Station</b></td><td>NYOMA</td></tr><tr><td><b>District</b></td><td>LEH</td></tr><tr><td><b>Status</b></td><td>Closed</td></tr><tr><td><b>Source</b></td><td>Mast</td></tr><tr><td><b>Commenced</b></td><td>2007-10-02</td></tr><tr><td><b>Closed</b></td><td>2009-12-02</td></tr><tr><td><b>Mast height (m)</b></td><td>50</td></tr><tr><td><b>Elevation (m)</b></td><td>4175</td></tr><tr><td><b>Mean wind speed (m/s)</b></td><td>4.08</td></tr><tr><td><b>Wind power density (W/m2)</b></td><td>77</td></tr><tr><td><b>PDF page</b></td><td>11</td></tr></table>]]></description><TimeSpan><begin>2007-10-02</begin><end>2009-12-02</end></TimeSpan><styleUrl>#Closed</styleUrl><Point><coordinates>78.603611,33.198333,0</coordinates></Point></Placemark><Placemark><name>TARU</name><description><![CDATA[<table><tr><td><b>Station</b></td><td>TARU</td></tr><tr><td><b>District</b></td><td>LEH</td></tr><tr><td><b>Status</b></td><td>Closed</td></tr><tr><td><b>Source</b></td><td>Mast</td></tr><tr><td><b>Commenced</b></td><td>2011-08-24</td></tr><tr><td><b>Closed</b></td><td>2013-05-28</td></tr><tr><td><b>Mast height (m)</b></td><td>50</td></tr><tr><td><b>Elevation (m)</b></td><td>3242</td></tr><tr><td><b>Mean wind speed (m/s)</b></td><td>4.37</td></tr><tr><td><b>Wind power density (W/m2)</b></td><td>128.29</td></tr><tr><td><b>PDF page</b></td><td>11</td></tr></table>]]></description><TimeSpan><begin>2011-08-24</begin><end>2013-05-28</end></TimeSpan><styleUrl>#Closed</styleUrl><Point><coordinates>77.481056,34.139944,0</coordinates></Point></Placemark><Placemark><name>FOTU LA</name><description><![CDATA[<table><tr><td><b>Station</b></td><td>FOTU LA</td></tr><tr><td><b>District</b></td><td>LEH</td></tr><tr><td><b>Status</b></td><td>Closed</td></tr><tr><td><b>Source</b></td><td>Mast</td></tr><tr><td><b>Commenced</b></td><td>2011-08-27</td></tr><tr><td><b>Closed</b></td><td>2014-04-10</td></tr><tr><td><b>Mast height (m)</b></td><td>50</td></tr><tr><td><b>Elevation (m)</b></td><td>4117</td></tr><tr><td><b>PDF page</b></td><td>11</td></tr></table>]]></description><TimeSpan><begin>2011-08-27</begin><end>2014-04-10</end></TimeSpan><styleUrl>#Closed</styleUrl><Point><coordinates>76.701722,34.289889,0</coordinates></Point></Placemark><Placemark><name>UPSHI</name><description><![CDATA[<table><tr><td><b>Station</b></td><td>UPSHI</td></tr><tr><td><b>District</b></td><td>LEH</td></tr><tr><td><b>Status</b></td><td>Closed</td></tr><tr><td><b>Source</b></td><td>Mast</td></tr><tr><td><b>Commenced</b></td><td>2011-08-25</td></tr><tr><td><b>Closed</b></td><td>2013-05-28</td></tr><tr><td><b>Mast height (m)</b></td><td>50</td></tr><tr><td><b>Elevation (m)</b></td><td>3426</td></tr><tr><td><b>Mean wind speed (m/s)</b></td><td>3.51</td></tr><tr><td><b>Wind power density (W/m2)</b></td><td>56.81</td></tr><tr><td><b>PDF page</b></td><td>11</td></tr></table>]]></description><TimeSpan><begin>2011-08-25</begin><end>2013-05-28</end></TimeSpan><styleUrl>#Closed</styleUrl><Point><coordinates>77.807,33.838972,0</coordinates></Point></Placemark><Placemark><name>DISKIT</name><description><![CDATA[<table><tr><td><b>Station</b></td><td>DISKIT</td></tr><tr><td><b>District</b></td><td>LEH</td></tr><tr><td><b>Status</b></td><td>Closed</td></tr><tr><td><b>Source</b></td><td>Mast</td></tr><tr><td><b>Commenced</b></td><td>2011-08-30</td></tr><tr><td><b>Closed</b></td><td>2013-05-28</td></tr><tr><td><b>Mast height (m)</b></td><td>50</td></tr><tr><td><b>Elevation (m)</b></td><td>3119</td></tr><tr><td><b>Mean wind speed (m/s)</b></td><td>3.12</td></tr><tr><td><b>Wind power density (W/m2)</b></td><td>43.31</td></tr><tr><td><b>PDF page</b></td><td>11</td></tr></table>]]></description><TimeSpan><begin>2011-08-30</begin><end>2013-05-28</end></TimeSpan><styleUrl>#Closed</styleUrl><Point><coordinates>77.569722,34.554222,0</coordinates></Point></Placemark><Placemark><name>HANLEY</name><description><![CDATA[<table><tr><td><b>Station</b></td><td>HANLEY</td></tr><tr><td><b>District</b></td><td>LEH</td></tr><tr><td><b>Status</b></td><td>Closed</td></tr><tr><td><b>Source</b></td><td>Mast</td></tr><tr><td><b>Commenced</b></td><td>2011-09-03</td></tr><tr><td><b>Closed</b></td><td>2013-05-28</td></tr><tr><td><b>Mast height (m)</b></td><td>50</td></tr><tr><td><b>Elevation (m)</b></td><td>4343</td></tr><tr><td><b>Mean wind speed (m/s)</b></td><td>4.88</td></tr><tr><td><b>Wind power density (W/m2)</b></td><td>106.66</td></tr><tr><td><b>PDF page</b></td><td>11</td></tr></table>]]></description><TimeSpan><begin>2011-09-03</begin><end>2013-05-28</end></TimeSpan><styleUrl>#Closed</styleUrl><Point><coordinates>78.890222,32.758944,0</coordinates></Point></Placemark><Placemark><name>CHUSHUL</name><description><![CDATA[<table><tr><td><b>Station</b></td><td>CHUSHUL</td></tr><tr><td><b>District</b></td><td>LEH</td></tr><tr><td><b>Status</b></td><td>Closed</td></tr><tr><td><b>Source</b></td><td>Mast</td></tr><tr><td><b>Commenced</b></td><td>2011-09-01</td></tr><tr><td><b>Closed</b></td><td>2013-05-28</td></tr><tr><td><b>Mast height (m)</b></td><td>50</td></tr><tr><td><b>Elevation (m)</b></td><td>4533</td></tr><tr><td><b>Mean wind speed (m/s)</b></td><td>6.6</td></tr><tr><td><b>Wind power density (W/m2)</b></td><td>211.1</td></tr><tr><td><b>PDF page</b></td><td>11</td></tr></table>]]></description><TimeSpan><begin>2011-09-01</begin><end>2013-05-28</end></TimeSpan><styleUrl>#Closed</styleUrl><Point><coordinates>78.643278,33.586639,0</coordinates></Point></Placemark><Placemark><name>KHUMBUTHANG</name><description><![CDATA[<table><tr><td><b>Station</b></td><td>KHUMBUTHANG</td></tr><tr><td><b>District</b></td><td>KARGIL</td></tr><tr><td><b>Status</b></td><td>Closed</td></tr><tr><td><b>Source</b></td><td>Mast</td></tr><tr><td><b>Commenced</b></td><td>2011-10-13</td></tr><tr><td><b>Closed</b></td><td>2013-05-28</td></tr><tr><td><b>Mast height (m)</b></td><td>50</td></tr><tr><td><b>Elevation (m)</b></td><td>3072</td></tr><tr><td><b>Mean wind speed (m/s)</b></td><td>3.12</td></tr><tr><td><b>Wind power density (W/m2)</b></td><td>65.42</td></tr><tr><td><b>PDF page</b></td><td>11</td></tr></table>]]></description><TimeSpan><begin>2011-10-13</begin><end>2013-05-28</end></TimeSpan><styleUrl>#Closed</styleUrl><Point><coordinates>75.984917,34.399889,0</coordinates></Point></Placemark><Placemark><name>PHOTANG</name><description><![CDATA[<table><tr><td><b>Station</b></td><td>PHOTANG</td></tr><tr><td><b>District</b></td><td>KARGIL</td></tr><tr><td><b>Status</b></td><td>Closed</td></tr><tr><td><b>Source</b></td><td>Mast</td></tr><tr><td><b>Commenced</b></td><td>2011-10-16</td></tr><tr><td><b>Closed</b></td><td>2013-05-28</td></tr><tr><td><b>Mast height (m)</b></td><td>50</td></tr><tr><td><b>Elevation (m)</b></td><td>3555</td></tr><tr><td><b>Mean wind speed (m/s)</b></td><td>4.7</td></tr><tr><td><b>Wind power density (W/m2)</b></td><td>156.96</td></tr><tr><td><b>PDF page</b></td><td>11</td></tr></table>]]></description><TimeSpan><begin>2011-10-16</begin><end>2013-05-28</end></TimeSpan><styleUrl>#Closed</styleUrl><Point><coordinates>76.884667,33.488861,0</coordinates></Point></Placemark><Placemark><name>RUNGDUM</name><description><![CDATA[<table><tr><td><b>Station</b></td><td>RUNGDUM</td></tr><tr><td><b>District</b></td><td>KARGIL</td></tr><tr><td><b>Status</b></td><td>Closed</td></tr><tr><td><b>Source</b></td><td>Mast</td></tr><tr><td><b>Commenced</b></td><td>2011-10-17</td></tr><tr><td><b>Closed</b></td><td>2013-05-28</td></tr><tr><td><b>Mast height (m)</b></td><td>50</td></tr><tr><td><b>Elevation (m)</b></td><td>4040</td></tr><tr><td><b>Mean wind speed (m/s)</b></td><td>3.11</td></tr><tr><td><b>Wind power density (W/m2)</b></td><td>46.94</td></tr><tr><td><b>PDF page</b></td><td>11</td></tr></table>]]></description><TimeSpan><begin>2011-10-17</begin><end>2013-05-28</end></TimeSpan><styleUrl>#Closed</styleUrl><Point><coordinates>76.373667,34.035667,0</coordinates></Point></Placemark><Placemark><name>HAMBOTINGLA</name><description><![CDATA[<table><tr><td><b>Station</b></td><td>HAMBOTINGLA</td></tr><tr><td><b>District</b></td><td>KARGIL</td></tr><tr><td><b>Status</b></td><td>Closed</td></tr><tr><td><b>Source</b></td><td>Mast</td></tr><tr><td><b>Commenced</b></td><td>2011-10-21</td></tr><tr><td><b>Closed</b></td><td>2013-05-28</td></tr><tr><td><b>Mast height (m)</b></td><td>50</td></tr><tr><td><b>Elevation (m)</b></td><td>4078</td></tr><tr><td><b>Mean wind speed (m/s)</b></td><td>4.15</td></tr><tr><td><b>Wind power density (W/m2)</b></td><td>87.73</td></tr><tr><td><b>PDF page</b></td><td>11</td></tr></table>]]></description><TimeSpan><begin>2011-10-21</begin><end>2013-05-28</end></TimeSpan><styleUrl>#Closed</styleUrl><Point><coordinates>76.275139,34.584,0</coordinates></Point></Placemark><Placemark><name>LAKTHANG</name><description><![CDATA[<table><tr><td><b>Station</b></td><td>LAKTHANG</td></tr><tr><td><b>District</b></td><td>KARGIL</td></tr><tr><td><b>Status</b></td><td>Closed</td></tr><tr><td><b>Source</b></td><td>Mast</td></tr><tr><td><b>Commenced</b></td><td>2011-10-22</td></tr><tr><td><b>Closed</b></td><td>2013-05-28</td></tr><tr><td><b>Mast height (m)</b></td><td>50</td></tr><tr><td><b>Elevation (m)</b></td><td>3121</td></tr><tr><td><b>Mean wind speed (m/s)</b></td><td>3.29</td></tr><tr><td><b>Wind power density (W/m2)</b></td><td>63.72</td></tr><tr><td><b>PDF page</b></td><td>11</td></tr></table>]]></description><TimeSpan><begin>2011-10-22</begin><end>2013-05-28</end></TimeSpan><styleUrl>#Closed</styleUrl><Point><coordinates>75.730694,34.425194,0</coordinates></Point></Placemark><Placemark><name>SHASITHANG</name><description><![CDATA[<table><tr><td><b>Station</b></td><td>SHASITHANG</td></tr><tr><td><b>District</b></td><td>KARGIL</td></tr><tr><td><b>Status</b></td><td>Operational</td></tr><tr><td><b>Source</b></td><td>Mast</td></tr><tr><td><b>Commenced</b></td><td>2021-10-21</td></tr><tr><td><b>Mast height (m)</b></td><td>50</td></tr><tr><td><b>Elevation (m)</b></td><td>4273</td></tr><tr><td><b>PDF page</b></td><td>11</td></tr></table>]]></description><TimeSpan><begin>2021-10-21</begin></TimeSpan><styleUrl>#Operational</styleUrl><Point><coordinates>76.336917,34.567767,0</coordinates></Point></Placemark></Folder><Folder><name>LAKSHADWEEP (9)</name><Placemark><name>AGATHI</name><description><![CDATA[<table><tr><td><b>Station</b></td><td>AGATHI</td></tr><tr><td><b>District</b></td><td>KAVARATHI</td></tr><tr><td><b>Status</b></td><td>Closed</td></tr><tr><td><b>Source</b></td><td>Mast</td></tr><tr><td><b>Commenced</b></td><td>1989-10-25</td></tr><tr><td><b>Closed</b></td><td>1993-10-23</td></tr><tr><td><b>Mast height (m)</b></td><td>20</td></tr><tr><td><b>Elevation (m)</b></td><td>3</td></tr><tr><td><b>Mean wind speed (m/s)</b></td><td>5.07</td></tr><tr><td><b>Wind power density (W/m2)</b></td><td>179</td></tr><tr><td><b>PDF page</b></td><td>7</td></tr></table>]]></description><TimeSpan><begin>1989-10-25</begin><end>1993-10-23</end></TimeSpan><styleUrl>#Closed</styleUrl><Point><coordinates>72.181944,10.835,0</coordinates></Point></Placemark><Placemark><name>AMINI</name><description><![CDATA[<table><tr><td><b>Station</b></td><td>AMINI</td></tr><tr><td><b>District</b></td><td>KAVARATHI</td></tr><tr><td><b>Status</b></td><td>Closed</td></tr><tr><td><b>Source</b></td><td>Mast</td></tr><tr><td><b>Commenced</b></td><td>1997-11-22</td></tr><tr><td><b>Closed</b></td><td>1999-10-09</td></tr><tr><td><b>Mast height (m)</b></td><td>20</td></tr><tr><td><b>Elevation (m)</b></td><td>4</td></tr><tr><td><b>Mean wind speed (m/s)</b></td><td>4.75</td></tr><tr><td><b>Wind power density (W/m2)</b></td><td>140.1</td></tr><tr><td><b>PDF page</b></td><td>7</td></tr></table>]]></description><TimeSpan><begin>1997-11-22</begin><end>1999-10-09</end></TimeSpan><styleUrl>#Closed</styleUrl><Point><coordinates>72.723056,11.130833,0</coordinates></Point></Placemark><Placemark><name>BITRA</name><description><![CDATA[<table><tr><td><b>Station</b></td><td>BITRA</td></tr><tr><td><b>District</b></td><td>KAVARATHI</td></tr><tr><td><b>Status</b></td><td>Closed</td></tr><tr><td><b>Source</b></td><td>Mast</td></tr><tr><td><b>Commenced</b></td><td>1998-04-23</td></tr><tr><td><b>Closed</b></td><td>2001-01-01</td></tr><tr><td><b>Mast height (m)</b></td><td>20</td></tr><tr><td><b>Elevation (m)</b></td><td>6</td></tr><tr><td><b>Mean wind speed (m/s)</b></td><td>4.67</td></tr><tr><td><b>Wind power density (W/m2)</b></td><td>172.7</td></tr><tr><td><b>PDF page</b></td><td>7</td></tr></table>]]></description><TimeSpan><begin>1998-04-23</begin><end>2001-01-01</end></TimeSpan><styleUrl>#Closed</styleUrl><Point><coordinates>72.186311,11.599839,0</coordinates></Point></Placemark><Placemark><name>CHETLAT</name><description><![CDATA[<table><tr><td><b>Station</b></td><td>CHETLAT</td></tr><tr><td><b>District</b></td><td>KAVARATHI</td></tr><tr><td><b>Status</b></td><td>Closed</td></tr><tr><td><b>Source</b></td><td>Mast</td></tr><tr><td><b>Commenced</b></td><td>1997-11-25</td></tr><tr><td><b>Closed</b></td><td>2001-01-01</td></tr><tr><td><b>Mast height (m)</b></td><td>20</td></tr><tr><td><b>Elevation (m)</b></td><td>1</td></tr><tr><td><b>Mean wind speed (m/s)</b></td><td>5.13</td></tr><tr><td><b>Wind power density (W/m2)</b></td><td>171.9</td></tr><tr><td><b>PDF page</b></td><td>7</td></tr></table>]]></description><TimeSpan><begin>1997-11-25</begin><end>2001-01-01</end></TimeSpan><styleUrl>#Closed</styleUrl><Point><coordinates>72.704444,11.682222,0</coordinates></Point></Placemark><Placemark><name>KADMAT</name><description><![CDATA[<table><tr><td><b>Station</b></td><td>KADMAT</td></tr><tr><td><b>District</b></td><td>KAVARATHI</td></tr><tr><td><b>Status</b></td><td>Closed</td></tr><tr><td><b>Source</b></td><td>Mast</td></tr><tr><td><b>Commenced</b></td><td>1989-10-21</td></tr><tr><td><b>Closed</b></td><td>1993-10-27</td></tr><tr><td><b>Mast height (m)</b></td><td>20</td></tr><tr><td><b>Elevation (m)</b></td><td>5</td></tr><tr><td><b>Mean wind speed (m/s)</b></td><td>4.9</td></tr><tr><td><b>Wind power density (W/m2)</b></td><td>168.6</td></tr><tr><td><b>PDF page</b></td><td>7</td></tr></table>]]></description><TimeSpan><begin>1989-10-21</begin><end>1993-10-27</end></TimeSpan><styleUrl>#Closed</styleUrl><Point><coordinates>72.7625,11.182778,0</coordinates></Point></Placemark><Placemark><name>KALPENI</name><description><![CDATA[<table><tr><td><b>Station</b></td><td>KALPENI</td></tr><tr><td><b>District</b></td><td>KAVARATHI</td></tr><tr><td><b>Status</b></td><td>Closed</td></tr><tr><td><b>Source</b></td><td>Mast</td></tr><tr><td><b>Commenced</b></td><td>1989-12-19</td></tr><tr><td><b>Closed</b></td><td>1993-11-05</td></tr><tr><td><b>Mast height (m)</b></td><td>20</td></tr><tr><td><b>Elevation (m)</b></td><td>8</td></tr><tr><td><b>Mean wind speed (m/s)</b></td><td>4.43</td></tr><tr><td><b>Wind power density (W/m2)</b></td><td>125.4</td></tr><tr><td><b>PDF page</b></td><td>7</td></tr></table>]]></description><TimeSpan><begin>1989-12-19</begin><end>1993-11-05</end></TimeSpan><styleUrl>#Closed</styleUrl><Point><coordinates>73.647222,10.084444,0</coordinates></Point></Placemark><Placemark><name>KAVARATHI</name><description><![CDATA[<table><tr><td><b>Station</b></td><td>KAVARATHI</td></tr><tr><td><b>District</b></td><td>KAVARATHI</td></tr><tr><td><b>Status</b></td><td>Closed</td></tr><tr><td><b>Source</b></td><td>Mast</td></tr><tr><td><b>Commenced</b></td><td>1989-08-23</td></tr><tr><td><b>Closed</b></td><td>1993-10-24</td></tr><tr><td><b>Mast height (m)</b></td><td>20</td></tr><tr><td><b>Elevation (m)</b></td><td>1</td></tr><tr><td><b>Mean wind speed (m/s)</b></td><td>4.92</td></tr><tr><td><b>Wind power density (W/m2)</b></td><td>160.6</td></tr><tr><td><b>PDF page</b></td><td>7</td></tr></table>]]></description><TimeSpan><begin>1989-08-23</begin><end>1993-10-24</end></TimeSpan><styleUrl>#Closed</styleUrl><Point><coordinates>72.624167,10.548333,0</coordinates></Point></Placemark><Placemark><name>MINICOY</name><description><![CDATA[<table><tr><td><b>Station</b></td><td>MINICOY</td></tr><tr><td><b>District</b></td><td>KAVARATHI</td></tr><tr><td><b>Status</b></td><td>Closed</td></tr><tr><td><b>Source</b></td><td>Mast</td></tr><tr><td><b>Commenced</b></td><td>1992-10-31</td></tr><tr><td><b>Closed</b></td><td>1997-04-15</td></tr><tr><td><b>Mast height (m)</b></td><td>20</td></tr><tr><td><b>Elevation (m)</b></td><td>1</td></tr><tr><td><b>Mean wind speed (m/s)</b></td><td>4.73</td></tr><tr><td><b>Wind power density (W/m2)</b></td><td>161.5</td></tr><tr><td><b>PDF page</b></td><td>7</td></tr></table>]]></description><TimeSpan><begin>1992-10-31</begin><end>1997-04-15</end></TimeSpan><styleUrl>#Closed</styleUrl><Point><coordinates>73.066111,8.3025,0</coordinates></Point></Placemark><Placemark><name>AGATTI</name><description><![CDATA[<table><tr><td><b>Station</b></td><td>AGATTI</td></tr><tr><td><b>District</b></td><td>KAVARATHI</td></tr><tr><td><b>Status</b></td><td>Closed</td></tr><tr><td><b>Source</b></td><td>Mast</td></tr><tr><td><b>Commenced</b></td><td>2009-11-21</td></tr><tr><td><b>Closed</b></td><td>2011-03-21</td></tr><tr><td><b>Mast height (m)</b></td><td>50</td></tr><tr><td><b>Elevation (m)</b></td><td>3</td></tr><tr><td><b>Mean wind speed (m/s)</b></td><td>5.45</td></tr><tr><td><b>Wind power density (W/m2)</b></td><td>201.97</td></tr><tr><td><b>PDF page</b></td><td>7</td></tr></table>]]></description><TimeSpan><begin>2009-11-21</begin><end>2011-03-21</end></TimeSpan><styleUrl>#Closed</styleUrl><Point><coordinates>72.201583,10.877942,0</coordinates></Point></Placemark></Folder><Folder><name>MADHYA PRADESH (46)</name><Placemark><name>ALOT</name><description><![CDATA[<table><tr><td><b>Station</b></td><td>ALOT</td></tr><tr><td><b>District</b></td><td>RATLAM</td></tr><tr><td><b>Status</b></td><td>Closed</td></tr><tr><td><b>Source</b></td><td>Mast</td></tr><tr><td><b>Commenced</b></td><td>1999-06-07</td></tr><tr><td><b>Closed</b></td><td>2000-11-22</td></tr><tr><td><b>Mast height (m)</b></td><td>25</td></tr><tr><td><b>Elevation (m)</b></td><td>477</td></tr><tr><td><b>Mean wind speed (m/s)</b></td><td>4.63</td></tr><tr><td><b>Wind power density (W/m2)</b></td><td>96.2</td></tr><tr><td><b>PDF page</b></td><td>9</td></tr></table>]]></description><TimeSpan><begin>1999-06-07</begin><end>2000-11-22</end></TimeSpan><styleUrl>#Closed</styleUrl><Point><coordinates>75.531111,23.744389,0</coordinates></Point></Placemark><Placemark><name>BARKHERI BAZAR</name><description><![CDATA[<table><tr><td><b>Station</b></td><td>BARKHERI BAZAR</td></tr><tr><td><b>District</b></td><td>UJJAIN</td></tr><tr><td><b>Status</b></td><td>Closed</td></tr><tr><td><b>Source</b></td><td>Mast</td></tr><tr><td><b>Commenced</b></td><td>2001-12-28</td></tr><tr><td><b>Closed</b></td><td>2003-02-21</td></tr><tr><td><b>Mast height (m)</b></td><td>25</td></tr><tr><td><b>Elevation (m)</b></td><td>520</td></tr><tr><td><b>Mean wind speed (m/s)</b></td><td>5.11</td></tr><tr><td><b>Wind power density (W/m2)</b></td><td>110</td></tr><tr><td><b>PDF page</b></td><td>9</td></tr></table>]]></description><TimeSpan><begin>2001-12-28</begin><end>2003-02-21</end></TimeSpan><styleUrl>#Closed</styleUrl><Point><coordinates>75.824889,23.391806,0</coordinates></Point></Placemark><Placemark><name>BAROLI</name><description><![CDATA[<table><tr><td><b>Station</b></td><td>BAROLI</td></tr><tr><td><b>District</b></td><td>INDORE</td></tr><tr><td><b>Status</b></td><td>Closed</td></tr><tr><td><b>Source</b></td><td>Mast</td></tr><tr><td><b>Commenced</b></td><td>1996-04-19</td></tr><tr><td><b>Closed</b></td><td>1997-08-21</td></tr><tr><td><b>Mast height (m)</b></td><td>20</td></tr><tr><td><b>Elevation (m)</b></td><td>570</td></tr><tr><td><b>Mean wind speed (m/s)</b></td><td>4.47</td></tr><tr><td><b>Wind power density (W/m2)</b></td><td>102.9</td></tr><tr><td><b>PDF page</b></td><td>9</td></tr></table>]]></description><TimeSpan><begin>1996-04-19</begin><end>1997-08-21</end></TimeSpan><styleUrl>#Closed</styleUrl><Point><coordinates>75.845833,22.828333,0</coordinates></Point></Placemark><Placemark><name>BETMA</name><description><![CDATA[<table><tr><td><b>Station</b></td><td>BETMA</td></tr><tr><td><b>District</b></td><td>INDORE</td></tr><tr><td><b>Status</b></td><td>Closed</td></tr><tr><td><b>Source</b></td><td>Mast</td></tr><tr><td><b>Commenced</b></td><td>1992-03-11</td></tr><tr><td><b>Closed</b></td><td>1993-12-22</td></tr><tr><td><b>Mast height (m)</b></td><td>20</td></tr><tr><td><b>Elevation (m)</b></td><td>572</td></tr><tr><td><b>Mean wind speed (m/s)</b></td><td>4.18</td></tr><tr><td><b>Wind power density (W/m2)</b></td><td>78.6</td></tr><tr><td><b>PDF page</b></td><td>9</td></tr></table>]]></description><TimeSpan><begin>1992-03-11</begin><end>1993-12-22</end></TimeSpan><styleUrl>#Closed</styleUrl><Point><coordinates>75.652861,22.680222,0</coordinates></Point></Placemark><Placemark><name>BODHINA</name><description><![CDATA[<table><tr><td><b>Station</b></td><td>BODHINA</td></tr><tr><td><b>District</b></td><td>RATLAM</td></tr><tr><td><b>Status</b></td><td>Closed</td></tr><tr><td><b>Source</b></td><td>Mast</td></tr><tr><td><b>Commenced</b></td><td>2001-01-22</td></tr><tr><td><b>Closed</b></td><td>2002-10-05</td></tr><tr><td><b>Mast height (m)</b></td><td>25</td></tr><tr><td><b>Elevation (m)</b></td><td>540</td></tr><tr><td><b>Mean wind speed (m/s)</b></td><td>5.14</td></tr><tr><td><b>Wind power density (W/m2)</b></td><td>131</td></tr><tr><td><b>PDF page</b></td><td>9</td></tr></table>]]></description><TimeSpan><begin>2001-01-22</begin><end>2002-10-05</end></TimeSpan><styleUrl>#Closed</styleUrl><Point><coordinates>74.959389,23.473389,0</coordinates></Point></Placemark><Placemark><name>CHORASIA BADAILA</name><description><![CDATA[<table><tr><td><b>Station</b></td><td>CHORASIA BADAILA</td></tr><tr><td><b>District</b></td><td>RATLAM</td></tr><tr><td><b>Status</b></td><td>Closed</td></tr><tr><td><b>Source</b></td><td>Mast</td></tr><tr><td><b>Commenced</b></td><td>1998-12-10</td></tr><tr><td><b>Closed</b></td><td>2000-09-19</td></tr><tr><td><b>Mast height (m)</b></td><td>20</td></tr><tr><td><b>Elevation (m)</b></td><td>521</td></tr><tr><td><b>Mean wind speed (m/s)</b></td><td>4.95</td></tr><tr><td><b>Wind power density (W/m2)</b></td><td>121.2</td></tr><tr><td><b>PDF page</b></td><td>9</td></tr></table>]]></description><TimeSpan><begin>1998-12-10</begin><end>2000-09-19</end></TimeSpan><styleUrl>#Closed</styleUrl><Point><coordinates>75.084861,23.567917,0</coordinates></Point></Placemark><Placemark><name>GARHIDADAR</name><description><![CDATA[<table><tr><td><b>Station</b></td><td>GARHIDADAR</td></tr><tr><td><b>District</b></td><td>ANUPUR</td></tr><tr><td><b>Status</b></td><td>Closed</td></tr><tr><td><b>Source</b></td><td>Mast</td></tr><tr><td><b>Commenced</b></td><td>2004-06-02</td></tr><tr><td><b>Closed</b></td><td>2006-06-20</td></tr><tr><td><b>Mast height (m)</b></td><td>50</td></tr><tr><td><b>Elevation (m)</b></td><td>1123</td></tr><tr><td><b>Mean wind speed (m/s)</b></td><td>5.16</td></tr><tr><td><b>Wind power density (W/m2)</b></td><td>111</td></tr><tr><td><b>PDF page</b></td><td>9</td></tr></table>]]></description><TimeSpan><begin>2004-06-02</begin><end>2006-06-20</end></TimeSpan><styleUrl>#Closed</styleUrl><Point><coordinates>81.619444,22.8525,0</coordinates></Point></Placemark><Placemark><name>JAITHAL HILL</name><description><![CDATA[<table><tr><td><b>Station</b></td><td>JAITHAL HILL</td></tr><tr><td><b>District</b></td><td>UJJAIN</td></tr><tr><td><b>Status</b></td><td>Closed</td></tr><tr><td><b>Source</b></td><td>Mast</td></tr><tr><td><b>Commenced</b></td><td>2001-12-30</td></tr><tr><td><b>Closed</b></td><td>2003-02-21</td></tr><tr><td><b>Mast height (m)</b></td><td>25</td></tr><tr><td><b>Elevation (m)</b></td><td>507</td></tr><tr><td><b>Mean wind speed (m/s)</b></td><td>4.53</td></tr><tr><td><b>Wind power density (W/m2)</b></td><td>82</td></tr><tr><td><b>PDF page</b></td><td>9</td></tr></table>]]></description><TimeSpan><begin>2001-12-30</begin><end>2003-02-21</end></TimeSpan><styleUrl>#Closed</styleUrl><Point><coordinates>75.823361,23.285694,0</coordinates></Point></Placemark><Placemark><name>JAMGODRANI</name><description><![CDATA[<table><tr><td><b>Station</b></td><td>JAMGODRANI</td></tr><tr><td><b>District</b></td><td>DEWAS</td></tr><tr><td><b>Status</b></td><td>Closed</td></tr><tr><td><b>Source</b></td><td>Mast</td></tr><tr><td><b>Commenced</b></td><td>1992-03-12</td></tr><tr><td><b>Closed</b></td><td>1995-04-19</td></tr><tr><td><b>Mast height (m)</b></td><td>20</td></tr><tr><td><b>Elevation (m)</b></td><td>580</td></tr><tr><td><b>Mean wind speed (m/s)</b></td><td>5</td></tr><tr><td><b>Wind power density (W/m2)</b></td><td>129.7</td></tr><tr><td><b>PDF page</b></td><td>9</td></tr></table>]]></description><TimeSpan><begin>1992-03-12</begin><end>1995-04-19</end></TimeSpan><styleUrl>#Closed</styleUrl><Point><coordinates>76.165694,22.985833,0</coordinates></Point></Placemark><Placemark><name>JHABUA</name><description><![CDATA[<table><tr><td><b>Station</b></td><td>JHABUA</td></tr><tr><td><b>District</b></td><td>JHABUA</td></tr><tr><td><b>Status</b></td><td>Closed</td></tr><tr><td><b>Source</b></td><td>Mast</td></tr><tr><td><b>Commenced</b></td><td>1998-12-12</td></tr><tr><td><b>Closed</b></td><td>2000-09-15</td></tr><tr><td><b>Mast height (m)</b></td><td>20</td></tr><tr><td><b>Elevation (m)</b></td><td>432</td></tr><tr><td><b>Mean wind speed (m/s)</b></td><td>4.22</td></tr><tr><td><b>Wind power density (W/m2)</b></td><td>73.7</td></tr><tr><td><b>PDF page</b></td><td>9</td></tr></table>]]></description><TimeSpan><begin>1998-12-12</begin><end>2000-09-15</end></TimeSpan><styleUrl>#Closed</styleUrl><Point><coordinates>74.571139,22.767389,0</coordinates></Point></Placemark><Placemark><name>KALAPAHAD</name><description><![CDATA[<table><tr><td><b>Station</b></td><td>KALAPAHAD</td></tr><tr><td><b>District</b></td><td>SEHORE</td></tr><tr><td><b>Status</b></td><td>Closed</td></tr><tr><td><b>Source</b></td><td>Mast</td></tr><tr><td><b>Commenced</b></td><td>2000-09-17</td></tr><tr><td><b>Closed</b></td><td>2001-10-11</td></tr><tr><td><b>Mast height (m)</b></td><td>20</td></tr><tr><td><b>Elevation (m)</b></td><td>538</td></tr><tr><td><b>Mean wind speed (m/s)</b></td><td>3.94</td></tr><tr><td><b>Wind power density (W/m2)</b></td><td>59.7</td></tr><tr><td><b>PDF page</b></td><td>9</td></tr></table>]]></description><TimeSpan><begin>2000-09-17</begin><end>2001-10-11</end></TimeSpan><styleUrl>#Closed</styleUrl><Point><coordinates>77.042083,23.128306,0</coordinates></Point></Placemark><Placemark><name>KAWASA</name><description><![CDATA[<table><tr><td><b>Station</b></td><td>KAWASA</td></tr><tr><td><b>District</b></td><td>RATLAM</td></tr><tr><td><b>Status</b></td><td>Closed</td></tr><tr><td><b>Source</b></td><td>Mast</td></tr><tr><td><b>Commenced</b></td><td>2000-09-16</td></tr><tr><td><b>Closed</b></td><td>2001-10-13</td></tr><tr><td><b>Mast height (m)</b></td><td>25</td></tr><tr><td><b>Elevation (m)</b></td><td>411</td></tr><tr><td><b>Mean wind speed (m/s)</b></td><td>4.22</td></tr><tr><td><b>Wind power density (W/m2)</b></td><td>80.3</td></tr><tr><td><b>PDF page</b></td><td>9</td></tr></table>]]></description><TimeSpan><begin>2000-09-16</begin><end>2001-10-13</end></TimeSpan><styleUrl>#Closed</styleUrl><Point><coordinates>74.676694,23.062056,0</coordinates></Point></Placemark><Placemark><name>KHEDA</name><description><![CDATA[<table><tr><td><b>Station</b></td><td>KHEDA</td></tr><tr><td><b>District</b></td><td>DHAR</td></tr><tr><td><b>Status</b></td><td>Closed</td></tr><tr><td><b>Source</b></td><td>Mast</td></tr><tr><td><b>Commenced</b></td><td>1992-03-10</td></tr><tr><td><b>Closed</b></td><td>1995-04-18</td></tr><tr><td><b>Mast height (m)</b></td><td>20</td></tr><tr><td><b>Elevation (m)</b></td><td>606</td></tr><tr><td><b>Mean wind speed (m/s)</b></td><td>5.05</td></tr><tr><td><b>Wind power density (W/m2)</b></td><td>126.3</td></tr><tr><td><b>PDF page</b></td><td>9</td></tr></table>]]></description><TimeSpan><begin>1992-03-10</begin><end>1995-04-18</end></TimeSpan><styleUrl>#Closed</styleUrl><Point><coordinates>75.63,22.603611,0</coordinates></Point></Placemark><Placemark><name>KUKRU</name><description><![CDATA[<table><tr><td><b>Station</b></td><td>KUKRU</td></tr><tr><td><b>District</b></td><td>BETUL</td></tr><tr><td><b>Status</b></td><td>Closed</td></tr><tr><td><b>Source</b></td><td>Mast</td></tr><tr><td><b>Commenced</b></td><td>1994-08-16</td></tr><tr><td><b>Closed</b></td><td>1997-08-27</td></tr><tr><td><b>Mast height (m)</b></td><td>20</td></tr><tr><td><b>Elevation (m)</b></td><td>1133</td></tr><tr><td><b>Mean wind speed (m/s)</b></td><td>5.28</td></tr><tr><td><b>Wind power density (W/m2)</b></td><td>157.1</td></tr><tr><td><b>PDF page</b></td><td>9</td></tr></table>]]></description><TimeSpan><begin>1994-08-16</begin><end>1997-08-27</end></TimeSpan><styleUrl>#Closed</styleUrl><Point><coordinates>77.477417,21.493167,0</coordinates></Point></Placemark><Placemark><name>LAHORI</name><description><![CDATA[<table><tr><td><b>Station</b></td><td>LAHORI</td></tr><tr><td><b>District</b></td><td>SHAJAPUR</td></tr><tr><td><b>Status</b></td><td>Closed</td></tr><tr><td><b>Source</b></td><td>Mast</td></tr><tr><td><b>Commenced</b></td><td>2000-02-13</td></tr><tr><td><b>Closed</b></td><td>2001-03-21</td></tr><tr><td><b>Mast height (m)</b></td><td>25</td></tr><tr><td><b>Elevation (m)</b></td><td>529</td></tr><tr><td><b>Mean wind speed (m/s)</b></td><td>4.81</td></tr><tr><td><b>Wind power density (W/m2)</b></td><td>99.8</td></tr><tr><td><b>PDF page</b></td><td>9</td></tr></table>]]></description><TimeSpan><begin>2000-02-13</begin><end>2001-03-21</end></TimeSpan><styleUrl>#Closed</styleUrl><Point><coordinates>76.3555,23.339417,0</coordinates></Point></Placemark><Placemark><name>MACHALIYA GHAT</name><description><![CDATA[<table><tr><td><b>Station</b></td><td>MACHALIYA GHAT</td></tr><tr><td><b>District</b></td><td>JHABUA</td></tr><tr><td><b>Status</b></td><td>Closed</td></tr><tr><td><b>Source</b></td><td>Mast</td></tr><tr><td><b>Commenced</b></td><td>1999-08-06</td></tr><tr><td><b>Closed</b></td><td>2001-01-23</td></tr><tr><td><b>Mast height (m)</b></td><td>25</td></tr><tr><td><b>Elevation (m)</b></td><td>520</td></tr><tr><td><b>Mean wind speed (m/s)</b></td><td>4.94</td></tr><tr><td><b>Wind power density (W/m2)</b></td><td>105.7</td></tr><tr><td><b>PDF page</b></td><td>9</td></tr></table>]]></description><TimeSpan><begin>1999-08-06</begin><end>2001-01-23</end></TimeSpan><styleUrl>#Closed</styleUrl><Point><coordinates>74.796528,22.754833,0</coordinates></Point></Placemark><Placemark><name>MACHLA</name><description><![CDATA[<table><tr><td><b>Station</b></td><td>MACHLA</td></tr><tr><td><b>District</b></td><td>INDORE</td></tr><tr><td><b>Status</b></td><td>Closed</td></tr><tr><td><b>Source</b></td><td>Mast</td></tr><tr><td><b>Commenced</b></td><td>1999-06-10</td></tr><tr><td><b>Closed</b></td><td>2000-11-19</td></tr><tr><td><b>Mast height (m)</b></td><td>25</td></tr><tr><td><b>Elevation (m)</b></td><td>626</td></tr><tr><td><b>Mean wind speed (m/s)</b></td><td>4.7</td></tr><tr><td><b>Wind power density (W/m2)</b></td><td>95.7</td></tr><tr><td><b>PDF page</b></td><td>9</td></tr></table>]]></description><TimeSpan><begin>1999-06-10</begin><end>2000-11-19</end></TimeSpan><styleUrl>#Closed</styleUrl><Point><coordinates>75.850667,22.627694,0</coordinates></Point></Placemark><Placemark><name>MAHURIYA</name><description><![CDATA[<table><tr><td><b>Station</b></td><td>MAHURIYA</td></tr><tr><td><b>District</b></td><td>SHAJAPUR</td></tr><tr><td><b>Status</b></td><td>Closed</td></tr><tr><td><b>Source</b></td><td>Mast</td></tr><tr><td><b>Commenced</b></td><td>1996-04-24</td></tr><tr><td><b>Closed</b></td><td>1998-08-04</td></tr><tr><td><b>Mast height (m)</b></td><td>25</td></tr><tr><td><b>Elevation (m)</b></td><td>508</td></tr><tr><td><b>Mean wind speed (m/s)</b></td><td>5.28</td></tr><tr><td><b>Wind power density (W/m2)</b></td><td>171.1</td></tr><tr><td><b>PDF page</b></td><td>9</td></tr></table>]]></description><TimeSpan><begin>1996-04-24</begin><end>1998-08-04</end></TimeSpan><styleUrl>#Closed</styleUrl><Point><coordinates>76.090778,23.833417,0</coordinates></Point></Placemark><Placemark><name>MAMATKHEDA</name><description><![CDATA[<table><tr><td><b>Station</b></td><td>MAMATKHEDA</td></tr><tr><td><b>District</b></td><td>RATLAM</td></tr><tr><td><b>Status</b></td><td>Closed</td></tr><tr><td><b>Source</b></td><td>Mast</td></tr><tr><td><b>Commenced</b></td><td>1998-12-10</td></tr><tr><td><b>Closed</b></td><td>2001-01-21</td></tr><tr><td><b>Mast height (m)</b></td><td>20</td></tr><tr><td><b>Elevation (m)</b></td><td>543</td></tr><tr><td><b>Mean wind speed (m/s)</b></td><td>5.57</td></tr><tr><td><b>Wind power density (W/m2)</b></td><td>169.3</td></tr><tr><td><b>PDF page</b></td><td>9</td></tr></table>]]></description><TimeSpan><begin>1998-12-10</begin><end>2001-01-21</end></TimeSpan><styleUrl>#Closed</styleUrl><Point><coordinates>75.058194,23.679083,0</coordinates></Point></Placemark><Placemark><name>MIRZAPUR</name><description><![CDATA[<table><tr><td><b>Station</b></td><td>MIRZAPUR</td></tr><tr><td><b>District</b></td><td>SEHORE</td></tr><tr><td><b>Status</b></td><td>Closed</td></tr><tr><td><b>Source</b></td><td>Mast</td></tr><tr><td><b>Commenced</b></td><td>1992-03-12</td></tr><tr><td><b>Closed</b></td><td>1995-04-20</td></tr><tr><td><b>Mast height (m)</b></td><td>20</td></tr><tr><td><b>Elevation (m)</b></td><td>544</td></tr><tr><td><b>Mean wind speed (m/s)</b></td><td>4.27</td></tr><tr><td><b>Wind power density (W/m2)</b></td><td>76</td></tr><tr><td><b>PDF page</b></td><td>9</td></tr></table>]]></description><TimeSpan><begin>1992-03-12</begin><end>1995-04-20</end></TimeSpan><styleUrl>#Closed</styleUrl><Point><coordinates>76.639833,23.019222,0</coordinates></Point></Placemark><Placemark><name>NAGDA 2)</name><description><![CDATA[<table><tr><td><b>Station</b></td><td>NAGDA 2)</td></tr><tr><td><b>District</b></td><td>DEWAS</td></tr><tr><td><b>Status</b></td><td>Closed</td></tr><tr><td><b>Source</b></td><td>Mast</td></tr><tr><td><b>Commenced</b></td><td>1998-08-06</td></tr><tr><td><b>Closed</b></td><td>2008-04-30</td></tr><tr><td><b>Mast height (m)</b></td><td>25</td></tr><tr><td><b>Elevation (m)</b></td><td>656</td></tr><tr><td><b>Mean wind speed (m/s)</b></td><td>6.25</td></tr><tr><td><b>Wind power density (W/m2)</b></td><td>218.9</td></tr><tr><td><b>PDF page</b></td><td>9</td></tr></table>]]></description><TimeSpan><begin>1998-08-06</begin><end>2008-04-30</end></TimeSpan><styleUrl>#Closed</styleUrl><Point><coordinates>76.041944,22.8975,0</coordinates></Point></Placemark><Placemark><name>PURTALA</name><description><![CDATA[<table><tr><td><b>Station</b></td><td>PURTALA</td></tr><tr><td><b>District</b></td><td>CHINDWARA</td></tr><tr><td><b>Status</b></td><td>Closed</td></tr><tr><td><b>Source</b></td><td>Mast</td></tr><tr><td><b>Commenced</b></td><td>2004-04-20</td></tr><tr><td><b>Closed</b></td><td>2006-06-21</td></tr><tr><td><b>Mast height (m)</b></td><td>50</td></tr><tr><td><b>Elevation (m)</b></td><td>908</td></tr><tr><td><b>Mean wind speed (m/s)</b></td><td>5.02</td></tr><tr><td><b>Wind power density (W/m2)</b></td><td>101</td></tr><tr><td><b>PDF page</b></td><td>9</td></tr></table>]]></description><TimeSpan><begin>2004-04-20</begin><end>2006-06-21</end></TimeSpan><styleUrl>#Closed</styleUrl><Point><coordinates>79.048056,22.348333,0</coordinates></Point></Placemark><Placemark><name>SANAWAD</name><description><![CDATA[<table><tr><td><b>Station</b></td><td>SANAWAD</td></tr><tr><td><b>District</b></td><td>KHARGON</td></tr><tr><td><b>Status</b></td><td>Closed</td></tr><tr><td><b>Source</b></td><td>Mast</td></tr><tr><td><b>Commenced</b></td><td>1992-03-13</td></tr><tr><td><b>Closed</b></td><td>1993-12-23</td></tr><tr><td><b>Mast height (m)</b></td><td>20</td></tr><tr><td><b>Elevation (m)</b></td><td>216</td></tr><tr><td><b>Mean wind speed (m/s)</b></td><td>3.86</td></tr><tr><td><b>Wind power density (W/m2)</b></td><td>85.3</td></tr><tr><td><b>PDF page</b></td><td>9</td></tr></table>]]></description><TimeSpan><begin>1992-03-13</begin><end>1993-12-23</end></TimeSpan><styleUrl>#Closed</styleUrl><Point><coordinates>76.055,22.190444,0</coordinates></Point></Placemark><Placemark><name>SENDHVA</name><description><![CDATA[<table><tr><td><b>Station</b></td><td>SENDHVA</td></tr><tr><td><b>District</b></td><td>BADWANI</td></tr><tr><td><b>Status</b></td><td>Closed</td></tr><tr><td><b>Source</b></td><td>Mast</td></tr><tr><td><b>Commenced</b></td><td>1996-04-20</td></tr><tr><td><b>Closed</b></td><td>1998-08-02</td></tr><tr><td><b>Mast height (m)</b></td><td>20</td></tr><tr><td><b>Elevation (m)</b></td><td>540</td></tr><tr><td><b>Mean wind speed (m/s)</b></td><td>5.03</td></tr><tr><td><b>Wind power density (W/m2)</b></td><td>163.2</td></tr><tr><td><b>PDF page</b></td><td>9</td></tr></table>]]></description><TimeSpan><begin>1996-04-20</begin><end>1998-08-02</end></TimeSpan><styleUrl>#Closed</styleUrl><Point><coordinates>75.043056,21.630833,0</coordinates></Point></Placemark><Placemark><name>SODANG HILL</name><description><![CDATA[<table><tr><td><b>Station</b></td><td>SODANG HILL</td></tr><tr><td><b>District</b></td><td>UJJAIN</td></tr><tr><td><b>Status</b></td><td>Closed</td></tr><tr><td><b>Source</b></td><td>Mast</td></tr><tr><td><b>Commenced</b></td><td>2001-12-29</td></tr><tr><td><b>Closed</b></td><td>2003-02-21</td></tr><tr><td><b>Mast height (m)</b></td><td>25</td></tr><tr><td><b>Elevation (m)</b></td><td>516</td></tr><tr><td><b>Mean wind speed (m/s)</b></td><td>4.95</td></tr><tr><td><b>Wind power density (W/m2)</b></td><td>121</td></tr><tr><td><b>PDF page</b></td><td>9</td></tr></table>]]></description><TimeSpan><begin>2001-12-29</begin><end>2003-02-21</end></TimeSpan><styleUrl>#Closed</styleUrl><Point><coordinates>75.729278,23.236528,0</coordinates></Point></Placemark><Placemark><name>TANORIYA</name><description><![CDATA[<table><tr><td><b>Station</b></td><td>TANORIYA</td></tr><tr><td><b>District</b></td><td>SHAJAPUR</td></tr><tr><td><b>Status</b></td><td>Closed</td></tr><tr><td><b>Source</b></td><td>Mast</td></tr><tr><td><b>Commenced</b></td><td>1996-04-24</td></tr><tr><td><b>Closed</b></td><td>1997-08-23</td></tr><tr><td><b>Mast height (m)</b></td><td>20</td></tr><tr><td><b>Elevation (m)</b></td><td>497</td></tr><tr><td><b>Mean wind speed (m/s)</b></td><td>4.38</td></tr><tr><td><b>Wind power density (W/m2)</b></td><td>92.6</td></tr><tr><td><b>PDF page</b></td><td>9</td></tr></table>]]></description><TimeSpan><begin>1996-04-24</begin><end>1997-08-23</end></TimeSpan><styleUrl>#Closed</styleUrl><Point><coordinates>75.936889,23.612694,0</coordinates></Point></Placemark><Placemark><name>VALIYARPANI</name><description><![CDATA[<table><tr><td><b>Station</b></td><td>VALIYARPANI</td></tr><tr><td><b>District</b></td><td>BADWANI</td></tr><tr><td><b>Status</b></td><td>Closed</td></tr><tr><td><b>Source</b></td><td>Mast</td></tr><tr><td><b>Commenced</b></td><td>2000-02-09</td></tr><tr><td><b>Closed</b></td><td>2002-03-17</td></tr><tr><td><b>Mast height (m)</b></td><td>20</td></tr><tr><td><b>Elevation (m)</b></td><td>510</td></tr><tr><td><b>Mean wind speed (m/s)</b></td><td>5.25</td></tr><tr><td><b>Wind power density (W/m2)</b></td><td>191</td></tr><tr><td><b>PDF page</b></td><td>9</td></tr></table>]]></description><TimeSpan><begin>2000-02-09</begin><end>2002-03-17</end></TimeSpan><styleUrl>#Closed</styleUrl><Point><coordinates>74.953806,21.660389,0</coordinates></Point></Placemark><Placemark><name>BARODIYA</name><description><![CDATA[<table><tr><td><b>Station</b></td><td>BARODIYA</td></tr><tr><td><b>District</b></td><td>MANDSAUR</td></tr><tr><td><b>Status</b></td><td>Closed</td></tr><tr><td><b>Source</b></td><td>Mast</td></tr><tr><td><b>Commenced</b></td><td>2006-07-23</td></tr><tr><td><b>Closed</b></td><td>2008-11-01</td></tr><tr><td><b>Mast height (m)</b></td><td>50</td></tr><tr><td><b>Elevation (m)</b></td><td>490</td></tr><tr><td><b>Mean wind speed (m/s)</b></td><td>4.74</td></tr><tr><td><b>Wind power density (W/m2)</b></td><td>92</td></tr><tr><td><b>PDF page</b></td><td>9</td></tr></table>]]></description><TimeSpan><begin>2006-07-23</begin><end>2008-11-01</end></TimeSpan><styleUrl>#Closed</styleUrl><Point><coordinates>75.685833,24.614722,0</coordinates></Point></Placemark><Placemark><name>BANBIR KHERI</name><description><![CDATA[<table><tr><td><b>Station</b></td><td>BANBIR KHERI</td></tr><tr><td><b>District</b></td><td>GUNA</td></tr><tr><td><b>Status</b></td><td>Closed</td></tr><tr><td><b>Source</b></td><td>Mast</td></tr><tr><td><b>Commenced</b></td><td>2006-07-20</td></tr><tr><td><b>Closed</b></td><td>2009-01-05</td></tr><tr><td><b>Mast height (m)</b></td><td>50</td></tr><tr><td><b>Elevation (m)</b></td><td>533</td></tr><tr><td><b>Mean wind speed (m/s)</b></td><td>5.62</td></tr><tr><td><b>Wind power density (W/m2)</b></td><td>145</td></tr><tr><td><b>PDF page</b></td><td>9</td></tr></table>]]></description><TimeSpan><begin>2006-07-20</begin><end>2009-01-05</end></TimeSpan><styleUrl>#Closed</styleUrl><Point><coordinates>77.376389,24.423333,0</coordinates></Point></Placemark><Placemark><name>MANDWA</name><description><![CDATA[<table><tr><td><b>Station</b></td><td>MANDWA</td></tr><tr><td><b>District</b></td><td>KHARGON</td></tr><tr><td><b>Status</b></td><td>Closed</td></tr><tr><td><b>Source</b></td><td>Mast</td></tr><tr><td><b>Commenced</b></td><td>2007-11-29</td></tr><tr><td><b>Closed</b></td><td>2010-01-05</td></tr><tr><td><b>Mast height (m)</b></td><td>50</td></tr><tr><td><b>Elevation (m)</b></td><td>671</td></tr><tr><td><b>Mean wind speed (m/s)</b></td><td>5.12</td></tr><tr><td><b>Wind power density (W/m2)</b></td><td>123.53</td></tr><tr><td><b>PDF page</b></td><td>9</td></tr></table>]]></description><TimeSpan><begin>2007-11-29</begin><end>2010-01-05</end></TimeSpan><styleUrl>#Closed</styleUrl><Point><coordinates>75.943889,21.478333,0</coordinates></Point></Placemark><Placemark><name>KANCHROOTA</name><description><![CDATA[<table><tr><td><b>Station</b></td><td>KANCHROOTA</td></tr><tr><td><b>District</b></td><td>DHAR</td></tr><tr><td><b>Status</b></td><td>Closed</td></tr><tr><td><b>Source</b></td><td>Mast</td></tr><tr><td><b>Commenced</b></td><td>2007-12-01</td></tr><tr><td><b>Closed</b></td><td>2010-01-03</td></tr><tr><td><b>Mast height (m)</b></td><td>50</td></tr><tr><td><b>Elevation (m)</b></td><td>541</td></tr><tr><td><b>Mean wind speed (m/s)</b></td><td>5.26</td></tr><tr><td><b>Wind power density (W/m2)</b></td><td>119</td></tr><tr><td><b>PDF page</b></td><td>9</td></tr></table>]]></description><TimeSpan><begin>2007-12-01</begin><end>2010-01-03</end></TimeSpan><styleUrl>#Closed</styleUrl><Point><coordinates>74.91,22.565833,0</coordinates></Point></Placemark><Placemark><name>NACHANBOR</name><description><![CDATA[<table><tr><td><b>Station</b></td><td>NACHANBOR</td></tr><tr><td><b>District</b></td><td>DHAR</td></tr><tr><td><b>Status</b></td><td>Closed</td></tr><tr><td><b>Source</b></td><td>Mast</td></tr><tr><td><b>Commenced</b></td><td>2007-12-02</td></tr><tr><td><b>Closed</b></td><td>2010-01-03</td></tr><tr><td><b>Mast height (m)</b></td><td>50</td></tr><tr><td><b>Elevation (m)</b></td><td>570</td></tr><tr><td><b>Mean wind speed (m/s)</b></td><td>5.07</td></tr><tr><td><b>Wind power density (W/m2)</b></td><td>120</td></tr><tr><td><b>PDF page</b></td><td>9</td></tr></table>]]></description><TimeSpan><begin>2007-12-02</begin><end>2010-01-03</end></TimeSpan><styleUrl>#Closed</styleUrl><Point><coordinates>75.445278,22.435,0</coordinates></Point></Placemark><Placemark><name>BORI</name><description><![CDATA[<table><tr><td><b>Station</b></td><td>BORI</td></tr><tr><td><b>District</b></td><td>BURHANPUR</td></tr><tr><td><b>Status</b></td><td>Closed</td></tr><tr><td><b>Source</b></td><td>Mast</td></tr><tr><td><b>Commenced</b></td><td>2008-05-03</td></tr><tr><td><b>Closed</b></td><td>2010-09-30</td></tr><tr><td><b>Mast height (m)</b></td><td>50</td></tr><tr><td><b>Elevation (m)</b></td><td>347</td></tr><tr><td><b>Mean wind speed (m/s)</b></td><td>5.24</td></tr><tr><td><b>Wind power density (W/m2)</b></td><td>151</td></tr><tr><td><b>PDF page</b></td><td>9</td></tr></table>]]></description><TimeSpan><begin>2008-05-03</begin><end>2010-09-30</end></TimeSpan><styleUrl>#Closed</styleUrl><Point><coordinates>76.8425,21.454722,0</coordinates></Point></Placemark><Placemark><name>PAHARI</name><description><![CDATA[<table><tr><td><b>Station</b></td><td>PAHARI</td></tr><tr><td><b>District</b></td><td>SATNA</td></tr><tr><td><b>Status</b></td><td>Closed</td></tr><tr><td><b>Source</b></td><td>Mast</td></tr><tr><td><b>Commenced</b></td><td>2009-09-17</td></tr><tr><td><b>Closed</b></td><td>2011-10-30</td></tr><tr><td><b>Mast height (m)</b></td><td>50</td></tr><tr><td><b>Elevation (m)</b></td><td>500</td></tr><tr><td><b>Mean wind speed (m/s)</b></td><td>4.03</td></tr><tr><td><b>Wind power density (W/m2)</b></td><td>63.49</td></tr><tr><td><b>PDF page</b></td><td>9</td></tr></table>]]></description><TimeSpan><begin>2009-09-17</begin><end>2011-10-30</end></TimeSpan><styleUrl>#Closed</styleUrl><Point><coordinates>80.5,24.401389,0</coordinates></Point></Placemark><Placemark><name>UBHARIYA</name><description><![CDATA[<table><tr><td><b>Station</b></td><td>UBHARIYA</td></tr><tr><td><b>District</b></td><td>BETUL</td></tr><tr><td><b>Status</b></td><td>Closed</td></tr><tr><td><b>Source</b></td><td>Mast</td></tr><tr><td><b>Commenced</b></td><td>2010-03-19</td></tr><tr><td><b>Closed</b></td><td>2012-07-30</td></tr><tr><td><b>Mast height (m)</b></td><td>50</td></tr><tr><td><b>Elevation (m)</b></td><td>776</td></tr><tr><td><b>Mean wind speed (m/s)</b></td><td>5.16</td></tr><tr><td><b>Wind power density (W/m2)</b></td><td>117.7</td></tr><tr><td><b>PDF page</b></td><td>9</td></tr></table>]]></description><TimeSpan><begin>2010-03-19</begin><end>2012-07-30</end></TimeSpan><styleUrl>#Closed</styleUrl><Point><coordinates>78.141028,21.833,0</coordinates></Point></Placemark><Placemark><name>GHAT PIPARIYA</name><description><![CDATA[<table><tr><td><b>Station</b></td><td>GHAT PIPARIYA</td></tr><tr><td><b>District</b></td><td>BETUL</td></tr><tr><td><b>Status</b></td><td>Closed</td></tr><tr><td><b>Source</b></td><td>Mast</td></tr><tr><td><b>Commenced</b></td><td>2010-03-20</td></tr><tr><td><b>Closed</b></td><td>2012-07-30</td></tr><tr><td><b>Mast height (m)</b></td><td>50</td></tr><tr><td><b>Elevation (m)</b></td><td>751</td></tr><tr><td><b>Mean wind speed (m/s)</b></td><td>4.89</td></tr><tr><td><b>Wind power density (W/m2)</b></td><td>112.57</td></tr><tr><td><b>PDF page</b></td><td>9</td></tr></table>]]></description><TimeSpan><begin>2010-03-20</begin><end>2012-07-30</end></TimeSpan><styleUrl>#Closed</styleUrl><Point><coordinates>78.531944,21.886556,0</coordinates></Point></Placemark><Placemark><name>SEARMAU</name><description><![CDATA[<table><tr><td><b>Station</b></td><td>SEARMAU</td></tr><tr><td><b>District</b></td><td>BETUL</td></tr><tr><td><b>Status</b></td><td>Closed</td></tr><tr><td><b>Source</b></td><td>Mast</td></tr><tr><td><b>Commenced</b></td><td>2010-03-22</td></tr><tr><td><b>Closed</b></td><td>2012-07-30</td></tr><tr><td><b>Mast height (m)</b></td><td>50</td></tr><tr><td><b>Elevation (m)</b></td><td>625</td></tr><tr><td><b>Mean wind speed (m/s)</b></td><td>4.97</td></tr><tr><td><b>Wind power density (W/m2)</b></td><td>115.92</td></tr><tr><td><b>PDF page</b></td><td>9</td></tr></table>]]></description><TimeSpan><begin>2010-03-22</begin><end>2012-07-30</end></TimeSpan><styleUrl>#Closed</styleUrl><Point><coordinates>78.576583,23.4025,0</coordinates></Point></Placemark><Placemark><name>DEND</name><description><![CDATA[<table><tr><td><b>Station</b></td><td>DEND</td></tr><tr><td><b>District</b></td><td>CHHINDWARA</td></tr><tr><td><b>Status</b></td><td>Closed</td></tr><tr><td><b>Source</b></td><td>Mast</td></tr><tr><td><b>Commenced</b></td><td>2013-11-21</td></tr><tr><td><b>Closed</b></td><td>2015-08-16</td></tr><tr><td><b>Mast height (m)</b></td><td>100</td></tr><tr><td><b>Elevation (m)</b></td><td>929</td></tr><tr><td><b>Mean wind speed (m/s)</b></td><td>5.69</td></tr><tr><td><b>Wind power density (W/m2)</b></td><td>179.86</td></tr><tr><td><b>PDF page</b></td><td>9</td></tr></table>]]></description><TimeSpan><begin>2013-11-21</begin><end>2015-08-16</end></TimeSpan><styleUrl>#Closed</styleUrl><Point><coordinates>78.959167,22.444167,0</coordinates></Point></Placemark><Placemark><name>PANDIWARA</name><description><![CDATA[<table><tr><td><b>Station</b></td><td>PANDIWARA</td></tr><tr><td><b>District</b></td><td>SEONI</td></tr><tr><td><b>Status</b></td><td>Closed</td></tr><tr><td><b>Source</b></td><td>Mast</td></tr><tr><td><b>Commenced</b></td><td>2013-11-23</td></tr><tr><td><b>Closed</b></td><td>2016-02-12</td></tr><tr><td><b>Mast height (m)</b></td><td>100</td></tr><tr><td><b>Elevation (m)</b></td><td>548</td></tr><tr><td><b>Mean wind speed (m/s)</b></td><td>4.07</td></tr><tr><td><b>Wind power density (W/m2)</b></td><td>74.48</td></tr><tr><td><b>PDF page</b></td><td>9</td></tr></table>]]></description><TimeSpan><begin>2013-11-23</begin><end>2016-02-12</end></TimeSpan><styleUrl>#Closed</styleUrl><Point><coordinates>79.492339,22.356669,0</coordinates></Point></Placemark><Placemark><name>VIJAYAPUR</name><description><![CDATA[<table><tr><td><b>Station</b></td><td>VIJAYAPUR</td></tr><tr><td><b>District</b></td><td>SATNA</td></tr><tr><td><b>Status</b></td><td>Closed</td></tr><tr><td><b>Source</b></td><td>Mast</td></tr><tr><td><b>Commenced</b></td><td>2013-11-25</td></tr><tr><td><b>Closed</b></td><td>2015-01-08</td></tr><tr><td><b>Mast height (m)</b></td><td>100</td></tr><tr><td><b>Elevation (m)</b></td><td>345</td></tr><tr><td><b>PDF page</b></td><td>9</td></tr></table>]]></description><TimeSpan><begin>2013-11-25</begin><end>2015-01-08</end></TimeSpan><styleUrl>#Closed</styleUrl><Point><coordinates>81.0706,24.856756,0</coordinates></Point></Placemark><Placemark><name>GANESH-GOSHALA</name><description><![CDATA[<table><tr><td><b>Station</b></td><td>GANESH-GOSHALA</td></tr><tr><td><b>District</b></td><td>SHAJAPUR</td></tr><tr><td><b>Status</b></td><td>Closed</td></tr><tr><td><b>Source</b></td><td>Mast</td></tr><tr><td><b>Commenced</b></td><td>2013-12-02</td></tr><tr><td><b>Closed</b></td><td>2017-01-19</td></tr><tr><td><b>Mast height (m)</b></td><td>100</td></tr><tr><td><b>Elevation (m)</b></td><td>527</td></tr><tr><td><b>Mean wind speed (m/s)</b></td><td>6.42</td></tr><tr><td><b>Wind power density (W/m2)</b></td><td>228.88</td></tr><tr><td><b>PDF page</b></td><td>9</td></tr></table>]]></description><TimeSpan><begin>2013-12-02</begin><end>2017-01-19</end></TimeSpan><styleUrl>#Closed</styleUrl><Point><coordinates>75.946333,23.728583,0</coordinates></Point></Placemark><Placemark><name>INDIRA GANDHI ENGG COLLEGE CAMPUS</name><description><![CDATA[<table><tr><td><b>Station</b></td><td>INDIRA GANDHI ENGG COLLEGE CAMPUS</td></tr><tr><td><b>District</b></td><td>SAGAR</td></tr><tr><td><b>Status</b></td><td>Closed</td></tr><tr><td><b>Source</b></td><td>Mast</td></tr><tr><td><b>Commenced</b></td><td>2013-12-21</td></tr><tr><td><b>Closed</b></td><td>2015-09-08</td></tr><tr><td><b>Mast height (m)</b></td><td>100</td></tr><tr><td><b>Elevation (m)</b></td><td>553</td></tr><tr><td><b>Mean wind speed (m/s)</b></td><td>5.57</td></tr><tr><td><b>Wind power density (W/m2)</b></td><td>154.43</td></tr><tr><td><b>PDF page</b></td><td>9</td></tr></table>]]></description><TimeSpan><begin>2013-12-21</begin><end>2015-09-08</end></TimeSpan><styleUrl>#Closed</styleUrl><Point><coordinates>78.820083,23.871444,0</coordinates></Point></Placemark><Placemark><name>GUDAPARIHAR</name><description><![CDATA[<table><tr><td><b>Station</b></td><td>GUDAPARIHAR</td></tr><tr><td><b>District</b></td><td>NEEMUCH</td></tr><tr><td><b>Status</b></td><td>Closed</td></tr><tr><td><b>Source</b></td><td>Mast</td></tr><tr><td><b>Commenced</b></td><td>2013-12-23</td></tr><tr><td><b>Closed</b></td><td>2016-01-31</td></tr><tr><td><b>Mast height (m)</b></td><td>100</td></tr><tr><td><b>Elevation (m)</b></td><td>543</td></tr><tr><td><b>Mean wind speed (m/s)</b></td><td>5.66</td></tr><tr><td><b>Wind power density (W/m2)</b></td><td>167.19</td></tr><tr><td><b>PDF page</b></td><td>9</td></tr></table>]]></description><TimeSpan><begin>2013-12-23</begin><end>2016-01-31</end></TimeSpan><styleUrl>#Closed</styleUrl><Point><coordinates>75.074083,24.697417,0</coordinates></Point></Placemark><Placemark><name>PHULJVARE</name><description><![CDATA[<table><tr><td><b>Station</b></td><td>PHULJVARE</td></tr><tr><td><b>District</b></td><td>BARVANI</td></tr><tr><td><b>Status</b></td><td>Closed</td></tr><tr><td><b>Source</b></td><td>Mast</td></tr><tr><td><b>Commenced</b></td><td>2014-01-03</td></tr><tr><td><b>Closed</b></td><td>2014-02-09</td></tr><tr><td><b>Mast height (m)</b></td><td>100</td></tr><tr><td><b>Elevation (m)</b></td><td>489</td></tr><tr><td><b>PDF page</b></td><td>9</td></tr></table>]]></description><TimeSpan><begin>2014-01-03</begin><end>2014-02-09</end></TimeSpan><styleUrl>#Closed</styleUrl><Point><coordinates>74.949028,21.738972,0</coordinates></Point></Placemark><Placemark><name>JAMGODRANI HILLS</name><description><![CDATA[<table><tr><td><b>Station</b></td><td>JAMGODRANI HILLS</td></tr><tr><td><b>District</b></td><td>DEWAS</td></tr><tr><td><b>Status</b></td><td>Closed</td></tr><tr><td><b>Source</b></td><td>Mast</td></tr><tr><td><b>Commenced</b></td><td>2015-05-09</td></tr><tr><td><b>Closed</b></td><td>2017-10-25</td></tr><tr><td><b>Mast height (m)</b></td><td>100</td></tr><tr><td><b>Elevation (m)</b></td><td>573</td></tr><tr><td><b>Mean wind speed (m/s)</b></td><td>6.41</td></tr><tr><td><b>Wind power density (W/m2)</b></td><td>244.51</td></tr><tr><td><b>PDF page</b></td><td>9</td></tr></table>]]></description><TimeSpan><begin>2015-05-09</begin><end>2017-10-25</end></TimeSpan><styleUrl>#Closed</styleUrl><Point><coordinates>76.150694,22.982833,0</coordinates></Point></Placemark><Placemark><name>HEDAPURA</name><description><![CDATA[<table><tr><td><b>Station</b></td><td>HEDAPURA</td></tr><tr><td><b>District</b></td><td>RAJGARH</td></tr><tr><td><b>Status</b></td><td>Closed</td></tr><tr><td><b>Source</b></td><td>Mast</td></tr><tr><td><b>Commenced</b></td><td>2022-10-17</td></tr><tr><td><b>Closed</b></td><td>2023-11-30</td></tr><tr><td><b>Mast height (m)</b></td><td>100</td></tr><tr><td><b>Elevation (m)</b></td><td>475</td></tr><tr><td><b>Mean wind speed (m/s)</b></td><td>5.46</td></tr><tr><td><b>Wind power density (W/m2)</b></td><td>147.68</td></tr><tr><td><b>PDF page</b></td><td>9</td></tr></table>]]></description><TimeSpan><begin>2022-10-17</begin><end>2023-11-30</end></TimeSpan><styleUrl>#Closed</styleUrl><Point><coordinates>77.133833,23.764028,0</coordinates></Point></Placemark></Folder><Folder><name>MAHARASHTRA (143)</name><Placemark><name>ALAMPRABHU PATHAR</name><description><![CDATA[<table><tr><td><b>Station</b></td><td>ALAMPRABHU PATHAR</td></tr><tr><td><b>District</b></td><td>KOLHAPUR</td></tr><tr><td><b>Status</b></td><td>Closed</td></tr><tr><td><b>Source</b></td><td>Mast</td></tr><tr><td><b>Commenced</b></td><td>1996-03-28</td></tr><tr><td><b>Closed</b></td><td>1998-06-12</td></tr><tr><td><b>Mast height (m)</b></td><td>25</td></tr><tr><td><b>Elevation (m)</b></td><td>790</td></tr><tr><td><b>Mean wind speed (m/s)</b></td><td>5.58</td></tr><tr><td><b>Wind power density (W/m2)</b></td><td>164.3</td></tr><tr><td><b>PDF page</b></td><td>3</td></tr></table>]]></description><TimeSpan><begin>1996-03-28</begin><end>1998-06-12</end></TimeSpan><styleUrl>#Closed</styleUrl><Point><coordinates>74.373889,16.765556,0</coordinates></Point></Placemark><Placemark><name>ALKUD</name><description><![CDATA[<table><tr><td><b>Station</b></td><td>ALKUD</td></tr><tr><td><b>District</b></td><td>SANGLI</td></tr><tr><td><b>Status</b></td><td>Closed</td></tr><tr><td><b>Source</b></td><td>Mast</td></tr><tr><td><b>Commenced</b></td><td>1998-02-14</td></tr><tr><td><b>Closed</b></td><td>1999-04-09</td></tr><tr><td><b>Mast height (m)</b></td><td>25</td></tr><tr><td><b>Elevation (m)</b></td><td>704</td></tr><tr><td><b>Mean wind speed (m/s)</b></td><td>4.75</td></tr><tr><td><b>Wind power density (W/m2)</b></td><td>116.6</td></tr><tr><td><b>PDF page</b></td><td>3</td></tr></table>]]></description><TimeSpan><begin>1998-02-14</begin><end>1999-04-09</end></TimeSpan><styleUrl>#Closed</styleUrl><Point><coordinates>74.771275,16.992497,0</coordinates></Point></Placemark><Placemark><name>AMBED (II)</name><description><![CDATA[<table><tr><td><b>Station</b></td><td>AMBED (II)</td></tr><tr><td><b>District</b></td><td>RATNAGIRI</td></tr><tr><td><b>Status</b></td><td>Closed</td></tr><tr><td><b>Source</b></td><td>Mast</td></tr><tr><td><b>Commenced</b></td><td>2003-11-18</td></tr><tr><td><b>Closed</b></td><td>2006-12-31</td></tr><tr><td><b>Mast height (m)</b></td><td>50</td></tr><tr><td><b>Elevation (m)</b></td><td>231</td></tr><tr><td><b>Mean wind speed (m/s)</b></td><td>3.7</td></tr><tr><td><b>Wind power density (W/m2)</b></td><td>78</td></tr><tr><td><b>Project type</b></td><td>SNA project</td></tr><tr><td><b>PDF page</b></td><td>3</td></tr></table>]]></description><TimeSpan><begin>2003-11-18</begin><end>2006-12-31</end></TimeSpan><styleUrl>#Closed</styleUrl><Point><coordinates>73.491167,17.097667,0</coordinates></Point></Placemark><Placemark><name>AMBERI</name><description><![CDATA[<table><tr><td><b>Station</b></td><td>AMBERI</td></tr><tr><td><b>District</b></td><td>SATARA</td></tr><tr><td><b>Status</b></td><td>Closed</td></tr><tr><td><b>Source</b></td><td>Mast</td></tr><tr><td><b>Commenced</b></td><td>1999-04-08</td></tr><tr><td><b>Closed</b></td><td>2001-06-10</td></tr><tr><td><b>Mast height (m)</b></td><td>25</td></tr><tr><td><b>Elevation (m)</b></td><td>980</td></tr><tr><td><b>Mean wind speed (m/s)</b></td><td>6.39</td></tr><tr><td><b>Wind power density (W/m2)</b></td><td>236.5</td></tr><tr><td><b>PDF page</b></td><td>3</td></tr></table>]]></description><TimeSpan><begin>1999-04-08</begin><end>2001-06-10</end></TimeSpan><styleUrl>#Closed</styleUrl><Point><coordinates>74.299044,17.585217,0</coordinates></Point></Placemark><Placemark><name>AMBRAL</name><description><![CDATA[<table><tr><td><b>Station</b></td><td>AMBRAL</td></tr><tr><td><b>District</b></td><td>SATARA</td></tr><tr><td><b>Status</b></td><td>Closed</td></tr><tr><td><b>Source</b></td><td>Mast</td></tr><tr><td><b>Commenced</b></td><td>1998-02-09</td></tr><tr><td><b>Closed</b></td><td>1999-12-03</td></tr><tr><td><b>Mast height (m)</b></td><td>25</td></tr><tr><td><b>Elevation (m)</b></td><td>1302</td></tr><tr><td><b>Mean wind speed (m/s)</b></td><td>5.11</td></tr><tr><td><b>Wind power density (W/m2)</b></td><td>134.3</td></tr><tr><td><b>Project type</b></td><td>SNA project</td></tr><tr><td><b>PDF page</b></td><td>3</td></tr></table>]]></description><TimeSpan><begin>1998-02-09</begin><end>1999-12-03</end></TimeSpan><styleUrl>#Closed</styleUrl><Point><coordinates>73.833083,17.907306,0</coordinates></Point></Placemark><Placemark><name>AUNDHEWADI</name><description><![CDATA[<table><tr><td><b>Station</b></td><td>AUNDHEWADI</td></tr><tr><td><b>District</b></td><td>NASIK</td></tr><tr><td><b>Status</b></td><td>Closed</td></tr><tr><td><b>Source</b></td><td>Mast</td></tr><tr><td><b>Commenced</b></td><td>2001-11-24</td></tr><tr><td><b>Closed</b></td><td>2004-07-12</td></tr><tr><td><b>Mast height (m)</b></td><td>25</td></tr><tr><td><b>Elevation (m)</b></td><td>858</td></tr><tr><td><b>Mean wind speed (m/s)</b></td><td>6.58</td></tr><tr><td><b>Wind power density (W/m2)</b></td><td>294</td></tr><tr><td><b>Project type</b></td><td>SNA project</td></tr><tr><td><b>PDF page</b></td><td>3</td></tr></table>]]></description><TimeSpan><begin>2001-11-24</begin><end>2004-07-12</end></TimeSpan><styleUrl>#Closed</styleUrl><Point><coordinates>73.882167,19.764806,0</coordinates></Point></Placemark><Placemark><name>BEDAG</name><description><![CDATA[<table><tr><td><b>Station</b></td><td>BEDAG</td></tr><tr><td><b>District</b></td><td>SANGLI</td></tr><tr><td><b>Status</b></td><td>Closed</td></tr><tr><td><b>Source</b></td><td>Mast</td></tr><tr><td><b>Commenced</b></td><td>1998-04-07</td></tr><tr><td><b>Closed</b></td><td>1999-06-03</td></tr><tr><td><b>Mast height (m)</b></td><td>25</td></tr><tr><td><b>Elevation (m)</b></td><td>620</td></tr><tr><td><b>Mean wind speed (m/s)</b></td><td>4.18</td></tr><tr><td><b>Wind power density (W/m2)</b></td><td>83.1</td></tr><tr><td><b>PDF page</b></td><td>3</td></tr></table>]]></description><TimeSpan><begin>1998-04-07</begin><end>1999-06-03</end></TimeSpan><styleUrl>#Closed</styleUrl><Point><coordinates>74.761,16.804917,0</coordinates></Point></Placemark><Placemark><name>BEDARWADI</name><description><![CDATA[<table><tr><td><b>Station</b></td><td>BEDARWADI</td></tr><tr><td><b>District</b></td><td>BEED</td></tr><tr><td><b>Status</b></td><td>Closed</td></tr><tr><td><b>Source</b></td><td>Mast</td></tr><tr><td><b>Commenced</b></td><td>2000-10-20</td></tr><tr><td><b>Closed</b></td><td>2002-02-19</td></tr><tr><td><b>Mast height (m)</b></td><td>20</td></tr><tr><td><b>Elevation (m)</b></td><td>750</td></tr><tr><td><b>Mean wind speed (m/s)</b></td><td>4.38</td></tr><tr><td><b>Wind power density (W/m2)</b></td><td>86</td></tr><tr><td><b>PDF page</b></td><td>4</td></tr></table>]]></description><TimeSpan><begin>2000-10-20</begin><end>2002-02-19</end></TimeSpan><styleUrl>#Closed</styleUrl><Point><coordinates>75.533639,18.948033,0</coordinates></Point></Placemark><Placemark><name>BHUD</name><description><![CDATA[<table><tr><td><b>Station</b></td><td>BHUD</td></tr><tr><td><b>District</b></td><td>SANGLI</td></tr><tr><td><b>Status</b></td><td>Closed</td></tr><tr><td><b>Source</b></td><td>Mast</td></tr><tr><td><b>Commenced</b></td><td>2003-10-21</td></tr><tr><td><b>Closed</b></td><td>2006-12-31</td></tr><tr><td><b>Mast height (m)</b></td><td>25</td></tr><tr><td><b>Elevation (m)</b></td><td>809</td></tr><tr><td><b>Mean wind speed (m/s)</b></td><td>5.48</td></tr><tr><td><b>Wind power density (W/m2)</b></td><td>160</td></tr><tr><td><b>Project type</b></td><td>SNA project</td></tr><tr><td><b>PDF page</b></td><td>4</td></tr></table>]]></description><TimeSpan><begin>2003-10-21</begin><end>2006-12-31</end></TimeSpan><styleUrl>#Closed</styleUrl><Point><coordinates>74.701889,17.342639,0</coordinates></Point></Placemark><Placemark><name>BRAHMANVEL</name><description><![CDATA[<table><tr><td><b>Station</b></td><td>BRAHMANVEL</td></tr><tr><td><b>District</b></td><td>DHULE</td></tr><tr><td><b>Status</b></td><td>Closed</td></tr><tr><td><b>Source</b></td><td>Mast</td></tr><tr><td><b>Commenced</b></td><td>1999-03-30</td></tr><tr><td><b>Closed</b></td><td>2001-06-13</td></tr><tr><td><b>Mast height (m)</b></td><td>25</td></tr><tr><td><b>Elevation (m)</b></td><td>596</td></tr><tr><td><b>Mean wind speed (m/s)</b></td><td>6.42</td></tr><tr><td><b>Wind power density (W/m2)</b></td><td>277.8</td></tr><tr><td><b>PDF page</b></td><td>4</td></tr></table>]]></description><TimeSpan><begin>1999-03-30</begin><end>2001-06-13</end></TimeSpan><styleUrl>#Closed</styleUrl><Point><coordinates>74.205331,21.156897,0</coordinates></Point></Placemark><Placemark><name>CHAKLA</name><description><![CDATA[<table><tr><td><b>Station</b></td><td>CHAKLA</td></tr><tr><td><b>District</b></td><td>NANDURBAR</td></tr><tr><td><b>Status</b></td><td>Closed</td></tr><tr><td><b>Source</b></td><td>Mast</td></tr><tr><td><b>Commenced</b></td><td>1999-04-01</td></tr><tr><td><b>Closed</b></td><td>2001-06-14</td></tr><tr><td><b>Mast height (m)</b></td><td>25</td></tr><tr><td><b>Elevation (m)</b></td><td>352</td></tr><tr><td><b>Mean wind speed (m/s)</b></td><td>6.02</td></tr><tr><td><b>Wind power density (W/m2)</b></td><td>242.2</td></tr><tr><td><b>PDF page</b></td><td>4</td></tr></table>]]></description><TimeSpan><begin>1999-04-01</begin><end>2001-06-14</end></TimeSpan><styleUrl>#Closed</styleUrl><Point><coordinates>74.316639,21.316706,0</coordinates></Point></Placemark><Placemark><name>CHALKEWADI</name><description><![CDATA[<table><tr><td><b>Station</b></td><td>CHALKEWADI</td></tr><tr><td><b>District</b></td><td>SATARA</td></tr><tr><td><b>Status</b></td><td>Closed</td></tr><tr><td><b>Source</b></td><td>Mast</td></tr><tr><td><b>Commenced</b></td><td>1988-12-11</td></tr><tr><td><b>Closed</b></td><td>1993-08-27</td></tr><tr><td><b>Mast height (m)</b></td><td>20</td></tr><tr><td><b>Elevation (m)</b></td><td>1185</td></tr><tr><td><b>Mean wind speed (m/s)</b></td><td>5.61</td></tr><tr><td><b>Wind power density (W/m2)</b></td><td>205.9</td></tr><tr><td><b>PDF page</b></td><td>4</td></tr></table>]]></description><TimeSpan><begin>1988-12-11</begin><end>1993-08-27</end></TimeSpan><styleUrl>#Closed</styleUrl><Point><coordinates>73.811389,17.623611,0</coordinates></Point></Placemark><Placemark><name>DEOGAD</name><description><![CDATA[<table><tr><td><b>Station</b></td><td>DEOGAD</td></tr><tr><td><b>District</b></td><td>SINDHUDURG</td></tr><tr><td><b>Status</b></td><td>Closed</td></tr><tr><td><b>Source</b></td><td>Mast</td></tr><tr><td><b>Commenced</b></td><td>1986-12-16</td></tr><tr><td><b>Closed</b></td><td>1993-05-17</td></tr><tr><td><b>Mast height (m)</b></td><td>20</td></tr><tr><td><b>Elevation (m)</b></td><td>40</td></tr><tr><td><b>Mean wind speed (m/s)</b></td><td>4.58</td></tr><tr><td><b>Wind power density (W/m2)</b></td><td>124.3</td></tr><tr><td><b>PDF page</b></td><td>4</td></tr></table>]]></description><TimeSpan><begin>1986-12-16</begin><end>1993-05-17</end></TimeSpan><styleUrl>#Closed</styleUrl><Point><coordinates>73.372778,16.369667,0</coordinates></Point></Placemark><Placemark><name>DHAKALE</name><description><![CDATA[<table><tr><td><b>Station</b></td><td>DHAKALE</td></tr><tr><td><b>District</b></td><td>PUNE</td></tr><tr><td><b>Status</b></td><td>Closed</td></tr><tr><td><b>Source</b></td><td>Mast</td></tr><tr><td><b>Commenced</b></td><td>1998-02-07</td></tr><tr><td><b>Closed</b></td><td>1999-05-25</td></tr><tr><td><b>Mast height (m)</b></td><td>25</td></tr><tr><td><b>Elevation (m)</b></td><td>880</td></tr><tr><td><b>Mean wind speed (m/s)</b></td><td>3.91</td></tr><tr><td><b>Wind power density (W/m2)</b></td><td>69.4</td></tr><tr><td><b>PDF page</b></td><td>4</td></tr></table>]]></description><TimeSpan><begin>1998-02-07</begin><end>1999-05-25</end></TimeSpan><styleUrl>#Closed</styleUrl><Point><coordinates>73.786778,19.019583,0</coordinates></Point></Placemark><Placemark><name>DHALGAON</name><description><![CDATA[<table><tr><td><b>Station</b></td><td>DHALGAON</td></tr><tr><td><b>District</b></td><td>SANGLI</td></tr><tr><td><b>Status</b></td><td>Closed</td></tr><tr><td><b>Source</b></td><td>Mast</td></tr><tr><td><b>Commenced</b></td><td>1996-03-23</td></tr><tr><td><b>Closed</b></td><td>1998-04-06</td></tr><tr><td><b>Mast height (m)</b></td><td>20</td></tr><tr><td><b>Elevation (m)</b></td><td>805</td></tr><tr><td><b>Mean wind speed (m/s)</b></td><td>5.89</td></tr><tr><td><b>Wind power density (W/m2)</b></td><td>215.8</td></tr><tr><td><b>PDF page</b></td><td>4</td></tr></table>]]></description><TimeSpan><begin>1996-03-23</begin><end>1998-04-06</end></TimeSpan><styleUrl>#Closed</styleUrl><Point><coordinates>74.980833,17.136389,0</coordinates></Point></Placemark><Placemark><name>DHANGARWADI (II)</name><description><![CDATA[<table><tr><td><b>Station</b></td><td>DHANGARWADI (II)</td></tr><tr><td><b>District</b></td><td>SANGLI</td></tr><tr><td><b>Status</b></td><td>Closed</td></tr><tr><td><b>Source</b></td><td>Mast</td></tr><tr><td><b>Commenced</b></td><td>2003-10-16</td></tr><tr><td><b>Closed</b></td><td>2006-12-31</td></tr><tr><td><b>Mast height (m)</b></td><td>25</td></tr><tr><td><b>Elevation (m)</b></td><td>191</td></tr><tr><td><b>Mean wind speed (m/s)</b></td><td>3.69</td></tr><tr><td><b>Wind power density (W/m2)</b></td><td>49</td></tr><tr><td><b>Project type</b></td><td>SNA project</td></tr><tr><td><b>PDF page</b></td><td>4</td></tr></table>]]></description><TimeSpan><begin>2003-10-16</begin><end>2006-12-31</end></TimeSpan><styleUrl>#Closed</styleUrl><Point><coordinates>73.6,16.15,0</coordinates></Point></Placemark><Placemark><name>DHANGER MALEGAON</name><description><![CDATA[<table><tr><td><b>Station</b></td><td>DHANGER MALEGAON</td></tr><tr><td><b>District</b></td><td>AURANGABAD</td></tr><tr><td><b>Status</b></td><td>Closed</td></tr><tr><td><b>Source</b></td><td>Mast</td></tr><tr><td><b>Commenced</b></td><td>2004-04-14</td></tr><tr><td><b>Closed</b></td><td>2006-09-01</td></tr><tr><td><b>Mast height (m)</b></td><td>50</td></tr><tr><td><b>Elevation (m)</b></td><td>838</td></tr><tr><td><b>Mean wind speed (m/s)</b></td><td>5.53</td></tr><tr><td><b>Wind power density (W/m2)</b></td><td>126</td></tr><tr><td><b>PDF page</b></td><td>4</td></tr></table>]]></description><TimeSpan><begin>2004-04-14</begin><end>2006-09-01</end></TimeSpan><styleUrl>#Closed</styleUrl><Point><coordinates>75.322111,20.339806,0</coordinates></Point></Placemark><Placemark><name>DONGERWADI</name><description><![CDATA[<table><tr><td><b>Station</b></td><td>DONGERWADI</td></tr><tr><td><b>District</b></td><td>SANGLI</td></tr><tr><td><b>Status</b></td><td>Closed</td></tr><tr><td><b>Source</b></td><td>Mast</td></tr><tr><td><b>Commenced</b></td><td>1998-02-15</td></tr><tr><td><b>Closed</b></td><td>2000-12-22</td></tr><tr><td><b>Mast height (m)</b></td><td>25</td></tr><tr><td><b>Elevation (m)</b></td><td>830</td></tr><tr><td><b>Mean wind speed (m/s)</b></td><td>5.94</td></tr><tr><td><b>Wind power density (W/m2)</b></td><td>179</td></tr><tr><td><b>PDF page</b></td><td>4</td></tr></table>]]></description><TimeSpan><begin>1998-02-15</begin><end>2000-12-22</end></TimeSpan><styleUrl>#Closed</styleUrl><Point><coordinates>74.838417,16.899592,0</coordinates></Point></Placemark><Placemark><name>DUDHA</name><description><![CDATA[<table><tr><td><b>Station</b></td><td>DUDHA</td></tr><tr><td><b>District</b></td><td>BULDHANA</td></tr><tr><td><b>Status</b></td><td>Closed</td></tr><tr><td><b>Source</b></td><td>Mast</td></tr><tr><td><b>Commenced</b></td><td>2004-04-16</td></tr><tr><td><b>Closed</b></td><td>2006-09-01</td></tr><tr><td><b>Mast height (m)</b></td><td>50</td></tr><tr><td><b>Elevation (m)</b></td><td>718</td></tr><tr><td><b>Mean wind speed (m/s)</b></td><td>5.57</td></tr><tr><td><b>Wind power density (W/m2)</b></td><td>130</td></tr><tr><td><b>PDF page</b></td><td>4</td></tr></table>]]></description><TimeSpan><begin>2004-04-16</begin><end>2006-09-01</end></TimeSpan><styleUrl>#Closed</styleUrl><Point><coordinates>76.055917,20.424889,0</coordinates></Point></Placemark><Placemark><name>ELEPHANTA ISLAND</name><description><![CDATA[<table><tr><td><b>Station</b></td><td>ELEPHANTA ISLAND</td></tr><tr><td><b>District</b></td><td>RAIGAD</td></tr><tr><td><b>Status</b></td><td>Closed</td></tr><tr><td><b>Source</b></td><td>Mast</td></tr><tr><td><b>Commenced</b></td><td>2002-07-02</td></tr><tr><td><b>Closed</b></td><td>2003-11-22</td></tr><tr><td><b>Mast height (m)</b></td><td>25</td></tr><tr><td><b>Elevation (m)</b></td><td>20</td></tr><tr><td><b>Mean wind speed (m/s)</b></td><td>4.48</td></tr><tr><td><b>Wind power density (W/m2)</b></td><td>120</td></tr><tr><td><b>Project type</b></td><td>SNA project</td></tr><tr><td><b>PDF page</b></td><td>4</td></tr></table>]]></description><TimeSpan><begin>2002-07-02</begin><end>2003-11-22</end></TimeSpan><styleUrl>#Closed</styleUrl><Point><coordinates>72.934194,18.954528,0</coordinates></Point></Placemark><Placemark><name>GAWALWADI</name><description><![CDATA[<table><tr><td><b>Station</b></td><td>GAWALWADI</td></tr><tr><td><b>District</b></td><td>NASIK</td></tr><tr><td><b>Status</b></td><td>Closed</td></tr><tr><td><b>Source</b></td><td>Mast</td></tr><tr><td><b>Commenced</b></td><td>1998-03-31</td></tr><tr><td><b>Closed</b></td><td>2000-05-23</td></tr><tr><td><b>Mast height (m)</b></td><td>20</td></tr><tr><td><b>Elevation (m)</b></td><td>750</td></tr><tr><td><b>Mean wind speed (m/s)</b></td><td>5.28</td></tr><tr><td><b>Wind power density (W/m2)</b></td><td>140</td></tr><tr><td><b>PDF page</b></td><td>4</td></tr></table>]]></description><TimeSpan><begin>1998-03-31</begin><end>2000-05-23</end></TimeSpan><styleUrl>#Closed</styleUrl><Point><coordinates>73.751083,20.1015,0</coordinates></Point></Placemark><Placemark><name>GUDE PANCHAGANI</name><description><![CDATA[<table><tr><td><b>Station</b></td><td>GUDE PANCHAGANI</td></tr><tr><td><b>District</b></td><td>SANGLI</td></tr><tr><td><b>Status</b></td><td>Closed</td></tr><tr><td><b>Source</b></td><td>Mast</td></tr><tr><td><b>Commenced</b></td><td>1993-01-17</td></tr><tr><td><b>Closed</b></td><td>1997-10-24</td></tr><tr><td><b>Mast height (m)</b></td><td>20</td></tr><tr><td><b>Elevation (m)</b></td><td>903</td></tr><tr><td><b>Mean wind speed (m/s)</b></td><td>5.5</td></tr><tr><td><b>Wind power density (W/m2)</b></td><td>177.7</td></tr><tr><td><b>PDF page</b></td><td>4</td></tr></table>]]></description><TimeSpan><begin>1993-01-17</begin><end>1997-10-24</end></TimeSpan><styleUrl>#Closed</styleUrl><Point><coordinates>73.98,17.113889,0</coordinates></Point></Placemark><Placemark><name>JAMBULMURE</name><description><![CDATA[<table><tr><td><b>Station</b></td><td>JAMBULMURE</td></tr><tr><td><b>District</b></td><td>SATARA</td></tr><tr><td><b>Status</b></td><td>Closed</td></tr><tr><td><b>Source</b></td><td>Mast</td></tr><tr><td><b>Commenced</b></td><td>1998-02-10</td></tr><tr><td><b>Closed</b></td><td>1999-04-07</td></tr><tr><td><b>Mast height (m)</b></td><td>25</td></tr><tr><td><b>Elevation (m)</b></td><td>1107</td></tr><tr><td><b>Mean wind speed (m/s)</b></td><td>4.19</td></tr><tr><td><b>Wind power density (W/m2)</b></td><td>108.8</td></tr><tr><td><b>Project type</b></td><td>SNA project</td></tr><tr><td><b>PDF page</b></td><td>4</td></tr></table>]]></description><TimeSpan><begin>1998-02-10</begin><end>1999-04-07</end></TimeSpan><styleUrl>#Closed</styleUrl><Point><coordinates>73.904353,17.709419,0</coordinates></Point></Placemark><Placemark><name>KAMRAVAD</name><description><![CDATA[<table><tr><td><b>Station</b></td><td>KAMRAVAD</td></tr><tr><td><b>District</b></td><td>NANDURBAR</td></tr><tr><td><b>Status</b></td><td>Closed</td></tr><tr><td><b>Source</b></td><td>Mast</td></tr><tr><td><b>Commenced</b></td><td>1999-03-31</td></tr><tr><td><b>Closed</b></td><td>2001-06-14</td></tr><tr><td><b>Mast height (m)</b></td><td>25</td></tr><tr><td><b>Elevation (m)</b></td><td>300</td></tr><tr><td><b>Mean wind speed (m/s)</b></td><td>5.04</td></tr><tr><td><b>Wind power density (W/m2)</b></td><td>141.5</td></tr><tr><td><b>PDF page</b></td><td>4</td></tr></table>]]></description><TimeSpan><begin>1999-03-31</begin><end>2001-06-14</end></TimeSpan><styleUrl>#Closed</styleUrl><Point><coordinates>74.725056,21.586167,0</coordinates></Point></Placemark><Placemark><name>KAMTHI</name><description><![CDATA[<table><tr><td><b>Station</b></td><td>KAMTHI</td></tr><tr><td><b>District</b></td><td>SATARA</td></tr><tr><td><b>Status</b></td><td>Closed</td></tr><tr><td><b>Source</b></td><td>Mast</td></tr><tr><td><b>Commenced</b></td><td>1998-04-06</td></tr><tr><td><b>Closed</b></td><td>1999-06-02</td></tr><tr><td><b>Mast height (m)</b></td><td>20</td></tr><tr><td><b>Elevation (m)</b></td><td>876</td></tr><tr><td><b>Mean wind speed (m/s)</b></td><td>4.74</td></tr><tr><td><b>Wind power density (W/m2)</b></td><td>116.3</td></tr><tr><td><b>PDF page</b></td><td>4</td></tr></table>]]></description><TimeSpan><begin>1998-04-06</begin><end>1999-06-02</end></TimeSpan><styleUrl>#Closed</styleUrl><Point><coordinates>74.258403,17.383414,0</coordinates></Point></Placemark><Placemark><name>KANKORA</name><description><![CDATA[<table><tr><td><b>Station</b></td><td>KANKORA</td></tr><tr><td><b>District</b></td><td>AURANGABAD</td></tr><tr><td><b>Status</b></td><td>Closed</td></tr><tr><td><b>Source</b></td><td>Mast</td></tr><tr><td><b>Commenced</b></td><td>2001-11-22</td></tr><tr><td><b>Closed</b></td><td>2004-07-13</td></tr><tr><td><b>Mast height (m)</b></td><td>25</td></tr><tr><td><b>Elevation (m)</b></td><td>920</td></tr><tr><td><b>Mean wind speed (m/s)</b></td><td>5.56</td></tr><tr><td><b>Wind power density (W/m2)</b></td><td>127</td></tr><tr><td><b>Project type</b></td><td>SNA project</td></tr><tr><td><b>PDF page</b></td><td>4</td></tr></table>]]></description><TimeSpan><begin>2001-11-22</begin><end>2004-07-13</end></TimeSpan><styleUrl>#Closed</styleUrl><Point><coordinates>75.437778,19.972222,0</coordinates></Point></Placemark><Placemark><name>KAS</name><description><![CDATA[<table><tr><td><b>Station</b></td><td>KAS</td></tr><tr><td><b>District</b></td><td>SATARA</td></tr><tr><td><b>Status</b></td><td>Closed</td></tr><tr><td><b>Source</b></td><td>Mast</td></tr><tr><td><b>Commenced</b></td><td>1998-02-10</td></tr><tr><td><b>Closed</b></td><td>2000-02-14</td></tr><tr><td><b>Mast height (m)</b></td><td>25</td></tr><tr><td><b>Elevation (m)</b></td><td>1232</td></tr><tr><td><b>Mean wind speed (m/s)</b></td><td>5.69</td></tr><tr><td><b>Wind power density (W/m2)</b></td><td>194</td></tr><tr><td><b>Project type</b></td><td>SNA project</td></tr><tr><td><b>PDF page</b></td><td>4</td></tr></table>]]></description><TimeSpan><begin>1998-02-10</begin><end>2000-02-14</end></TimeSpan><styleUrl>#Closed</styleUrl><Point><coordinates>73.809,17.7395,0</coordinates></Point></Placemark><Placemark><name>KASASIRSI</name><description><![CDATA[<table><tr><td><b>Station</b></td><td>KASASIRSI</td></tr><tr><td><b>District</b></td><td>LATUR</td></tr><tr><td><b>Status</b></td><td>Closed</td></tr><tr><td><b>Source</b></td><td>Mast</td></tr><tr><td><b>Commenced</b></td><td>2003-11-14</td></tr><tr><td><b>Closed</b></td><td>2006-08-30</td></tr><tr><td><b>Mast height (m)</b></td><td>25</td></tr><tr><td><b>Elevation (m)</b></td><td>665</td></tr><tr><td><b>Mean wind speed (m/s)</b></td><td>5.09</td></tr><tr><td><b>Wind power density (W/m2)</b></td><td>109</td></tr><tr><td><b>Project type</b></td><td>SNA project</td></tr><tr><td><b>PDF page</b></td><td>4</td></tr></table>]]></description><TimeSpan><begin>2003-11-14</begin><end>2006-08-30</end></TimeSpan><styleUrl>#Closed</styleUrl><Point><coordinates>76.752167,17.906361,0</coordinates></Point></Placemark><Placemark><name>KAVALDHARA</name><description><![CDATA[<table><tr><td><b>Station</b></td><td>KAVALDHARA</td></tr><tr><td><b>District</b></td><td>OSMANABAD</td></tr><tr><td><b>Status</b></td><td>Closed</td></tr><tr><td><b>Source</b></td><td>Mast</td></tr><tr><td><b>Commenced</b></td><td>1998-04-02</td></tr><tr><td><b>Closed</b></td><td>1999-05-31</td></tr><tr><td><b>Mast height (m)</b></td><td>20</td></tr><tr><td><b>Elevation (m)</b></td><td>670</td></tr><tr><td><b>Mean wind speed (m/s)</b></td><td>4.73</td></tr><tr><td><b>Wind power density (W/m2)</b></td><td>92.2</td></tr><tr><td><b>PDF page</b></td><td>4</td></tr></table>]]></description><TimeSpan><begin>1998-04-02</begin><end>1999-05-31</end></TimeSpan><styleUrl>#Closed</styleUrl><Point><coordinates>76.083333,18.083333,0</coordinates></Point></Placemark><Placemark><name>KAVDYA DONGER</name><description><![CDATA[<table><tr><td><b>Station</b></td><td>KAVDYA DONGER</td></tr><tr><td><b>District</b></td><td>AHMED NAGAR</td></tr><tr><td><b>Status</b></td><td>Closed</td></tr><tr><td><b>Source</b></td><td>Mast</td></tr><tr><td><b>Commenced</b></td><td>1998-04-03</td></tr><tr><td><b>Closed</b></td><td>2000-12-13</td></tr><tr><td><b>Mast height (m)</b></td><td>25</td></tr><tr><td><b>Elevation (m)</b></td><td>900</td></tr><tr><td><b>Mean wind speed (m/s)</b></td><td>6.44</td></tr><tr><td><b>Wind power density (W/m2)</b></td><td>224</td></tr><tr><td><b>PDF page</b></td><td>4</td></tr></table>]]></description><TimeSpan><begin>1998-04-03</begin><end>2000-12-13</end></TimeSpan><styleUrl>#Closed</styleUrl><Point><coordinates>74.533889,19.006917,0</coordinates></Point></Placemark><Placemark><name>KHANDKE</name><description><![CDATA[<table><tr><td><b>Station</b></td><td>KHANDKE</td></tr><tr><td><b>District</b></td><td>AHMED NAGAR</td></tr><tr><td><b>Status</b></td><td>Closed</td></tr><tr><td><b>Source</b></td><td>Mast</td></tr><tr><td><b>Commenced</b></td><td>1996-03-20</td></tr><tr><td><b>Closed</b></td><td>1998-03-25</td></tr><tr><td><b>Mast height (m)</b></td><td>20</td></tr><tr><td><b>Elevation (m)</b></td><td>920</td></tr><tr><td><b>Mean wind speed (m/s)</b></td><td>5.44</td></tr><tr><td><b>Wind power density (W/m2)</b></td><td>146.2</td></tr><tr><td><b>PDF page</b></td><td>4</td></tr></table>]]></description><TimeSpan><begin>1996-03-20</begin><end>1998-03-25</end></TimeSpan><styleUrl>#Closed</styleUrl><Point><coordinates>74.875278,19.133333,0</coordinates></Point></Placemark><Placemark><name>KHARUMBHAPADA</name><description><![CDATA[<table><tr><td><b>Station</b></td><td>KHARUMBHAPADA</td></tr><tr><td><b>District</b></td><td>THANE</td></tr><tr><td><b>Status</b></td><td>Closed</td></tr><tr><td><b>Source</b></td><td>Mast</td></tr><tr><td><b>Commenced</b></td><td>2001-11-30</td></tr><tr><td><b>Closed</b></td><td>2003-02-09</td></tr><tr><td><b>Mast height (m)</b></td><td>25</td></tr><tr><td><b>Elevation (m)</b></td><td>517</td></tr><tr><td><b>Mean wind speed (m/s)</b></td><td>4.81</td></tr><tr><td><b>Wind power density (W/m2)</b></td><td>98</td></tr><tr><td><b>Project type</b></td><td>SNA project</td></tr><tr><td><b>PDF page</b></td><td>4</td></tr></table>]]></description><TimeSpan><begin>2001-11-30</begin><end>2003-02-09</end></TimeSpan><styleUrl>#Closed</styleUrl><Point><coordinates>73.233333,19.916667,0</coordinates></Point></Placemark><Placemark><name>KHOKADE</name><description><![CDATA[<table><tr><td><b>Station</b></td><td>KHOKADE</td></tr><tr><td><b>District</b></td><td>SATARA</td></tr><tr><td><b>Status</b></td><td>Closed</td></tr><tr><td><b>Source</b></td><td>Mast</td></tr><tr><td><b>Commenced</b></td><td>1995-05-04</td></tr><tr><td><b>Closed</b></td><td>1997-10-23</td></tr><tr><td><b>Mast height (m)</b></td><td>25</td></tr><tr><td><b>Elevation (m)</b></td><td>1047</td></tr><tr><td><b>Mean wind speed (m/s)</b></td><td>5.03</td></tr><tr><td><b>Wind power density (W/m2)</b></td><td>114.1</td></tr><tr><td><b>PDF page</b></td><td>4</td></tr></table>]]></description><TimeSpan><begin>1995-05-04</begin><end>1997-10-23</end></TimeSpan><styleUrl>#Closed</styleUrl><Point><coordinates>74.371778,17.807167,0</coordinates></Point></Placemark><Placemark><name>KOGDA</name><description><![CDATA[<table><tr><td><b>Station</b></td><td>KOGDA</td></tr><tr><td><b>District</b></td><td>THANE</td></tr><tr><td><b>Status</b></td><td>Closed</td></tr><tr><td><b>Source</b></td><td>Mast</td></tr><tr><td><b>Commenced</b></td><td>2001-12-01</td></tr><tr><td><b>Closed</b></td><td>2003-02-09</td></tr><tr><td><b>Mast height (m)</b></td><td>20</td></tr><tr><td><b>Elevation (m)</b></td><td>474</td></tr><tr><td><b>Mean wind speed (m/s)</b></td><td>4.03</td></tr><tr><td><b>Wind power density (W/m2)</b></td><td>55</td></tr><tr><td><b>Project type</b></td><td>SNA project</td></tr><tr><td><b>PDF page</b></td><td>4</td></tr></table>]]></description><TimeSpan><begin>2001-12-01</begin><end>2003-02-09</end></TimeSpan><styleUrl>#Closed</styleUrl><Point><coordinates>73.2,19.966667,0</coordinates></Point></Placemark><Placemark><name>KOGIL</name><description><![CDATA[<table><tr><td><b>Station</b></td><td>KOGIL</td></tr><tr><td><b>District</b></td><td>KOLHAPUR</td></tr><tr><td><b>Status</b></td><td>Closed</td></tr><tr><td><b>Source</b></td><td>Mast</td></tr><tr><td><b>Commenced</b></td><td>2000-10-22</td></tr><tr><td><b>Closed</b></td><td>2002-02-21</td></tr><tr><td><b>Mast height (m)</b></td><td>25</td></tr><tr><td><b>Elevation (m)</b></td><td>718</td></tr><tr><td><b>Mean wind speed (m/s)</b></td><td>4.5</td></tr><tr><td><b>Wind power density (W/m2)</b></td><td>106</td></tr><tr><td><b>PDF page</b></td><td>4</td></tr></table>]]></description><TimeSpan><begin>2000-10-22</begin><end>2002-02-21</end></TimeSpan><styleUrl>#Closed</styleUrl><Point><coordinates>74.24725,16.610972,0</coordinates></Point></Placemark><Placemark><name>KOLGAON</name><description><![CDATA[<table><tr><td><b>Station</b></td><td>KOLGAON</td></tr><tr><td><b>District</b></td><td>AHMED NAGAR</td></tr><tr><td><b>Status</b></td><td>Closed</td></tr><tr><td><b>Source</b></td><td>Mast</td></tr><tr><td><b>Commenced</b></td><td>1995-05-02</td></tr><tr><td><b>Closed</b></td><td>1998-06-04</td></tr><tr><td><b>Mast height (m)</b></td><td>25</td></tr><tr><td><b>Elevation (m)</b></td><td>800</td></tr><tr><td><b>Mean wind speed (m/s)</b></td><td>5.69</td></tr><tr><td><b>Wind power density (W/m2)</b></td><td>177.1</td></tr><tr><td><b>PDF page</b></td><td>4</td></tr></table>]]></description><TimeSpan><begin>1995-05-02</begin><end>1998-06-04</end></TimeSpan><styleUrl>#Closed</styleUrl><Point><coordinates>74.708889,18.833889,0</coordinates></Point></Placemark><Placemark><name>KOTHOLI</name><description><![CDATA[<table><tr><td><b>Station</b></td><td>KOTHOLI</td></tr><tr><td><b>District</b></td><td>KOLHAPUR</td></tr><tr><td><b>Status</b></td><td>Closed</td></tr><tr><td><b>Source</b></td><td>Mast</td></tr><tr><td><b>Commenced</b></td><td>1994-05-03</td></tr><tr><td><b>Closed</b></td><td>1997-10-26</td></tr><tr><td><b>Mast height (m)</b></td><td>20</td></tr><tr><td><b>Elevation (m)</b></td><td>782</td></tr><tr><td><b>Mean wind speed (m/s)</b></td><td>4.96</td></tr><tr><td><b>Wind power density (W/m2)</b></td><td>163.5</td></tr><tr><td><b>PDF page</b></td><td>4</td></tr></table>]]></description><TimeSpan><begin>1994-05-03</begin><end>1997-10-26</end></TimeSpan><styleUrl>#Closed</styleUrl><Point><coordinates>73.974556,16.965056,0</coordinates></Point></Placemark><Placemark><name>LONAVLA</name><description><![CDATA[<table><tr><td><b>Station</b></td><td>LONAVLA</td></tr><tr><td><b>District</b></td><td>PUNE</td></tr><tr><td><b>Status</b></td><td>Closed</td></tr><tr><td><b>Source</b></td><td>Mast</td></tr><tr><td><b>Commenced</b></td><td>1988-06-05</td></tr><tr><td><b>Closed</b></td><td>1993-08-24</td></tr><tr><td><b>Mast height (m)</b></td><td>20</td></tr><tr><td><b>Elevation (m)</b></td><td>580</td></tr><tr><td><b>Mean wind speed (m/s)</b></td><td>4.31</td></tr><tr><td><b>Wind power density (W/m2)</b></td><td>121.6</td></tr><tr><td><b>PDF page</b></td><td>4</td></tr></table>]]></description><TimeSpan><begin>1988-06-05</begin><end>1993-08-24</end></TimeSpan><styleUrl>#Closed</styleUrl><Point><coordinates>73.3775,18.777778,0</coordinates></Point></Placemark><Placemark><name>MAHALUNGE</name><description><![CDATA[<table><tr><td><b>Station</b></td><td>MAHALUNGE</td></tr><tr><td><b>District</b></td><td>SINDHUDURG</td></tr><tr><td><b>Status</b></td><td>Closed</td></tr><tr><td><b>Source</b></td><td>Mast</td></tr><tr><td><b>Commenced</b></td><td>2003-10-15</td></tr><tr><td><b>Closed</b></td><td>2005-05-31</td></tr><tr><td><b>Mast height (m)</b></td><td>50</td></tr><tr><td><b>Elevation (m)</b></td><td>196</td></tr><tr><td><b>Mean wind speed (m/s)</b></td><td>4.6</td></tr><tr><td><b>Wind power density (W/m2)</b></td><td>100</td></tr><tr><td><b>Project type</b></td><td>SNA project</td></tr><tr><td><b>PDF page</b></td><td>4</td></tr></table>]]></description><TimeSpan><begin>2003-10-15</begin><end>2005-05-31</end></TimeSpan><styleUrl>#Closed</styleUrl><Point><coordinates>73.568417,16.423722,0</coordinates></Point></Placemark><Placemark><name>MAHIJALGAON</name><description><![CDATA[<table><tr><td><b>Station</b></td><td>MAHIJALGAON</td></tr><tr><td><b>District</b></td><td>AHMED NAGAR</td></tr><tr><td><b>Status</b></td><td>Closed</td></tr><tr><td><b>Source</b></td><td>Mast</td></tr><tr><td><b>Commenced</b></td><td>1994-05-01</td></tr><tr><td><b>Closed</b></td><td>1996-12-16</td></tr><tr><td><b>Mast height (m)</b></td><td>20</td></tr><tr><td><b>Elevation (m)</b></td><td>590</td></tr><tr><td><b>Mean wind speed (m/s)</b></td><td>4.67</td></tr><tr><td><b>Wind power density (W/m2)</b></td><td>126.5</td></tr><tr><td><b>PDF page</b></td><td>4</td></tr></table>]]></description><TimeSpan><begin>1994-05-01</begin><end>1996-12-16</end></TimeSpan><styleUrl>#Closed</styleUrl><Point><coordinates>75.03175,18.634722,0</coordinates></Point></Placemark><Placemark><name>MAHISMAL</name><description><![CDATA[<table><tr><td><b>Station</b></td><td>MAHISMAL</td></tr><tr><td><b>District</b></td><td>AURANGABAD</td></tr><tr><td><b>Status</b></td><td>Closed</td></tr><tr><td><b>Source</b></td><td>Mast</td></tr><tr><td><b>Commenced</b></td><td>1998-12-05</td></tr><tr><td><b>Closed</b></td><td>2000-02-11</td></tr><tr><td><b>Mast height (m)</b></td><td>25</td></tr><tr><td><b>Elevation (m)</b></td><td>870</td></tr><tr><td><b>Mean wind speed (m/s)</b></td><td>4.56</td></tr><tr><td><b>Wind power density (W/m2)</b></td><td>73</td></tr><tr><td><b>PDF page</b></td><td>4</td></tr></table>]]></description><TimeSpan><begin>1998-12-05</begin><end>2000-02-11</end></TimeSpan><styleUrl>#Closed</styleUrl><Point><coordinates>75.183333,20.083333,0</coordinates></Point></Placemark><Placemark><name>MALEGAON KARIYAT</name><description><![CDATA[<table><tr><td><b>Station</b></td><td>MALEGAON KARIYAT</td></tr><tr><td><b>District</b></td><td>NASIK</td></tr><tr><td><b>Status</b></td><td>Closed</td></tr><tr><td><b>Source</b></td><td>Mast</td></tr><tr><td><b>Commenced</b></td><td>1999-03-28</td></tr><tr><td><b>Closed</b></td><td>2000-08-29</td></tr><tr><td><b>Mast height (m)</b></td><td>25</td></tr><tr><td><b>Elevation (m)</b></td><td>690</td></tr><tr><td><b>Mean wind speed (m/s)</b></td><td>4.97</td></tr><tr><td><b>Wind power density (W/m2)</b></td><td>111.1</td></tr><tr><td><b>PDF page</b></td><td>4</td></tr></table>]]></description><TimeSpan><begin>1999-03-28</begin><end>2000-08-29</end></TimeSpan><styleUrl>#Closed</styleUrl><Point><coordinates>74.5,20.2,0</coordinates></Point></Placemark><Placemark><name>MALWAN</name><description><![CDATA[<table><tr><td><b>Station</b></td><td>MALWAN</td></tr><tr><td><b>District</b></td><td>SINDHUDURG</td></tr><tr><td><b>Status</b></td><td>Closed</td></tr><tr><td><b>Source</b></td><td>Mast</td></tr><tr><td><b>Commenced</b></td><td>1986-12-18</td></tr><tr><td><b>Closed</b></td><td>1992-09-17</td></tr><tr><td><b>Mast height (m)</b></td><td>20</td></tr><tr><td><b>Elevation (m)</b></td><td>50</td></tr><tr><td><b>Mean wind speed (m/s)</b></td><td>3.72</td></tr><tr><td><b>Wind power density (W/m2)</b></td><td>63.9</td></tr><tr><td><b>PDF page</b></td><td>4</td></tr></table>]]></description><TimeSpan><begin>1986-12-18</begin><end>1992-09-17</end></TimeSpan><styleUrl>#Closed</styleUrl><Point><coordinates>73.481111,16.066389,0</coordinates></Point></Placemark><Placemark><name>MANDHARDEO</name><description><![CDATA[<table><tr><td><b>Station</b></td><td>MANDHARDEO</td></tr><tr><td><b>District</b></td><td>SATARA</td></tr><tr><td><b>Status</b></td><td>Closed</td></tr><tr><td><b>Source</b></td><td>Mast</td></tr><tr><td><b>Commenced</b></td><td>1998-02-09</td></tr><tr><td><b>Closed</b></td><td>2000-02-13</td></tr><tr><td><b>Mast height (m)</b></td><td>25</td></tr><tr><td><b>Elevation (m)</b></td><td>1286</td></tr><tr><td><b>Mean wind speed (m/s)</b></td><td>5.64</td></tr><tr><td><b>Wind power density (W/m2)</b></td><td>153.3</td></tr><tr><td><b>Project type</b></td><td>SNA project</td></tr><tr><td><b>PDF page</b></td><td>4</td></tr></table>]]></description><TimeSpan><begin>1998-02-09</begin><end>2000-02-13</end></TimeSpan><styleUrl>#Closed</styleUrl><Point><coordinates>73.885944,18.026194,0</coordinates></Point></Placemark><Placemark><name>MASAIPATHAR</name><description><![CDATA[<table><tr><td><b>Station</b></td><td>MASAIPATHAR</td></tr><tr><td><b>District</b></td><td>KOLHAPUR</td></tr><tr><td><b>Status</b></td><td>Closed</td></tr><tr><td><b>Source</b></td><td>Mast</td></tr><tr><td><b>Commenced</b></td><td>1995-05-07</td></tr><tr><td><b>Closed</b></td><td>1998-12-06</td></tr><tr><td><b>Mast height (m)</b></td><td>25</td></tr><tr><td><b>Elevation (m)</b></td><td>970</td></tr><tr><td><b>Mean wind speed (m/s)</b></td><td>5.28</td></tr><tr><td><b>Wind power density (W/m2)</b></td><td>137.6</td></tr><tr><td><b>PDF page</b></td><td>4</td></tr></table>]]></description><TimeSpan><begin>1995-05-07</begin><end>1998-12-06</end></TimeSpan><styleUrl>#Closed</styleUrl><Point><coordinates>74.080572,16.818353,0</coordinates></Point></Placemark><Placemark><name>MATREWADI</name><description><![CDATA[<table><tr><td><b>Station</b></td><td>MATREWADI</td></tr><tr><td><b>District</b></td><td>SATARA</td></tr><tr><td><b>Status</b></td><td>Closed</td></tr><tr><td><b>Source</b></td><td>Mast</td></tr><tr><td><b>Commenced</b></td><td>1996-03-26</td></tr><tr><td><b>Closed</b></td><td>1998-04-05</td></tr><tr><td><b>Mast height (m)</b></td><td>25</td></tr><tr><td><b>Elevation (m)</b></td><td>898</td></tr><tr><td><b>Mean wind speed (m/s)</b></td><td>5.67</td></tr><tr><td><b>Wind power density (W/m2)</b></td><td>210.8</td></tr><tr><td><b>PDF page</b></td><td>4</td></tr></table>]]></description><TimeSpan><begin>1996-03-26</begin><end>1998-04-05</end></TimeSpan><styleUrl>#Closed</styleUrl><Point><coordinates>73.932778,17.190278,0</coordinates></Point></Placemark><Placemark><name>MOGRALE</name><description><![CDATA[<table><tr><td><b>Station</b></td><td>MOGRALE</td></tr><tr><td><b>District</b></td><td>SATARA</td></tr><tr><td><b>Status</b></td><td>Closed</td></tr><tr><td><b>Source</b></td><td>Mast</td></tr><tr><td><b>Commenced</b></td><td>1996-03-22</td></tr><tr><td><b>Closed</b></td><td>1997-10-23</td></tr><tr><td><b>Mast height (m)</b></td><td>25</td></tr><tr><td><b>Elevation (m)</b></td><td>835</td></tr><tr><td><b>Mean wind speed (m/s)</b></td><td>4.67</td></tr><tr><td><b>Wind power density (W/m2)</b></td><td>87.9</td></tr><tr><td><b>PDF page</b></td><td>4</td></tr></table>]]></description><TimeSpan><begin>1996-03-22</begin><end>1997-10-23</end></TimeSpan><styleUrl>#Closed</styleUrl><Point><coordinates>74.511167,17.872083,0</coordinates></Point></Placemark><Placemark><name>MOTHA</name><description><![CDATA[<table><tr><td><b>Station</b></td><td>MOTHA</td></tr><tr><td><b>District</b></td><td>AMRAVATI</td></tr><tr><td><b>Status</b></td><td>Closed</td></tr><tr><td><b>Source</b></td><td>Mast</td></tr><tr><td><b>Commenced</b></td><td>1996-03-17</td></tr><tr><td><b>Closed</b></td><td>1998-03-26</td></tr><tr><td><b>Mast height (m)</b></td><td>25</td></tr><tr><td><b>Elevation (m)</b></td><td>1075</td></tr><tr><td><b>Mean wind speed (m/s)</b></td><td>5.19</td></tr><tr><td><b>Wind power density (W/m2)</b></td><td>145.8</td></tr><tr><td><b>PDF page</b></td><td>4</td></tr></table>]]></description><TimeSpan><begin>1996-03-17</begin><end>1998-03-26</end></TimeSpan><styleUrl>#Closed</styleUrl><Point><coordinates>77.362222,21.394444,0</coordinates></Point></Placemark><Placemark><name>MURUD</name><description><![CDATA[<table><tr><td><b>Station</b></td><td>MURUD</td></tr><tr><td><b>District</b></td><td>LATUR</td></tr><tr><td><b>Status</b></td><td>Closed</td></tr><tr><td><b>Source</b></td><td>Mast</td></tr><tr><td><b>Commenced</b></td><td>2003-11-13</td></tr><tr><td><b>Closed</b></td><td>2006-08-30</td></tr><tr><td><b>Mast height (m)</b></td><td>50</td></tr><tr><td><b>Elevation (m)</b></td><td>716</td></tr><tr><td><b>Mean wind speed (m/s)</b></td><td>5.15</td></tr><tr><td><b>Wind power density (W/m2)</b></td><td>115.11</td></tr><tr><td><b>Project type</b></td><td>SNA project</td></tr><tr><td><b>PDF page</b></td><td>4</td></tr></table>]]></description><TimeSpan><begin>2003-11-13</begin><end>2006-08-30</end></TimeSpan><styleUrl>#Closed</styleUrl><Point><coordinates>76.2,18.35,0</coordinates></Point></Placemark><Placemark><name>NANDIVADE</name><description><![CDATA[<table><tr><td><b>Station</b></td><td>NANDIVADE</td></tr><tr><td><b>District</b></td><td>RATNAGIRI</td></tr><tr><td><b>Status</b></td><td>Closed</td></tr><tr><td><b>Source</b></td><td>Mast</td></tr><tr><td><b>Commenced</b></td><td>1994-05-05</td></tr><tr><td><b>Closed</b></td><td>1996-12-20</td></tr><tr><td><b>Mast height (m)</b></td><td>20</td></tr><tr><td><b>Elevation (m)</b></td><td>40</td></tr><tr><td><b>Mean wind speed (m/s)</b></td><td>4.87</td></tr><tr><td><b>Wind power density (W/m2)</b></td><td>130.7</td></tr><tr><td><b>PDF page</b></td><td>4</td></tr></table>]]></description><TimeSpan><begin>1994-05-05</begin><end>1996-12-20</end></TimeSpan><styleUrl>#Closed</styleUrl><Point><coordinates>73.204989,17.275397,0</coordinates></Point></Placemark><Placemark><name>NERKEWADI</name><description><![CDATA[<table><tr><td><b>Station</b></td><td>NERKEWADI</td></tr><tr><td><b>District</b></td><td>RATNAGIRI</td></tr><tr><td><b>Status</b></td><td>Closed</td></tr><tr><td><b>Source</b></td><td>Mast</td></tr><tr><td><b>Commenced</b></td><td>2003-11-19</td></tr><tr><td><b>Closed</b></td><td>2005-05-31</td></tr><tr><td><b>Mast height (m)</b></td><td>25</td></tr><tr><td><b>Elevation (m)</b></td><td>252</td></tr><tr><td><b>Mean wind speed (m/s)</b></td><td>4.11</td></tr><tr><td><b>Wind power density (W/m2)</b></td><td>77</td></tr><tr><td><b>Project type</b></td><td>SNA project</td></tr><tr><td><b>PDF page</b></td><td>4</td></tr></table>]]></description><TimeSpan><begin>2003-11-19</begin><end>2005-05-31</end></TimeSpan><styleUrl>#Closed</styleUrl><Point><coordinates>73.563778,16.671278,0</coordinates></Point></Placemark><Placemark><name>PALSI</name><description><![CDATA[<table><tr><td><b>Station</b></td><td>PALSI</td></tr><tr><td><b>District</b></td><td>SATARA</td></tr><tr><td><b>Status</b></td><td>Closed</td></tr><tr><td><b>Source</b></td><td>Mast</td></tr><tr><td><b>Commenced</b></td><td>2000-10-21</td></tr><tr><td><b>Closed</b></td><td>2002-10-26</td></tr><tr><td><b>Mast height (m)</b></td><td>25</td></tr><tr><td><b>Elevation (m)</b></td><td>970</td></tr><tr><td><b>Mean wind speed (m/s)</b></td><td>5.24</td></tr><tr><td><b>Wind power density (W/m2)</b></td><td>137</td></tr><tr><td><b>PDF page</b></td><td>4</td></tr></table>]]></description><TimeSpan><begin>2000-10-21</begin><end>2002-10-26</end></TimeSpan><styleUrl>#Closed</styleUrl><Point><coordinates>73.85945,17.285831,0</coordinates></Point></Placemark><Placemark><name>PANCHGANI</name><description><![CDATA[<table><tr><td><b>Station</b></td><td>PANCHGANI</td></tr><tr><td><b>District</b></td><td>SATARA</td></tr><tr><td><b>Status</b></td><td>Closed</td></tr><tr><td><b>Source</b></td><td>Mast</td></tr><tr><td><b>Commenced</b></td><td>1988-12-10</td></tr><tr><td><b>Closed</b></td><td>1993-08-28</td></tr><tr><td><b>Mast height (m)</b></td><td>20</td></tr><tr><td><b>Elevation (m)</b></td><td>1318</td></tr><tr><td><b>Mean wind speed (m/s)</b></td><td>5.11</td></tr><tr><td><b>Wind power density (W/m2)</b></td><td>132.9</td></tr><tr><td><b>PDF page</b></td><td>4</td></tr></table>]]></description><TimeSpan><begin>1988-12-10</begin><end>1993-08-28</end></TimeSpan><styleUrl>#Closed</styleUrl><Point><coordinates>73.8125,17.9275,0</coordinates></Point></Placemark><Placemark><name>PANCHPATTA</name><description><![CDATA[<table><tr><td><b>Station</b></td><td>PANCHPATTA</td></tr><tr><td><b>District</b></td><td>AHMED NAGAR</td></tr><tr><td><b>Status</b></td><td>Closed</td></tr><tr><td><b>Source</b></td><td>Mast</td></tr><tr><td><b>Commenced</b></td><td>2001-02-14</td></tr><tr><td><b>Closed</b></td><td>2003-02-09</td></tr><tr><td><b>Mast height (m)</b></td><td>25</td></tr><tr><td><b>Elevation (m)</b></td><td>1049</td></tr><tr><td><b>Mean wind speed (m/s)</b></td><td>5.7</td></tr><tr><td><b>Wind power density (W/m2)</b></td><td>201</td></tr><tr><td><b>PDF page</b></td><td>4</td></tr></table>]]></description><TimeSpan><begin>2001-02-14</begin><end>2003-02-09</end></TimeSpan><styleUrl>#Closed</styleUrl><Point><coordinates>73.884444,19.727778,0</coordinates></Point></Placemark><Placemark><name>PANHAL SATHE</name><description><![CDATA[<table><tr><td><b>Station</b></td><td>PANHAL SATHE</td></tr><tr><td><b>District</b></td><td>NASIK</td></tr><tr><td><b>Status</b></td><td>Closed</td></tr><tr><td><b>Source</b></td><td>Mast</td></tr><tr><td><b>Commenced</b></td><td>1999-03-27</td></tr><tr><td><b>Closed</b></td><td>2000-12-15</td></tr><tr><td><b>Mast height (m)</b></td><td>25</td></tr><tr><td><b>Elevation (m)</b></td><td>643</td></tr><tr><td><b>Mean wind speed (m/s)</b></td><td>4.69</td></tr><tr><td><b>Wind power density (W/m2)</b></td><td>93.9</td></tr><tr><td><b>PDF page</b></td><td>4</td></tr></table>]]></description><TimeSpan><begin>1999-03-27</begin><end>2000-12-15</end></TimeSpan><styleUrl>#Closed</styleUrl><Point><coordinates>74.590306,20.154278,0</coordinates></Point></Placemark><Placemark><name>PATHAR</name><description><![CDATA[<table><tr><td><b>Station</b></td><td>PATHAR</td></tr><tr><td><b>District</b></td><td>NAGPUR</td></tr><tr><td><b>Status</b></td><td>Closed</td></tr><tr><td><b>Source</b></td><td>Mast</td></tr><tr><td><b>Commenced</b></td><td>2004-04-18</td></tr><tr><td><b>Closed</b></td><td>2006-09-01</td></tr><tr><td><b>Mast height (m)</b></td><td>50</td></tr><tr><td><b>Elevation (m)</b></td><td>495</td></tr><tr><td><b>Mean wind speed (m/s)</b></td><td>4.61</td></tr><tr><td><b>Wind power density (W/m2)</b></td><td>79</td></tr><tr><td><b>PDF page</b></td><td>4</td></tr></table>]]></description><TimeSpan><begin>2004-04-18</begin><end>2006-09-01</end></TimeSpan><styleUrl>#Closed</styleUrl><Point><coordinates>78.6275,21.293694,0</coordinates></Point></Placemark><Placemark><name>PIMPALGAON</name><description><![CDATA[<table><tr><td><b>Station</b></td><td>PIMPALGAON</td></tr><tr><td><b>District</b></td><td>AHMED NAGAR</td></tr><tr><td><b>Status</b></td><td>Closed</td></tr><tr><td><b>Source</b></td><td>Mast</td></tr><tr><td><b>Commenced</b></td><td>1998-12-04</td></tr><tr><td><b>Closed</b></td><td>2000-02-08</td></tr><tr><td><b>Mast height (m)</b></td><td>20</td></tr><tr><td><b>Elevation (m)</b></td><td>875</td></tr><tr><td><b>Mean wind speed (m/s)</b></td><td>4.52</td></tr><tr><td><b>Wind power density (W/m2)</b></td><td>76.4</td></tr><tr><td><b>PDF page</b></td><td>4</td></tr></table>]]></description><TimeSpan><begin>1998-12-04</begin><end>2000-02-08</end></TimeSpan><styleUrl>#Closed</styleUrl><Point><coordinates>74.329306,19.125056,0</coordinates></Point></Placemark><Placemark><name>PIRTHANDA</name><description><![CDATA[<table><tr><td><b>Station</b></td><td>PIRTHANDA</td></tr><tr><td><b>District</b></td><td>LATUR</td></tr><tr><td><b>Status</b></td><td>Closed</td></tr><tr><td><b>Source</b></td><td>Mast</td></tr><tr><td><b>Commenced</b></td><td>1998-12-07</td></tr><tr><td><b>Closed</b></td><td>2000-12-18</td></tr><tr><td><b>Mast height (m)</b></td><td>25</td></tr><tr><td><b>Elevation (m)</b></td><td>640</td></tr><tr><td><b>Mean wind speed (m/s)</b></td><td>5.1</td></tr><tr><td><b>Wind power density (W/m2)</b></td><td>98.1</td></tr><tr><td><b>PDF page</b></td><td>4</td></tr></table>]]></description><TimeSpan><begin>1998-12-07</begin><end>2000-12-18</end></TimeSpan><styleUrl>#Closed</styleUrl><Point><coordinates>77.10305,18.417581,0</coordinates></Point></Placemark><Placemark><name>RAIPUR</name><description><![CDATA[<table><tr><td><b>Station</b></td><td>RAIPUR</td></tr><tr><td><b>District</b></td><td>DHULE</td></tr><tr><td><b>Status</b></td><td>Closed</td></tr><tr><td><b>Source</b></td><td>Mast</td></tr><tr><td><b>Commenced</b></td><td>1999-03-29</td></tr><tr><td><b>Closed</b></td><td>2001-06-14</td></tr><tr><td><b>Mast height (m)</b></td><td>25</td></tr><tr><td><b>Elevation (m)</b></td><td>500</td></tr><tr><td><b>Mean wind speed (m/s)</b></td><td>5.25</td></tr><tr><td><b>Wind power density (W/m2)</b></td><td>162.2</td></tr><tr><td><b>PDF page</b></td><td>4</td></tr></table>]]></description><TimeSpan><begin>1999-03-29</begin><end>2001-06-14</end></TimeSpan><styleUrl>#Closed</styleUrl><Point><coordinates>74.3725,21.049722,0</coordinates></Point></Placemark><Placemark><name>RAJACHIKURLI</name><description><![CDATA[<table><tr><td><b>Station</b></td><td>RAJACHIKURLI</td></tr><tr><td><b>District</b></td><td>SATARA</td></tr><tr><td><b>Status</b></td><td>Closed</td></tr><tr><td><b>Source</b></td><td>Mast</td></tr><tr><td><b>Commenced</b></td><td>1998-02-13</td></tr><tr><td><b>Closed</b></td><td>1999-10-07</td></tr><tr><td><b>Mast height (m)</b></td><td>25</td></tr><tr><td><b>Elevation (m)</b></td><td>896</td></tr><tr><td><b>Mean wind speed (m/s)</b></td><td>5.01</td></tr><tr><td><b>Wind power density (W/m2)</b></td><td>133.1</td></tr><tr><td><b>PDF page</b></td><td>4</td></tr></table>]]></description><TimeSpan><begin>1998-02-13</begin><end>1999-10-07</end></TimeSpan><styleUrl>#Closed</styleUrl><Point><coordinates>74.282833,17.422139,0</coordinates></Point></Placemark><Placemark><name>RAJEWADI</name><description><![CDATA[<table><tr><td><b>Station</b></td><td>RAJEWADI</td></tr><tr><td><b>District</b></td><td>PUNE</td></tr><tr><td><b>Status</b></td><td>Closed</td></tr><tr><td><b>Source</b></td><td>Mast</td></tr><tr><td><b>Commenced</b></td><td>2001-12-03</td></tr><tr><td><b>Closed</b></td><td>2003-02-10</td></tr><tr><td><b>Mast height (m)</b></td><td>25</td></tr><tr><td><b>Elevation (m)</b></td><td>1007</td></tr><tr><td><b>Mean wind speed (m/s)</b></td><td>5.08</td></tr><tr><td><b>Wind power density (W/m2)</b></td><td>119</td></tr><tr><td><b>Project type</b></td><td>SNA project</td></tr><tr><td><b>PDF page</b></td><td>4</td></tr></table>]]></description><TimeSpan><begin>2001-12-03</begin><end>2003-02-10</end></TimeSpan><styleUrl>#Closed</styleUrl><Point><coordinates>73.707,19.086333,0</coordinates></Point></Placemark><Placemark><name>RANIGAON</name><description><![CDATA[<table><tr><td><b>Station</b></td><td>RANIGAON</td></tr><tr><td><b>District</b></td><td>AMRAVATI</td></tr><tr><td><b>Status</b></td><td>Closed</td></tr><tr><td><b>Source</b></td><td>Mast</td></tr><tr><td><b>Commenced</b></td><td>1996-03-18</td></tr><tr><td><b>Closed</b></td><td>1997-10-20</td></tr><tr><td><b>Mast height (m)</b></td><td>20</td></tr><tr><td><b>Elevation (m)</b></td><td>1065</td></tr><tr><td><b>Mean wind speed (m/s)</b></td><td>3.31</td></tr><tr><td><b>Wind power density (W/m2)</b></td><td>34.4</td></tr><tr><td><b>PDF page</b></td><td>4</td></tr></table>]]></description><TimeSpan><begin>1996-03-18</begin><end>1997-10-20</end></TimeSpan><styleUrl>#Closed</styleUrl><Point><coordinates>77.089347,21.29355,0</coordinates></Point></Placemark><Placemark><name>RENAVI</name><description><![CDATA[<table><tr><td><b>Station</b></td><td>RENAVI</td></tr><tr><td><b>District</b></td><td>SANGLI</td></tr><tr><td><b>Status</b></td><td>Closed</td></tr><tr><td><b>Source</b></td><td>Mast</td></tr><tr><td><b>Commenced</b></td><td>1998-02-14</td></tr><tr><td><b>Closed</b></td><td>1999-04-09</td></tr><tr><td><b>Mast height (m)</b></td><td>25</td></tr><tr><td><b>Elevation (m)</b></td><td>877</td></tr><tr><td><b>Mean wind speed (m/s)</b></td><td>5.01</td></tr><tr><td><b>Wind power density (W/m2)</b></td><td>112.8</td></tr><tr><td><b>PDF page</b></td><td>4</td></tr></table>]]></description><TimeSpan><begin>1998-02-14</begin><end>1999-04-09</end></TimeSpan><styleUrl>#Closed</styleUrl><Point><coordinates>74.611306,17.268194,0</coordinates></Point></Placemark><Placemark><name>ROHINA</name><description><![CDATA[<table><tr><td><b>Station</b></td><td>ROHINA</td></tr><tr><td><b>District</b></td><td>LATUR</td></tr><tr><td><b>Status</b></td><td>Closed</td></tr><tr><td><b>Source</b></td><td>Mast</td></tr><tr><td><b>Commenced</b></td><td>2003-11-15</td></tr><tr><td><b>Closed</b></td><td>2006-08-30</td></tr><tr><td><b>Mast height (m)</b></td><td>25</td></tr><tr><td><b>Elevation (m)</b></td><td>662</td></tr><tr><td><b>Mean wind speed (m/s)</b></td><td>5.57</td></tr><tr><td><b>Wind power density (W/m2)</b></td><td>149</td></tr><tr><td><b>Project type</b></td><td>SNA project</td></tr><tr><td><b>PDF page</b></td><td>4</td></tr></table>]]></description><TimeSpan><begin>2003-11-15</begin><end>2006-08-30</end></TimeSpan><styleUrl>#Closed</styleUrl><Point><coordinates>76.938022,18.483319,0</coordinates></Point></Placemark><Placemark><name>ROTI</name><description><![CDATA[<table><tr><td><b>Station</b></td><td>ROTI</td></tr><tr><td><b>District</b></td><td>PUNE</td></tr><tr><td><b>Status</b></td><td>Closed</td></tr><tr><td><b>Source</b></td><td>Mast</td></tr><tr><td><b>Commenced</b></td><td>1995-05-01</td></tr><tr><td><b>Closed</b></td><td>1996-12-13</td></tr><tr><td><b>Mast height (m)</b></td><td>25</td></tr><tr><td><b>Elevation (m)</b></td><td>653</td></tr><tr><td><b>Mean wind speed (m/s)</b></td><td>4.69</td></tr><tr><td><b>Wind power density (W/m2)</b></td><td>103.1</td></tr><tr><td><b>PDF page</b></td><td>4</td></tr></table>]]></description><TimeSpan><begin>1995-05-01</begin><end>1996-12-13</end></TimeSpan><styleUrl>#Closed</styleUrl><Point><coordinates>74.464583,18.392361,0</coordinates></Point></Placemark><Placemark><name>SAPTHASRINGIGAD</name><description><![CDATA[<table><tr><td><b>Station</b></td><td>SAPTHASRINGIGAD</td></tr><tr><td><b>District</b></td><td>NASIK</td></tr><tr><td><b>Status</b></td><td>Closed</td></tr><tr><td><b>Source</b></td><td>Mast</td></tr><tr><td><b>Commenced</b></td><td>1991-02-06</td></tr><tr><td><b>Closed</b></td><td>1994-02-27</td></tr><tr><td><b>Mast height (m)</b></td><td>20</td></tr><tr><td><b>Elevation (m)</b></td><td>1144</td></tr><tr><td><b>Mean wind speed (m/s)</b></td><td>4.94</td></tr><tr><td><b>Wind power density (W/m2)</b></td><td>122.9</td></tr><tr><td><b>PDF page</b></td><td>4</td></tr></table>]]></description><TimeSpan><begin>1991-02-06</begin><end>1994-02-27</end></TimeSpan><styleUrl>#Closed</styleUrl><Point><coordinates>73.898264,20.405225,0</coordinates></Point></Placemark><Placemark><name>SAUTADA</name><description><![CDATA[<table><tr><td><b>Station</b></td><td>SAUTADA</td></tr><tr><td><b>District</b></td><td>BEED</td></tr><tr><td><b>Status</b></td><td>Closed</td></tr><tr><td><b>Source</b></td><td>Mast</td></tr><tr><td><b>Commenced</b></td><td>1996-03-15</td></tr><tr><td><b>Closed</b></td><td>1998-04-01</td></tr><tr><td><b>Mast height (m)</b></td><td>25</td></tr><tr><td><b>Elevation (m)</b></td><td>800</td></tr><tr><td><b>Mean wind speed (m/s)</b></td><td>5.68</td></tr><tr><td><b>Wind power density (W/m2)</b></td><td>166.8</td></tr><tr><td><b>PDF page</b></td><td>4</td></tr></table>]]></description><TimeSpan><begin>1996-03-15</begin><end>1998-04-01</end></TimeSpan><styleUrl>#Closed</styleUrl><Point><coordinates>75.337222,18.797778,0</coordinates></Point></Placemark><Placemark><name>SHIRASGAON</name><description><![CDATA[<table><tr><td><b>Station</b></td><td>SHIRASGAON</td></tr><tr><td><b>District</b></td><td>AHMED NAGAR</td></tr><tr><td><b>Status</b></td><td>Closed</td></tr><tr><td><b>Source</b></td><td>Mast</td></tr><tr><td><b>Commenced</b></td><td>2001-02-13</td></tr><tr><td><b>Closed</b></td><td>2002-02-16</td></tr><tr><td><b>Mast height (m)</b></td><td>25</td></tr><tr><td><b>Elevation (m)</b></td><td>940</td></tr><tr><td><b>Mean wind speed (m/s)</b></td><td>4.48</td></tr><tr><td><b>Wind power density (W/m2)</b></td><td>83</td></tr><tr><td><b>PDF page</b></td><td>4</td></tr></table>]]></description><TimeSpan><begin>2001-02-13</begin><end>2002-02-16</end></TimeSpan><styleUrl>#Closed</styleUrl><Point><coordinates>74.033333,19.466667,0</coordinates></Point></Placemark><Placemark><name>SHIVANE</name><description><![CDATA[<table><tr><td><b>Station</b></td><td>SHIVANE</td></tr><tr><td><b>District</b></td><td>RATNAGIRI</td></tr><tr><td><b>Status</b></td><td>Closed</td></tr><tr><td><b>Source</b></td><td>Mast</td></tr><tr><td><b>Commenced</b></td><td>2003-10-18</td></tr><tr><td><b>Closed</b></td><td>2005-05-31</td></tr><tr><td><b>Mast height (m)</b></td><td>50</td></tr><tr><td><b>Elevation (m)</b></td><td>232</td></tr><tr><td><b>Mean wind speed (m/s)</b></td><td>5.07</td></tr><tr><td><b>Wind power density (W/m2)</b></td><td>129</td></tr><tr><td><b>Project type</b></td><td>SNA project</td></tr><tr><td><b>PDF page</b></td><td>4</td></tr></table>]]></description><TimeSpan><begin>2003-10-18</begin><end>2005-05-31</end></TimeSpan><styleUrl>#Closed</styleUrl><Point><coordinates>73.3415,17.275333,0</coordinates></Point></Placemark><Placemark><name>TAKARMAULI</name><description><![CDATA[<table><tr><td><b>Station</b></td><td>TAKARMAULI</td></tr><tr><td><b>District</b></td><td>DHULE</td></tr><tr><td><b>Status</b></td><td>Closed</td></tr><tr><td><b>Source</b></td><td>Mast</td></tr><tr><td><b>Commenced</b></td><td>1999-03-29</td></tr><tr><td><b>Closed</b></td><td>2001-06-13</td></tr><tr><td><b>Mast height (m)</b></td><td>25</td></tr><tr><td><b>Elevation (m)</b></td><td>624</td></tr><tr><td><b>Mean wind speed (m/s)</b></td><td>5.78</td></tr><tr><td><b>Wind power density (W/m2)</b></td><td>185.6</td></tr><tr><td><b>PDF page</b></td><td>4</td></tr></table>]]></description><TimeSpan><begin>1999-03-29</begin><end>2001-06-13</end></TimeSpan><styleUrl>#Closed</styleUrl><Point><coordinates>74.046667,21.077778,0</coordinates></Point></Placemark><Placemark><name>THOKALWADI</name><description><![CDATA[<table><tr><td><b>Station</b></td><td>THOKALWADI</td></tr><tr><td><b>District</b></td><td>NASIK</td></tr><tr><td><b>Status</b></td><td>Closed</td></tr><tr><td><b>Source</b></td><td>Mast</td></tr><tr><td><b>Commenced</b></td><td>1999-03-26</td></tr><tr><td><b>Closed</b></td><td>2000-08-29</td></tr><tr><td><b>Mast height (m)</b></td><td>25</td></tr><tr><td><b>Elevation (m)</b></td><td>601</td></tr><tr><td><b>Mean wind speed (m/s)</b></td><td>5</td></tr><tr><td><b>Wind power density (W/m2)</b></td><td>116.8</td></tr><tr><td><b>PDF page</b></td><td>4</td></tr></table>]]></description><TimeSpan><begin>1999-03-26</begin><end>2000-08-29</end></TimeSpan><styleUrl>#Closed</styleUrl><Point><coordinates>74.193444,20.104556,0</coordinates></Point></Placemark><Placemark><name>THOSEGHAR</name><description><![CDATA[<table><tr><td><b>Station</b></td><td>THOSEGHAR</td></tr><tr><td><b>District</b></td><td>SATARA</td></tr><tr><td><b>Status</b></td><td>Closed</td></tr><tr><td><b>Source</b></td><td>Mast</td></tr><tr><td><b>Commenced</b></td><td>1995-05-05</td></tr><tr><td><b>Closed</b></td><td>2005-06-01</td></tr><tr><td><b>Mast height (m)</b></td><td>20</td></tr><tr><td><b>Elevation (m)</b></td><td>1140</td></tr><tr><td><b>Mean wind speed (m/s)</b></td><td>6.03</td></tr><tr><td><b>Wind power density (W/m2)</b></td><td>228.9</td></tr><tr><td><b>PDF page</b></td><td>4</td></tr></table>]]></description><TimeSpan><begin>1995-05-05</begin><end>2005-06-01</end></TimeSpan><styleUrl>#Closed</styleUrl><Point><coordinates>73.8875,17.592722,0</coordinates></Point></Placemark><Placemark><name>VAGERA</name><description><![CDATA[<table><tr><td><b>Station</b></td><td>VAGERA</td></tr><tr><td><b>District</b></td><td>RAIGAD</td></tr><tr><td><b>Status</b></td><td>Closed</td></tr><tr><td><b>Source</b></td><td>Mast</td></tr><tr><td><b>Commenced</b></td><td>2000-10-12</td></tr><tr><td><b>Closed</b></td><td>2003-02-08</td></tr><tr><td><b>Mast height (m)</b></td><td>25</td></tr><tr><td><b>Elevation (m)</b></td><td>260</td></tr><tr><td><b>Mean wind speed (m/s)</b></td><td>3.67</td></tr><tr><td><b>Wind power density (W/m2)</b></td><td>93</td></tr><tr><td><b>PDF page</b></td><td>4</td></tr></table>]]></description><TimeSpan><begin>2000-10-12</begin><end>2003-02-08</end></TimeSpan><styleUrl>#Closed</styleUrl><Point><coordinates>73.133333,19.033333,0</coordinates></Point></Placemark><Placemark><name>VASPET</name><description><![CDATA[<table><tr><td><b>Station</b></td><td>VASPET</td></tr><tr><td><b>District</b></td><td>LATUR</td></tr><tr><td><b>Status</b></td><td>Closed</td></tr><tr><td><b>Source</b></td><td>Mast</td></tr><tr><td><b>Commenced</b></td><td>2003-10-20</td></tr><tr><td><b>Closed</b></td><td>2006-12-31</td></tr><tr><td><b>Mast height (m)</b></td><td>50</td></tr><tr><td><b>Elevation (m)</b></td><td>680</td></tr><tr><td><b>Mean wind speed (m/s)</b></td><td>5.62</td></tr><tr><td><b>Wind power density (W/m2)</b></td><td>220</td></tr><tr><td><b>Project type</b></td><td>SNA project</td></tr><tr><td><b>PDF page</b></td><td>4</td></tr></table>]]></description><TimeSpan><begin>2003-10-20</begin><end>2006-12-31</end></TimeSpan><styleUrl>#Closed</styleUrl><Point><coordinates>75.356778,17.102861,0</coordinates></Point></Placemark><Placemark><name>VANKUSAWADE</name><description><![CDATA[<table><tr><td><b>Station</b></td><td>VANKUSAWADE</td></tr><tr><td><b>District</b></td><td>SATARA</td></tr><tr><td><b>Status</b></td><td>Closed</td></tr><tr><td><b>Source</b></td><td>Mast</td></tr><tr><td><b>Commenced</b></td><td>2001-06-07</td></tr><tr><td><b>Closed</b></td><td>2004-08-19</td></tr><tr><td><b>Mast height (m)</b></td><td>50</td></tr><tr><td><b>Elevation (m)</b></td><td>1100</td></tr><tr><td><b>Mean wind speed (m/s)</b></td><td>5.68</td></tr><tr><td><b>Wind power density (W/m2)</b></td><td>188</td></tr><tr><td><b>PDF page</b></td><td>4</td></tr></table>]]></description><TimeSpan><begin>2001-06-07</begin><end>2004-08-19</end></TimeSpan><styleUrl>#Closed</styleUrl><Point><coordinates>73.833333,17.45,0</coordinates></Point></Placemark><Placemark><name>VANKUSAWADE</name><description><![CDATA[<table><tr><td><b>Station</b></td><td>VANKUSAWADE</td></tr><tr><td><b>District</b></td><td>SATARA</td></tr><tr><td><b>Status</b></td><td>Closed</td></tr><tr><td><b>Source</b></td><td>Mast</td></tr><tr><td><b>Commenced</b></td><td>1996-03-25</td></tr><tr><td><b>Closed</b></td><td>1998-12-10</td></tr><tr><td><b>Mast height (m)</b></td><td>25</td></tr><tr><td><b>Elevation (m)</b></td><td>1100</td></tr><tr><td><b>Mean wind speed (m/s)</b></td><td>5.89</td></tr><tr><td><b>Wind power density (W/m2)</b></td><td>230.6</td></tr><tr><td><b>PDF page</b></td><td>4</td></tr></table>]]></description><TimeSpan><begin>1996-03-25</begin><end>1998-12-10</end></TimeSpan><styleUrl>#Closed</styleUrl><Point><coordinates>73.832778,17.453889,0</coordinates></Point></Placemark><Placemark><name>VAREKARWADI</name><description><![CDATA[<table><tr><td><b>Station</b></td><td>VAREKARWADI</td></tr><tr><td><b>District</b></td><td>SATARA</td></tr><tr><td><b>Status</b></td><td>Closed</td></tr><tr><td><b>Source</b></td><td>Mast</td></tr><tr><td><b>Commenced</b></td><td>1996-03-26</td></tr><tr><td><b>Closed</b></td><td>1998-10-12</td></tr><tr><td><b>Mast height (m)</b></td><td>20</td></tr><tr><td><b>Elevation (m)</b></td><td>920</td></tr><tr><td><b>Mean wind speed (m/s)</b></td><td>5.46</td></tr><tr><td><b>Wind power density (W/m2)</b></td><td>204</td></tr><tr><td><b>PDF page</b></td><td>4</td></tr></table>]]></description><TimeSpan><begin>1996-03-26</begin><end>1998-10-12</end></TimeSpan><styleUrl>#Closed</styleUrl><Point><coordinates>73.984389,17.20775,0</coordinates></Point></Placemark><Placemark><name>VEDI</name><description><![CDATA[<table><tr><td><b>Station</b></td><td>VEDI</td></tr><tr><td><b>District</b></td><td>THANE</td></tr><tr><td><b>Status</b></td><td>Closed</td></tr><tr><td><b>Source</b></td><td>Mast</td></tr><tr><td><b>Commenced</b></td><td>2000-10-13</td></tr><tr><td><b>Closed</b></td><td>2002-02-13</td></tr><tr><td><b>Mast height (m)</b></td><td>25</td></tr><tr><td><b>Elevation (m)</b></td><td>10</td></tr><tr><td><b>Mean wind speed (m/s)</b></td><td>3.57</td></tr><tr><td><b>Wind power density (W/m2)</b></td><td>63</td></tr><tr><td><b>PDF page</b></td><td>4</td></tr></table>]]></description><TimeSpan><begin>2000-10-13</begin><end>2002-02-13</end></TimeSpan><styleUrl>#Closed</styleUrl><Point><coordinates>72.770972,19.575694,0</coordinates></Point></Placemark><Placemark><name>VENGURLA</name><description><![CDATA[<table><tr><td><b>Station</b></td><td>VENGURLA</td></tr><tr><td><b>District</b></td><td>SINDHUDURG</td></tr><tr><td><b>Status</b></td><td>Closed</td></tr><tr><td><b>Source</b></td><td>Mast</td></tr><tr><td><b>Commenced</b></td><td>1988-12-09</td></tr><tr><td><b>Closed</b></td><td>1992-09-16</td></tr><tr><td><b>Mast height (m)</b></td><td>20</td></tr><tr><td><b>Elevation (m)</b></td><td>80</td></tr><tr><td><b>Mean wind speed (m/s)</b></td><td>3.78</td></tr><tr><td><b>Wind power density (W/m2)</b></td><td>67.4</td></tr><tr><td><b>PDF page</b></td><td>4</td></tr></table>]]></description><TimeSpan><begin>1988-12-09</begin><end>1992-09-16</end></TimeSpan><styleUrl>#Closed</styleUrl><Point><coordinates>73.623528,15.88425,0</coordinates></Point></Placemark><Placemark><name>VIJAYADURG</name><description><![CDATA[<table><tr><td><b>Station</b></td><td>VIJAYADURG</td></tr><tr><td><b>District</b></td><td>SINDHUDURG</td></tr><tr><td><b>Status</b></td><td>Closed</td></tr><tr><td><b>Source</b></td><td>Mast</td></tr><tr><td><b>Commenced</b></td><td>1986-12-17</td></tr><tr><td><b>Closed</b></td><td>1993-08-30</td></tr><tr><td><b>Mast height (m)</b></td><td>20</td></tr><tr><td><b>Elevation (m)</b></td><td>100</td></tr><tr><td><b>Mean wind speed (m/s)</b></td><td>5.44</td></tr><tr><td><b>Wind power density (W/m2)</b></td><td>207</td></tr><tr><td><b>PDF page</b></td><td>4</td></tr></table>]]></description><TimeSpan><begin>1986-12-17</begin><end>1993-08-30</end></TimeSpan><styleUrl>#Closed</styleUrl><Point><coordinates>73.333056,16.500556,0</coordinates></Point></Placemark><Placemark><name>WAGHAPUR SADA</name><description><![CDATA[<table><tr><td><b>Station</b></td><td>WAGHAPUR SADA</td></tr><tr><td><b>District</b></td><td>SATARA</td></tr><tr><td><b>Status</b></td><td>Closed</td></tr><tr><td><b>Source</b></td><td>Mast</td></tr><tr><td><b>Commenced</b></td><td>1998-02-11</td></tr><tr><td><b>Closed</b></td><td>1999-06-01</td></tr><tr><td><b>Mast height (m)</b></td><td>25</td></tr><tr><td><b>Elevation (m)</b></td><td>1086</td></tr><tr><td><b>Mean wind speed (m/s)</b></td><td>5.12</td></tr><tr><td><b>Wind power density (W/m2)</b></td><td>129.3</td></tr><tr><td><b>Project type</b></td><td>SNA project</td></tr><tr><td><b>PDF page</b></td><td>4</td></tr></table>]]></description><TimeSpan><begin>1998-02-11</begin><end>1999-06-01</end></TimeSpan><styleUrl>#Closed</styleUrl><Point><coordinates>73.932917,17.434444,0</coordinates></Point></Placemark><Placemark><name>POLICEWADI</name><description><![CDATA[<table><tr><td><b>Station</b></td><td>POLICEWADI</td></tr><tr><td><b>District</b></td><td>NANDED</td></tr><tr><td><b>Status</b></td><td>Closed</td></tr><tr><td><b>Source</b></td><td>Mast</td></tr><tr><td><b>Commenced</b></td><td>2006-07-31</td></tr><tr><td><b>Closed</b></td><td>2010-03-31</td></tr><tr><td><b>Mast height (m)</b></td><td>50</td></tr><tr><td><b>Elevation (m)</b></td><td>535</td></tr><tr><td><b>Mean wind speed (m/s)</b></td><td>5.05</td></tr><tr><td><b>Wind power density (W/m2)</b></td><td>111.08</td></tr><tr><td><b>PDF page</b></td><td>4</td></tr></table>]]></description><TimeSpan><begin>2006-07-31</begin><end>2010-03-31</end></TimeSpan><styleUrl>#Closed</styleUrl><Point><coordinates>77.138722,18.76625,0</coordinates></Point></Placemark><Placemark><name>GANGANMAL</name><description><![CDATA[<table><tr><td><b>Station</b></td><td>GANGANMAL</td></tr><tr><td><b>District</b></td><td>YAVATMAL</td></tr><tr><td><b>Status</b></td><td>Closed</td></tr><tr><td><b>Source</b></td><td>Mast</td></tr><tr><td><b>Commenced</b></td><td>2006-08-03</td></tr><tr><td><b>Closed</b></td><td>2010-03-31</td></tr><tr><td><b>Mast height (m)</b></td><td>50</td></tr><tr><td><b>Elevation (m)</b></td><td>511</td></tr><tr><td><b>Mean wind speed (m/s)</b></td><td>4.61</td></tr><tr><td><b>Wind power density (W/m2)</b></td><td>80.59</td></tr><tr><td><b>PDF page</b></td><td>4</td></tr></table>]]></description><TimeSpan><begin>2006-08-03</begin><end>2010-03-31</end></TimeSpan><styleUrl>#Closed</styleUrl><Point><coordinates>77.637472,19.70975,0</coordinates></Point></Placemark><Placemark><name>SONGIRPADA</name><description><![CDATA[<table><tr><td><b>Station</b></td><td>SONGIRPADA</td></tr><tr><td><b>District</b></td><td>NANDURBAR</td></tr><tr><td><b>Status</b></td><td>Closed</td></tr><tr><td><b>Source</b></td><td>Mast</td></tr><tr><td><b>Commenced</b></td><td>2007-08-29</td></tr><tr><td><b>Closed</b></td><td>2011-11-30</td></tr><tr><td><b>Mast height (m)</b></td><td>50</td></tr><tr><td><b>Elevation (m)</b></td><td>294</td></tr><tr><td><b>PDF page</b></td><td>4</td></tr></table>]]></description><TimeSpan><begin>2007-08-29</begin><end>2011-11-30</end></TimeSpan><styleUrl>#Closed</styleUrl><Point><coordinates>74.166722,21.314722,0</coordinates></Point></Placemark><Placemark><name>JAIDEVWADI</name><description><![CDATA[<table><tr><td><b>Station</b></td><td>JAIDEVWADI</td></tr><tr><td><b>District</b></td><td>JALNA</td></tr><tr><td><b>Status</b></td><td>Closed</td></tr><tr><td><b>Source</b></td><td>Mast</td></tr><tr><td><b>Commenced</b></td><td>2008-05-12</td></tr><tr><td><b>Closed</b></td><td>2010-09-30</td></tr><tr><td><b>Mast height (m)</b></td><td>50</td></tr><tr><td><b>Elevation (m)</b></td><td>725</td></tr><tr><td><b>Mean wind speed (m/s)</b></td><td>5.24</td></tr><tr><td><b>Wind power density (W/m2)</b></td><td>108.71</td></tr><tr><td><b>PDF page</b></td><td>4</td></tr></table>]]></description><TimeSpan><begin>2008-05-12</begin><end>2010-09-30</end></TimeSpan><styleUrl>#Closed</styleUrl><Point><coordinates>75.971944,20.523889,0</coordinates></Point></Placemark><Placemark><name>KESAPUR</name><description><![CDATA[<table><tr><td><b>Station</b></td><td>KESAPUR</td></tr><tr><td><b>District</b></td><td>HINGOLI</td></tr><tr><td><b>Status</b></td><td>Closed</td></tr><tr><td><b>Source</b></td><td>Mast</td></tr><tr><td><b>Commenced</b></td><td>2008-05-13</td></tr><tr><td><b>Closed</b></td><td>2010-09-30</td></tr><tr><td><b>Mast height (m)</b></td><td>50</td></tr><tr><td><b>Elevation (m)</b></td><td>500</td></tr><tr><td><b>Mean wind speed (m/s)</b></td><td>4.76</td></tr><tr><td><b>Wind power density (W/m2)</b></td><td>90</td></tr><tr><td><b>PDF page</b></td><td>4</td></tr></table>]]></description><TimeSpan><begin>2008-05-13</begin><end>2010-09-30</end></TimeSpan><styleUrl>#Closed</styleUrl><Point><coordinates>77.045,19.7375,0</coordinates></Point></Placemark><Placemark><name>UMRI</name><description><![CDATA[<table><tr><td><b>Station</b></td><td>UMRI</td></tr><tr><td><b>District</b></td><td>NAGPUR</td></tr><tr><td><b>Status</b></td><td>Closed</td></tr><tr><td><b>Source</b></td><td>Mast</td></tr><tr><td><b>Commenced</b></td><td>2008-05-16</td></tr><tr><td><b>Closed</b></td><td>2011-11-30</td></tr><tr><td><b>Mast height (m)</b></td><td>50</td></tr><tr><td><b>Elevation (m)</b></td><td>441</td></tr><tr><td><b>Mean wind speed (m/s)</b></td><td>4.42</td></tr><tr><td><b>Wind power density (W/m2)</b></td><td>84.41</td></tr><tr><td><b>PDF page</b></td><td>4</td></tr></table>]]></description><TimeSpan><begin>2008-05-16</begin><end>2011-11-30</end></TimeSpan><styleUrl>#Closed</styleUrl><Point><coordinates>78.796944,21.073889,0</coordinates></Point></Placemark><Placemark><name>BAHADURI</name><description><![CDATA[<table><tr><td><b>Station</b></td><td>BAHADURI</td></tr><tr><td><b>District</b></td><td>NASIK</td></tr><tr><td><b>Status</b></td><td>Closed</td></tr><tr><td><b>Source</b></td><td>Mast</td></tr><tr><td><b>Commenced</b></td><td>2008-05-31</td></tr><tr><td><b>Closed</b></td><td>2011-06-30</td></tr><tr><td><b>Mast height (m)</b></td><td>50</td></tr><tr><td><b>Elevation (m)</b></td><td>721</td></tr><tr><td><b>Mean wind speed (m/s)</b></td><td>5.21</td></tr><tr><td><b>Wind power density (W/m2)</b></td><td>124.61</td></tr><tr><td><b>PDF page</b></td><td>4</td></tr></table>]]></description><TimeSpan><begin>2008-05-31</begin><end>2011-06-30</end></TimeSpan><styleUrl>#Closed</styleUrl><Point><coordinates>74.000556,20.281111,0</coordinates></Point></Placemark><Placemark><name>LAWADA</name><description><![CDATA[<table><tr><td><b>Station</b></td><td>LAWADA</td></tr><tr><td><b>District</b></td><td>AMRAVATI</td></tr><tr><td><b>Status</b></td><td>Closed</td></tr><tr><td><b>Source</b></td><td>Mast</td></tr><tr><td><b>Commenced</b></td><td>2008-06-08</td></tr><tr><td><b>Closed</b></td><td>2010-06-30</td></tr><tr><td><b>Mast height (m)</b></td><td>50</td></tr><tr><td><b>Elevation (m)</b></td><td>1103</td></tr><tr><td><b>Mean wind speed (m/s)</b></td><td>5.54</td></tr><tr><td><b>Wind power density (W/m2)</b></td><td>167</td></tr><tr><td><b>PDF page</b></td><td>4</td></tr></table>]]></description><TimeSpan><begin>2008-06-08</begin><end>2010-06-30</end></TimeSpan><styleUrl>#Closed</styleUrl><Point><coordinates>77.337778,21.395,0</coordinates></Point></Placemark><Placemark><name>BHINGARA</name><description><![CDATA[<table><tr><td><b>Station</b></td><td>BHINGARA</td></tr><tr><td><b>District</b></td><td>BULDANA</td></tr><tr><td><b>Status</b></td><td>Closed</td></tr><tr><td><b>Source</b></td><td>Mast</td></tr><tr><td><b>Commenced</b></td><td>2008-06-11</td></tr><tr><td><b>Closed</b></td><td>2010-06-30</td></tr><tr><td><b>Mast height (m)</b></td><td>50</td></tr><tr><td><b>Elevation (m)</b></td><td>754</td></tr><tr><td><b>Mean wind speed (m/s)</b></td><td>5.69</td></tr><tr><td><b>Wind power density (W/m2)</b></td><td>155.2</td></tr><tr><td><b>PDF page</b></td><td>5</td></tr></table>]]></description><TimeSpan><begin>2008-06-11</begin><end>2010-06-30</end></TimeSpan><styleUrl>#Closed</styleUrl><Point><coordinates>76.52775,21.148306,0</coordinates></Point></Placemark><Placemark><name>KHAIRKHEDA</name><description><![CDATA[<table><tr><td><b>Station</b></td><td>KHAIRKHEDA</td></tr><tr><td><b>District</b></td><td>HINGOLI</td></tr><tr><td><b>Status</b></td><td>Closed</td></tr><tr><td><b>Source</b></td><td>Mast</td></tr><tr><td><b>Commenced</b></td><td>2008-06-13</td></tr><tr><td><b>Closed</b></td><td>2010-06-30</td></tr><tr><td><b>Mast height (m)</b></td><td>50</td></tr><tr><td><b>Elevation (m)</b></td><td>599</td></tr><tr><td><b>Mean wind speed (m/s)</b></td><td>4.74</td></tr><tr><td><b>Wind power density (W/m2)</b></td><td>90</td></tr><tr><td><b>PDF page</b></td><td>5</td></tr></table>]]></description><TimeSpan><begin>2008-06-13</begin><end>2010-06-30</end></TimeSpan><styleUrl>#Closed</styleUrl><Point><coordinates>76.876083,19.910194,0</coordinates></Point></Placemark><Placemark><name>BAHIRWADI</name><description><![CDATA[<table><tr><td><b>Station</b></td><td>BAHIRWADI</td></tr><tr><td><b>District</b></td><td>BEED</td></tr><tr><td><b>Status</b></td><td>Closed</td></tr><tr><td><b>Source</b></td><td>Mast</td></tr><tr><td><b>Commenced</b></td><td>2008-06-15</td></tr><tr><td><b>Closed</b></td><td>2010-06-30</td></tr><tr><td><b>Mast height (m)</b></td><td>50</td></tr><tr><td><b>Elevation (m)</b></td><td>714</td></tr><tr><td><b>Mean wind speed (m/s)</b></td><td>5.29</td></tr><tr><td><b>Wind power density (W/m2)</b></td><td>129.85</td></tr><tr><td><b>PDF page</b></td><td>5</td></tr></table>]]></description><TimeSpan><begin>2008-06-15</begin><end>2010-06-30</end></TimeSpan><styleUrl>#Closed</styleUrl><Point><coordinates>75.320333,19.034833,0</coordinates></Point></Placemark><Placemark><name>GUBADI</name><description><![CDATA[<table><tr><td><b>Station</b></td><td>GUBADI</td></tr><tr><td><b>District</b></td><td>NAGPUR</td></tr><tr><td><b>Status</b></td><td>Closed</td></tr><tr><td><b>Source</b></td><td>Mast</td></tr><tr><td><b>Commenced</b></td><td>2008-06-06</td></tr><tr><td><b>Closed</b></td><td>2010-06-30</td></tr><tr><td><b>Mast height (m)</b></td><td>50</td></tr><tr><td><b>Elevation (m)</b></td><td>477</td></tr><tr><td><b>Mean wind speed (m/s)</b></td><td>4.45</td></tr><tr><td><b>Wind power density (W/m2)</b></td><td>81</td></tr><tr><td><b>PDF page</b></td><td>5</td></tr></table>]]></description><TimeSpan><begin>2008-06-06</begin><end>2010-06-30</end></TimeSpan><styleUrl>#Closed</styleUrl><Point><coordinates>78.700528,21.094944,0</coordinates></Point></Placemark><Placemark><name>JAGMIN</name><description><![CDATA[<table><tr><td><b>Station</b></td><td>JAGMIN</td></tr><tr><td><b>District</b></td><td>SATARA</td></tr><tr><td><b>Status</b></td><td>Closed</td></tr><tr><td><b>Source</b></td><td>Mast</td></tr><tr><td><b>Commenced</b></td><td>2008-11-20</td></tr><tr><td><b>Closed</b></td><td>2015-12-21</td></tr><tr><td><b>Mast height (m)</b></td><td>120</td></tr><tr><td><b>Elevation (m)</b></td><td>1185</td></tr><tr><td><b>Mean wind speed (m/s)</b></td><td>7.42</td></tr><tr><td><b>Wind power density (W/m2)</b></td><td>410.18</td></tr><tr><td><b>PDF page</b></td><td>5</td></tr></table>]]></description><TimeSpan><begin>2008-11-20</begin><end>2015-12-21</end></TimeSpan><styleUrl>#Closed</styleUrl><Point><coordinates>73.815139,17.623889,0</coordinates></Point></Placemark><Placemark><name>KESARKARWADI</name><description><![CDATA[<table><tr><td><b>Station</b></td><td>KESARKARWADI</td></tr><tr><td><b>District</b></td><td>KOLHAPUR</td></tr><tr><td><b>Status</b></td><td>Closed</td></tr><tr><td><b>Source</b></td><td>Mast</td></tr><tr><td><b>Commenced</b></td><td>2009-11-07</td></tr><tr><td><b>Closed</b></td><td>2011-11-30</td></tr><tr><td><b>Mast height (m)</b></td><td>50</td></tr><tr><td><b>Elevation (m)</b></td><td>675</td></tr><tr><td><b>Mean wind speed (m/s)</b></td><td>4.67</td></tr><tr><td><b>Wind power density (W/m2)</b></td><td>109</td></tr><tr><td><b>PDF page</b></td><td>5</td></tr></table>]]></description><TimeSpan><begin>2009-11-07</begin><end>2011-11-30</end></TimeSpan><styleUrl>#Closed</styleUrl><Point><coordinates>73.744056,16.840972,0</coordinates></Point></Placemark><Placemark><name>DOLASANE</name><description><![CDATA[<table><tr><td><b>Station</b></td><td>DOLASANE</td></tr><tr><td><b>District</b></td><td>AHMED NAGAR</td></tr><tr><td><b>Status</b></td><td>Closed</td></tr><tr><td><b>Source</b></td><td>Mast</td></tr><tr><td><b>Commenced</b></td><td>2009-11-09</td></tr><tr><td><b>Closed</b></td><td>2011-11-30</td></tr><tr><td><b>Mast height (m)</b></td><td>50</td></tr><tr><td><b>Elevation (m)</b></td><td>812</td></tr><tr><td><b>Mean wind speed (m/s)</b></td><td>4.89</td></tr><tr><td><b>Wind power density (W/m2)</b></td><td>106.65</td></tr><tr><td><b>PDF page</b></td><td>5</td></tr></table>]]></description><TimeSpan><begin>2009-11-09</begin><end>2011-11-30</end></TimeSpan><styleUrl>#Closed</styleUrl><Point><coordinates>74.218472,19.399444,0</coordinates></Point></Placemark><Placemark><name>GIRDA</name><description><![CDATA[<table><tr><td><b>Station</b></td><td>GIRDA</td></tr><tr><td><b>District</b></td><td>WASHIM</td></tr><tr><td><b>Status</b></td><td>Closed</td></tr><tr><td><b>Source</b></td><td>Mast</td></tr><tr><td><b>Commenced</b></td><td>2009-11-11</td></tr><tr><td><b>Closed</b></td><td>2011-11-30</td></tr><tr><td><b>Mast height (m)</b></td><td>50</td></tr><tr><td><b>Elevation (m)</b></td><td>340</td></tr><tr><td><b>Mean wind speed (m/s)</b></td><td>4.86</td></tr><tr><td><b>Wind power density (W/m2)</b></td><td>102.5</td></tr><tr><td><b>PDF page</b></td><td>5</td></tr></table>]]></description><TimeSpan><begin>2009-11-11</begin><end>2011-11-30</end></TimeSpan><styleUrl>#Closed</styleUrl><Point><coordinates>77.115806,20.562194,0</coordinates></Point></Placemark><Placemark><name>KOLURA</name><description><![CDATA[<table><tr><td><b>Station</b></td><td>KOLURA</td></tr><tr><td><b>District</b></td><td>YAVATMAL</td></tr><tr><td><b>Status</b></td><td>Closed</td></tr><tr><td><b>Source</b></td><td>Mast</td></tr><tr><td><b>Commenced</b></td><td>2009-11-12</td></tr><tr><td><b>Closed</b></td><td>2011-11-30</td></tr><tr><td><b>Mast height (m)</b></td><td>50</td></tr><tr><td><b>Elevation (m)</b></td><td>345</td></tr><tr><td><b>Mean wind speed (m/s)</b></td><td>4.97</td></tr><tr><td><b>Wind power density (W/m2)</b></td><td>113.42</td></tr><tr><td><b>PDF page</b></td><td>5</td></tr></table>]]></description><TimeSpan><begin>2009-11-12</begin><end>2011-11-30</end></TimeSpan><styleUrl>#Closed</styleUrl><Point><coordinates>77.907278,20.453222,0</coordinates></Point></Placemark><Placemark><name>DHUNDI</name><description><![CDATA[<table><tr><td><b>Station</b></td><td>DHUNDI</td></tr><tr><td><b>District</b></td><td>YAVATMAL</td></tr><tr><td><b>Status</b></td><td>Closed</td></tr><tr><td><b>Source</b></td><td>Mast</td></tr><tr><td><b>Commenced</b></td><td>2009-11-13</td></tr><tr><td><b>Closed</b></td><td>2011-11-30</td></tr><tr><td><b>Mast height (m)</b></td><td>50</td></tr><tr><td><b>Elevation (m)</b></td><td>401</td></tr><tr><td><b>Mean wind speed (m/s)</b></td><td>3.56</td></tr><tr><td><b>Wind power density (W/m2)</b></td><td>51.66</td></tr><tr><td><b>PDF page</b></td><td>5</td></tr></table>]]></description><TimeSpan><begin>2009-11-13</begin><end>2011-11-30</end></TimeSpan><styleUrl>#Closed</styleUrl><Point><coordinates>77.582417,20.004944,0</coordinates></Point></Placemark><Placemark><name>PORTGAVAN</name><description><![CDATA[<table><tr><td><b>Station</b></td><td>PORTGAVAN</td></tr><tr><td><b>District</b></td><td>YAVATMAL</td></tr><tr><td><b>Status</b></td><td>Closed</td></tr><tr><td><b>Source</b></td><td>Mast</td></tr><tr><td><b>Commenced</b></td><td>2009-11-15</td></tr><tr><td><b>Closed</b></td><td>2011-11-30</td></tr><tr><td><b>Mast height (m)</b></td><td>50</td></tr><tr><td><b>Elevation (m)</b></td><td>389</td></tr><tr><td><b>Mean wind speed (m/s)</b></td><td>4.67</td></tr><tr><td><b>Wind power density (W/m2)</b></td><td>89.92</td></tr><tr><td><b>PDF page</b></td><td>5</td></tr></table>]]></description><TimeSpan><begin>2009-11-15</begin><end>2011-11-30</end></TimeSpan><styleUrl>#Closed</styleUrl><Point><coordinates>78.417028,20.368583,0</coordinates></Point></Placemark><Placemark><name>METHEPATAR</name><description><![CDATA[<table><tr><td><b>Station</b></td><td>METHEPATAR</td></tr><tr><td><b>District</b></td><td>NAGPUR</td></tr><tr><td><b>Status</b></td><td>Closed</td></tr><tr><td><b>Source</b></td><td>Mast</td></tr><tr><td><b>Commenced</b></td><td>2009-11-16</td></tr><tr><td><b>Closed</b></td><td>2011-11-30</td></tr><tr><td><b>Mast height (m)</b></td><td>50</td></tr><tr><td><b>Elevation (m)</b></td><td>500</td></tr><tr><td><b>Mean wind speed (m/s)</b></td><td>3.93</td></tr><tr><td><b>Wind power density (W/m2)</b></td><td>53.57</td></tr><tr><td><b>PDF page</b></td><td>5</td></tr></table>]]></description><TimeSpan><begin>2009-11-16</begin><end>2011-11-30</end></TimeSpan><styleUrl>#Closed</styleUrl><Point><coordinates>78.624447,21.183083,0</coordinates></Point></Placemark><Placemark><name>JAWLA</name><description><![CDATA[<table><tr><td><b>Station</b></td><td>JAWLA</td></tr><tr><td><b>District</b></td><td>YAVATMAL</td></tr><tr><td><b>Status</b></td><td>Closed</td></tr><tr><td><b>Source</b></td><td>Mast</td></tr><tr><td><b>Commenced</b></td><td>2009-12-29</td></tr><tr><td><b>Closed</b></td><td>2015-01-31</td></tr><tr><td><b>Mast height (m)</b></td><td>50</td></tr><tr><td><b>Elevation (m)</b></td><td>423</td></tr><tr><td><b>Mean wind speed (m/s)</b></td><td>4.93</td></tr><tr><td><b>Wind power density (W/m2)</b></td><td>128.24</td></tr><tr><td><b>PDF page</b></td><td>5</td></tr></table>]]></description><TimeSpan><begin>2009-12-29</begin><end>2015-01-31</end></TimeSpan><styleUrl>#Closed</styleUrl><Point><coordinates>77.707883,20.236694,0</coordinates></Point></Placemark><Placemark><name>RASULPURA</name><description><![CDATA[<table><tr><td><b>Station</b></td><td>RASULPURA</td></tr><tr><td><b>District</b></td><td>AURANGABAD</td></tr><tr><td><b>Status</b></td><td>Closed</td></tr><tr><td><b>Source</b></td><td>Mast</td></tr><tr><td><b>Commenced</b></td><td>2009-12-23</td></tr><tr><td><b>Closed</b></td><td>2011-11-30</td></tr><tr><td><b>Mast height (m)</b></td><td>50</td></tr><tr><td><b>Elevation (m)</b></td><td>759</td></tr><tr><td><b>Mean wind speed (m/s)</b></td><td>4.71</td></tr><tr><td><b>Wind power density (W/m2)</b></td><td>92.68</td></tr><tr><td><b>PDF page</b></td><td>5</td></tr></table>]]></description><TimeSpan><begin>2009-12-23</begin><end>2011-11-30</end></TimeSpan><styleUrl>#Closed</styleUrl><Point><coordinates>75.267056,19.97725,0</coordinates></Point></Placemark><Placemark><name>CHINCHOLI</name><description><![CDATA[<table><tr><td><b>Station</b></td><td>CHINCHOLI</td></tr><tr><td><b>District</b></td><td>AURANGABAD</td></tr><tr><td><b>Status</b></td><td>Closed</td></tr><tr><td><b>Source</b></td><td>Mast</td></tr><tr><td><b>Commenced</b></td><td>2009-12-22</td></tr><tr><td><b>Closed</b></td><td>2011-11-30</td></tr><tr><td><b>Mast height (m)</b></td><td>50</td></tr><tr><td><b>Elevation (m)</b></td><td>737</td></tr><tr><td><b>Mean wind speed (m/s)</b></td><td>5.41</td></tr><tr><td><b>Wind power density (W/m2)</b></td><td>133.64</td></tr><tr><td><b>PDF page</b></td><td>5</td></tr></table>]]></description><TimeSpan><begin>2009-12-22</begin><end>2011-11-30</end></TimeSpan><styleUrl>#Closed</styleUrl><Point><coordinates>75.422583,20.238111,0</coordinates></Point></Placemark><Placemark><name>SHEWGA</name><description><![CDATA[<table><tr><td><b>Station</b></td><td>SHEWGA</td></tr><tr><td><b>District</b></td><td>AURANGABAD</td></tr><tr><td><b>Status</b></td><td>Closed</td></tr><tr><td><b>Source</b></td><td>Mast</td></tr><tr><td><b>Commenced</b></td><td>2009-12-21</td></tr><tr><td><b>Closed</b></td><td>2014-04-10</td></tr><tr><td><b>Mast height (m)</b></td><td>50</td></tr><tr><td><b>Elevation (m)</b></td><td>670</td></tr><tr><td><b>PDF page</b></td><td>5</td></tr></table>]]></description><TimeSpan><begin>2009-12-21</begin><end>2014-04-10</end></TimeSpan><styleUrl>#Closed</styleUrl><Point><coordinates>75.617611,19.932917,0</coordinates></Point></Placemark><Placemark><name>SARATI</name><description><![CDATA[<table><tr><td><b>Station</b></td><td>SARATI</td></tr><tr><td><b>District</b></td><td>AURANGABAD</td></tr><tr><td><b>Status</b></td><td>Closed</td></tr><tr><td><b>Source</b></td><td>Mast</td></tr><tr><td><b>Commenced</b></td><td>2009-12-22</td></tr><tr><td><b>Closed</b></td><td>2011-11-30</td></tr><tr><td><b>Mast height (m)</b></td><td>50</td></tr><tr><td><b>Elevation (m)</b></td><td>720</td></tr><tr><td><b>Mean wind speed (m/s)</b></td><td>5.5</td></tr><tr><td><b>Wind power density (W/m2)</b></td><td>138.6</td></tr><tr><td><b>PDF page</b></td><td>5</td></tr></table>]]></description><TimeSpan><begin>2009-12-22</begin><end>2011-11-30</end></TimeSpan><styleUrl>#Closed</styleUrl><Point><coordinates>75.695861,20.5075,0</coordinates></Point></Placemark><Placemark><name>HARNHI</name><description><![CDATA[<table><tr><td><b>Station</b></td><td>HARNHI</td></tr><tr><td><b>District</b></td><td>BULDANA</td></tr><tr><td><b>Status</b></td><td>Closed</td></tr><tr><td><b>Source</b></td><td>Mast</td></tr><tr><td><b>Commenced</b></td><td>2009-12-23</td></tr><tr><td><b>Closed</b></td><td>2013-05-15</td></tr><tr><td><b>Mast height (m)</b></td><td>50</td></tr><tr><td><b>Elevation (m)</b></td><td>574</td></tr><tr><td><b>Mean wind speed (m/s)</b></td><td>4.22</td></tr><tr><td><b>Wind power density (W/m2)</b></td><td>66.65</td></tr><tr><td><b>PDF page</b></td><td>5</td></tr></table>]]></description><TimeSpan><begin>2009-12-23</begin><end>2013-05-15</end></TimeSpan><styleUrl>#Closed</styleUrl><Point><coordinates>76.434722,20.489639,0</coordinates></Point></Placemark><Placemark><name>GARPIT</name><description><![CDATA[<table><tr><td><b>Station</b></td><td>GARPIT</td></tr><tr><td><b>District</b></td><td>WARDHA</td></tr><tr><td><b>Status</b></td><td>Closed</td></tr><tr><td><b>Source</b></td><td>Mast</td></tr><tr><td><b>Commenced</b></td><td>2009-12-28</td></tr><tr><td><b>Closed</b></td><td>2011-11-30</td></tr><tr><td><b>Mast height (m)</b></td><td>50</td></tr><tr><td><b>Elevation (m)</b></td><td>494</td></tr><tr><td><b>Mean wind speed (m/s)</b></td><td>4.34</td></tr><tr><td><b>Wind power density (W/m2)</b></td><td>67.63</td></tr><tr><td><b>PDF page</b></td><td>5</td></tr></table>]]></description><TimeSpan><begin>2009-12-28</begin><end>2011-11-30</end></TimeSpan><styleUrl>#Closed</styleUrl><Point><coordinates>78.380694,21.072167,0</coordinates></Point></Placemark><Placemark><name>KOLASA</name><description><![CDATA[<table><tr><td><b>Station</b></td><td>KOLASA</td></tr><tr><td><b>District</b></td><td>AKOLA</td></tr><tr><td><b>Status</b></td><td>Closed</td></tr><tr><td><b>Source</b></td><td>Mast</td></tr><tr><td><b>Commenced</b></td><td>2009-12-25</td></tr><tr><td><b>Closed</b></td><td>2011-11-30</td></tr><tr><td><b>Mast height (m)</b></td><td>50</td></tr><tr><td><b>Elevation (m)</b></td><td>276</td></tr><tr><td><b>Mean wind speed (m/s)</b></td><td>3.96</td></tr><tr><td><b>Wind power density (W/m2)</b></td><td>70.09</td></tr><tr><td><b>PDF page</b></td><td>5</td></tr></table>]]></description><TimeSpan><begin>2009-12-25</begin><end>2011-11-30</end></TimeSpan><styleUrl>#Closed</styleUrl><Point><coordinates>76.686722,20.706861,0</coordinates></Point></Placemark><Placemark><name>VIRGAVAHAN</name><description><![CDATA[<table><tr><td><b>Station</b></td><td>VIRGAVAHAN</td></tr><tr><td><b>District</b></td><td>AMRAVATI</td></tr><tr><td><b>Status</b></td><td>Closed</td></tr><tr><td><b>Source</b></td><td>Mast</td></tr><tr><td><b>Commenced</b></td><td>2009-12-27</td></tr><tr><td><b>Closed</b></td><td>2011-11-30</td></tr><tr><td><b>Mast height (m)</b></td><td>50</td></tr><tr><td><b>Elevation (m)</b></td><td>392</td></tr><tr><td><b>Mean wind speed (m/s)</b></td><td>4.71</td></tr><tr><td><b>Wind power density (W/m2)</b></td><td>109.11</td></tr><tr><td><b>PDF page</b></td><td>5</td></tr></table>]]></description><TimeSpan><begin>2009-12-27</begin><end>2011-11-30</end></TimeSpan><styleUrl>#Closed</styleUrl><Point><coordinates>77.971,20.926278,0</coordinates></Point></Placemark><Placemark><name>GONDHALWADI</name><description><![CDATA[<table><tr><td><b>Station</b></td><td>GONDHALWADI</td></tr><tr><td><b>District</b></td><td>AKOLA</td></tr><tr><td><b>Status</b></td><td>Closed</td></tr><tr><td><b>Source</b></td><td>Mast</td></tr><tr><td><b>Commenced</b></td><td>2009-12-24</td></tr><tr><td><b>Closed</b></td><td>2011-11-30</td></tr><tr><td><b>Mast height (m)</b></td><td>50</td></tr><tr><td><b>Elevation (m)</b></td><td>462</td></tr><tr><td><b>Mean wind speed (m/s)</b></td><td>4.38</td></tr><tr><td><b>Wind power density (W/m2)</b></td><td>76.34</td></tr><tr><td><b>PDF page</b></td><td>5</td></tr></table>]]></description><TimeSpan><begin>2009-12-24</begin><end>2011-11-30</end></TimeSpan><styleUrl>#Closed</styleUrl><Point><coordinates>76.954306,20.373361,0</coordinates></Point></Placemark><Placemark><name>JANORI</name><description><![CDATA[<table><tr><td><b>Station</b></td><td>JANORI</td></tr><tr><td><b>District</b></td><td>WASHIM</td></tr><tr><td><b>Status</b></td><td>Closed</td></tr><tr><td><b>Source</b></td><td>Mast</td></tr><tr><td><b>Commenced</b></td><td>2009-12-31</td></tr><tr><td><b>Closed</b></td><td>2011-11-30</td></tr><tr><td><b>Mast height (m)</b></td><td>50</td></tr><tr><td><b>Elevation (m)</b></td><td>364</td></tr><tr><td><b>Mean wind speed (m/s)</b></td><td>4.57</td></tr><tr><td><b>Wind power density (W/m2)</b></td><td>91.14</td></tr><tr><td><b>PDF page</b></td><td>5</td></tr></table>]]></description><TimeSpan><begin>2009-12-31</begin><end>2011-11-30</end></TimeSpan><styleUrl>#Closed</styleUrl><Point><coordinates>77.344694,20.564806,0</coordinates></Point></Placemark><Placemark><name>MOREWADI</name><description><![CDATA[<table><tr><td><b>Station</b></td><td>MOREWADI</td></tr><tr><td><b>District</b></td><td>KOLHAPUR</td></tr><tr><td><b>Status</b></td><td>Closed</td></tr><tr><td><b>Source</b></td><td>Mast</td></tr><tr><td><b>Commenced</b></td><td>2012-05-31</td></tr><tr><td><b>Closed</b></td><td>2014-08-09</td></tr><tr><td><b>Mast height (m)</b></td><td>80</td></tr><tr><td><b>Elevation (m)</b></td><td>974</td></tr><tr><td><b>Mean wind speed (m/s)</b></td><td>6.46</td></tr><tr><td><b>Wind power density (W/m2)</b></td><td>261.76</td></tr><tr><td><b>PDF page</b></td><td>5</td></tr></table>]]></description><TimeSpan><begin>2012-05-31</begin><end>2014-08-09</end></TimeSpan><styleUrl>#Closed</styleUrl><Point><coordinates>74.246722,16.045361,0</coordinates></Point></Placemark><Placemark><name>SHEMBAWANI</name><description><![CDATA[<table><tr><td><b>Station</b></td><td>SHEMBAWANI</td></tr><tr><td><b>District</b></td><td>KOLHAPUR</td></tr><tr><td><b>Status</b></td><td>Closed</td></tr><tr><td><b>Source</b></td><td>Mast</td></tr><tr><td><b>Commenced</b></td><td>2012-06-02</td></tr><tr><td><b>Closed</b></td><td>2014-09-18</td></tr><tr><td><b>Mast height (m)</b></td><td>80</td></tr><tr><td><b>Elevation (m)</b></td><td>671</td></tr><tr><td><b>Mean wind speed (m/s)</b></td><td>5.41</td></tr><tr><td><b>Wind power density (W/m2)</b></td><td>192.16</td></tr><tr><td><b>PDF page</b></td><td>5</td></tr></table>]]></description><TimeSpan><begin>2012-06-02</begin><end>2014-09-18</end></TimeSpan><styleUrl>#Closed</styleUrl><Point><coordinates>73.781472,16.828083,0</coordinates></Point></Placemark><Placemark><name>AADIWARE</name><description><![CDATA[<table><tr><td><b>Station</b></td><td>AADIWARE</td></tr><tr><td><b>District</b></td><td>RATNAGIRI</td></tr><tr><td><b>Status</b></td><td>Closed</td></tr><tr><td><b>Source</b></td><td>Mast</td></tr><tr><td><b>Commenced</b></td><td>2012-06-04</td></tr><tr><td><b>Closed</b></td><td>2014-09-18</td></tr><tr><td><b>Mast height (m)</b></td><td>80</td></tr><tr><td><b>Elevation (m)</b></td><td>59</td></tr><tr><td><b>Mean wind speed (m/s)</b></td><td>4.91</td></tr><tr><td><b>Wind power density (W/m2)</b></td><td>115.98</td></tr><tr><td><b>PDF page</b></td><td>5</td></tr></table>]]></description><TimeSpan><begin>2012-06-04</begin><end>2014-09-18</end></TimeSpan><styleUrl>#Closed</styleUrl><Point><coordinates>73.338361,16.741389,0</coordinates></Point></Placemark><Placemark><name>HIVARAPAHADI</name><description><![CDATA[<table><tr><td><b>Station</b></td><td>HIVARAPAHADI</td></tr><tr><td><b>District</b></td><td>PUNE</td></tr><tr><td><b>Status</b></td><td>Closed</td></tr><tr><td><b>Source</b></td><td>Mast</td></tr><tr><td><b>Commenced</b></td><td>2012-06-06</td></tr><tr><td><b>Closed</b></td><td>2016-02-02</td></tr><tr><td><b>Mast height (m)</b></td><td>80</td></tr><tr><td><b>Elevation (m)</b></td><td>1093</td></tr><tr><td><b>PDF page</b></td><td>5</td></tr></table>]]></description><TimeSpan><begin>2012-06-06</begin><end>2016-02-02</end></TimeSpan><styleUrl>#Closed</styleUrl><Point><coordinates>73.756611,19.185528,0</coordinates></Point></Placemark><Placemark><name>CHINCHWE</name><description><![CDATA[<table><tr><td><b>Station</b></td><td>CHINCHWE</td></tr><tr><td><b>District</b></td><td>NASHIK</td></tr><tr><td><b>Status</b></td><td>Closed</td></tr><tr><td><b>Source</b></td><td>Mast</td></tr><tr><td><b>Commenced</b></td><td>2012-06-08</td></tr><tr><td><b>Closed</b></td><td>2014-08-09</td></tr><tr><td><b>Mast height (m)</b></td><td>80</td></tr><tr><td><b>Elevation (m)</b></td><td>595</td></tr><tr><td><b>Mean wind speed (m/s)</b></td><td>4.44</td></tr><tr><td><b>Wind power density (W/m2)</b></td><td>85.8</td></tr><tr><td><b>PDF page</b></td><td>5</td></tr></table>]]></description><TimeSpan><begin>2012-06-08</begin><end>2014-08-09</end></TimeSpan><styleUrl>#Closed</styleUrl><Point><coordinates>74.458861,20.798167,0</coordinates></Point></Placemark><Placemark><name>KHANDALA</name><description><![CDATA[<table><tr><td><b>Station</b></td><td>KHANDALA</td></tr><tr><td><b>District</b></td><td>AURANGABAD</td></tr><tr><td><b>Status</b></td><td>Closed</td></tr><tr><td><b>Source</b></td><td>Mast</td></tr><tr><td><b>Commenced</b></td><td>2012-06-10</td></tr><tr><td><b>Closed</b></td><td>2016-02-02</td></tr><tr><td><b>Mast height (m)</b></td><td>80</td></tr><tr><td><b>Elevation (m)</b></td><td>601</td></tr><tr><td><b>PDF page</b></td><td>5</td></tr></table>]]></description><TimeSpan><begin>2012-06-10</begin><end>2016-02-02</end></TimeSpan><styleUrl>#Closed</styleUrl><Point><coordinates>74.821083,20.034528,0</coordinates></Point></Placemark><Placemark><name>PIMPRI</name><description><![CDATA[<table><tr><td><b>Station</b></td><td>PIMPRI</td></tr><tr><td><b>District</b></td><td>WASHIM</td></tr><tr><td><b>Status</b></td><td>Closed</td></tr><tr><td><b>Source</b></td><td>Mast</td></tr><tr><td><b>Commenced</b></td><td>2012-06-23</td></tr><tr><td><b>Closed</b></td><td>2014-04-30</td></tr><tr><td><b>Mast height (m)</b></td><td>80</td></tr><tr><td><b>Elevation (m)</b></td><td>439</td></tr><tr><td><b>PDF page</b></td><td>5</td></tr></table>]]></description><TimeSpan><begin>2012-06-23</begin><end>2014-04-30</end></TimeSpan><styleUrl>#Closed</styleUrl><Point><coordinates>77.49725,20.202972,0</coordinates></Point></Placemark><Placemark><name>ISAPUR</name><description><![CDATA[<table><tr><td><b>Station</b></td><td>ISAPUR</td></tr><tr><td><b>District</b></td><td>YEAWATMAL</td></tr><tr><td><b>Status</b></td><td>Closed</td></tr><tr><td><b>Source</b></td><td>Mast</td></tr><tr><td><b>Commenced</b></td><td>2012-06-25</td></tr><tr><td><b>Closed</b></td><td>2015-02-28</td></tr><tr><td><b>Mast height (m)</b></td><td>80</td></tr><tr><td><b>Elevation (m)</b></td><td>439</td></tr><tr><td><b>Mean wind speed (m/s)</b></td><td>6.78</td></tr><tr><td><b>Wind power density (W/m2)</b></td><td>249.45</td></tr><tr><td><b>PDF page</b></td><td>5</td></tr></table>]]></description><TimeSpan><begin>2012-06-25</begin><end>2015-02-28</end></TimeSpan><styleUrl>#Closed</styleUrl><Point><coordinates>77.455139,19.732417,0</coordinates></Point></Placemark><Placemark><name>MIRKHEL</name><description><![CDATA[<table><tr><td><b>Station</b></td><td>MIRKHEL</td></tr><tr><td><b>District</b></td><td>PARBHANI</td></tr><tr><td><b>Status</b></td><td>Closed</td></tr><tr><td><b>Source</b></td><td>Mast</td></tr><tr><td><b>Commenced</b></td><td>2012-06-27</td></tr><tr><td><b>Closed</b></td><td>2014-09-18</td></tr><tr><td><b>Mast height (m)</b></td><td>80</td></tr><tr><td><b>Elevation (m)</b></td><td>402</td></tr><tr><td><b>Mean wind speed (m/s)</b></td><td>4.96</td></tr><tr><td><b>Wind power density (W/m2)</b></td><td>119.4</td></tr><tr><td><b>PDF page</b></td><td>5</td></tr></table>]]></description><TimeSpan><begin>2012-06-27</begin><end>2014-09-18</end></TimeSpan><styleUrl>#Closed</styleUrl><Point><coordinates>76.898778,19.201056,0</coordinates></Point></Placemark><Placemark><name>PALSI</name><description><![CDATA[<table><tr><td><b>Station</b></td><td>PALSI</td></tr><tr><td><b>District</b></td><td>AURANGABAD</td></tr><tr><td><b>Status</b></td><td>Closed</td></tr><tr><td><b>Source</b></td><td>Mast</td></tr><tr><td><b>Commenced</b></td><td>2012-06-29</td></tr><tr><td><b>Closed</b></td><td>2016-02-02</td></tr><tr><td><b>Mast height (m)</b></td><td>80</td></tr><tr><td><b>Elevation (m)</b></td><td>738</td></tr><tr><td><b>PDF page</b></td><td>5</td></tr></table>]]></description><TimeSpan><begin>2012-06-29</begin><end>2016-02-02</end></TimeSpan><styleUrl>#Closed</styleUrl><Point><coordinates>75.51775,20.266611,0</coordinates></Point></Placemark><Placemark><name>BOMBHALE</name><description><![CDATA[<table><tr><td><b>Station</b></td><td>BOMBHALE</td></tr><tr><td><b>District</b></td><td>SATARA</td></tr><tr><td><b>Status</b></td><td>Closed</td></tr><tr><td><b>Source</b></td><td>Mast</td></tr><tr><td><b>Commenced</b></td><td>2012-07-03</td></tr><tr><td><b>Closed</b></td><td>2014-09-18</td></tr><tr><td><b>Mast height (m)</b></td><td>80</td></tr><tr><td><b>Elevation (m)</b></td><td>811</td></tr><tr><td><b>Mean wind speed (m/s)</b></td><td>5.65</td></tr><tr><td><b>Wind power density (W/m2)</b></td><td>161.66</td></tr><tr><td><b>PDF page</b></td><td>5</td></tr></table>]]></description><TimeSpan><begin>2012-07-03</begin><end>2014-09-18</end></TimeSpan><styleUrl>#Closed</styleUrl><Point><coordinates>74.545056,17.6135,0</coordinates></Point></Placemark><Placemark><name>KHOKADE</name><description><![CDATA[<table><tr><td><b>Station</b></td><td>KHOKADE</td></tr><tr><td><b>District</b></td><td>SATARA</td></tr><tr><td><b>Status</b></td><td>Closed</td></tr><tr><td><b>Source</b></td><td>Mast</td></tr><tr><td><b>Commenced</b></td><td>2012-07-17</td></tr><tr><td><b>Closed</b></td><td>2014-09-18</td></tr><tr><td><b>Mast height (m)</b></td><td>80</td></tr><tr><td><b>Elevation (m)</b></td><td>1046</td></tr><tr><td><b>Mean wind speed (m/s)</b></td><td>6.53</td></tr><tr><td><b>Wind power density (W/m2)</b></td><td>238.56</td></tr><tr><td><b>PDF page</b></td><td>5</td></tr></table>]]></description><TimeSpan><begin>2012-07-17</begin><end>2014-09-18</end></TimeSpan><styleUrl>#Closed</styleUrl><Point><coordinates>74.376139,17.802278,0</coordinates></Point></Placemark><Placemark><name>USWAD</name><description><![CDATA[<table><tr><td><b>Station</b></td><td>USWAD</td></tr><tr><td><b>District</b></td><td>NASHIK</td></tr><tr><td><b>Status</b></td><td>Closed</td></tr><tr><td><b>Source</b></td><td>Mast</td></tr><tr><td><b>Commenced</b></td><td>2012-07-20</td></tr><tr><td><b>Closed</b></td><td>2014-09-18</td></tr><tr><td><b>Mast height (m)</b></td><td>80</td></tr><tr><td><b>Elevation (m)</b></td><td>748</td></tr><tr><td><b>Mean wind speed (m/s)</b></td><td>5.23</td></tr><tr><td><b>Wind power density (W/m2)</b></td><td>166.77</td></tr><tr><td><b>PDF page</b></td><td>5</td></tr></table>]]></description><TimeSpan><begin>2012-07-20</begin><end>2014-09-18</end></TimeSpan><styleUrl>#Closed</styleUrl><Point><coordinates>74.318944,20.356861,0</coordinates></Point></Placemark><Placemark><name>DHANGER</name><description><![CDATA[<table><tr><td><b>Station</b></td><td>DHANGER</td></tr><tr><td><b>District</b></td><td>AURANGABAD</td></tr><tr><td><b>Status</b></td><td>Closed</td></tr><tr><td><b>Source</b></td><td>Mast</td></tr><tr><td><b>Commenced</b></td><td>2012-07-22</td></tr><tr><td><b>Closed</b></td><td>2014-09-18</td></tr><tr><td><b>Mast height (m)</b></td><td>80</td></tr><tr><td><b>Elevation (m)</b></td><td>847</td></tr><tr><td><b>Mean wind speed (m/s)</b></td><td>6.09</td></tr><tr><td><b>Wind power density (W/m2)</b></td><td>168</td></tr><tr><td><b>PDF page</b></td><td>5</td></tr></table>]]></description><TimeSpan><begin>2012-07-22</begin><end>2014-09-18</end></TimeSpan><styleUrl>#Closed</styleUrl><Point><coordinates>75.320028,20.3405,0</coordinates></Point></Placemark><Placemark><name>ROHILAGAD</name><description><![CDATA[<table><tr><td><b>Station</b></td><td>ROHILAGAD</td></tr><tr><td><b>District</b></td><td>JALNA</td></tr><tr><td><b>Status</b></td><td>Closed</td></tr><tr><td><b>Source</b></td><td>Mast</td></tr><tr><td><b>Commenced</b></td><td>2012-07-26</td></tr><tr><td><b>Closed</b></td><td>2014-09-18</td></tr><tr><td><b>Mast height (m)</b></td><td>80</td></tr><tr><td><b>Elevation (m)</b></td><td>651</td></tr><tr><td><b>Mean wind speed (m/s)</b></td><td>5.96</td></tr><tr><td><b>Wind power density (W/m2)</b></td><td>183.87</td></tr><tr><td><b>PDF page</b></td><td>5</td></tr></table>]]></description><TimeSpan><begin>2012-07-26</begin><end>2014-09-18</end></TimeSpan><styleUrl>#Closed</styleUrl><Point><coordinates>75.655333,19.678194,0</coordinates></Point></Placemark><Placemark><name>NIMBHORA</name><description><![CDATA[<table><tr><td><b>Station</b></td><td>NIMBHORA</td></tr><tr><td><b>District</b></td><td>AURANGABAD</td></tr><tr><td><b>Status</b></td><td>Closed</td></tr><tr><td><b>Source</b></td><td>Mast</td></tr><tr><td><b>Commenced</b></td><td>2012-07-30</td></tr><tr><td><b>Closed</b></td><td>2014-09-18</td></tr><tr><td><b>Mast height (m)</b></td><td>80</td></tr><tr><td><b>Elevation (m)</b></td><td>896</td></tr><tr><td><b>Mean wind speed (m/s)</b></td><td>5.7</td></tr><tr><td><b>Wind power density (W/m2)</b></td><td>145.13</td></tr><tr><td><b>PDF page</b></td><td>5</td></tr></table>]]></description><TimeSpan><begin>2012-07-30</begin><end>2014-09-18</end></TimeSpan><styleUrl>#Closed</styleUrl><Point><coordinates>75.215944,20.2995,0</coordinates></Point></Placemark><Placemark><name>MOREGAON</name><description><![CDATA[<table><tr><td><b>Station</b></td><td>MOREGAON</td></tr><tr><td><b>District</b></td><td>PARBHANI</td></tr><tr><td><b>Status</b></td><td>Closed</td></tr><tr><td><b>Source</b></td><td>Mast</td></tr><tr><td><b>Commenced</b></td><td>2012-10-12</td></tr><tr><td><b>Closed</b></td><td>2014-09-18</td></tr><tr><td><b>Mast height (m)</b></td><td>80</td></tr><tr><td><b>Elevation (m)</b></td><td>407</td></tr><tr><td><b>Mean wind speed (m/s)</b></td><td>4.74</td></tr><tr><td><b>Wind power density (W/m2)</b></td><td>104.61</td></tr><tr><td><b>PDF page</b></td><td>5</td></tr></table>]]></description><TimeSpan><begin>2012-10-12</begin><end>2014-09-18</end></TimeSpan><styleUrl>#Closed</styleUrl><Point><coordinates>76.451283,19.5022,0</coordinates></Point></Placemark><Placemark><name>SURYAMAL</name><description><![CDATA[<table><tr><td><b>Station</b></td><td>SURYAMAL</td></tr><tr><td><b>District</b></td><td>THANE</td></tr><tr><td><b>Status</b></td><td>Closed</td></tr><tr><td><b>Source</b></td><td>Mast</td></tr><tr><td><b>Commenced</b></td><td>2012-10-18</td></tr><tr><td><b>Closed</b></td><td>2016-02-02</td></tr><tr><td><b>Mast height (m)</b></td><td>80</td></tr><tr><td><b>Elevation (m)</b></td><td>514</td></tr><tr><td><b>Mean wind speed (m/s)</b></td><td>4.97</td></tr><tr><td><b>Wind power density (W/m2)</b></td><td>131.64</td></tr><tr><td><b>PDF page</b></td><td>5</td></tr></table>]]></description><TimeSpan><begin>2012-10-18</begin><end>2016-02-02</end></TimeSpan><styleUrl>#Closed</styleUrl><Point><coordinates>73.343483,19.749233,0</coordinates></Point></Placemark><Placemark><name>KODHALI</name><description><![CDATA[<table><tr><td><b>Station</b></td><td>KODHALI</td></tr><tr><td><b>District</b></td><td>KOLHAPUR</td></tr><tr><td><b>Status</b></td><td>Closed</td></tr><tr><td><b>Source</b></td><td>Mast</td></tr><tr><td><b>Commenced</b></td><td>2012-11-21</td></tr><tr><td><b>Closed</b></td><td>2014-09-18</td></tr><tr><td><b>Mast height (m)</b></td><td>80</td></tr><tr><td><b>Elevation (m)</b></td><td>758</td></tr><tr><td><b>Mean wind speed (m/s)</b></td><td>5.66</td></tr><tr><td><b>Wind power density (W/m2)</b></td><td>206.73</td></tr><tr><td><b>PDF page</b></td><td>5</td></tr></table>]]></description><TimeSpan><begin>2012-11-21</begin><end>2014-09-18</end></TimeSpan><styleUrl>#Closed</styleUrl><Point><coordinates>74.179333,15.792889,0</coordinates></Point></Placemark><Placemark><name>ISAPUR</name><description><![CDATA[<table><tr><td><b>Station</b></td><td>ISAPUR</td></tr><tr><td><b>District</b></td><td>KOLHAPUR</td></tr><tr><td><b>Status</b></td><td>Closed</td></tr><tr><td><b>Source</b></td><td>Mast</td></tr><tr><td><b>Commenced</b></td><td>2012-12-31</td></tr><tr><td><b>Closed</b></td><td>2015-01-31</td></tr><tr><td><b>Mast height (m)</b></td><td>80</td></tr><tr><td><b>Elevation (m)</b></td><td>890</td></tr><tr><td><b>Mean wind speed (m/s)</b></td><td>7.05</td></tr><tr><td><b>Wind power density (W/m2)</b></td><td>332.6</td></tr><tr><td><b>PDF page</b></td><td>5</td></tr></table>]]></description><TimeSpan><begin>2012-12-31</begin><end>2015-01-31</end></TimeSpan><styleUrl>#Closed</styleUrl><Point><coordinates>74.064056,15.838611,0</coordinates></Point></Placemark><Placemark><name>GADHPATI</name><description><![CDATA[<table><tr><td><b>Station</b></td><td>GADHPATI</td></tr><tr><td><b>District</b></td><td>OSMANABAD</td></tr><tr><td><b>Status</b></td><td>Closed</td></tr><tr><td><b>Source</b></td><td>Mast</td></tr><tr><td><b>Commenced</b></td><td>2013-07-24</td></tr><tr><td><b>Closed</b></td><td>2016-02-17</td></tr><tr><td><b>Mast height (m)</b></td><td>100</td></tr><tr><td><b>Elevation (m)</b></td><td>697</td></tr><tr><td><b>Mean wind speed (m/s)</b></td><td>6.5</td></tr><tr><td><b>Wind power density (W/m2)</b></td><td>223.53</td></tr><tr><td><b>PDF page</b></td><td>5</td></tr></table>]]></description><TimeSpan><begin>2013-07-24</begin><end>2016-02-17</end></TimeSpan><styleUrl>#Closed</styleUrl><Point><coordinates>76.012944,18.272833,0</coordinates></Point></Placemark><Placemark><name>WAGHIRA</name><description><![CDATA[<table><tr><td><b>Station</b></td><td>WAGHIRA</td></tr><tr><td><b>District</b></td><td>BEED</td></tr><tr><td><b>Status</b></td><td>Closed</td></tr><tr><td><b>Source</b></td><td>Mast</td></tr><tr><td><b>Commenced</b></td><td>2013-07-26</td></tr><tr><td><b>Closed</b></td><td>2015-12-22</td></tr><tr><td><b>Mast height (m)</b></td><td>100</td></tr><tr><td><b>Elevation (m)</b></td><td>790</td></tr><tr><td><b>Mean wind speed (m/s)</b></td><td>6.91</td></tr><tr><td><b>Wind power density (W/m2)</b></td><td>295</td></tr><tr><td><b>PDF page</b></td><td>5</td></tr></table>]]></description><TimeSpan><begin>2013-07-26</begin><end>2015-12-22</end></TimeSpan><styleUrl>#Closed</styleUrl><Point><coordinates>75.614389,18.795167,0</coordinates></Point></Placemark><Placemark><name>HANBARWADI</name><description><![CDATA[<table><tr><td><b>Station</b></td><td>HANBARWADI</td></tr><tr><td><b>District</b></td><td>KOLHAPUR</td></tr><tr><td><b>Status</b></td><td>Closed</td></tr><tr><td><b>Source</b></td><td>Mast</td></tr><tr><td><b>Commenced</b></td><td>2013-10-13</td></tr><tr><td><b>Closed</b></td><td>2017-01-09</td></tr><tr><td><b>Mast height (m)</b></td><td>100</td></tr><tr><td><b>Elevation (m)</b></td><td>744</td></tr><tr><td><b>Mean wind speed (m/s)</b></td><td>6.5</td></tr><tr><td><b>Wind power density (W/m2)</b></td><td>254.3</td></tr><tr><td><b>PDF page</b></td><td>5</td></tr></table>]]></description><TimeSpan><begin>2013-10-13</begin><end>2017-01-09</end></TimeSpan><styleUrl>#Closed</styleUrl><Point><coordinates>74.187139,16.596083,0</coordinates></Point></Placemark><Placemark><name>MANDHARDHEV</name><description><![CDATA[<table><tr><td><b>Station</b></td><td>MANDHARDHEV</td></tr><tr><td><b>District</b></td><td>SATARA</td></tr><tr><td><b>Status</b></td><td>Closed</td></tr><tr><td><b>Source</b></td><td>Mast</td></tr><tr><td><b>Commenced</b></td><td>2013-10-14</td></tr><tr><td><b>Closed</b></td><td>2016-01-19</td></tr><tr><td><b>Mast height (m)</b></td><td>100</td></tr><tr><td><b>Elevation (m)</b></td><td>1241</td></tr><tr><td><b>Mean wind speed (m/s)</b></td><td>5.74</td></tr><tr><td><b>Wind power density (W/m2)</b></td><td>209</td></tr><tr><td><b>PDF page</b></td><td>5</td></tr></table>]]></description><TimeSpan><begin>2013-10-14</begin><end>2016-01-19</end></TimeSpan><styleUrl>#Closed</styleUrl><Point><coordinates>73.899778,18.028389,0</coordinates></Point></Placemark><Placemark><name>RANGEWADI</name><description><![CDATA[<table><tr><td><b>Station</b></td><td>RANGEWADI</td></tr><tr><td><b>District</b></td><td>PUNE</td></tr><tr><td><b>Status</b></td><td>Closed</td></tr><tr><td><b>Source</b></td><td>Mast</td></tr><tr><td><b>Commenced</b></td><td>2013-10-16</td></tr><tr><td><b>Closed</b></td><td>2016-01-25</td></tr><tr><td><b>Mast height (m)</b></td><td>100</td></tr><tr><td><b>Elevation (m)</b></td><td>1009</td></tr><tr><td><b>Mean wind speed (m/s)</b></td><td>5.83</td></tr><tr><td><b>Wind power density (W/m2)</b></td><td>174.77</td></tr><tr><td><b>PDF page</b></td><td>5</td></tr></table>]]></description><TimeSpan><begin>2013-10-16</begin><end>2016-01-25</end></TimeSpan><styleUrl>#Closed</styleUrl><Point><coordinates>73.704222,19.088667,0</coordinates></Point></Placemark><Placemark><name>BAGACHAPADA</name><description><![CDATA[<table><tr><td><b>Station</b></td><td>BAGACHAPADA</td></tr><tr><td><b>District</b></td><td>NASHIK</td></tr><tr><td><b>Status</b></td><td>Closed</td></tr><tr><td><b>Source</b></td><td>Mast</td></tr><tr><td><b>Commenced</b></td><td>2013-10-18</td></tr><tr><td><b>Closed</b></td><td>2015-10-17</td></tr><tr><td><b>Mast height (m)</b></td><td>100</td></tr><tr><td><b>Elevation (m)</b></td><td>612</td></tr><tr><td><b>Mean wind speed (m/s)</b></td><td>5.51</td></tr><tr><td><b>Wind power density (W/m2)</b></td><td>155.76</td></tr><tr><td><b>PDF page</b></td><td>5</td></tr></table>]]></description><TimeSpan><begin>2013-10-18</begin><end>2015-10-17</end></TimeSpan><styleUrl>#Closed</styleUrl><Point><coordinates>73.563944,20.301167,0</coordinates></Point></Placemark><Placemark><name>VANI</name><description><![CDATA[<table><tr><td><b>Station</b></td><td>VANI</td></tr><tr><td><b>District</b></td><td>NASHIK</td></tr><tr><td><b>Status</b></td><td>Closed</td></tr><tr><td><b>Source</b></td><td>Mast</td></tr><tr><td><b>Commenced</b></td><td>2013-10-19</td></tr><tr><td><b>Closed</b></td><td>2015-07-18</td></tr><tr><td><b>Mast height (m)</b></td><td>100</td></tr><tr><td><b>Elevation (m)</b></td><td>734</td></tr><tr><td><b>Mean wind speed (m/s)</b></td><td>6.33</td></tr><tr><td><b>Wind power density (W/m2)</b></td><td>214.49</td></tr><tr><td><b>PDF page</b></td><td>5</td></tr></table>]]></description><TimeSpan><begin>2013-10-19</begin><end>2015-07-18</end></TimeSpan><styleUrl>#Closed</styleUrl><Point><coordinates>73.664439,20.312581,0</coordinates></Point></Placemark><Placemark><name>SAROLA</name><description><![CDATA[<table><tr><td><b>Station</b></td><td>SAROLA</td></tr><tr><td><b>District</b></td><td>AURANGABAD</td></tr><tr><td><b>Status</b></td><td>Closed</td></tr><tr><td><b>Source</b></td><td>Mast</td></tr><tr><td><b>Commenced</b></td><td>2013-10-24</td></tr><tr><td><b>Closed</b></td><td>2017-01-19</td></tr><tr><td><b>Mast height (m)</b></td><td>100</td></tr><tr><td><b>Elevation (m)</b></td><td>927</td></tr><tr><td><b>Mean wind speed (m/s)</b></td><td>6.62</td></tr><tr><td><b>Wind power density (W/m2)</b></td><td>233.94</td></tr><tr><td><b>PDF page</b></td><td>5</td></tr></table>]]></description><TimeSpan><begin>2013-10-24</begin><end>2017-01-19</end></TimeSpan><styleUrl>#Closed</styleUrl><Point><coordinates>75.424333,19.97225,0</coordinates></Point></Placemark><Placemark><name>SHEDHEWADI</name><description><![CDATA[<table><tr><td><b>Station</b></td><td>SHEDHEWADI</td></tr><tr><td><b>District</b></td><td>SANGALI</td></tr><tr><td><b>Status</b></td><td>Closed</td></tr><tr><td><b>Source</b></td><td>Mast</td></tr><tr><td><b>Commenced</b></td><td>2021-09-30</td></tr><tr><td><b>Closed</b></td><td>2022-12-22</td></tr><tr><td><b>Mast height (m)</b></td><td>100</td></tr><tr><td><b>Elevation (m)</b></td><td>122</td></tr><tr><td><b>Mean wind speed (m/s)</b></td><td>5.39</td></tr><tr><td><b>Wind power density (W/m2)</b></td><td>150.2</td></tr><tr><td><b>PDF page</b></td><td>5</td></tr></table>]]></description><TimeSpan><begin>2021-09-30</begin><end>2022-12-22</end></TimeSpan><styleUrl>#Closed</styleUrl><Point><coordinates>74.762731,17.149281,0</coordinates></Point></Placemark><Placemark><name>SULEWADI</name><description><![CDATA[<table><tr><td><b>Station</b></td><td>SULEWADI</td></tr><tr><td><b>District</b></td><td>SOLAPUR</td></tr><tr><td><b>Status</b></td><td>Closed</td></tr><tr><td><b>Source</b></td><td>Mast</td></tr><tr><td><b>Commenced</b></td><td>2021-10-04</td></tr><tr><td><b>Closed</b></td><td>2022-12-20</td></tr><tr><td><b>Mast height (m)</b></td><td>100</td></tr><tr><td><b>Elevation (m)</b></td><td>122</td></tr><tr><td><b>Mean wind speed (m/s)</b></td><td>5.38</td></tr><tr><td><b>Wind power density (W/m2)</b></td><td>148.9</td></tr><tr><td><b>PDF page</b></td><td>5</td></tr></table>]]></description><TimeSpan><begin>2021-10-04</begin><end>2022-12-20</end></TimeSpan><styleUrl>#Closed</styleUrl><Point><coordinates>74.912389,17.665306,0</coordinates></Point></Placemark><Placemark><name>DHULE</name><description><![CDATA[<table><tr><td><b>Station</b></td><td>DHULE</td></tr><tr><td><b>District</b></td><td>DHULE</td></tr><tr><td><b>Status</b></td><td>Closed</td></tr><tr><td><b>Source</b></td><td>Mast</td></tr><tr><td><b>Commenced</b></td><td>2021-10-06</td></tr><tr><td><b>Closed</b></td><td>2022-12-19</td></tr><tr><td><b>Mast height (m)</b></td><td>100</td></tr><tr><td><b>Elevation (m)</b></td><td>122</td></tr><tr><td><b>Mean wind speed (m/s)</b></td><td>6.67</td></tr><tr><td><b>Wind power density (W/m2)</b></td><td>265.58</td></tr><tr><td><b>PDF page</b></td><td>5</td></tr></table>]]></description><TimeSpan><begin>2021-10-06</begin><end>2022-12-19</end></TimeSpan><styleUrl>#Closed</styleUrl><Point><coordinates>74.152447,21.174147,0</coordinates></Point></Placemark></Folder><Folder><name>MANIPUR (24)</name><Placemark><name>CHAWANGKINING</name><description><![CDATA[<table><tr><td><b>Station</b></td><td>CHAWANGKINING</td></tr><tr><td><b>District</b></td><td>SENAPATHI</td></tr><tr><td><b>Status</b></td><td>Closed</td></tr><tr><td><b>Source</b></td><td>Mast</td></tr><tr><td><b>Commenced</b></td><td>2005-02-04</td></tr><tr><td><b>Closed</b></td><td>2007-11-08</td></tr><tr><td><b>Mast height (m)</b></td><td>25</td></tr><tr><td><b>Elevation (m)</b></td><td>1676</td></tr><tr><td><b>Mean wind speed (m/s)</b></td><td>4.5</td></tr><tr><td><b>Wind power density (W/m2)</b></td><td>135</td></tr><tr><td><b>PDF page</b></td><td>12</td></tr></table>]]></description><TimeSpan><begin>2005-02-04</begin><end>2007-11-08</end></TimeSpan><styleUrl>#Closed</styleUrl><Point><coordinates>93.936278,25.19875,0</coordinates></Point></Placemark><Placemark><name>DOLANGKHNOU</name><description><![CDATA[<table><tr><td><b>Station</b></td><td>DOLANGKHNOU</td></tr><tr><td><b>District</b></td><td>CHANDEL</td></tr><tr><td><b>Status</b></td><td>Closed</td></tr><tr><td><b>Source</b></td><td>Mast</td></tr><tr><td><b>Commenced</b></td><td>2006-03-21</td></tr><tr><td><b>Closed</b></td><td>2008-01-12</td></tr><tr><td><b>Mast height (m)</b></td><td>25</td></tr><tr><td><b>Elevation (m)</b></td><td>1484</td></tr><tr><td><b>Mean wind speed (m/s)</b></td><td>4.4</td></tr><tr><td><b>Wind power density (W/m2)</b></td><td>103</td></tr><tr><td><b>PDF page</b></td><td>12</td></tr></table>]]></description><TimeSpan><begin>2006-03-21</begin><end>2008-01-12</end></TimeSpan><styleUrl>#Closed</styleUrl><Point><coordinates>93.725,24.658056,0</coordinates></Point></Placemark><Placemark><name>KOTLANE</name><description><![CDATA[<table><tr><td><b>Station</b></td><td>KOTLANE</td></tr><tr><td><b>District</b></td><td>SENAPATHI</td></tr><tr><td><b>Status</b></td><td>Closed</td></tr><tr><td><b>Source</b></td><td>Mast</td></tr><tr><td><b>Commenced</b></td><td>2005-03-10</td></tr><tr><td><b>Closed</b></td><td>2007-10-27</td></tr><tr><td><b>Mast height (m)</b></td><td>25</td></tr><tr><td><b>Elevation (m)</b></td><td>1279</td></tr><tr><td><b>Mean wind speed (m/s)</b></td><td>3.3</td></tr><tr><td><b>Wind power density (W/m2)</b></td><td>42</td></tr><tr><td><b>PDF page</b></td><td>12</td></tr></table>]]></description><TimeSpan><begin>2005-03-10</begin><end>2007-10-27</end></TimeSpan><styleUrl>#Closed</styleUrl><Point><coordinates>93.745556,24.816667,0</coordinates></Point></Placemark><Placemark><name>LAIMATON</name><description><![CDATA[<table><tr><td><b>Station</b></td><td>LAIMATON</td></tr><tr><td><b>District</b></td><td>CHURACHANDPUR</td></tr><tr><td><b>Status</b></td><td>Closed</td></tr><tr><td><b>Source</b></td><td>Mast</td></tr><tr><td><b>Commenced</b></td><td>2005-05-01</td></tr><tr><td><b>Closed</b></td><td>2007-11-22</td></tr><tr><td><b>Mast height (m)</b></td><td>25</td></tr><tr><td><b>Elevation (m)</b></td><td>1239</td></tr><tr><td><b>Mean wind speed (m/s)</b></td><td>4.9</td></tr><tr><td><b>Wind power density (W/m2)</b></td><td>126</td></tr><tr><td><b>PDF page</b></td><td>12</td></tr></table>]]></description><TimeSpan><begin>2005-05-01</begin><end>2007-11-22</end></TimeSpan><styleUrl>#Closed</styleUrl><Point><coordinates>93.708889,24.593056,0</coordinates></Point></Placemark><Placemark><name>PHANGREI</name><description><![CDATA[<table><tr><td><b>Station</b></td><td>PHANGREI</td></tr><tr><td><b>District</b></td><td>UKHRUL</td></tr><tr><td><b>Status</b></td><td>Closed</td></tr><tr><td><b>Source</b></td><td>Mast</td></tr><tr><td><b>Commenced</b></td><td>2005-02-08</td></tr><tr><td><b>Closed</b></td><td>2007-11-05</td></tr><tr><td><b>Mast height (m)</b></td><td>25</td></tr><tr><td><b>Elevation (m)</b></td><td>2164</td></tr><tr><td><b>Mean wind speed (m/s)</b></td><td>4.1</td></tr><tr><td><b>Wind power density (W/m2)</b></td><td>78</td></tr><tr><td><b>PDF page</b></td><td>12</td></tr></table>]]></description><TimeSpan><begin>2005-02-08</begin><end>2007-11-05</end></TimeSpan><styleUrl>#Closed</styleUrl><Point><coordinates>94.465833,25.148333,0</coordinates></Point></Placemark><Placemark><name>KAMNONG</name><description><![CDATA[<table><tr><td><b>Station</b></td><td>KAMNONG</td></tr><tr><td><b>District</b></td><td>UKHRUL</td></tr><tr><td><b>Status</b></td><td>Closed</td></tr><tr><td><b>Source</b></td><td>Mast</td></tr><tr><td><b>Commenced</b></td><td>2009-11-19</td></tr><tr><td><b>Closed</b></td><td>2013-03-26</td></tr><tr><td><b>Mast height (m)</b></td><td>50</td></tr><tr><td><b>Elevation (m)</b></td><td>1918</td></tr><tr><td><b>Mean wind speed (m/s)</b></td><td>4.71</td></tr><tr><td><b>Wind power density (W/m2)</b></td><td>145.28</td></tr><tr><td><b>PDF page</b></td><td>12</td></tr></table>]]></description><TimeSpan><begin>2009-11-19</begin><end>2013-03-26</end></TimeSpan><styleUrl>#Closed</styleUrl><Point><coordinates>94.453167,25.017472,0</coordinates></Point></Placemark><Placemark><name>CHORJENG LUNGHAR</name><description><![CDATA[<table><tr><td><b>Station</b></td><td>CHORJENG LUNGHAR</td></tr><tr><td><b>District</b></td><td>UKHRUL</td></tr><tr><td><b>Status</b></td><td>Closed</td></tr><tr><td><b>Source</b></td><td>Mast</td></tr><tr><td><b>Commenced</b></td><td>2009-11-25</td></tr><tr><td><b>Closed</b></td><td>2010-10-30</td></tr><tr><td><b>Mast height (m)</b></td><td>50</td></tr><tr><td><b>Elevation (m)</b></td><td>2218</td></tr><tr><td><b>PDF page</b></td><td>12</td></tr></table>]]></description><TimeSpan><begin>2009-11-25</begin><end>2010-10-30</end></TimeSpan><styleUrl>#Closed</styleUrl><Point><coordinates>94.473139,25.152694,0</coordinates></Point></Placemark><Placemark><name>MAO</name><description><![CDATA[<table><tr><td><b>Station</b></td><td>MAO</td></tr><tr><td><b>District</b></td><td>SENAPATHI</td></tr><tr><td><b>Status</b></td><td>Closed</td></tr><tr><td><b>Source</b></td><td>Mast</td></tr><tr><td><b>Commenced</b></td><td>2009-12-05</td></tr><tr><td><b>Closed</b></td><td>2013-03-26</td></tr><tr><td><b>Mast height (m)</b></td><td>50</td></tr><tr><td><b>Elevation (m)</b></td><td>2033</td></tr><tr><td><b>Mean wind speed (m/s)</b></td><td>4.69</td></tr><tr><td><b>Wind power density (W/m2)</b></td><td>141.32</td></tr><tr><td><b>PDF page</b></td><td>12</td></tr></table>]]></description><TimeSpan><begin>2009-12-05</begin><end>2013-03-26</end></TimeSpan><styleUrl>#Closed</styleUrl><Point><coordinates>94.512917,25.50625,0</coordinates></Point></Placemark><Placemark><name>KHUGA DAM</name><description><![CDATA[<table><tr><td><b>Station</b></td><td>KHUGA DAM</td></tr><tr><td><b>District</b></td><td>CHURACHANDPUR</td></tr><tr><td><b>Status</b></td><td>Closed</td></tr><tr><td><b>Source</b></td><td>Mast</td></tr><tr><td><b>Commenced</b></td><td>2013-04-18</td></tr><tr><td><b>Closed</b></td><td>2015-04-17</td></tr><tr><td><b>Mast height (m)</b></td><td>50</td></tr><tr><td><b>Elevation (m)</b></td><td>840</td></tr><tr><td><b>Mean wind speed (m/s)</b></td><td>2.71</td></tr><tr><td><b>Wind power density (W/m2)</b></td><td>26.62</td></tr><tr><td><b>PDF page</b></td><td>12</td></tr></table>]]></description><TimeSpan><begin>2013-04-18</begin><end>2015-04-17</end></TimeSpan><styleUrl>#Closed</styleUrl><Point><coordinates>93.684778,24.282639,0</coordinates></Point></Placemark><Placemark><name>TINGKAI</name><description><![CDATA[<table><tr><td><b>Station</b></td><td>TINGKAI</td></tr><tr><td><b>District</b></td><td>SENAPATHI</td></tr><tr><td><b>Status</b></td><td>Closed</td></tr><tr><td><b>Source</b></td><td>Mast</td></tr><tr><td><b>Commenced</b></td><td>2013-04-21</td></tr><tr><td><b>Closed</b></td><td>2015-04-17</td></tr><tr><td><b>Mast height (m)</b></td><td>50</td></tr><tr><td><b>Elevation (m)</b></td><td>1715</td></tr><tr><td><b>Mean wind speed (m/s)</b></td><td>5.33</td></tr><tr><td><b>Wind power density (W/m2)</b></td><td>137.24</td></tr><tr><td><b>PDF page</b></td><td>12</td></tr></table>]]></description><TimeSpan><begin>2013-04-21</begin><end>2015-04-17</end></TimeSpan><styleUrl>#Closed</styleUrl><Point><coordinates>93.725306,24.711667,0</coordinates></Point></Placemark><Placemark><name>PAOMATA CENTRE</name><description><![CDATA[<table><tr><td><b>Station</b></td><td>PAOMATA CENTRE</td></tr><tr><td><b>District</b></td><td>SENAPATHI</td></tr><tr><td><b>Status</b></td><td>Closed</td></tr><tr><td><b>Source</b></td><td>Mast</td></tr><tr><td><b>Commenced</b></td><td>2013-04-23</td></tr><tr><td><b>Closed</b></td><td>2015-04-17</td></tr><tr><td><b>Mast height (m)</b></td><td>50</td></tr><tr><td><b>Elevation (m)</b></td><td>1923</td></tr><tr><td><b>Mean wind speed (m/s)</b></td><td>3.83</td></tr><tr><td><b>Wind power density (W/m2)</b></td><td>70.81</td></tr><tr><td><b>PDF page</b></td><td>12</td></tr></table>]]></description><TimeSpan><begin>2013-04-23</begin><end>2015-04-17</end></TimeSpan><styleUrl>#Closed</styleUrl><Point><coordinates>94.20425,25.490556,0</coordinates></Point></Placemark><Placemark><name>LIYAI</name><description><![CDATA[<table><tr><td><b>Station</b></td><td>LIYAI</td></tr><tr><td><b>District</b></td><td>SENAPATHI</td></tr><tr><td><b>Status</b></td><td>Closed</td></tr><tr><td><b>Source</b></td><td>Mast</td></tr><tr><td><b>Commenced</b></td><td>2017-12-11</td></tr><tr><td><b>Closed</b></td><td>2019-12-31</td></tr><tr><td><b>Mast height (m)</b></td><td>50</td></tr><tr><td><b>Elevation (m)</b></td><td>2153</td></tr><tr><td><b>Mean wind speed (m/s)</b></td><td>4.92</td></tr><tr><td><b>Wind power density (W/m2)</b></td><td>139.57</td></tr><tr><td><b>PDF page</b></td><td>12</td></tr></table>]]></description><TimeSpan><begin>2017-12-11</begin><end>2019-12-31</end></TimeSpan><styleUrl>#Closed</styleUrl><Point><coordinates>94.297472,25.483861,0</coordinates></Point></Placemark><Placemark><name>WILLONG</name><description><![CDATA[<table><tr><td><b>Station</b></td><td>WILLONG</td></tr><tr><td><b>District</b></td><td>SENAPATHI</td></tr><tr><td><b>Status</b></td><td>Closed</td></tr><tr><td><b>Source</b></td><td>Mast</td></tr><tr><td><b>Commenced</b></td><td>2017-12-09</td></tr><tr><td><b>Closed</b></td><td>2019-11-06</td></tr><tr><td><b>Mast height (m)</b></td><td>50</td></tr><tr><td><b>Elevation (m)</b></td><td>1645</td></tr><tr><td><b>Mean wind speed (m/s)</b></td><td>2.5</td></tr><tr><td><b>Wind power density (W/m2)</b></td><td>13.73</td></tr><tr><td><b>PDF page</b></td><td>12</td></tr></table>]]></description><TimeSpan><begin>2017-12-09</begin><end>2019-11-06</end></TimeSpan><styleUrl>#Closed</styleUrl><Point><coordinates>93.965417,25.47335,0</coordinates></Point></Placemark><Placemark><name>V.MUNPI</name><description><![CDATA[<table><tr><td><b>Station</b></td><td>V.MUNPI</td></tr><tr><td><b>District</b></td><td>CHURACHANDPUR</td></tr><tr><td><b>Status</b></td><td>Closed</td></tr><tr><td><b>Source</b></td><td>Mast</td></tr><tr><td><b>Commenced</b></td><td>2018-05-23</td></tr><tr><td><b>Closed</b></td><td>2020-05-20</td></tr><tr><td><b>Mast height (m)</b></td><td>50</td></tr><tr><td><b>Elevation (m)</b></td><td>1289</td></tr><tr><td><b>Mean wind speed (m/s)</b></td><td>3.84</td></tr><tr><td><b>Wind power density (W/m2)</b></td><td>55.79</td></tr><tr><td><b>PDF page</b></td><td>12</td></tr></table>]]></description><TimeSpan><begin>2018-05-23</begin><end>2020-05-20</end></TimeSpan><styleUrl>#Closed</styleUrl><Point><coordinates>93.585194,24.177056,0</coordinates></Point></Placemark><Placemark><name>MAIBA VOFI</name><description><![CDATA[<table><tr><td><b>Station</b></td><td>MAIBA VOFI</td></tr><tr><td><b>District</b></td><td>SENAPATI</td></tr><tr><td><b>Status</b></td><td>Closed</td></tr><tr><td><b>Source</b></td><td>Mast</td></tr><tr><td><b>Commenced</b></td><td>2019-06-05</td></tr><tr><td><b>Closed</b></td><td>2020-12-14</td></tr><tr><td><b>Mast height (m)</b></td><td>50</td></tr><tr><td><b>Elevation (m)</b></td><td>2020</td></tr><tr><td><b>Mean wind speed (m/s)</b></td><td>3.68</td></tr><tr><td><b>Wind power density (W/m2)</b></td><td>54</td></tr><tr><td><b>PDF page</b></td><td>12</td></tr></table>]]></description><TimeSpan><begin>2019-06-05</begin><end>2020-12-14</end></TimeSpan><styleUrl>#Closed</styleUrl><Point><coordinates>94.214414,25.4066,0</coordinates></Point></Placemark><Placemark><name>HAORANG SHABAN</name><description><![CDATA[<table><tr><td><b>Station</b></td><td>HAORANG SHABAN</td></tr><tr><td><b>District</b></td><td>IMPHAL WEST</td></tr><tr><td><b>Status</b></td><td>Closed</td></tr><tr><td><b>Source</b></td><td>Telecom tower</td></tr><tr><td><b>Commenced</b></td><td>2019-09-17</td></tr><tr><td><b>Closed</b></td><td>2021-04-08</td></tr><tr><td><b>Mast height (m)</b></td><td>48</td></tr><tr><td><b>Elevation (m)</b></td><td>790</td></tr><tr><td><b>Mean wind speed (m/s)</b></td><td>2.8</td></tr><tr><td><b>Wind power density (W/m2)</b></td><td>37.88</td></tr><tr><td><b>PDF page</b></td><td>13</td></tr></table>]]></description><TimeSpan><begin>2019-09-17</begin><end>2021-04-08</end></TimeSpan><styleUrl>#Closed</styleUrl><Point><coordinates>93.855167,24.82425,0</coordinates></Point></Placemark><Placemark><name>THIYAM LEISHANGKHONG</name><description><![CDATA[<table><tr><td><b>Station</b></td><td>THIYAM LEISHANGKHONG</td></tr><tr><td><b>District</b></td><td>IMPHAL WEST</td></tr><tr><td><b>Status</b></td><td>Closed</td></tr><tr><td><b>Source</b></td><td>Telecom tower</td></tr><tr><td><b>Commenced</b></td><td>2019-09-20</td></tr><tr><td><b>Closed</b></td><td>2021-04-08</td></tr><tr><td><b>Mast height (m)</b></td><td>45</td></tr><tr><td><b>Elevation (m)</b></td><td>772</td></tr><tr><td><b>Mean wind speed (m/s)</b></td><td>2.31</td></tr><tr><td><b>Wind power density (W/m2)</b></td><td>24.42</td></tr><tr><td><b>PDF page</b></td><td>14</td></tr></table>]]></description><TimeSpan><begin>2019-09-20</begin><end>2021-04-08</end></TimeSpan><styleUrl>#Closed</styleUrl><Point><coordinates>93.901389,24.658972,0</coordinates></Point></Placemark><Placemark><name>THOUBAL ATHOKPAM</name><description><![CDATA[<table><tr><td><b>Station</b></td><td>THOUBAL ATHOKPAM</td></tr><tr><td><b>District</b></td><td>THOUBAL</td></tr><tr><td><b>Status</b></td><td>Closed</td></tr><tr><td><b>Source</b></td><td>Telecom tower</td></tr><tr><td><b>Commenced</b></td><td>2019-09-20</td></tr><tr><td><b>Closed</b></td><td>2021-01-07</td></tr><tr><td><b>Mast height (m)</b></td><td>60</td></tr><tr><td><b>Elevation (m)</b></td><td>782</td></tr><tr><td><b>Mean wind speed (m/s)</b></td><td>2.41</td></tr><tr><td><b>Wind power density (W/m2)</b></td><td>22.62</td></tr><tr><td><b>PDF page</b></td><td>14</td></tr></table>]]></description><TimeSpan><begin>2019-09-20</begin><end>2021-01-07</end></TimeSpan><styleUrl>#Closed</styleUrl><Point><coordinates>94.008556,24.63,0</coordinates></Point></Placemark><Placemark><name>KAKCHING CHUNAM</name><description><![CDATA[<table><tr><td><b>Station</b></td><td>KAKCHING CHUNAM</td></tr><tr><td><b>District</b></td><td>KAKCHING</td></tr><tr><td><b>Status</b></td><td>Closed</td></tr><tr><td><b>Source</b></td><td>Telecom tower</td></tr><tr><td><b>Commenced</b></td><td>2019-09-22</td></tr><tr><td><b>Closed</b></td><td>2021-04-08</td></tr><tr><td><b>Mast height (m)</b></td><td>48</td></tr><tr><td><b>Elevation (m)</b></td><td>783</td></tr><tr><td><b>Mean wind speed (m/s)</b></td><td>2.45</td></tr><tr><td><b>Wind power density (W/m2)</b></td><td>21.96</td></tr><tr><td><b>PDF page</b></td><td>14</td></tr></table>]]></description><TimeSpan><begin>2019-09-22</begin><end>2021-04-08</end></TimeSpan><styleUrl>#Closed</styleUrl><Point><coordinates>93.975778,24.503222,0</coordinates></Point></Placemark><Placemark><name>MAIBAM</name><description><![CDATA[<table><tr><td><b>Station</b></td><td>MAIBAM</td></tr><tr><td><b>District</b></td><td>BISHNUPUR</td></tr><tr><td><b>Status</b></td><td>Closed</td></tr><tr><td><b>Source</b></td><td>Telecom tower</td></tr><tr><td><b>Commenced</b></td><td>2019-09-24</td></tr><tr><td><b>Closed</b></td><td>2021-04-08</td></tr><tr><td><b>Mast height (m)</b></td><td>48</td></tr><tr><td><b>Elevation (m)</b></td><td>846</td></tr><tr><td><b>Mean wind speed (m/s)</b></td><td>2.32</td></tr><tr><td><b>Wind power density (W/m2)</b></td><td>21.11</td></tr><tr><td><b>PDF page</b></td><td>14</td></tr></table>]]></description><TimeSpan><begin>2019-09-24</begin><end>2021-04-08</end></TimeSpan><styleUrl>#Closed</styleUrl><Point><coordinates>93.817222,24.702278,0</coordinates></Point></Placemark><Placemark><name>MOIRANG KONJENGBAM LEIKIA</name><description><![CDATA[<table><tr><td><b>Station</b></td><td>MOIRANG KONJENGBAM LEIKIA</td></tr><tr><td><b>District</b></td><td>BISHNUPUR</td></tr><tr><td><b>Status</b></td><td>Closed</td></tr><tr><td><b>Source</b></td><td>Telecom tower</td></tr><tr><td><b>Commenced</b></td><td>2019-09-26</td></tr><tr><td><b>Closed</b></td><td>2021-01-07</td></tr><tr><td><b>Mast height (m)</b></td><td>48</td></tr><tr><td><b>Elevation (m)</b></td><td>772</td></tr><tr><td><b>Mean wind speed (m/s)</b></td><td>1.97</td></tr><tr><td><b>Wind power density (W/m2)</b></td><td>10.17</td></tr><tr><td><b>PDF page</b></td><td>14</td></tr></table>]]></description><TimeSpan><begin>2019-09-26</begin><end>2021-01-07</end></TimeSpan><styleUrl>#Closed</styleUrl><Point><coordinates>93.773,24.499778,0</coordinates></Point></Placemark><Placemark><name>JANGNOM PHAI</name><description><![CDATA[<table><tr><td><b>Station</b></td><td>JANGNOM PHAI</td></tr><tr><td><b>District</b></td><td>CHURACHANDPUR</td></tr><tr><td><b>Status</b></td><td>Closed</td></tr><tr><td><b>Source</b></td><td>Telecom tower</td></tr><tr><td><b>Commenced</b></td><td>2019-09-27</td></tr><tr><td><b>Closed</b></td><td>2021-01-07</td></tr><tr><td><b>Mast height (m)</b></td><td>48</td></tr><tr><td><b>Elevation (m)</b></td><td>861</td></tr><tr><td><b>Mean wind speed (m/s)</b></td><td>2.41</td></tr><tr><td><b>Wind power density (W/m2)</b></td><td>17.21</td></tr><tr><td><b>PDF page</b></td><td>14</td></tr></table>]]></description><TimeSpan><begin>2019-09-27</begin><end>2021-01-07</end></TimeSpan><styleUrl>#Closed</styleUrl><Point><coordinates>93.699167,24.391611,0</coordinates></Point></Placemark><Placemark><name>LIMAKHONG</name><description><![CDATA[<table><tr><td><b>Station</b></td><td>LIMAKHONG</td></tr><tr><td><b>District</b></td><td>IMPHAL WEST</td></tr><tr><td><b>Status</b></td><td>Closed</td></tr><tr><td><b>Source</b></td><td>Telecom tower</td></tr><tr><td><b>Commenced</b></td><td>2019-09-29</td></tr><tr><td><b>Closed</b></td><td>2021-04-08</td></tr><tr><td><b>Mast height (m)</b></td><td>48</td></tr><tr><td><b>Elevation (m)</b></td><td>855</td></tr><tr><td><b>Mean wind speed (m/s)</b></td><td>2.02</td></tr><tr><td><b>Wind power density (W/m2)</b></td><td>13.56</td></tr><tr><td><b>PDF page</b></td><td>14</td></tr></table>]]></description><TimeSpan><begin>2019-09-29</begin><end>2021-04-08</end></TimeSpan><styleUrl>#Closed</styleUrl><Point><coordinates>93.843639,24.937833,0</coordinates></Point></Placemark><Placemark><name>MONGPIJANG</name><description><![CDATA[<table><tr><td><b>Station</b></td><td>MONGPIJANG</td></tr><tr><td><b>District</b></td><td>KANGPOKPI</td></tr><tr><td><b>Status</b></td><td>Closed</td></tr><tr><td><b>Source</b></td><td>Telecom tower</td></tr><tr><td><b>Commenced</b></td><td>2019-09-30</td></tr><tr><td><b>Closed</b></td><td>2021-01-07</td></tr><tr><td><b>Mast height (m)</b></td><td>60</td></tr><tr><td><b>Elevation (m)</b></td><td>944</td></tr><tr><td><b>Mean wind speed (m/s)</b></td><td>3.05</td></tr><tr><td><b>Wind power density (W/m2)</b></td><td>29.59</td></tr><tr><td><b>PDF page</b></td><td>14</td></tr></table>]]></description><TimeSpan><begin>2019-09-30</begin><end>2021-01-07</end></TimeSpan><styleUrl>#Closed</styleUrl><Point><coordinates>93.918417,25.0215,0</coordinates></Point></Placemark></Folder><Folder><name>MEGHALAYA (32)</name><Placemark><name>LAITDIENGSAI</name><description><![CDATA[<table><tr><td><b>Station</b></td><td>LAITDIENGSAI</td></tr><tr><td><b>District</b></td><td>EAST KHASI HILLS</td></tr><tr><td><b>Status</b></td><td>Closed</td></tr><tr><td><b>Source</b></td><td>Mast</td></tr><tr><td><b>Commenced</b></td><td>2009-04-09</td></tr><tr><td><b>Closed</b></td><td>2012-07-30</td></tr><tr><td><b>Mast height (m)</b></td><td>50</td></tr><tr><td><b>Elevation (m)</b></td><td>1886</td></tr><tr><td><b>PDF page</b></td><td>12</td></tr></table>]]></description><TimeSpan><begin>2009-04-09</begin><end>2012-07-30</end></TimeSpan><styleUrl>#Closed</styleUrl><Point><coordinates>91.922861,25.469278,0</coordinates></Point></Placemark><Placemark><name>MAWIAWETE</name><description><![CDATA[<table><tr><td><b>Station</b></td><td>MAWIAWETE</td></tr><tr><td><b>District</b></td><td>WEST KHAN HILLS</td></tr><tr><td><b>Status</b></td><td>Closed</td></tr><tr><td><b>Source</b></td><td>Mast</td></tr><tr><td><b>Commenced</b></td><td>2009-12-17</td></tr><tr><td><b>Closed</b></td><td>2012-07-30</td></tr><tr><td><b>Mast height (m)</b></td><td>50</td></tr><tr><td><b>Elevation (m)</b></td><td>1580</td></tr><tr><td><b>Mean wind speed (m/s)</b></td><td>4.23</td></tr><tr><td><b>Wind power density (W/m2)</b></td><td>69.42</td></tr><tr><td><b>PDF page</b></td><td>12</td></tr></table>]]></description><TimeSpan><begin>2009-12-17</begin><end>2012-07-30</end></TimeSpan><styleUrl>#Closed</styleUrl><Point><coordinates>91.346611,25.530056,0</coordinates></Point></Placemark><Placemark><name>RYMBAI</name><description><![CDATA[<table><tr><td><b>Station</b></td><td>RYMBAI</td></tr><tr><td><b>District</b></td><td>JAINTIA HILLS</td></tr><tr><td><b>Status</b></td><td>Closed</td></tr><tr><td><b>Source</b></td><td>Mast</td></tr><tr><td><b>Commenced</b></td><td>2011-05-23</td></tr><tr><td><b>Closed</b></td><td>2013-05-27</td></tr><tr><td><b>Mast height (m)</b></td><td>50</td></tr><tr><td><b>Elevation (m)</b></td><td>1148</td></tr><tr><td><b>Mean wind speed (m/s)</b></td><td>4.29</td></tr><tr><td><b>Wind power density (W/m2)</b></td><td>85.33</td></tr><tr><td><b>PDF page</b></td><td>12</td></tr></table>]]></description><TimeSpan><begin>2011-05-23</begin><end>2013-05-27</end></TimeSpan><styleUrl>#Closed</styleUrl><Point><coordinates>92.324222,25.323972,0</coordinates></Point></Placemark><Placemark><name>UMTONG</name><description><![CDATA[<table><tr><td><b>Station</b></td><td>UMTONG</td></tr><tr><td><b>District</b></td><td>EAST KHASI HILLS</td></tr><tr><td><b>Status</b></td><td>Closed</td></tr><tr><td><b>Source</b></td><td>Mast</td></tr><tr><td><b>Commenced</b></td><td>2015-03-28</td></tr><tr><td><b>Closed</b></td><td>2017-07-31</td></tr><tr><td><b>Mast height (m)</b></td><td>50</td></tr><tr><td><b>Elevation (m)</b></td><td>1416</td></tr><tr><td><b>Mean wind speed (m/s)</b></td><td>2.99</td></tr><tr><td><b>Wind power density (W/m2)</b></td><td>34.79</td></tr><tr><td><b>PDF page</b></td><td>13</td></tr></table>]]></description><TimeSpan><begin>2015-03-28</begin><end>2017-07-31</end></TimeSpan><styleUrl>#Closed</styleUrl><Point><coordinates>92.000161,25.415303,0</coordinates></Point></Placemark><Placemark><name>WAHJAPUNG</name><description><![CDATA[<table><tr><td><b>Station</b></td><td>WAHJAPUNG</td></tr><tr><td><b>District</b></td><td>JAINTIA HILLS</td></tr><tr><td><b>Status</b></td><td>Closed</td></tr><tr><td><b>Source</b></td><td>Mast</td></tr><tr><td><b>Commenced</b></td><td>2015-03-31</td></tr><tr><td><b>Closed</b></td><td>2017-07-31</td></tr><tr><td><b>Mast height (m)</b></td><td>50</td></tr><tr><td><b>Elevation (m)</b></td><td>832</td></tr><tr><td><b>Mean wind speed (m/s)</b></td><td>1.89</td></tr><tr><td><b>Wind power density (W/m2)</b></td><td>15.82</td></tr><tr><td><b>PDF page</b></td><td>13</td></tr></table>]]></description><TimeSpan><begin>2015-03-31</begin><end>2017-07-31</end></TimeSpan><styleUrl>#Closed</styleUrl><Point><coordinates>92.682167,25.216161,0</coordinates></Point></Placemark><Placemark><name>SHIKENTALANG</name><description><![CDATA[<table><tr><td><b>Station</b></td><td>SHIKENTALANG</td></tr><tr><td><b>District</b></td><td>JAINTIA HILLS</td></tr><tr><td><b>Status</b></td><td>Closed</td></tr><tr><td><b>Source</b></td><td>Mast</td></tr><tr><td><b>Commenced</b></td><td>2015-04-03</td></tr><tr><td><b>Closed</b></td><td>2019-03-28</td></tr><tr><td><b>Mast height (m)</b></td><td>50</td></tr><tr><td><b>Elevation (m)</b></td><td>1253</td></tr><tr><td><b>Mean wind speed (m/s)</b></td><td>3.98</td></tr><tr><td><b>Wind power density (W/m2)</b></td><td>85.01</td></tr><tr><td><b>PDF page</b></td><td>13</td></tr></table>]]></description><TimeSpan><begin>2015-04-03</begin><end>2019-03-28</end></TimeSpan><styleUrl>#Closed</styleUrl><Point><coordinates>92.144997,25.335233,0</coordinates></Point></Placemark><Placemark><name>ROMBAGRE</name><description><![CDATA[<table><tr><td><b>Station</b></td><td>ROMBAGRE</td></tr><tr><td><b>District</b></td><td>WEST GARO HILLS</td></tr><tr><td><b>Status</b></td><td>Closed</td></tr><tr><td><b>Source</b></td><td>Mast</td></tr><tr><td><b>Commenced</b></td><td>2016-01-29</td></tr><tr><td><b>Closed</b></td><td>2018-06-07</td></tr><tr><td><b>Mast height (m)</b></td><td>50</td></tr><tr><td><b>Elevation (m)</b></td><td>502</td></tr><tr><td><b>Mean wind speed (m/s)</b></td><td>2.35</td></tr><tr><td><b>Wind power density (W/m2)</b></td><td>14.16</td></tr><tr><td><b>PDF page</b></td><td>13</td></tr></table>]]></description><TimeSpan><begin>2016-01-29</begin><end>2018-06-07</end></TimeSpan><styleUrl>#Closed</styleUrl><Point><coordinates>90.360722,25.556736,0</coordinates></Point></Placemark><Placemark><name>MAWKNENG</name><description><![CDATA[<table><tr><td><b>Station</b></td><td>MAWKNENG</td></tr><tr><td><b>District</b></td><td>EAST KHASI HILLS</td></tr><tr><td><b>Status</b></td><td>Closed</td></tr><tr><td><b>Source</b></td><td>Mast</td></tr><tr><td><b>Commenced</b></td><td>2017-10-05</td></tr><tr><td><b>Closed</b></td><td>2021-04-08</td></tr><tr><td><b>Mast height (m)</b></td><td>50</td></tr><tr><td><b>Elevation (m)</b></td><td>1882</td></tr><tr><td><b>PDF page</b></td><td>13</td></tr></table>]]></description><TimeSpan><begin>2017-10-05</begin><end>2021-04-08</end></TimeSpan><styleUrl>#Closed</styleUrl><Point><coordinates>91.671206,25.502989,0</coordinates></Point></Placemark><Placemark><name>NONGTHLIEW</name><description><![CDATA[<table><tr><td><b>Station</b></td><td>NONGTHLIEW</td></tr><tr><td><b>District</b></td><td>WEST KHASI HILLS</td></tr><tr><td><b>Status</b></td><td>Closed</td></tr><tr><td><b>Source</b></td><td>Mast</td></tr><tr><td><b>Commenced</b></td><td>2017-10-06</td></tr><tr><td><b>Closed</b></td><td>2019-11-06</td></tr><tr><td><b>Mast height (m)</b></td><td>50</td></tr><tr><td><b>Elevation (m)</b></td><td>1780</td></tr><tr><td><b>Mean wind speed (m/s)</b></td><td>4.93</td></tr><tr><td><b>Wind power density (W/m2)</b></td><td>117.3</td></tr><tr><td><b>PDF page</b></td><td>13</td></tr></table>]]></description><TimeSpan><begin>2017-10-06</begin><end>2019-11-06</end></TimeSpan><styleUrl>#Closed</styleUrl><Point><coordinates>91.726819,25.564528,0</coordinates></Point></Placemark><Placemark><name>MAWPHANLUR</name><description><![CDATA[<table><tr><td><b>Station</b></td><td>MAWPHANLUR</td></tr><tr><td><b>District</b></td><td>WEST KHASI HILLS</td></tr><tr><td><b>Status</b></td><td>Closed</td></tr><tr><td><b>Source</b></td><td>Mast</td></tr><tr><td><b>Commenced</b></td><td>2017-10-07</td></tr><tr><td><b>Closed</b></td><td>2019-12-31</td></tr><tr><td><b>Mast height (m)</b></td><td>50</td></tr><tr><td><b>Elevation (m)</b></td><td>1803</td></tr><tr><td><b>Mean wind speed (m/s)</b></td><td>5.06</td></tr><tr><td><b>Wind power density (W/m2)</b></td><td>107.86</td></tr><tr><td><b>PDF page</b></td><td>13</td></tr></table>]]></description><TimeSpan><begin>2017-10-07</begin><end>2019-12-31</end></TimeSpan><styleUrl>#Closed</styleUrl><Point><coordinates>91.423664,25.543981,0</coordinates></Point></Placemark><Placemark><name>WAHKAJI</name><description><![CDATA[<table><tr><td><b>Station</b></td><td>WAHKAJI</td></tr><tr><td><b>District</b></td><td>WEST KHASI HILLS</td></tr><tr><td><b>Status</b></td><td>Closed</td></tr><tr><td><b>Source</b></td><td>Mast</td></tr><tr><td><b>Commenced</b></td><td>2017-10-09</td></tr><tr><td><b>Closed</b></td><td>2019-11-06</td></tr><tr><td><b>Mast height (m)</b></td><td>50</td></tr><tr><td><b>Elevation (m)</b></td><td>1320</td></tr><tr><td><b>Mean wind speed (m/s)</b></td><td>3.48</td></tr><tr><td><b>Wind power density (W/m2)</b></td><td>38.1</td></tr><tr><td><b>PDF page</b></td><td>13</td></tr></table>]]></description><TimeSpan><begin>2017-10-09</begin><end>2019-11-06</end></TimeSpan><styleUrl>#Closed</styleUrl><Point><coordinates>91.262544,25.363175,0</coordinates></Point></Placemark><Placemark><name>TLANGPUI</name><description><![CDATA[<table><tr><td><b>Station</b></td><td>TLANGPUI</td></tr><tr><td><b>District</b></td><td>JIANTIA HILLS</td></tr><tr><td><b>Status</b></td><td>Closed</td></tr><tr><td><b>Source</b></td><td>Mast</td></tr><tr><td><b>Commenced</b></td><td>2017-10-11</td></tr><tr><td><b>Closed</b></td><td>2019-11-06</td></tr><tr><td><b>Mast height (m)</b></td><td>50</td></tr><tr><td><b>Elevation (m)</b></td><td>1039</td></tr><tr><td><b>Mean wind speed (m/s)</b></td><td>4.27</td></tr><tr><td><b>Wind power density (W/m2)</b></td><td>108.4</td></tr><tr><td><b>PDF page</b></td><td>13</td></tr></table>]]></description><TimeSpan><begin>2017-10-11</begin><end>2019-11-06</end></TimeSpan><styleUrl>#Closed</styleUrl><Point><coordinates>92.697628,25.358817,0</coordinates></Point></Placemark><Placemark><name>RUNGKUGRE</name><description><![CDATA[<table><tr><td><b>Station</b></td><td>RUNGKUGRE</td></tr><tr><td><b>District</b></td><td>WEST GARO HILLS</td></tr><tr><td><b>Status</b></td><td>Closed</td></tr><tr><td><b>Source</b></td><td>Mast</td></tr><tr><td><b>Commenced</b></td><td>2017-10-13</td></tr><tr><td><b>Closed</b></td><td>2019-11-06</td></tr><tr><td><b>Mast height (m)</b></td><td>50</td></tr><tr><td><b>Elevation (m)</b></td><td>409</td></tr><tr><td><b>Mean wind speed (m/s)</b></td><td>2.81</td></tr><tr><td><b>Wind power density (W/m2)</b></td><td>28.88</td></tr><tr><td><b>PDF page</b></td><td>13</td></tr></table>]]></description><TimeSpan><begin>2017-10-13</begin><end>2019-11-06</end></TimeSpan><styleUrl>#Closed</styleUrl><Point><coordinates>90.256767,25.473206,0</coordinates></Point></Placemark><Placemark><name>SHNONGRIM</name><description><![CDATA[<table><tr><td><b>Station</b></td><td>SHNONGRIM</td></tr><tr><td><b>District</b></td><td>EAST JIANTIA HILLS</td></tr><tr><td><b>Status</b></td><td>Closed</td></tr><tr><td><b>Source</b></td><td>Mast</td></tr><tr><td><b>Commenced</b></td><td>2018-01-24</td></tr><tr><td><b>Closed</b></td><td>2020-12-14</td></tr><tr><td><b>Mast height (m)</b></td><td>50</td></tr><tr><td><b>Elevation (m)</b></td><td>1182</td></tr><tr><td><b>Mean wind speed (m/s)</b></td><td>6.19</td></tr><tr><td><b>Wind power density (W/m2)</b></td><td>253.78</td></tr><tr><td><b>PDF page</b></td><td>13</td></tr></table>]]></description><TimeSpan><begin>2018-01-24</begin><end>2020-12-14</end></TimeSpan><styleUrl>#Closed</styleUrl><Point><coordinates>92.513278,25.350889,0</coordinates></Point></Placemark><Placemark><name>WAHSHARI</name><description><![CDATA[<table><tr><td><b>Station</b></td><td>WAHSHARI</td></tr><tr><td><b>District</b></td><td>EAST KHASI HILLS</td></tr><tr><td><b>Status</b></td><td>Closed</td></tr><tr><td><b>Source</b></td><td>Mast</td></tr><tr><td><b>Commenced</b></td><td>2019-03-07</td></tr><tr><td><b>Closed</b></td><td>2020-05-20</td></tr><tr><td><b>Mast height (m)</b></td><td>50</td></tr><tr><td><b>Elevation (m)</b></td><td>1459</td></tr><tr><td><b>Mean wind speed (m/s)</b></td><td>3.47</td></tr><tr><td><b>Wind power density (W/m2)</b></td><td>43.57</td></tr><tr><td><b>PDF page</b></td><td>13</td></tr></table>]]></description><TimeSpan><begin>2019-03-07</begin><end>2020-05-20</end></TimeSpan><styleUrl>#Closed</styleUrl><Point><coordinates>91.709167,25.291167,0</coordinates></Point></Placemark><Placemark><name>LEW MAWLONG</name><description><![CDATA[<table><tr><td><b>Station</b></td><td>LEW MAWLONG</td></tr><tr><td><b>District</b></td><td>EAST KHASI HILLS</td></tr><tr><td><b>Status</b></td><td>Closed</td></tr><tr><td><b>Source</b></td><td>Mast</td></tr><tr><td><b>Commenced</b></td><td>2019-03-06</td></tr><tr><td><b>Closed</b></td><td>2020-05-20</td></tr><tr><td><b>Mast height (m)</b></td><td>50</td></tr><tr><td><b>Elevation (m)</b></td><td>1857</td></tr><tr><td><b>Mean wind speed (m/s)</b></td><td>4.18</td></tr><tr><td><b>Wind power density (W/m2)</b></td><td>66.72</td></tr><tr><td><b>PDF page</b></td><td>13</td></tr></table>]]></description><TimeSpan><begin>2019-03-06</begin><end>2020-05-20</end></TimeSpan><styleUrl>#Closed</styleUrl><Point><coordinates>91.846111,25.425833,0</coordinates></Point></Placemark><Placemark><name>SYNTUNG</name><description><![CDATA[<table><tr><td><b>Station</b></td><td>SYNTUNG</td></tr><tr><td><b>District</b></td><td>EAST KHASI HILLS</td></tr><tr><td><b>Status</b></td><td>Closed</td></tr><tr><td><b>Source</b></td><td>Mast</td></tr><tr><td><b>Commenced</b></td><td>2019-03-09</td></tr><tr><td><b>Closed</b></td><td>2020-05-20</td></tr><tr><td><b>Mast height (m)</b></td><td>50</td></tr><tr><td><b>Elevation (m)</b></td><td>1325</td></tr><tr><td><b>Mean wind speed (m/s)</b></td><td>3.23</td></tr><tr><td><b>Wind power density (W/m2)</b></td><td>39.59</td></tr><tr><td><b>PDF page</b></td><td>13</td></tr></table>]]></description><TimeSpan><begin>2019-03-09</begin><end>2020-05-20</end></TimeSpan><styleUrl>#Closed</styleUrl><Point><coordinates>92.047222,25.352778,0</coordinates></Point></Placemark><Placemark><name>MAWPHLANG</name><description><![CDATA[<table><tr><td><b>Station</b></td><td>MAWPHLANG</td></tr><tr><td><b>District</b></td><td>EAST KHASI HILLS</td></tr><tr><td><b>Status</b></td><td>Closed</td></tr><tr><td><b>Source</b></td><td>Telecom tower</td></tr><tr><td><b>Commenced</b></td><td>2018-05-04</td></tr><tr><td><b>Closed</b></td><td>2019-11-06</td></tr><tr><td><b>Mast height (m)</b></td><td>38</td></tr><tr><td><b>Elevation (m)</b></td><td>1836</td></tr><tr><td><b>Mean wind speed (m/s)</b></td><td>3.05</td></tr><tr><td><b>Wind power density (W/m2)</b></td><td>34.98</td></tr><tr><td><b>PDF page</b></td><td>13</td></tr></table>]]></description><TimeSpan><begin>2018-05-04</begin><end>2019-11-06</end></TimeSpan><styleUrl>#Closed</styleUrl><Point><coordinates>91.762528,25.457444,0</coordinates></Point></Placemark><Placemark><name>LAITLYNGKOT</name><description><![CDATA[<table><tr><td><b>Station</b></td><td>LAITLYNGKOT</td></tr><tr><td><b>District</b></td><td>EAST KHASI HILLS</td></tr><tr><td><b>Status</b></td><td>Closed</td></tr><tr><td><b>Source</b></td><td>Telecom tower</td></tr><tr><td><b>Commenced</b></td><td>2018-06-08</td></tr><tr><td><b>Closed</b></td><td>2019-12-31</td></tr><tr><td><b>Mast height (m)</b></td><td>34</td></tr><tr><td><b>Elevation (m)</b></td><td>1856</td></tr><tr><td><b>Mean wind speed (m/s)</b></td><td>3.48</td></tr><tr><td><b>Wind power density (W/m2)</b></td><td>39.73</td></tr><tr><td><b>PDF page</b></td><td>13</td></tr></table>]]></description><TimeSpan><begin>2018-06-08</begin><end>2019-12-31</end></TimeSpan><styleUrl>#Closed</styleUrl><Point><coordinates>91.838389,25.446361,0</coordinates></Point></Placemark><Placemark><name>MCLBB</name><description><![CDATA[<table><tr><td><b>Station</b></td><td>MCLBB</td></tr><tr><td><b>District</b></td><td>JAINTIA HILLS</td></tr><tr><td><b>Status</b></td><td>Closed</td></tr><tr><td><b>Source</b></td><td>Telecom tower</td></tr><tr><td><b>Commenced</b></td><td>2018-06-09</td></tr><tr><td><b>Closed</b></td><td>2019-11-06</td></tr><tr><td><b>Mast height (m)</b></td><td>50</td></tr><tr><td><b>Elevation (m)</b></td><td>1144</td></tr><tr><td><b>Mean wind speed (m/s)</b></td><td>4.51</td></tr><tr><td><b>Wind power density (W/m2)</b></td><td>83.04</td></tr><tr><td><b>PDF page</b></td><td>13</td></tr></table>]]></description><TimeSpan><begin>2018-06-09</begin><end>2019-11-06</end></TimeSpan><styleUrl>#Closed</styleUrl><Point><coordinates>92.36525,25.338139,0</coordinates></Point></Placemark><Placemark><name>SHILLONG</name><description><![CDATA[<table><tr><td><b>Station</b></td><td>SHILLONG</td></tr><tr><td><b>District</b></td><td>SHILLONG</td></tr><tr><td><b>Status</b></td><td>Closed</td></tr><tr><td><b>Source</b></td><td>Telecom tower</td></tr><tr><td><b>Commenced</b></td><td>2018-06-10</td></tr><tr><td><b>Closed</b></td><td>2019-11-06</td></tr><tr><td><b>Mast height (m)</b></td><td>35</td></tr><tr><td><b>Elevation (m)</b></td><td>1820</td></tr><tr><td><b>Mean wind speed (m/s)</b></td><td>3.9</td></tr><tr><td><b>Wind power density (W/m2)</b></td><td>52.6</td></tr><tr><td><b>PDF page</b></td><td>13</td></tr></table>]]></description><TimeSpan><begin>2018-06-10</begin><end>2019-11-06</end></TimeSpan><styleUrl>#Closed</styleUrl><Point><coordinates>91.889469,25.513439,0</coordinates></Point></Placemark><Placemark><name>DURAGRE</name><description><![CDATA[<table><tr><td><b>Station</b></td><td>DURAGRE</td></tr><tr><td><b>District</b></td><td>WEST GARO HILLS</td></tr><tr><td><b>Status</b></td><td>Closed</td></tr><tr><td><b>Source</b></td><td>Telecom tower</td></tr><tr><td><b>Commenced</b></td><td>2018-06-12</td></tr><tr><td><b>Closed</b></td><td>2019-11-06</td></tr><tr><td><b>Mast height (m)</b></td><td>47</td></tr><tr><td><b>Elevation (m)</b></td><td>768</td></tr><tr><td><b>Mean wind speed (m/s)</b></td><td>3.17</td></tr><tr><td><b>Wind power density (W/m2)</b></td><td>63.16</td></tr><tr><td><b>PDF page</b></td><td>13</td></tr></table>]]></description><TimeSpan><begin>2018-06-12</begin><end>2019-11-06</end></TimeSpan><styleUrl>#Closed</styleUrl><Point><coordinates>90.247469,25.548,0</coordinates></Point></Placemark><Placemark><name>UMBADOH</name><description><![CDATA[<table><tr><td><b>Station</b></td><td>UMBADOH</td></tr><tr><td><b>District</b></td><td>EAST JAINTIA HILLS</td></tr><tr><td><b>Status</b></td><td>Closed</td></tr><tr><td><b>Source</b></td><td>Telecom tower</td></tr><tr><td><b>Commenced</b></td><td>2019-02-21</td></tr><tr><td><b>Closed</b></td><td>2020-05-20</td></tr><tr><td><b>Mast height (m)</b></td><td>34</td></tr><tr><td><b>Elevation (m)</b></td><td>778</td></tr><tr><td><b>Mean wind speed (m/s)</b></td><td>2.57</td></tr><tr><td><b>Wind power density (W/m2)</b></td><td>19.23</td></tr><tr><td><b>PDF page</b></td><td>13</td></tr></table>]]></description><TimeSpan><begin>2019-02-21</begin><end>2020-05-20</end></TimeSpan><styleUrl>#Closed</styleUrl><Point><coordinates>92.378556,25.203222,0</coordinates></Point></Placemark><Placemark><name>LUMSHNONG</name><description><![CDATA[<table><tr><td><b>Station</b></td><td>LUMSHNONG</td></tr><tr><td><b>District</b></td><td>JAINTIA HILLS</td></tr><tr><td><b>Status</b></td><td>Closed</td></tr><tr><td><b>Source</b></td><td>Telecom tower</td></tr><tr><td><b>Commenced</b></td><td>2019-02-22</td></tr><tr><td><b>Closed</b></td><td>2020-05-20</td></tr><tr><td><b>Mast height (m)</b></td><td>42</td></tr><tr><td><b>Elevation (m)</b></td><td>544</td></tr><tr><td><b>Mean wind speed (m/s)</b></td><td>2</td></tr><tr><td><b>Wind power density (W/m2)</b></td><td>9.7</td></tr><tr><td><b>PDF page</b></td><td>13</td></tr></table>]]></description><TimeSpan><begin>2019-02-22</begin><end>2020-05-20</end></TimeSpan><styleUrl>#Closed</styleUrl><Point><coordinates>92.375806,25.175139,0</coordinates></Point></Placemark><Placemark><name>LADRYMBAI</name><description><![CDATA[<table><tr><td><b>Station</b></td><td>LADRYMBAI</td></tr><tr><td><b>District</b></td><td>JAINTIA HILLS</td></tr><tr><td><b>Status</b></td><td>Closed</td></tr><tr><td><b>Source</b></td><td>Telecom tower</td></tr><tr><td><b>Commenced</b></td><td>2019-02-20</td></tr><tr><td><b>Closed</b></td><td>2020-05-20</td></tr><tr><td><b>Mast height (m)</b></td><td>35</td></tr><tr><td><b>Elevation (m)</b></td><td>1319</td></tr><tr><td><b>Mean wind speed (m/s)</b></td><td>4.9</td></tr><tr><td><b>Wind power density (W/m2)</b></td><td>105.09</td></tr><tr><td><b>PDF page</b></td><td>13</td></tr></table>]]></description><TimeSpan><begin>2019-02-20</begin><end>2020-05-20</end></TimeSpan><styleUrl>#Closed</styleUrl><Point><coordinates>92.314028,25.393361,0</coordinates></Point></Placemark><Placemark><name>SHANGPUNG</name><description><![CDATA[<table><tr><td><b>Station</b></td><td>SHANGPUNG</td></tr><tr><td><b>District</b></td><td>JAINTIA HILLS</td></tr><tr><td><b>Status</b></td><td>Closed</td></tr><tr><td><b>Source</b></td><td>Telecom tower</td></tr><tr><td><b>Commenced</b></td><td>2019-02-19</td></tr><tr><td><b>Closed</b></td><td>2020-05-20</td></tr><tr><td><b>Mast height (m)</b></td><td>42</td></tr><tr><td><b>Elevation (m)</b></td><td>1285</td></tr><tr><td><b>Mean wind speed (m/s)</b></td><td>2.89</td></tr><tr><td><b>Wind power density (W/m2)</b></td><td>26.81</td></tr><tr><td><b>PDF page</b></td><td>13</td></tr></table>]]></description><TimeSpan><begin>2019-02-19</begin><end>2020-05-20</end></TimeSpan><styleUrl>#Closed</styleUrl><Point><coordinates>92.351778,25.480028,0</coordinates></Point></Placemark><Placemark><name>UMSTAIN</name><description><![CDATA[<table><tr><td><b>Station</b></td><td>UMSTAIN</td></tr><tr><td><b>District</b></td><td>JAINTIA HILLS</td></tr><tr><td><b>Status</b></td><td>Closed</td></tr><tr><td><b>Source</b></td><td>Telecom tower</td></tr><tr><td><b>Commenced</b></td><td>2019-02-23</td></tr><tr><td><b>Closed</b></td><td>2020-05-20</td></tr><tr><td><b>Mast height (m)</b></td><td>36</td></tr><tr><td><b>Elevation (m)</b></td><td>440</td></tr><tr><td><b>Mean wind speed (m/s)</b></td><td>3.03</td></tr><tr><td><b>Wind power density (W/m2)</b></td><td>27.54</td></tr><tr><td><b>PDF page</b></td><td>13</td></tr></table>]]></description><TimeSpan><begin>2019-02-23</begin><end>2020-05-20</end></TimeSpan><styleUrl>#Closed</styleUrl><Point><coordinates>92.361694,25.151689,0</coordinates></Point></Placemark><Placemark><name>LAITRYNGNEW</name><description><![CDATA[<table><tr><td><b>Station</b></td><td>LAITRYNGNEW</td></tr><tr><td><b>District</b></td><td>EAST KHASI HILLS</td></tr><tr><td><b>Status</b></td><td>Closed</td></tr><tr><td><b>Source</b></td><td>Telecom tower</td></tr><tr><td><b>Commenced</b></td><td>2019-02-23</td></tr><tr><td><b>Closed</b></td><td>2020-05-20</td></tr><tr><td><b>Mast height (m)</b></td><td>37</td></tr><tr><td><b>Elevation (m)</b></td><td>1691</td></tr><tr><td><b>Mean wind speed (m/s)</b></td><td>3.77</td></tr><tr><td><b>Wind power density (W/m2)</b></td><td>55.88</td></tr><tr><td><b>PDF page</b></td><td>13</td></tr></table>]]></description><TimeSpan><begin>2019-02-23</begin><end>2020-05-20</end></TimeSpan><styleUrl>#Closed</styleUrl><Point><coordinates>91.732783,25.327756,0</coordinates></Point></Placemark><Placemark><name>WAHLYNGKHAT</name><description><![CDATA[<table><tr><td><b>Station</b></td><td>WAHLYNGKHAT</td></tr><tr><td><b>District</b></td><td>EAST KHASI HILLS</td></tr><tr><td><b>Status</b></td><td>Closed</td></tr><tr><td><b>Source</b></td><td>Telecom tower</td></tr><tr><td><b>Commenced</b></td><td>2019-02-21</td></tr><tr><td><b>Closed</b></td><td>2020-05-20</td></tr><tr><td><b>Mast height (m)</b></td><td>48</td></tr><tr><td><b>Elevation (m)</b></td><td>1518</td></tr><tr><td><b>Mean wind speed (m/s)</b></td><td>3.77</td></tr><tr><td><b>Wind power density (W/m2)</b></td><td>64.31</td></tr><tr><td><b>PDF page</b></td><td>13</td></tr></table>]]></description><TimeSpan><begin>2019-02-21</begin><end>2020-05-20</end></TimeSpan><styleUrl>#Closed</styleUrl><Point><coordinates>91.887308,25.337539,0</coordinates></Point></Placemark><Placemark><name>MAWPAT</name><description><![CDATA[<table><tr><td><b>Station</b></td><td>MAWPAT</td></tr><tr><td><b>District</b></td><td>EAST KHASI HILLS</td></tr><tr><td><b>Status</b></td><td>Closed</td></tr><tr><td><b>Source</b></td><td>Telecom tower</td></tr><tr><td><b>Commenced</b></td><td>2019-02-21</td></tr><tr><td><b>Closed</b></td><td>2020-05-20</td></tr><tr><td><b>Mast height (m)</b></td><td>28</td></tr><tr><td><b>Elevation (m)</b></td><td>1617</td></tr><tr><td><b>Mean wind speed (m/s)</b></td><td>3.57</td></tr><tr><td><b>Wind power density (W/m2)</b></td><td>48.58</td></tr><tr><td><b>PDF page</b></td><td>13</td></tr></table>]]></description><TimeSpan><begin>2019-02-21</begin><end>2020-05-20</end></TimeSpan><styleUrl>#Closed</styleUrl><Point><coordinates>91.915592,25.606861,0</coordinates></Point></Placemark><Placemark><name>UMULONG</name><description><![CDATA[<table><tr><td><b>Station</b></td><td>UMULONG</td></tr><tr><td><b>District</b></td><td>JAINTIA HILLS</td></tr><tr><td><b>Status</b></td><td>Closed</td></tr><tr><td><b>Source</b></td><td>Telecom tower</td></tr><tr><td><b>Commenced</b></td><td>2019-02-19</td></tr><tr><td><b>Closed</b></td><td>2020-05-20</td></tr><tr><td><b>Mast height (m)</b></td><td>35</td></tr><tr><td><b>Elevation (m)</b></td><td>1340</td></tr><tr><td><b>Mean wind speed (m/s)</b></td><td>2.84</td></tr><tr><td><b>Wind power density (W/m2)</b></td><td>31.37</td></tr><tr><td><b>PDF page</b></td><td>13</td></tr></table>]]></description><TimeSpan><begin>2019-02-19</begin><end>2020-05-20</end></TimeSpan><styleUrl>#Closed</styleUrl><Point><coordinates>92.156036,25.516067,0</coordinates></Point></Placemark><Placemark><name>MAWRYNGKNENG</name><description><![CDATA[<table><tr><td><b>Station</b></td><td>MAWRYNGKNENG</td></tr><tr><td><b>District</b></td><td>EAST KHASI HILLS</td></tr><tr><td><b>Status</b></td><td>Closed</td></tr><tr><td><b>Source</b></td><td>Telecom tower</td></tr><tr><td><b>Commenced</b></td><td>2019-02-20</td></tr><tr><td><b>Closed</b></td><td>2020-05-20</td></tr><tr><td><b>Mast height (m)</b></td><td>34</td></tr><tr><td><b>Elevation (m)</b></td><td>1334</td></tr><tr><td><b>Mean wind speed (m/s)</b></td><td>2.89</td></tr><tr><td><b>Wind power density (W/m2)</b></td><td>26.01</td></tr><tr><td><b>PDF page</b></td><td>13</td></tr></table>]]></description><TimeSpan><begin>2019-02-20</begin><end>2020-05-20</end></TimeSpan><styleUrl>#Closed</styleUrl><Point><coordinates>92.057722,25.554944,0</coordinates></Point></Placemark></Folder><Folder><name>MIZORAM (14)</name><Placemark><name>HMUIFANG</name><description><![CDATA[<table><tr><td><b>Station</b></td><td>HMUIFANG</td></tr><tr><td><b>District</b></td><td>AIZAWL</td></tr><tr><td><b>Status</b></td><td>Closed</td></tr><tr><td><b>Source</b></td><td>Mast</td></tr><tr><td><b>Commenced</b></td><td>2005-02-18</td></tr><tr><td><b>Closed</b></td><td>2007-03-16</td></tr><tr><td><b>Mast height (m)</b></td><td>25</td></tr><tr><td><b>Elevation (m)</b></td><td>1590</td></tr><tr><td><b>Mean wind speed (m/s)</b></td><td>2.16</td></tr><tr><td><b>Wind power density (W/m2)</b></td><td>14</td></tr><tr><td><b>PDF page</b></td><td>12</td></tr></table>]]></description><TimeSpan><begin>2005-02-18</begin><end>2007-03-16</end></TimeSpan><styleUrl>#Closed</styleUrl><Point><coordinates>92.763333,23.437222,0</coordinates></Point></Placemark><Placemark><name>LUNGLEI</name><description><![CDATA[<table><tr><td><b>Station</b></td><td>LUNGLEI</td></tr><tr><td><b>District</b></td><td>LUNGLEI</td></tr><tr><td><b>Status</b></td><td>Closed</td></tr><tr><td><b>Source</b></td><td>Mast</td></tr><tr><td><b>Commenced</b></td><td>2005-06-16</td></tr><tr><td><b>Closed</b></td><td>2007-04-17</td></tr><tr><td><b>Mast height (m)</b></td><td>25</td></tr><tr><td><b>Elevation (m)</b></td><td>1252</td></tr><tr><td><b>Mean wind speed (m/s)</b></td><td>3.94</td></tr><tr><td><b>Wind power density (W/m2)</b></td><td>71</td></tr><tr><td><b>PDF page</b></td><td>12</td></tr></table>]]></description><TimeSpan><begin>2005-06-16</begin><end>2007-04-17</end></TimeSpan><styleUrl>#Closed</styleUrl><Point><coordinates>92.788194,22.861736,0</coordinates></Point></Placemark><Placemark><name>MAMTE</name><description><![CDATA[<table><tr><td><b>Station</b></td><td>MAMTE</td></tr><tr><td><b>District</b></td><td>LUNGLEI</td></tr><tr><td><b>Status</b></td><td>Closed</td></tr><tr><td><b>Source</b></td><td>Mast</td></tr><tr><td><b>Commenced</b></td><td>2005-06-18</td></tr><tr><td><b>Closed</b></td><td>2007-06-04</td></tr><tr><td><b>Mast height (m)</b></td><td>25</td></tr><tr><td><b>Elevation (m)</b></td><td>1320</td></tr><tr><td><b>Mean wind speed (m/s)</b></td><td>2.8</td></tr><tr><td><b>Wind power density (W/m2)</b></td><td>31</td></tr><tr><td><b>PDF page</b></td><td>12</td></tr></table>]]></description><TimeSpan><begin>2005-06-18</begin><end>2007-06-04</end></TimeSpan><styleUrl>#Closed</styleUrl><Point><coordinates>92.918611,22.606389,0</coordinates></Point></Placemark><Placemark><name>REIEK</name><description><![CDATA[<table><tr><td><b>Station</b></td><td>REIEK</td></tr><tr><td><b>District</b></td><td>MAMIT</td></tr><tr><td><b>Status</b></td><td>Closed</td></tr><tr><td><b>Source</b></td><td>Mast</td></tr><tr><td><b>Commenced</b></td><td>2005-02-17</td></tr><tr><td><b>Closed</b></td><td>2007-03-15</td></tr><tr><td><b>Mast height (m)</b></td><td>25</td></tr><tr><td><b>Elevation (m)</b></td><td>1140</td></tr><tr><td><b>Mean wind speed (m/s)</b></td><td>3.8</td></tr><tr><td><b>Wind power density (W/m2)</b></td><td>99</td></tr><tr><td><b>PDF page</b></td><td>12</td></tr></table>]]></description><TimeSpan><begin>2005-02-17</begin><end>2007-03-15</end></TimeSpan><styleUrl>#Closed</styleUrl><Point><coordinates>92.600861,23.701944,0</coordinates></Point></Placemark><Placemark><name>CHALFIL TLANG</name><description><![CDATA[<table><tr><td><b>Station</b></td><td>CHALFIL TLANG</td></tr><tr><td><b>District</b></td><td>AIZWAL</td></tr><tr><td><b>Status</b></td><td>Closed</td></tr><tr><td><b>Source</b></td><td>Mast</td></tr><tr><td><b>Commenced</b></td><td>2012-11-09</td></tr><tr><td><b>Closed</b></td><td>2014-11-28</td></tr><tr><td><b>Mast height (m)</b></td><td>50</td></tr><tr><td><b>Elevation (m)</b></td><td>1847</td></tr><tr><td><b>Mean wind speed (m/s)</b></td><td>5.41</td></tr><tr><td><b>Wind power density (W/m2)</b></td><td>181.59</td></tr><tr><td><b>PDF page</b></td><td>12</td></tr></table>]]></description><TimeSpan><begin>2012-11-09</begin><end>2014-11-28</end></TimeSpan><styleUrl>#Closed</styleUrl><Point><coordinates>92.929972,23.849417,0</coordinates></Point></Placemark><Placemark><name>THAIZAWL</name><description><![CDATA[<table><tr><td><b>Station</b></td><td>THAIZAWL</td></tr><tr><td><b>District</b></td><td>LUNGLEI</td></tr><tr><td><b>Status</b></td><td>Closed</td></tr><tr><td><b>Source</b></td><td>Mast</td></tr><tr><td><b>Commenced</b></td><td>2018-02-04</td></tr><tr><td><b>Closed</b></td><td>2019-11-06</td></tr><tr><td><b>Mast height (m)</b></td><td>50</td></tr><tr><td><b>Elevation (m)</b></td><td>945</td></tr><tr><td><b>Mean wind speed (m/s)</b></td><td>2.55</td></tr><tr><td><b>Wind power density (W/m2)</b></td><td>26.77</td></tr><tr><td><b>PDF page</b></td><td>12</td></tr></table>]]></description><TimeSpan><begin>2018-02-04</begin><end>2019-11-06</end></TimeSpan><styleUrl>#Closed</styleUrl><Point><coordinates>92.807111,22.808806,0</coordinates></Point></Placemark><Placemark><name>ZOBAWK</name><description><![CDATA[<table><tr><td><b>Station</b></td><td>ZOBAWK</td></tr><tr><td><b>District</b></td><td>LUNGLEI</td></tr><tr><td><b>Status</b></td><td>Closed</td></tr><tr><td><b>Source</b></td><td>Mast</td></tr><tr><td><b>Commenced</b></td><td>2018-02-03</td></tr><tr><td><b>Closed</b></td><td>2019-11-06</td></tr><tr><td><b>Mast height (m)</b></td><td>50</td></tr><tr><td><b>Elevation (m)</b></td><td>1091</td></tr><tr><td><b>Mean wind speed (m/s)</b></td><td>2.75</td></tr><tr><td><b>Wind power density (W/m2)</b></td><td>29.56</td></tr><tr><td><b>PDF page</b></td><td>12</td></tr></table>]]></description><TimeSpan><begin>2018-02-03</begin><end>2019-11-06</end></TimeSpan><styleUrl>#Closed</styleUrl><Point><coordinates>92.822056,22.859556,0</coordinates></Point></Placemark><Placemark><name>KAMALANAGAR</name><description><![CDATA[<table><tr><td><b>Station</b></td><td>KAMALANAGAR</td></tr><tr><td><b>District</b></td><td>LAWNGTLAI</td></tr><tr><td><b>Status</b></td><td>Closed</td></tr><tr><td><b>Source</b></td><td>Mast</td></tr><tr><td><b>Commenced</b></td><td>2018-02-06</td></tr><tr><td><b>Closed</b></td><td>2020-05-20</td></tr><tr><td><b>Mast height (m)</b></td><td>50</td></tr><tr><td><b>Elevation (m)</b></td><td>123</td></tr><tr><td><b>Mean wind speed (m/s)</b></td><td>1.7</td></tr><tr><td><b>Wind power density (W/m2)</b></td><td>9.39</td></tr><tr><td><b>PDF page</b></td><td>12</td></tr></table>]]></description><TimeSpan><begin>2018-02-06</begin><end>2020-05-20</end></TimeSpan><styleUrl>#Closed</styleUrl><Point><coordinates>92.618583,22.610472,0</coordinates></Point></Placemark><Placemark><name>CHEURAL</name><description><![CDATA[<table><tr><td><b>Station</b></td><td>CHEURAL</td></tr><tr><td><b>District</b></td><td>LAWNGTLAI</td></tr><tr><td><b>Status</b></td><td>Closed</td></tr><tr><td><b>Source</b></td><td>Mast</td></tr><tr><td><b>Commenced</b></td><td>2018-02-07</td></tr><tr><td><b>Closed</b></td><td>2020-05-20</td></tr><tr><td><b>Mast height (m)</b></td><td>50</td></tr><tr><td><b>Elevation (m)</b></td><td>1382</td></tr><tr><td><b>Mean wind speed (m/s)</b></td><td>4.06</td></tr><tr><td><b>Wind power density (W/m2)</b></td><td>85.68</td></tr><tr><td><b>PDF page</b></td><td>12</td></tr></table>]]></description><TimeSpan><begin>2018-02-07</begin><end>2020-05-20</end></TimeSpan><styleUrl>#Closed</styleUrl><Point><coordinates>93.01125,22.706944,0</coordinates></Point></Placemark><Placemark><name>REIEK</name><description><![CDATA[<table><tr><td><b>Station</b></td><td>REIEK</td></tr><tr><td><b>District</b></td><td>MAMIT</td></tr><tr><td><b>Status</b></td><td>Closed</td></tr><tr><td><b>Source</b></td><td>Telecom tower</td></tr><tr><td><b>Commenced</b></td><td>2018-06-28</td></tr><tr><td><b>Closed</b></td><td>2020-05-20</td></tr><tr><td><b>Mast height (m)</b></td><td>25</td></tr><tr><td><b>Elevation (m)</b></td><td>1183</td></tr><tr><td><b>Mean wind speed (m/s)</b></td><td>1.78</td></tr><tr><td><b>Wind power density (W/m2)</b></td><td>8.63</td></tr><tr><td><b>PDF page</b></td><td>13</td></tr></table>]]></description><TimeSpan><begin>2018-06-28</begin><end>2020-05-20</end></TimeSpan><styleUrl>#Closed</styleUrl><Point><coordinates>92.607461,23.695083,0</coordinates></Point></Placemark><Placemark><name>VIRENGTE</name><description><![CDATA[<table><tr><td><b>Station</b></td><td>VIRENGTE</td></tr><tr><td><b>District</b></td><td>KOLASIB</td></tr><tr><td><b>Status</b></td><td>Closed</td></tr><tr><td><b>Source</b></td><td>Telecom tower</td></tr><tr><td><b>Commenced</b></td><td>2018-06-26</td></tr><tr><td><b>Closed</b></td><td>2021-04-08</td></tr><tr><td><b>Mast height (m)</b></td><td>25</td></tr><tr><td><b>Elevation (m)</b></td><td>283</td></tr><tr><td><b>Mean wind speed (m/s)</b></td><td>2.42</td></tr><tr><td><b>Wind power density (W/m2)</b></td><td>17.17</td></tr><tr><td><b>PDF page</b></td><td>13</td></tr></table>]]></description><TimeSpan><begin>2018-06-26</begin><end>2021-04-08</end></TimeSpan><styleUrl>#Closed</styleUrl><Point><coordinates>92.770333,24.511261,0</coordinates></Point></Placemark><Placemark><name>SERCHHIP</name><description><![CDATA[<table><tr><td><b>Station</b></td><td>SERCHHIP</td></tr><tr><td><b>District</b></td><td>SERCHHIP</td></tr><tr><td><b>Status</b></td><td>Closed</td></tr><tr><td><b>Source</b></td><td>Telecom tower</td></tr><tr><td><b>Commenced</b></td><td>2018-06-29</td></tr><tr><td><b>Closed</b></td><td>2019-11-06</td></tr><tr><td><b>Mast height (m)</b></td><td>30</td></tr><tr><td><b>Elevation (m)</b></td><td>1287</td></tr><tr><td><b>Mean wind speed (m/s)</b></td><td>3.72</td></tr><tr><td><b>Wind power density (W/m2)</b></td><td>54.54</td></tr><tr><td><b>PDF page</b></td><td>13</td></tr></table>]]></description><TimeSpan><begin>2018-06-29</begin><end>2019-11-06</end></TimeSpan><styleUrl>#Closed</styleUrl><Point><coordinates>92.847989,23.298269,0</coordinates></Point></Placemark><Placemark><name>MAMTE</name><description><![CDATA[<table><tr><td><b>Station</b></td><td>MAMTE</td></tr><tr><td><b>District</b></td><td>LUNGLEI</td></tr><tr><td><b>Status</b></td><td>Closed</td></tr><tr><td><b>Source</b></td><td>Telecom tower</td></tr><tr><td><b>Commenced</b></td><td>2018-07-01</td></tr><tr><td><b>Closed</b></td><td>2019-11-06</td></tr><tr><td><b>Mast height (m)</b></td><td>34</td></tr><tr><td><b>Elevation (m)</b></td><td>1313</td></tr><tr><td><b>Mean wind speed (m/s)</b></td><td>3.3</td></tr><tr><td><b>Wind power density (W/m2)</b></td><td>41.4</td></tr><tr><td><b>PDF page</b></td><td>13</td></tr></table>]]></description><TimeSpan><begin>2018-07-01</begin><end>2019-11-06</end></TimeSpan><styleUrl>#Closed</styleUrl><Point><coordinates>92.879553,22.602614,0</coordinates></Point></Placemark><Placemark><name>VENGSANG</name><description><![CDATA[<table><tr><td><b>Station</b></td><td>VENGSANG</td></tr><tr><td><b>District</b></td><td>CHAMPHAI</td></tr><tr><td><b>Status</b></td><td>Closed</td></tr><tr><td><b>Source</b></td><td>Telecom tower</td></tr><tr><td><b>Commenced</b></td><td>2018-07-04</td></tr><tr><td><b>Closed</b></td><td>2021-01-07</td></tr><tr><td><b>Mast height (m)</b></td><td>35</td></tr><tr><td><b>Elevation (m)</b></td><td>1644</td></tr><tr><td><b>PDF page</b></td><td>13</td></tr></table>]]></description><TimeSpan><begin>2018-07-04</begin><end>2021-01-07</end></TimeSpan><styleUrl>#Closed</styleUrl><Point><coordinates>93.313456,23.478014,0</coordinates></Point></Placemark></Folder><Folder><name>NAGALAND (13)</name><Placemark><name>THIZAMA</name><description><![CDATA[<table><tr><td><b>Station</b></td><td>THIZAMA</td></tr><tr><td><b>District</b></td><td>KOHIMA</td></tr><tr><td><b>Status</b></td><td>Closed</td></tr><tr><td><b>Source</b></td><td>Mast</td></tr><tr><td><b>Commenced</b></td><td>2009-04-22</td></tr><tr><td><b>Closed</b></td><td>2011-06-30</td></tr><tr><td><b>Mast height (m)</b></td><td>50</td></tr><tr><td><b>Elevation (m)</b></td><td>1324</td></tr><tr><td><b>Mean wind speed (m/s)</b></td><td>2.82</td></tr><tr><td><b>Wind power density (W/m2)</b></td><td>43.24</td></tr><tr><td><b>PDF page</b></td><td>12</td></tr></table>]]></description><TimeSpan><begin>2009-04-22</begin><end>2011-06-30</end></TimeSpan><styleUrl>#Closed</styleUrl><Point><coordinates>94.111944,25.728611,0</coordinates></Point></Placemark><Placemark><name>PFUTSERO</name><description><![CDATA[<table><tr><td><b>Station</b></td><td>PFUTSERO</td></tr><tr><td><b>District</b></td><td>PFUTSERO</td></tr><tr><td><b>Status</b></td><td>Closed</td></tr><tr><td><b>Source</b></td><td>Mast</td></tr><tr><td><b>Commenced</b></td><td>2009-04-25</td></tr><tr><td><b>Closed</b></td><td>2011-06-30</td></tr><tr><td><b>Mast height (m)</b></td><td>50</td></tr><tr><td><b>Elevation (m)</b></td><td>2219</td></tr><tr><td><b>Mean wind speed (m/s)</b></td><td>4.96</td></tr><tr><td><b>Wind power density (W/m2)</b></td><td>162.76</td></tr><tr><td><b>PDF page</b></td><td>12</td></tr></table>]]></description><TimeSpan><begin>2009-04-25</begin><end>2011-06-30</end></TimeSpan><styleUrl>#Closed</styleUrl><Point><coordinates>94.3025,25.561389,0</coordinates></Point></Placemark><Placemark><name>KEKRIMA</name><description><![CDATA[<table><tr><td><b>Station</b></td><td>KEKRIMA</td></tr><tr><td><b>District</b></td><td>PHEK</td></tr><tr><td><b>Status</b></td><td>Closed</td></tr><tr><td><b>Source</b></td><td>Mast</td></tr><tr><td><b>Commenced</b></td><td>2009-05-09</td></tr><tr><td><b>Closed</b></td><td>2011-10-30</td></tr><tr><td><b>Mast height (m)</b></td><td>50</td></tr><tr><td><b>Elevation (m)</b></td><td>1765</td></tr><tr><td><b>Mean wind speed (m/s)</b></td><td>3.07</td></tr><tr><td><b>Wind power density (W/m2)</b></td><td>46.76</td></tr><tr><td><b>PDF page</b></td><td>12</td></tr></table>]]></description><TimeSpan><begin>2009-05-09</begin><end>2011-10-30</end></TimeSpan><styleUrl>#Closed</styleUrl><Point><coordinates>94.244444,25.575556,0</coordinates></Point></Placemark><Placemark><name>LONGWA</name><description><![CDATA[<table><tr><td><b>Station</b></td><td>LONGWA</td></tr><tr><td><b>District</b></td><td>MON</td></tr><tr><td><b>Status</b></td><td>Closed</td></tr><tr><td><b>Source</b></td><td>Mast</td></tr><tr><td><b>Commenced</b></td><td>2017-11-27</td></tr><tr><td><b>Closed</b></td><td>2019-11-06</td></tr><tr><td><b>Mast height (m)</b></td><td>50</td></tr><tr><td><b>Elevation (m)</b></td><td>1626</td></tr><tr><td><b>Mean wind speed (m/s)</b></td><td>4.22</td></tr><tr><td><b>Wind power density (W/m2)</b></td><td>103.29</td></tr><tr><td><b>PDF page</b></td><td>12</td></tr></table>]]></description><TimeSpan><begin>2017-11-27</begin><end>2019-11-06</end></TimeSpan><styleUrl>#Closed</styleUrl><Point><coordinates>94.999639,26.415297,0</coordinates></Point></Placemark><Placemark><name>CHANGLANGSHU</name><description><![CDATA[<table><tr><td><b>Station</b></td><td>CHANGLANGSHU</td></tr><tr><td><b>District</b></td><td>MON</td></tr><tr><td><b>Status</b></td><td>Closed</td></tr><tr><td><b>Source</b></td><td>Mast</td></tr><tr><td><b>Commenced</b></td><td>2017-11-30</td></tr><tr><td><b>Closed</b></td><td>2019-11-06</td></tr><tr><td><b>Mast height (m)</b></td><td>50</td></tr><tr><td><b>Elevation (m)</b></td><td>650</td></tr><tr><td><b>Mean wind speed (m/s)</b></td><td>1.99</td></tr><tr><td><b>Wind power density (W/m2)</b></td><td>10.03</td></tr><tr><td><b>PDF page</b></td><td>12</td></tr></table>]]></description><TimeSpan><begin>2017-11-30</begin><end>2019-11-06</end></TimeSpan><styleUrl>#Closed</styleUrl><Point><coordinates>94.486444,26.6055,0</coordinates></Point></Placemark><Placemark><name>NOKPHU</name><description><![CDATA[<table><tr><td><b>Station</b></td><td>NOKPHU</td></tr><tr><td><b>District</b></td><td>MOKAKCHUNG</td></tr><tr><td><b>Status</b></td><td>Closed</td></tr><tr><td><b>Source</b></td><td>Mast</td></tr><tr><td><b>Commenced</b></td><td>2017-11-25</td></tr><tr><td><b>Closed</b></td><td>2019-11-06</td></tr><tr><td><b>Mast height (m)</b></td><td>50</td></tr><tr><td><b>Elevation (m)</b></td><td>1551</td></tr><tr><td><b>Mean wind speed (m/s)</b></td><td>1.51</td></tr><tr><td><b>Wind power density (W/m2)</b></td><td>4.09</td></tr><tr><td><b>PDF page</b></td><td>12</td></tr></table>]]></description><TimeSpan><begin>2017-11-25</begin><end>2019-11-06</end></TimeSpan><styleUrl>#Closed</styleUrl><Point><coordinates>95.212,26.652556,0</coordinates></Point></Placemark><Placemark><name>TSEMINYU</name><description><![CDATA[<table><tr><td><b>Station</b></td><td>TSEMINYU</td></tr><tr><td><b>District</b></td><td>KOHIMA</td></tr><tr><td><b>Status</b></td><td>Closed</td></tr><tr><td><b>Source</b></td><td>Telecom tower</td></tr><tr><td><b>Commenced</b></td><td>2019-03-31</td></tr><tr><td><b>Closed</b></td><td>2020-05-20</td></tr><tr><td><b>Mast height (m)</b></td><td>38</td></tr><tr><td><b>Elevation (m)</b></td><td>1413</td></tr><tr><td><b>Mean wind speed (m/s)</b></td><td>3.32</td></tr><tr><td><b>Wind power density (W/m2)</b></td><td>39.64</td></tr><tr><td><b>PDF page</b></td><td>13</td></tr></table>]]></description><TimeSpan><begin>2019-03-31</begin><end>2020-05-20</end></TimeSpan><styleUrl>#Closed</styleUrl><Point><coordinates>94.218125,25.925275,0</coordinates></Point></Placemark><Placemark><name>KOHIMA</name><description><![CDATA[<table><tr><td><b>Station</b></td><td>KOHIMA</td></tr><tr><td><b>District</b></td><td>KOHIMA</td></tr><tr><td><b>Status</b></td><td>Closed</td></tr><tr><td><b>Source</b></td><td>Telecom tower</td></tr><tr><td><b>Commenced</b></td><td>2019-03-27</td></tr><tr><td><b>Closed</b></td><td>2020-05-20</td></tr><tr><td><b>Mast height (m)</b></td><td>30</td></tr><tr><td><b>Elevation (m)</b></td><td>1555</td></tr><tr><td><b>Mean wind speed (m/s)</b></td><td>1.89</td></tr><tr><td><b>Wind power density (W/m2)</b></td><td>6.77</td></tr><tr><td><b>PDF page</b></td><td>13</td></tr></table>]]></description><TimeSpan><begin>2019-03-27</begin><end>2020-05-20</end></TimeSpan><styleUrl>#Closed</styleUrl><Point><coordinates>94.115936,25.677611,0</coordinates></Point></Placemark><Placemark><name>AO KASHIRAM</name><description><![CDATA[<table><tr><td><b>Station</b></td><td>AO KASHIRAM</td></tr><tr><td><b>District</b></td><td>DIMAPUR</td></tr><tr><td><b>Status</b></td><td>Closed</td></tr><tr><td><b>Source</b></td><td>Telecom tower</td></tr><tr><td><b>Commenced</b></td><td>2019-03-29</td></tr><tr><td><b>Closed</b></td><td>2020-05-20</td></tr><tr><td><b>Mast height (m)</b></td><td>40</td></tr><tr><td><b>Elevation (m)</b></td><td>198</td></tr><tr><td><b>Mean wind speed (m/s)</b></td><td>2.4</td></tr><tr><td><b>Wind power density (W/m2)</b></td><td>16.11</td></tr><tr><td><b>PDF page</b></td><td>13</td></tr></table>]]></description><TimeSpan><begin>2019-03-29</begin><end>2020-05-20</end></TimeSpan><styleUrl>#Closed</styleUrl><Point><coordinates>93.696972,25.889944,0</coordinates></Point></Placemark><Placemark><name>CHEKIYE</name><description><![CDATA[<table><tr><td><b>Station</b></td><td>CHEKIYE</td></tr><tr><td><b>District</b></td><td>DIMAPUR</td></tr><tr><td><b>Status</b></td><td>Closed</td></tr><tr><td><b>Source</b></td><td>Telecom tower</td></tr><tr><td><b>Commenced</b></td><td>2019-03-26</td></tr><tr><td><b>Closed</b></td><td>2020-05-20</td></tr><tr><td><b>Mast height (m)</b></td><td>38</td></tr><tr><td><b>Elevation (m)</b></td><td>162</td></tr><tr><td><b>Mean wind speed (m/s)</b></td><td>1.92</td></tr><tr><td><b>Wind power density (W/m2)</b></td><td>8.43</td></tr><tr><td><b>PDF page</b></td><td>13</td></tr></table>]]></description><TimeSpan><begin>2019-03-26</begin><end>2020-05-20</end></TimeSpan><styleUrl>#Closed</styleUrl><Point><coordinates>93.752772,25.870161,0</coordinates></Point></Placemark><Placemark><name>NIULAND</name><description><![CDATA[<table><tr><td><b>Station</b></td><td>NIULAND</td></tr><tr><td><b>District</b></td><td>DIMAPUR</td></tr><tr><td><b>Status</b></td><td>Closed</td></tr><tr><td><b>Source</b></td><td>Telecom tower</td></tr><tr><td><b>Commenced</b></td><td>2019-03-25</td></tr><tr><td><b>Closed</b></td><td>2020-05-20</td></tr><tr><td><b>Mast height (m)</b></td><td>50</td></tr><tr><td><b>Elevation (m)</b></td><td>157</td></tr><tr><td><b>Mean wind speed (m/s)</b></td><td>1.44</td></tr><tr><td><b>Wind power density (W/m2)</b></td><td>5.24</td></tr><tr><td><b>PDF page</b></td><td>13</td></tr></table>]]></description><TimeSpan><begin>2019-03-25</begin><end>2020-05-20</end></TimeSpan><styleUrl>#Closed</styleUrl><Point><coordinates>93.882861,25.879086,0</coordinates></Point></Placemark><Placemark><name>TSIEPAMA</name><description><![CDATA[<table><tr><td><b>Station</b></td><td>TSIEPAMA</td></tr><tr><td><b>District</b></td><td>DIMAPUR</td></tr><tr><td><b>Status</b></td><td>Closed</td></tr><tr><td><b>Source</b></td><td>Telecom tower</td></tr><tr><td><b>Commenced</b></td><td>2019-03-28</td></tr><tr><td><b>Closed</b></td><td>2020-05-20</td></tr><tr><td><b>Mast height (m)</b></td><td>46</td></tr><tr><td><b>Elevation (m)</b></td><td>1212</td></tr><tr><td><b>Mean wind speed (m/s)</b></td><td>2.99</td></tr><tr><td><b>Wind power density (W/m2)</b></td><td>33.73</td></tr><tr><td><b>PDF page</b></td><td>13</td></tr></table>]]></description><TimeSpan><begin>2019-03-28</begin><end>2020-05-20</end></TimeSpan><styleUrl>#Closed</styleUrl><Point><coordinates>93.952861,25.807889,0</coordinates></Point></Placemark><Placemark><name>NERHEMA</name><description><![CDATA[<table><tr><td><b>Station</b></td><td>NERHEMA</td></tr><tr><td><b>District</b></td><td>KOHIMA</td></tr><tr><td><b>Status</b></td><td>Closed</td></tr><tr><td><b>Source</b></td><td>Telecom tower</td></tr><tr><td><b>Commenced</b></td><td>2019-03-31</td></tr><tr><td><b>Closed</b></td><td>2020-05-20</td></tr><tr><td><b>Mast height (m)</b></td><td>40</td></tr><tr><td><b>Elevation (m)</b></td><td>1461</td></tr><tr><td><b>Mean wind speed (m/s)</b></td><td>2.815</td></tr><tr><td><b>Wind power density (W/m2)</b></td><td>26.13</td></tr><tr><td><b>PDF page</b></td><td>13</td></tr></table>]]></description><TimeSpan><begin>2019-03-31</begin><end>2020-05-20</end></TimeSpan><styleUrl>#Closed</styleUrl><Point><coordinates>94.119806,25.778728,0</coordinates></Point></Placemark></Folder><Folder><name>ODISHA (20)</name><Placemark><name>CHANDIPUR</name><description><![CDATA[<table><tr><td><b>Station</b></td><td>CHANDIPUR</td></tr><tr><td><b>District</b></td><td>BALASORE</td></tr><tr><td><b>Status</b></td><td>Closed</td></tr><tr><td><b>Source</b></td><td>Mast</td></tr><tr><td><b>Commenced</b></td><td>1986-09-10</td></tr><tr><td><b>Closed</b></td><td>1990-08-22</td></tr><tr><td><b>Mast height (m)</b></td><td>20</td></tr><tr><td><b>Elevation (m)</b></td><td>5</td></tr><tr><td><b>Mean wind speed (m/s)</b></td><td>4.21</td></tr><tr><td><b>Wind power density (W/m2)</b></td><td>120.1</td></tr><tr><td><b>PDF page</b></td><td>3</td></tr></table>]]></description><TimeSpan><begin>1986-09-10</begin><end>1990-08-22</end></TimeSpan><styleUrl>#Closed</styleUrl><Point><coordinates>87.025278,21.440556,0</coordinates></Point></Placemark><Placemark><name>CHATRAPUR</name><description><![CDATA[<table><tr><td><b>Station</b></td><td>CHATRAPUR</td></tr><tr><td><b>District</b></td><td>GANJAM</td></tr><tr><td><b>Status</b></td><td>Closed</td></tr><tr><td><b>Source</b></td><td>Mast</td></tr><tr><td><b>Commenced</b></td><td>1986-09-15</td></tr><tr><td><b>Closed</b></td><td>1990-08-24</td></tr><tr><td><b>Mast height (m)</b></td><td>20</td></tr><tr><td><b>Elevation (m)</b></td><td>12</td></tr><tr><td><b>Mean wind speed (m/s)</b></td><td>4</td></tr><tr><td><b>Wind power density (W/m2)</b></td><td>101</td></tr><tr><td><b>PDF page</b></td><td>3</td></tr></table>]]></description><TimeSpan><begin>1986-09-15</begin><end>1990-08-24</end></TimeSpan><styleUrl>#Closed</styleUrl><Point><coordinates>84.965833,19.316944,0</coordinates></Point></Placemark><Placemark><name>DAMANJODI (1)</name><description><![CDATA[<table><tr><td><b>Station</b></td><td>DAMANJODI (1)</td></tr><tr><td><b>District</b></td><td>ODISHA</td></tr><tr><td><b>Status</b></td><td>Closed</td></tr><tr><td><b>Source</b></td><td>Mast</td></tr><tr><td><b>Commenced</b></td><td>1995-09-06</td></tr><tr><td><b>Closed</b></td><td>1997-03-27</td></tr><tr><td><b>Mast height (m)</b></td><td>20</td></tr><tr><td><b>Elevation (m)</b></td><td>1325</td></tr><tr><td><b>Mean wind speed (m/s)</b></td><td>4.55</td></tr><tr><td><b>Wind power density (W/m2)</b></td><td>128.6</td></tr><tr><td><b>PDF page</b></td><td>3</td></tr></table>]]></description><TimeSpan><begin>1995-09-06</begin><end>1997-03-27</end></TimeSpan><styleUrl>#Closed</styleUrl><Point><coordinates>83.003611,18.821111,0</coordinates></Point></Placemark><Placemark><name>DAMANJODI (2)</name><description><![CDATA[<table><tr><td><b>Station</b></td><td>DAMANJODI (2)</td></tr><tr><td><b>District</b></td><td>KORAPUT</td></tr><tr><td><b>Status</b></td><td>Closed</td></tr><tr><td><b>Source</b></td><td>Mast</td></tr><tr><td><b>Commenced</b></td><td>1998-01-30</td></tr><tr><td><b>Closed</b></td><td>1999-06-26</td></tr><tr><td><b>Mast height (m)</b></td><td>20</td></tr><tr><td><b>Elevation (m)</b></td><td>1340</td></tr><tr><td><b>Mean wind speed (m/s)</b></td><td>5.18</td></tr><tr><td><b>Wind power density (W/m2)</b></td><td>150.4</td></tr><tr><td><b>PDF page</b></td><td>3</td></tr></table>]]></description><TimeSpan><begin>1998-01-30</begin><end>1999-06-26</end></TimeSpan><styleUrl>#Closed</styleUrl><Point><coordinates>83.007222,18.828333,0</coordinates></Point></Placemark><Placemark><name>GOPALPUR</name><description><![CDATA[<table><tr><td><b>Station</b></td><td>GOPALPUR</td></tr><tr><td><b>District</b></td><td>GANJAM</td></tr><tr><td><b>Status</b></td><td>Closed</td></tr><tr><td><b>Source</b></td><td>Mast</td></tr><tr><td><b>Commenced</b></td><td>1986-09-15</td></tr><tr><td><b>Closed</b></td><td>1990-08-24</td></tr><tr><td><b>Mast height (m)</b></td><td>20</td></tr><tr><td><b>Elevation (m)</b></td><td>15</td></tr><tr><td><b>Mean wind speed (m/s)</b></td><td>3.97</td></tr><tr><td><b>Wind power density (W/m2)</b></td><td>123.9</td></tr><tr><td><b>PDF page</b></td><td>3</td></tr></table>]]></description><TimeSpan><begin>1986-09-15</begin><end>1990-08-24</end></TimeSpan><styleUrl>#Closed</styleUrl><Point><coordinates>84.906389,19.255833,0</coordinates></Point></Placemark><Placemark><name>KAIPADAR 1</name><description><![CDATA[<table><tr><td><b>Station</b></td><td>KAIPADAR 1</td></tr><tr><td><b>District</b></td><td>KHORDHA</td></tr><tr><td><b>Status</b></td><td>Closed</td></tr><tr><td><b>Source</b></td><td>Mast</td></tr><tr><td><b>Commenced</b></td><td>1986-09-08</td></tr><tr><td><b>Closed</b></td><td>1991-10-14</td></tr><tr><td><b>Mast height (m)</b></td><td>20</td></tr><tr><td><b>Elevation (m)</b></td><td>72</td></tr><tr><td><b>Mean wind speed (m/s)</b></td><td>4.3</td></tr><tr><td><b>Wind power density (W/m2)</b></td><td>129.9</td></tr><tr><td><b>PDF page</b></td><td>3</td></tr></table>]]></description><TimeSpan><begin>1986-09-08</begin><end>1991-10-14</end></TimeSpan><styleUrl>#Closed</styleUrl><Point><coordinates>85.588056,20.121667,0</coordinates></Point></Placemark><Placemark><name>KAIPADAR 2</name><description><![CDATA[<table><tr><td><b>Station</b></td><td>KAIPADAR 2</td></tr><tr><td><b>District</b></td><td>KHORDHA</td></tr><tr><td><b>Status</b></td><td>Closed</td></tr><tr><td><b>Source</b></td><td>Mast</td></tr><tr><td><b>Commenced</b></td><td>1986-09-08</td></tr><tr><td><b>Closed</b></td><td>1988-05-04</td></tr><tr><td><b>Mast height (m)</b></td><td>20</td></tr><tr><td><b>Elevation (m)</b></td><td>109</td></tr><tr><td><b>Mean wind speed (m/s)</b></td><td>4.5</td></tr><tr><td><b>Wind power density (W/m2)</b></td><td>114.5</td></tr><tr><td><b>PDF page</b></td><td>3</td></tr></table>]]></description><TimeSpan><begin>1986-09-08</begin><end>1988-05-04</end></TimeSpan><styleUrl>#Closed</styleUrl><Point><coordinates>85.581111,20.117778,0</coordinates></Point></Placemark><Placemark><name>MARINE DRIVE</name><description><![CDATA[<table><tr><td><b>Station</b></td><td>MARINE DRIVE</td></tr><tr><td><b>District</b></td><td>PURI</td></tr><tr><td><b>Status</b></td><td>Closed</td></tr><tr><td><b>Source</b></td><td>Mast</td></tr><tr><td><b>Commenced</b></td><td>1986-09-13</td></tr><tr><td><b>Closed</b></td><td>1990-08-23</td></tr><tr><td><b>Mast height (m)</b></td><td>20</td></tr><tr><td><b>Elevation (m)</b></td><td>8</td></tr><tr><td><b>Mean wind speed (m/s)</b></td><td>3.4</td></tr><tr><td><b>Wind power density (W/m2)</b></td><td>57.5</td></tr><tr><td><b>PDF page</b></td><td>3</td></tr></table>]]></description><TimeSpan><begin>1986-09-13</begin><end>1990-08-23</end></TimeSpan><styleUrl>#Closed</styleUrl><Point><coordinates>85.983611,19.844167,0</coordinates></Point></Placemark><Placemark><name>PARADWIP</name><description><![CDATA[<table><tr><td><b>Station</b></td><td>PARADWIP</td></tr><tr><td><b>District</b></td><td>JAGATSINGHPUR</td></tr><tr><td><b>Status</b></td><td>Closed</td></tr><tr><td><b>Source</b></td><td>Mast</td></tr><tr><td><b>Commenced</b></td><td>1986-09-11</td></tr><tr><td><b>Closed</b></td><td>1990-08-20</td></tr><tr><td><b>Mast height (m)</b></td><td>20</td></tr><tr><td><b>Elevation (m)</b></td><td>2</td></tr><tr><td><b>Mean wind speed (m/s)</b></td><td>4.95</td></tr><tr><td><b>Wind power density (W/m2)</b></td><td>152.9</td></tr><tr><td><b>PDF page</b></td><td>3</td></tr></table>]]></description><TimeSpan><begin>1986-09-11</begin><end>1990-08-20</end></TimeSpan><styleUrl>#Closed</styleUrl><Point><coordinates>86.6525,20.251667,0</coordinates></Point></Placemark><Placemark><name>PURI</name><description><![CDATA[<table><tr><td><b>Station</b></td><td>PURI</td></tr><tr><td><b>District</b></td><td>PURI</td></tr><tr><td><b>Status</b></td><td>Closed</td></tr><tr><td><b>Source</b></td><td>Mast</td></tr><tr><td><b>Commenced</b></td><td>1986-09-03</td></tr><tr><td><b>Closed</b></td><td>1990-08-23</td></tr><tr><td><b>Mast height (m)</b></td><td>20</td></tr><tr><td><b>Elevation (m)</b></td><td>7</td></tr><tr><td><b>Mean wind speed (m/s)</b></td><td>4.83</td></tr><tr><td><b>Wind power density (W/m2)</b></td><td>136.6</td></tr><tr><td><b>PDF page</b></td><td>3</td></tr></table>]]></description><TimeSpan><begin>1986-09-03</begin><end>1990-08-23</end></TimeSpan><styleUrl>#Closed</styleUrl><Point><coordinates>85.800608,19.787319,0</coordinates></Point></Placemark><Placemark><name>U ALLUPUR</name><description><![CDATA[<table><tr><td><b>Station</b></td><td>U ALLUPUR</td></tr><tr><td><b>District</b></td><td>GANJAM</td></tr><tr><td><b>Status</b></td><td>Closed</td></tr><tr><td><b>Source</b></td><td>Mast</td></tr><tr><td><b>Commenced</b></td><td>2012-10-14</td></tr><tr><td><b>Closed</b></td><td>2014-11-28</td></tr><tr><td><b>Mast height (m)</b></td><td>80</td></tr><tr><td><b>Elevation (m)</b></td><td>21</td></tr><tr><td><b>Mean wind speed (m/s)</b></td><td>3.72</td></tr><tr><td><b>Wind power density (W/m2)</b></td><td>75.71</td></tr><tr><td><b>PDF page</b></td><td>3</td></tr></table>]]></description><TimeSpan><begin>2012-10-14</begin><end>2014-11-28</end></TimeSpan><styleUrl>#Closed</styleUrl><Point><coordinates>85.15575,19.6305,0</coordinates></Point></Placemark><Placemark><name>ARIPUTRAGHATI</name><description><![CDATA[<table><tr><td><b>Station</b></td><td>ARIPUTRAGHATI</td></tr><tr><td><b>District</b></td><td>KORAPUT</td></tr><tr><td><b>Status</b></td><td>Closed</td></tr><tr><td><b>Source</b></td><td>Mast</td></tr><tr><td><b>Commenced</b></td><td>2012-10-16</td></tr><tr><td><b>Closed</b></td><td>2015-12-28</td></tr><tr><td><b>Mast height (m)</b></td><td>80</td></tr><tr><td><b>Elevation (m)</b></td><td>1139</td></tr><tr><td><b>Mean wind speed (m/s)</b></td><td>4.46</td></tr><tr><td><b>Wind power density (W/m2)</b></td><td>103.41</td></tr><tr><td><b>PDF page</b></td><td>3</td></tr></table>]]></description><TimeSpan><begin>2012-10-16</begin><end>2015-12-28</end></TimeSpan><styleUrl>#Closed</styleUrl><Point><coordinates>82.954792,18.792472,0</coordinates></Point></Placemark><Placemark><name>ZILLAGAON</name><description><![CDATA[<table><tr><td><b>Station</b></td><td>ZILLAGAON</td></tr><tr><td><b>District</b></td><td>KALAHANDI</td></tr><tr><td><b>Status</b></td><td>Closed</td></tr><tr><td><b>Source</b></td><td>Mast</td></tr><tr><td><b>Commenced</b></td><td>2012-10-19</td></tr><tr><td><b>Closed</b></td><td>2015-12-28</td></tr><tr><td><b>Mast height (m)</b></td><td>80</td></tr><tr><td><b>Elevation (m)</b></td><td>1010</td></tr><tr><td><b>Mean wind speed (m/s)</b></td><td>4.64</td></tr><tr><td><b>Wind power density (W/m2)</b></td><td>105.77</td></tr><tr><td><b>PDF page</b></td><td>3</td></tr></table>]]></description><TimeSpan><begin>2012-10-19</begin><end>2015-12-28</end></TimeSpan><styleUrl>#Closed</styleUrl><Point><coordinates>83.164306,19.666389,0</coordinates></Point></Placemark><Placemark><name>DHILIPANBANDHA</name><description><![CDATA[<table><tr><td><b>Station</b></td><td>DHILIPANBANDHA</td></tr><tr><td><b>District</b></td><td>RAYAGADA</td></tr><tr><td><b>Status</b></td><td>Closed</td></tr><tr><td><b>Source</b></td><td>Mast</td></tr><tr><td><b>Commenced</b></td><td>2012-10-22</td></tr><tr><td><b>Closed</b></td><td>2015-01-31</td></tr><tr><td><b>Mast height (m)</b></td><td>80</td></tr><tr><td><b>Elevation (m)</b></td><td>1044</td></tr><tr><td><b>Mean wind speed (m/s)</b></td><td>5.33</td></tr><tr><td><b>Wind power density (W/m2)</b></td><td>161.89</td></tr><tr><td><b>PDF page</b></td><td>3</td></tr></table>]]></description><TimeSpan><begin>2012-10-22</begin><end>2015-01-31</end></TimeSpan><styleUrl>#Closed</styleUrl><Point><coordinates>83.092139,19.19125,0</coordinates></Point></Placemark><Placemark><name>PARADEEP</name><description><![CDATA[<table><tr><td><b>Station</b></td><td>PARADEEP</td></tr><tr><td><b>District</b></td><td>JAGATSINGHPUR</td></tr><tr><td><b>Status</b></td><td>Closed</td></tr><tr><td><b>Source</b></td><td>Mast</td></tr><tr><td><b>Commenced</b></td><td>2012-10-24</td></tr><tr><td><b>Closed</b></td><td>2014-11-28</td></tr><tr><td><b>Mast height (m)</b></td><td>80</td></tr><tr><td><b>Elevation (m)</b></td><td>43</td></tr><tr><td><b>Mean wind speed (m/s)</b></td><td>5.72</td></tr><tr><td><b>Wind power density (W/m2)</b></td><td>203.7</td></tr><tr><td><b>PDF page</b></td><td>3</td></tr></table>]]></description><TimeSpan><begin>2012-10-24</begin><end>2014-11-28</end></TimeSpan><styleUrl>#Closed</styleUrl><Point><coordinates>86.648083,20.250389,0</coordinates></Point></Placemark><Placemark><name>KADAKALA</name><description><![CDATA[<table><tr><td><b>Station</b></td><td>KADAKALA</td></tr><tr><td><b>District</b></td><td>KEONJHAR</td></tr><tr><td><b>Status</b></td><td>Closed</td></tr><tr><td><b>Source</b></td><td>Mast</td></tr><tr><td><b>Commenced</b></td><td>2012-10-24</td></tr><tr><td><b>Closed</b></td><td>2014-11-28</td></tr><tr><td><b>Mast height (m)</b></td><td>80</td></tr><tr><td><b>Elevation (m)</b></td><td>911</td></tr><tr><td><b>Mean wind speed (m/s)</b></td><td>4.25</td></tr><tr><td><b>Wind power density (W/m2)</b></td><td>80.29</td></tr><tr><td><b>PDF page</b></td><td>3</td></tr></table>]]></description><TimeSpan><begin>2012-10-24</begin><end>2014-11-28</end></TimeSpan><styleUrl>#Closed</styleUrl><Point><coordinates>85.327667,21.783806,0</coordinates></Point></Placemark><Placemark><name>KASIJEGANATHPUR</name><description><![CDATA[<table><tr><td><b>Station</b></td><td>KASIJEGANATHPUR</td></tr><tr><td><b>District</b></td><td>PURI</td></tr><tr><td><b>Status</b></td><td>Closed</td></tr><tr><td><b>Source</b></td><td>Mast</td></tr><tr><td><b>Commenced</b></td><td>2013-03-04</td></tr><tr><td><b>Closed</b></td><td>2015-12-28</td></tr><tr><td><b>Mast height (m)</b></td><td>80</td></tr><tr><td><b>Elevation (m)</b></td><td>13</td></tr><tr><td><b>PDF page</b></td><td>3</td></tr></table>]]></description><TimeSpan><begin>2013-03-04</begin><end>2015-12-28</end></TimeSpan><styleUrl>#Closed</styleUrl><Point><coordinates>85.775611,19.810306,0</coordinates></Point></Placemark><Placemark><name>SRIKONA</name><description><![CDATA[<table><tr><td><b>Station</b></td><td>SRIKONA</td></tr><tr><td><b>District</b></td><td>BALESHWAR</td></tr><tr><td><b>Status</b></td><td>Closed</td></tr><tr><td><b>Source</b></td><td>Mast</td></tr><tr><td><b>Commenced</b></td><td>2013-03-02</td></tr><tr><td><b>Closed</b></td><td>2015-04-17</td></tr><tr><td><b>Mast height (m)</b></td><td>80</td></tr><tr><td><b>Elevation (m)</b></td><td>5</td></tr><tr><td><b>Mean wind speed (m/s)</b></td><td>4.83</td></tr><tr><td><b>Wind power density (W/m2)</b></td><td>131.88</td></tr><tr><td><b>PDF page</b></td><td>3</td></tr></table>]]></description><TimeSpan><begin>2013-03-02</begin><end>2015-04-17</end></TimeSpan><styleUrl>#Closed</styleUrl><Point><coordinates>87.022861,21.451222,0</coordinates></Point></Placemark><Placemark><name>CHEDAK</name><description><![CDATA[<table><tr><td><b>Station</b></td><td>CHEDAK</td></tr><tr><td><b>District</b></td><td>BHADRAK</td></tr><tr><td><b>Status</b></td><td>Closed</td></tr><tr><td><b>Source</b></td><td>Mast</td></tr><tr><td><b>Commenced</b></td><td>2013-03-07</td></tr><tr><td><b>Closed</b></td><td>2015-12-28</td></tr><tr><td><b>Mast height (m)</b></td><td>80</td></tr><tr><td><b>Elevation (m)</b></td><td>3</td></tr><tr><td><b>PDF page</b></td><td>3</td></tr></table>]]></description><TimeSpan><begin>2013-03-07</begin><end>2015-12-28</end></TimeSpan><styleUrl>#Closed</styleUrl><Point><coordinates>86.858722,20.859972,0</coordinates></Point></Placemark><Placemark><name>PARHARGANJ</name><description><![CDATA[<table><tr><td><b>Station</b></td><td>PARHARGANJ</td></tr><tr><td><b>District</b></td><td>PURI</td></tr><tr><td><b>Status</b></td><td>Closed</td></tr><tr><td><b>Source</b></td><td>Mast</td></tr><tr><td><b>Commenced</b></td><td>2015-03-07</td></tr><tr><td><b>Closed</b></td><td>2017-01-17</td></tr><tr><td><b>Mast height (m)</b></td><td>80</td></tr><tr><td><b>Elevation (m)</b></td><td>6</td></tr><tr><td><b>Mean wind speed (m/s)</b></td><td>4.69</td></tr><tr><td><b>Wind power density (W/m2)</b></td><td>133.54</td></tr><tr><td><b>PDF page</b></td><td>3</td></tr></table>]]></description><TimeSpan><begin>2015-03-07</begin><end>2017-01-17</end></TimeSpan><styleUrl>#Closed</styleUrl><Point><coordinates>85.2455,19.586328,0</coordinates></Point></Placemark></Folder><Folder><name>PUDUCHERRY (6)</name><Placemark><name>DUBARAYAPET</name><description><![CDATA[<table><tr><td><b>Station</b></td><td>DUBARAYAPET</td></tr><tr><td><b>District</b></td><td>PUDUCHERRY</td></tr><tr><td><b>Status</b></td><td>Closed</td></tr><tr><td><b>Source</b></td><td>Mast</td></tr><tr><td><b>Commenced</b></td><td>1996-10-15</td></tr><tr><td><b>Closed</b></td><td>1998-01-19</td></tr><tr><td><b>Mast height (m)</b></td><td>25</td></tr><tr><td><b>Elevation (m)</b></td><td>4</td></tr><tr><td><b>Mean wind speed (m/s)</b></td><td>4.44</td></tr><tr><td><b>Wind power density (W/m2)</b></td><td>87.6</td></tr><tr><td><b>PDF page</b></td><td>11</td></tr></table>]]></description><TimeSpan><begin>1996-10-15</begin><end>1998-01-19</end></TimeSpan><styleUrl>#Closed</styleUrl><Point><coordinates>79.829167,11.902778,0</coordinates></Point></Placemark><Placemark><name>KEEZHAYUR</name><description><![CDATA[<table><tr><td><b>Station</b></td><td>KEEZHAYUR</td></tr><tr><td><b>District</b></td><td>KARAIKAL</td></tr><tr><td><b>Status</b></td><td>Closed</td></tr><tr><td><b>Source</b></td><td>Mast</td></tr><tr><td><b>Commenced</b></td><td>1996-10-18</td></tr><tr><td><b>Closed</b></td><td>1998-01-20</td></tr><tr><td><b>Mast height (m)</b></td><td>25</td></tr><tr><td><b>Elevation (m)</b></td><td>7</td></tr><tr><td><b>Mean wind speed (m/s)</b></td><td>4.86</td></tr><tr><td><b>Wind power density (W/m2)</b></td><td>115.4</td></tr><tr><td><b>PDF page</b></td><td>11</td></tr></table>]]></description><TimeSpan><begin>1996-10-18</begin><end>1998-01-20</end></TimeSpan><styleUrl>#Closed</styleUrl><Point><coordinates>79.833333,10.866667,0</coordinates></Point></Placemark><Placemark><name>PANNITHITTU</name><description><![CDATA[<table><tr><td><b>Station</b></td><td>PANNITHITTU</td></tr><tr><td><b>District</b></td><td>PUDUCHERRY</td></tr><tr><td><b>Status</b></td><td>Closed</td></tr><tr><td><b>Source</b></td><td>Mast</td></tr><tr><td><b>Commenced</b></td><td>1996-10-16</td></tr><tr><td><b>Closed</b></td><td>1998-01-19</td></tr><tr><td><b>Mast height (m)</b></td><td>25</td></tr><tr><td><b>Elevation (m)</b></td><td>3</td></tr><tr><td><b>Mean wind speed (m/s)</b></td><td>3.72</td></tr><tr><td><b>Wind power density (W/m2)</b></td><td>52.7</td></tr><tr><td><b>PDF page</b></td><td>11</td></tr></table>]]></description><TimeSpan><begin>1996-10-16</begin><end>1998-01-19</end></TimeSpan><styleUrl>#Closed</styleUrl><Point><coordinates>79.803889,11.830278,0</coordinates></Point></Placemark><Placemark><name>YANAM</name><description><![CDATA[<table><tr><td><b>Station</b></td><td>YANAM</td></tr><tr><td><b>District</b></td><td>YANAM</td></tr><tr><td><b>Status</b></td><td>Closed</td></tr><tr><td><b>Source</b></td><td>Mast</td></tr><tr><td><b>Commenced</b></td><td>1997-08-07</td></tr><tr><td><b>Closed</b></td><td>1999-06-28</td></tr><tr><td><b>Mast height (m)</b></td><td>25</td></tr><tr><td><b>Elevation (m)</b></td><td>3</td></tr><tr><td><b>Mean wind speed (m/s)</b></td><td>3.85</td></tr><tr><td><b>Wind power density (W/m2)</b></td><td>61.6</td></tr><tr><td><b>PDF page</b></td><td>11</td></tr></table>]]></description><TimeSpan><begin>1997-08-07</begin><end>1999-06-28</end></TimeSpan><styleUrl>#Closed</styleUrl><Point><coordinates>82.298056,16.750278,0</coordinates></Point></Placemark><Placemark><name>KILLAYUR</name><description><![CDATA[<table><tr><td><b>Station</b></td><td>KILLAYUR</td></tr><tr><td><b>District</b></td><td>KARAIKAL</td></tr><tr><td><b>Status</b></td><td>Closed</td></tr><tr><td><b>Source</b></td><td>Mast</td></tr><tr><td><b>Commenced</b></td><td>2014-05-25</td></tr><tr><td><b>Closed</b></td><td>2016-05-10</td></tr><tr><td><b>Mast height (m)</b></td><td>80</td></tr><tr><td><b>Elevation (m)</b></td><td>12</td></tr><tr><td><b>Mean wind speed (m/s)</b></td><td>6.05</td></tr><tr><td><b>Wind power density (W/m2)</b></td><td>184.52</td></tr><tr><td><b>PDF page</b></td><td>11</td></tr></table>]]></description><TimeSpan><begin>2014-05-25</begin><end>2016-05-10</end></TimeSpan><styleUrl>#Closed</styleUrl><Point><coordinates>79.845344,10.867575,0</coordinates></Point></Placemark><Placemark><name>NARAMBAI</name><description><![CDATA[<table><tr><td><b>Station</b></td><td>NARAMBAI</td></tr><tr><td><b>District</b></td><td>PONDICHERRY</td></tr><tr><td><b>Status</b></td><td>Closed</td></tr><tr><td><b>Source</b></td><td>Mast</td></tr><tr><td><b>Commenced</b></td><td>2014-11-06</td></tr><tr><td><b>Closed</b></td><td>2016-08-17</td></tr><tr><td><b>Mast height (m)</b></td><td>50</td></tr><tr><td><b>Elevation (m)</b></td><td>23</td></tr><tr><td><b>Mean wind speed (m/s)</b></td><td>5.03</td></tr><tr><td><b>Wind power density (W/m2)</b></td><td>112.27</td></tr><tr><td><b>PDF page</b></td><td>11</td></tr></table>]]></description><TimeSpan><begin>2014-11-06</begin><end>2016-08-17</end></TimeSpan><styleUrl>#Closed</styleUrl><Point><coordinates>79.794775,11.811567,0</coordinates></Point></Placemark></Folder><Folder><name>PUNJAB (10)</name><Placemark><name>ANANDAPUR SAHIB</name><description><![CDATA[<table><tr><td><b>Station</b></td><td>ANANDAPUR SAHIB</td></tr><tr><td><b>Status</b></td><td>Closed</td></tr><tr><td><b>Source</b></td><td>Mast</td></tr><tr><td><b>Commenced</b></td><td>1997-06-27</td></tr><tr><td><b>Closed</b></td><td>1999-01-15</td></tr><tr><td><b>Mast height (m)</b></td><td>25</td></tr><tr><td><b>Elevation (m)</b></td><td>320</td></tr><tr><td><b>Mean wind speed (m/s)</b></td><td>2.23</td></tr><tr><td><b>Wind power density (W/m2)</b></td><td>28.3</td></tr><tr><td><b>PDF page</b></td><td>11</td></tr></table>]]></description><TimeSpan><begin>1997-06-27</begin><end>1999-01-15</end></TimeSpan><styleUrl>#Closed</styleUrl><Point><coordinates>76.5,31.233333,0</coordinates></Point></Placemark><Placemark><name>QUADIAN</name><description><![CDATA[<table><tr><td><b>Station</b></td><td>QUADIAN</td></tr><tr><td><b>District</b></td><td>GURUDASPUR</td></tr><tr><td><b>Status</b></td><td>Closed</td></tr><tr><td><b>Source</b></td><td>Mast</td></tr><tr><td><b>Commenced</b></td><td>1997-10-15</td></tr><tr><td><b>Closed</b></td><td>1999-01-17</td></tr><tr><td><b>Mast height (m)</b></td><td>25</td></tr><tr><td><b>Elevation (m)</b></td><td>255</td></tr><tr><td><b>Mean wind speed (m/s)</b></td><td>1.87</td></tr><tr><td><b>Wind power density (W/m2)</b></td><td>13.7</td></tr><tr><td><b>PDF page</b></td><td>11</td></tr></table>]]></description><TimeSpan><begin>1997-10-15</begin><end>1999-01-17</end></TimeSpan><styleUrl>#Closed</styleUrl><Point><coordinates>75.356389,31.809722,0</coordinates></Point></Placemark><Placemark><name>RAMSARA</name><description><![CDATA[<table><tr><td><b>Station</b></td><td>RAMSARA</td></tr><tr><td><b>District</b></td><td>FIROZPUR</td></tr><tr><td><b>Status</b></td><td>Closed</td></tr><tr><td><b>Source</b></td><td>Mast</td></tr><tr><td><b>Commenced</b></td><td>1998-10-15</td></tr><tr><td><b>Closed</b></td><td>2000-02-11</td></tr><tr><td><b>Mast height (m)</b></td><td>25</td></tr><tr><td><b>Elevation (m)</b></td><td>185</td></tr><tr><td><b>Mean wind speed (m/s)</b></td><td>2.75</td></tr><tr><td><b>Wind power density (W/m2)</b></td><td>24.2</td></tr><tr><td><b>PDF page</b></td><td>11</td></tr></table>]]></description><TimeSpan><begin>1998-10-15</begin><end>2000-02-11</end></TimeSpan><styleUrl>#Closed</styleUrl><Point><coordinates>74.201389,30.083333,0</coordinates></Point></Placemark><Placemark><name>SARDULEWALA</name><description><![CDATA[<table><tr><td><b>Station</b></td><td>SARDULEWALA</td></tr><tr><td><b>District</b></td><td>MANSA</td></tr><tr><td><b>Status</b></td><td>Closed</td></tr><tr><td><b>Source</b></td><td>Mast</td></tr><tr><td><b>Commenced</b></td><td>1998-10-13</td></tr><tr><td><b>Closed</b></td><td>2000-02-10</td></tr><tr><td><b>Mast height (m)</b></td><td>25</td></tr><tr><td><b>Elevation (m)</b></td><td>210</td></tr><tr><td><b>Mean wind speed (m/s)</b></td><td>2.53</td></tr><tr><td><b>Wind power density (W/m2)</b></td><td>22.4</td></tr><tr><td><b>PDF page</b></td><td>11</td></tr></table>]]></description><TimeSpan><begin>1998-10-13</begin><end>2000-02-10</end></TimeSpan><styleUrl>#Closed</styleUrl><Point><coordinates>75.250278,29.724167,0</coordinates></Point></Placemark><Placemark><name>SHAHPUR KANDI</name><description><![CDATA[<table><tr><td><b>Station</b></td><td>SHAHPUR KANDI</td></tr><tr><td><b>District</b></td><td>GURUDASPUR</td></tr><tr><td><b>Status</b></td><td>Closed</td></tr><tr><td><b>Source</b></td><td>Mast</td></tr><tr><td><b>Commenced</b></td><td>1997-10-16</td></tr><tr><td><b>Closed</b></td><td>1999-01-17</td></tr><tr><td><b>Mast height (m)</b></td><td>25</td></tr><tr><td><b>Elevation (m)</b></td><td>411</td></tr><tr><td><b>Mean wind speed (m/s)</b></td><td>2.72</td></tr><tr><td><b>Wind power density (W/m2)</b></td><td>32.1</td></tr><tr><td><b>PDF page</b></td><td>11</td></tr></table>]]></description><TimeSpan><begin>1997-10-16</begin><end>1999-01-17</end></TimeSpan><styleUrl>#Closed</styleUrl><Point><coordinates>75.687222,32.3975,0</coordinates></Point></Placemark><Placemark><name>TALWANDI SABO</name><description><![CDATA[<table><tr><td><b>Station</b></td><td>TALWANDI SABO</td></tr><tr><td><b>District</b></td><td>BATINDA</td></tr><tr><td><b>Status</b></td><td>Closed</td></tr><tr><td><b>Source</b></td><td>Mast</td></tr><tr><td><b>Commenced</b></td><td>1998-10-14</td></tr><tr><td><b>Closed</b></td><td>2000-02-10</td></tr><tr><td><b>Mast height (m)</b></td><td>25</td></tr><tr><td><b>Elevation (m)</b></td><td>210</td></tr><tr><td><b>Mean wind speed (m/s)</b></td><td>2.71</td></tr><tr><td><b>Wind power density (W/m2)</b></td><td>25.3</td></tr><tr><td><b>PDF page</b></td><td>11</td></tr></table>]]></description><TimeSpan><begin>1998-10-14</begin><end>2000-02-10</end></TimeSpan><styleUrl>#Closed</styleUrl><Point><coordinates>75.115,29.952778,0</coordinates></Point></Placemark><Placemark><name>THEHRI</name><description><![CDATA[<table><tr><td><b>Station</b></td><td>THEHRI</td></tr><tr><td><b>District</b></td><td>MUKTSAR</td></tr><tr><td><b>Status</b></td><td>Closed</td></tr><tr><td><b>Source</b></td><td>Mast</td></tr><tr><td><b>Commenced</b></td><td>1998-10-15</td></tr><tr><td><b>Closed</b></td><td>2000-02-11</td></tr><tr><td><b>Mast height (m)</b></td><td>25</td></tr><tr><td><b>Elevation (m)</b></td><td>190</td></tr><tr><td><b>Mean wind speed (m/s)</b></td><td>2.51</td></tr><tr><td><b>Wind power density (W/m2)</b></td><td>22.2</td></tr><tr><td><b>PDF page</b></td><td>11</td></tr></table>]]></description><TimeSpan><begin>1998-10-15</begin><end>2000-02-11</end></TimeSpan><styleUrl>#Closed</styleUrl><Point><coordinates>74.574167,30.212778,0</coordinates></Point></Placemark><Placemark><name>TREHTI</name><description><![CDATA[<table><tr><td><b>Station</b></td><td>TREHTI</td></tr><tr><td><b>District</b></td><td>GURUDASPUR</td></tr><tr><td><b>Status</b></td><td>Closed</td></tr><tr><td><b>Source</b></td><td>Mast</td></tr><tr><td><b>Commenced</b></td><td>1998-10-17</td></tr><tr><td><b>Closed</b></td><td>2000-02-13</td></tr><tr><td><b>Mast height (m)</b></td><td>25</td></tr><tr><td><b>Elevation (m)</b></td><td>426</td></tr><tr><td><b>Mean wind speed (m/s)</b></td><td>2</td></tr><tr><td><b>Wind power density (W/m2)</b></td><td>12.5</td></tr><tr><td><b>PDF page</b></td><td>11</td></tr></table>]]></description><TimeSpan><begin>1998-10-17</begin><end>2000-02-13</end></TimeSpan><styleUrl>#Closed</styleUrl><Point><coordinates>75.764608,32.272733,0</coordinates></Point></Placemark><Placemark><name>BATINDA</name><description><![CDATA[<table><tr><td><b>Station</b></td><td>BATINDA</td></tr><tr><td><b>District</b></td><td>BATINDA</td></tr><tr><td><b>Status</b></td><td>Closed</td></tr><tr><td><b>Source</b></td><td>Mast</td></tr><tr><td><b>Commenced</b></td><td>2008-06-17</td></tr><tr><td><b>Closed</b></td><td>2010-06-30</td></tr><tr><td><b>Mast height (m)</b></td><td>50</td></tr><tr><td><b>Elevation (m)</b></td><td>221</td></tr><tr><td><b>Mean wind speed (m/s)</b></td><td>3.63</td></tr><tr><td><b>Wind power density (W/m2)</b></td><td>50.61</td></tr><tr><td><b>PDF page</b></td><td>11</td></tr></table>]]></description><TimeSpan><begin>2008-06-17</begin><end>2010-06-30</end></TimeSpan><styleUrl>#Closed</styleUrl><Point><coordinates>75.071389,30.228056,0</coordinates></Point></Placemark><Placemark><name>PAHARPUR</name><description><![CDATA[<table><tr><td><b>Station</b></td><td>PAHARPUR</td></tr><tr><td><b>District</b></td><td>ROPAR</td></tr><tr><td><b>Status</b></td><td>Closed</td></tr><tr><td><b>Source</b></td><td>Mast</td></tr><tr><td><b>Commenced</b></td><td>2008-06-19</td></tr><tr><td><b>Closed</b></td><td>2010-06-30</td></tr><tr><td><b>Mast height (m)</b></td><td>50</td></tr><tr><td><b>Elevation (m)</b></td><td>400</td></tr><tr><td><b>Mean wind speed (m/s)</b></td><td>2.61</td></tr><tr><td><b>Wind power density (W/m2)</b></td><td>54.07</td></tr><tr><td><b>PDF page</b></td><td>11</td></tr></table>]]></description><TimeSpan><begin>2008-06-19</begin><end>2010-06-30</end></TimeSpan><styleUrl>#Closed</styleUrl><Point><coordinates>76.247222,31.400556,0</coordinates></Point></Placemark></Folder><Folder><name>RAJASTHAN (51)</name><Placemark><name>1.6 RD</name><description><![CDATA[<table><tr><td><b>Station</b></td><td>1.6 RD</td></tr><tr><td><b>District</b></td><td>GANGA NAGAR</td></tr><tr><td><b>Status</b></td><td>Closed</td></tr><tr><td><b>Source</b></td><td>Mast</td></tr><tr><td><b>Commenced</b></td><td>2001-03-05</td></tr><tr><td><b>Closed</b></td><td>2003-03-26</td></tr><tr><td><b>Mast height (m)</b></td><td>20</td></tr><tr><td><b>Elevation (m)</b></td><td>191</td></tr><tr><td><b>Mean wind speed (m/s)</b></td><td>3.31</td></tr><tr><td><b>Wind power density (W/m2)</b></td><td>38</td></tr><tr><td><b>PDF page</b></td><td>6</td></tr></table>]]></description><TimeSpan><begin>2001-03-05</begin><end>2003-03-26</end></TimeSpan><styleUrl>#Closed</styleUrl><Point><coordinates>73.919722,29.191944,0</coordinates></Point></Placemark><Placemark><name>BALESAR</name><description><![CDATA[<table><tr><td><b>Station</b></td><td>BALESAR</td></tr><tr><td><b>District</b></td><td>JODHPUR</td></tr><tr><td><b>Status</b></td><td>Closed</td></tr><tr><td><b>Source</b></td><td>Mast</td></tr><tr><td><b>Commenced</b></td><td>2002-09-04</td></tr><tr><td><b>Closed</b></td><td>2004-03-12</td></tr><tr><td><b>Mast height (m)</b></td><td>25</td></tr><tr><td><b>Elevation (m)</b></td><td>250</td></tr><tr><td><b>Mean wind speed (m/s)</b></td><td>4.5</td></tr><tr><td><b>Wind power density (W/m2)</b></td><td>116</td></tr><tr><td><b>PDF page</b></td><td>6</td></tr></table>]]></description><TimeSpan><begin>2002-09-04</begin><end>2004-03-12</end></TimeSpan><styleUrl>#Closed</styleUrl><Point><coordinates>72.499444,26.385278,0</coordinates></Point></Placemark><Placemark><name>BARI SADRI</name><description><![CDATA[<table><tr><td><b>Station</b></td><td>BARI SADRI</td></tr><tr><td><b>District</b></td><td>CHITTORGARH</td></tr><tr><td><b>Status</b></td><td>Closed</td></tr><tr><td><b>Source</b></td><td>Mast</td></tr><tr><td><b>Commenced</b></td><td>1996-09-22</td></tr><tr><td><b>Closed</b></td><td>1998-05-15</td></tr><tr><td><b>Mast height (m)</b></td><td>25</td></tr><tr><td><b>Elevation (m)</b></td><td>572</td></tr><tr><td><b>Mean wind speed (m/s)</b></td><td>5.19</td></tr><tr><td><b>Wind power density (W/m2)</b></td><td>120.9</td></tr><tr><td><b>PDF page</b></td><td>6</td></tr></table>]]></description><TimeSpan><begin>1996-09-22</begin><end>1998-05-15</end></TimeSpan><styleUrl>#Closed</styleUrl><Point><coordinates>74.476667,24.409056,0</coordinates></Point></Placemark><Placemark><name>BARLI</name><description><![CDATA[<table><tr><td><b>Station</b></td><td>BARLI</td></tr><tr><td><b>District</b></td><td>JODHPUR</td></tr><tr><td><b>Status</b></td><td>Closed</td></tr><tr><td><b>Source</b></td><td>Mast</td></tr><tr><td><b>Commenced</b></td><td>1988-12-28</td></tr><tr><td><b>Closed</b></td><td>1993-08-13</td></tr><tr><td><b>Mast height (m)</b></td><td>20</td></tr><tr><td><b>Elevation (m)</b></td><td>290</td></tr><tr><td><b>Mean wind speed (m/s)</b></td><td>4.49</td></tr><tr><td><b>Wind power density (W/m2)</b></td><td>99</td></tr><tr><td><b>PDF page</b></td><td>6</td></tr></table>]]></description><TimeSpan><begin>1988-12-28</begin><end>1993-08-13</end></TimeSpan><styleUrl>#Closed</styleUrl><Point><coordinates>72.907778,26.311667,0</coordinates></Point></Placemark><Placemark><name>BASI</name><description><![CDATA[<table><tr><td><b>Station</b></td><td>BASI</td></tr><tr><td><b>District</b></td><td>CHITTORGARH</td></tr><tr><td><b>Status</b></td><td>Closed</td></tr><tr><td><b>Source</b></td><td>Mast</td></tr><tr><td><b>Commenced</b></td><td>1997-07-19</td></tr><tr><td><b>Closed</b></td><td>1999-01-16</td></tr><tr><td><b>Mast height (m)</b></td><td>20</td></tr><tr><td><b>Elevation (m)</b></td><td>560</td></tr><tr><td><b>Mean wind speed (m/s)</b></td><td>4.41</td></tr><tr><td><b>Wind power density (W/m2)</b></td><td>83.4</td></tr><tr><td><b>PDF page</b></td><td>6</td></tr></table>]]></description><TimeSpan><begin>1997-07-19</begin><end>1999-01-16</end></TimeSpan><styleUrl>#Closed</styleUrl><Point><coordinates>74.778194,25.008928,0</coordinates></Point></Placemark><Placemark><name>BHADKHA</name><description><![CDATA[<table><tr><td><b>Station</b></td><td>BHADKHA</td></tr><tr><td><b>District</b></td><td>BARMER</td></tr><tr><td><b>Status</b></td><td>Closed</td></tr><tr><td><b>Source</b></td><td>Mast</td></tr><tr><td><b>Commenced</b></td><td>1988-12-26</td></tr><tr><td><b>Closed</b></td><td>1993-08-17</td></tr><tr><td><b>Mast height (m)</b></td><td>20</td></tr><tr><td><b>Elevation (m)</b></td><td>189</td></tr><tr><td><b>Mean wind speed (m/s)</b></td><td>4.2</td></tr><tr><td><b>Wind power density (W/m2)</b></td><td>99.4</td></tr><tr><td><b>PDF page</b></td><td>6</td></tr></table>]]></description><TimeSpan><begin>1988-12-26</begin><end>1993-08-17</end></TimeSpan><styleUrl>#Closed</styleUrl><Point><coordinates>71.362222,26.003333,0</coordinates></Point></Placemark><Placemark><name>BHAGAVANPUR</name><description><![CDATA[<table><tr><td><b>Station</b></td><td>BHAGAVANPUR</td></tr><tr><td><b>District</b></td><td>AJMER</td></tr><tr><td><b>Status</b></td><td>Closed</td></tr><tr><td><b>Source</b></td><td>Mast</td></tr><tr><td><b>Commenced</b></td><td>1994-12-15</td></tr><tr><td><b>Closed</b></td><td>1996-04-04</td></tr><tr><td><b>Mast height (m)</b></td><td>20</td></tr><tr><td><b>Elevation (m)</b></td><td>537</td></tr><tr><td><b>Mean wind speed (m/s)</b></td><td>3.89</td></tr><tr><td><b>Wind power density (W/m2)</b></td><td>87.6</td></tr><tr><td><b>PDF page</b></td><td>6</td></tr></table>]]></description><TimeSpan><begin>1994-12-15</begin><end>1996-04-04</end></TimeSpan><styleUrl>#Closed</styleUrl><Point><coordinates>74.024808,25.779969,0</coordinates></Point></Placemark><Placemark><name>BISHENGARH</name><description><![CDATA[<table><tr><td><b>Station</b></td><td>BISHENGARH</td></tr><tr><td><b>District</b></td><td>JALOR</td></tr><tr><td><b>Status</b></td><td>Closed</td></tr><tr><td><b>Source</b></td><td>Mast</td></tr><tr><td><b>Commenced</b></td><td>1991-02-20</td></tr><tr><td><b>Closed</b></td><td>1993-08-18</td></tr><tr><td><b>Mast height (m)</b></td><td>20</td></tr><tr><td><b>Elevation (m)</b></td><td>145</td></tr><tr><td><b>Mean wind speed (m/s)</b></td><td>3.07</td></tr><tr><td><b>Wind power density (W/m2)</b></td><td>59.6</td></tr><tr><td><b>PDF page</b></td><td>7</td></tr></table>]]></description><TimeSpan><begin>1991-02-20</begin><end>1993-08-18</end></TimeSpan><styleUrl>#Closed</styleUrl><Point><coordinates>72.573611,25.456389,0</coordinates></Point></Placemark><Placemark><name>BISSAU</name><description><![CDATA[<table><tr><td><b>Station</b></td><td>BISSAU</td></tr><tr><td><b>District</b></td><td>JHUNJHUNU</td></tr><tr><td><b>Status</b></td><td>Closed</td></tr><tr><td><b>Source</b></td><td>Mast</td></tr><tr><td><b>Commenced</b></td><td>2001-08-07</td></tr><tr><td><b>Closed</b></td><td>2003-08-20</td></tr><tr><td><b>Mast height (m)</b></td><td>20</td></tr><tr><td><b>Elevation (m)</b></td><td>298</td></tr><tr><td><b>Mean wind speed (m/s)</b></td><td>2.68</td></tr><tr><td><b>Wind power density (W/m2)</b></td><td>30</td></tr><tr><td><b>PDF page</b></td><td>7</td></tr></table>]]></description><TimeSpan><begin>2001-08-07</begin><end>2003-08-20</end></TimeSpan><styleUrl>#Closed</styleUrl><Point><coordinates>75.092778,28.240556,0</coordinates></Point></Placemark><Placemark><name>DADREWA</name><description><![CDATA[<table><tr><td><b>Station</b></td><td>DADREWA</td></tr><tr><td><b>District</b></td><td>CHURU</td></tr><tr><td><b>Status</b></td><td>Closed</td></tr><tr><td><b>Source</b></td><td>Mast</td></tr><tr><td><b>Commenced</b></td><td>2001-08-08</td></tr><tr><td><b>Closed</b></td><td>2003-08-21</td></tr><tr><td><b>Mast height (m)</b></td><td>25</td></tr><tr><td><b>Elevation (m)</b></td><td>230</td></tr><tr><td><b>Mean wind speed (m/s)</b></td><td>3.66</td></tr><tr><td><b>Wind power density (W/m2)</b></td><td>60</td></tr><tr><td><b>PDF page</b></td><td>7</td></tr></table>]]></description><TimeSpan><begin>2001-08-08</begin><end>2003-08-21</end></TimeSpan><styleUrl>#Closed</styleUrl><Point><coordinates>75.23,28.675,0</coordinates></Point></Placemark><Placemark><name>DAMOTAR</name><description><![CDATA[<table><tr><td><b>Station</b></td><td>DAMOTAR</td></tr><tr><td><b>District</b></td><td>PRATAPGARH</td></tr><tr><td><b>Status</b></td><td>Closed</td></tr><tr><td><b>Source</b></td><td>Mast</td></tr><tr><td><b>Commenced</b></td><td>1994-12-18</td></tr><tr><td><b>Closed</b></td><td>1997-07-16</td></tr><tr><td><b>Mast height (m)</b></td><td>20</td></tr><tr><td><b>Elevation (m)</b></td><td>526</td></tr><tr><td><b>Mean wind speed (m/s)</b></td><td>5.31</td></tr><tr><td><b>Wind power density (W/m2)</b></td><td>149.2</td></tr><tr><td><b>PDF page</b></td><td>7</td></tr></table>]]></description><TimeSpan><begin>1994-12-18</begin><end>1997-07-16</end></TimeSpan><styleUrl>#Closed</styleUrl><Point><coordinates>74.736667,24.118611,0</coordinates></Point></Placemark><Placemark><name>DERASAR</name><description><![CDATA[<table><tr><td><b>Station</b></td><td>DERASAR</td></tr><tr><td><b>District</b></td><td>BARMER</td></tr><tr><td><b>Status</b></td><td>Closed</td></tr><tr><td><b>Source</b></td><td>Mast</td></tr><tr><td><b>Commenced</b></td><td>1988-12-25</td></tr><tr><td><b>Closed</b></td><td>1992-08-15</td></tr><tr><td><b>Mast height (m)</b></td><td>20</td></tr><tr><td><b>Elevation (m)</b></td><td>240</td></tr><tr><td><b>Mean wind speed (m/s)</b></td><td>3.52</td></tr><tr><td><b>Wind power density (W/m2)</b></td><td>76.9</td></tr><tr><td><b>PDF page</b></td><td>7</td></tr></table>]]></description><TimeSpan><begin>1988-12-25</begin><end>1992-08-15</end></TimeSpan><styleUrl>#Closed</styleUrl><Point><coordinates>71.185278,25.798056,0</coordinates></Point></Placemark><Placemark><name>DEVGARH</name><description><![CDATA[<table><tr><td><b>Station</b></td><td>DEVGARH</td></tr><tr><td><b>District</b></td><td>PRATAPGARH</td></tr><tr><td><b>Status</b></td><td>Closed</td></tr><tr><td><b>Source</b></td><td>Mast</td></tr><tr><td><b>Commenced</b></td><td>1996-07-25</td></tr><tr><td><b>Closed</b></td><td>1999-01-17</td></tr><tr><td><b>Mast height (m)</b></td><td>25</td></tr><tr><td><b>Elevation (m)</b></td><td>520</td></tr><tr><td><b>Mean wind speed (m/s)</b></td><td>5.62</td></tr><tr><td><b>Wind power density (W/m2)</b></td><td>151</td></tr><tr><td><b>PDF page</b></td><td>7</td></tr></table>]]></description><TimeSpan><begin>1996-07-25</begin><end>1999-01-17</end></TimeSpan><styleUrl>#Closed</styleUrl><Point><coordinates>74.652778,24.043056,0</coordinates></Point></Placemark><Placemark><name>GADOLI</name><description><![CDATA[<table><tr><td><b>Station</b></td><td>GADOLI</td></tr><tr><td><b>District</b></td><td>BHILWARA</td></tr><tr><td><b>Status</b></td><td>Closed</td></tr><tr><td><b>Source</b></td><td>Mast</td></tr><tr><td><b>Commenced</b></td><td>1994-06-17</td></tr><tr><td><b>Closed</b></td><td>1995-10-09</td></tr><tr><td><b>Mast height (m)</b></td><td>20</td></tr><tr><td><b>Elevation (m)</b></td><td>410</td></tr><tr><td><b>Mean wind speed (m/s)</b></td><td>3.46</td></tr><tr><td><b>Wind power density (W/m2)</b></td><td>49.7</td></tr><tr><td><b>PDF page</b></td><td>7</td></tr></table>]]></description><TimeSpan><begin>1994-06-17</begin><end>1995-10-09</end></TimeSpan><styleUrl>#Closed</styleUrl><Point><coordinates>75.371667,25.679167,0</coordinates></Point></Placemark><Placemark><name>GAJNER</name><description><![CDATA[<table><tr><td><b>Station</b></td><td>GAJNER</td></tr><tr><td><b>District</b></td><td>BIKANER</td></tr><tr><td><b>Status</b></td><td>Closed</td></tr><tr><td><b>Source</b></td><td>Mast</td></tr><tr><td><b>Commenced</b></td><td>2004-05-09</td></tr><tr><td><b>Closed</b></td><td>2007-03-13</td></tr><tr><td><b>Mast height (m)</b></td><td>50</td></tr><tr><td><b>Elevation (m)</b></td><td>222</td></tr><tr><td><b>Mean wind speed (m/s)</b></td><td>4.95</td></tr><tr><td><b>Wind power density (W/m2)</b></td><td>130</td></tr><tr><td><b>PDF page</b></td><td>7</td></tr></table>]]></description><TimeSpan><begin>2004-05-09</begin><end>2007-03-13</end></TimeSpan><styleUrl>#Closed</styleUrl><Point><coordinates>73.053056,27.961111,0</coordinates></Point></Placemark><Placemark><name>HARSHNATH</name><description><![CDATA[<table><tr><td><b>Station</b></td><td>HARSHNATH</td></tr><tr><td><b>District</b></td><td>SIKAR</td></tr><tr><td><b>Status</b></td><td>Closed</td></tr><tr><td><b>Source</b></td><td>Mast</td></tr><tr><td><b>Commenced</b></td><td>1996-09-20</td></tr><tr><td><b>Closed</b></td><td>1998-11-13</td></tr><tr><td><b>Mast height (m)</b></td><td>25</td></tr><tr><td><b>Elevation (m)</b></td><td>891</td></tr><tr><td><b>Mean wind speed (m/s)</b></td><td>5.73</td></tr><tr><td><b>Wind power density (W/m2)</b></td><td>206.4</td></tr><tr><td><b>PDF page</b></td><td>7</td></tr></table>]]></description><TimeSpan><begin>1996-09-20</begin><end>1998-11-13</end></TimeSpan><styleUrl>#Closed</styleUrl><Point><coordinates>75.173333,27.499722,0</coordinates></Point></Placemark><Placemark><name>JAISALMER 1)</name><description><![CDATA[<table><tr><td><b>Station</b></td><td>JAISALMER 1)</td></tr><tr><td><b>District</b></td><td>JAISALMER</td></tr><tr><td><b>Status</b></td><td>Closed</td></tr><tr><td><b>Source</b></td><td>Mast</td></tr><tr><td><b>Commenced</b></td><td>1988-06-08</td></tr><tr><td><b>Closed</b></td><td>1993-08-16</td></tr><tr><td><b>Mast height (m)</b></td><td>20</td></tr><tr><td><b>Elevation (m)</b></td><td>241</td></tr><tr><td><b>Mean wind speed (m/s)</b></td><td>4.83</td></tr><tr><td><b>Wind power density (W/m2)</b></td><td>159.3</td></tr><tr><td><b>PDF page</b></td><td>7</td></tr></table>]]></description><TimeSpan><begin>1988-06-08</begin><end>1993-08-16</end></TimeSpan><styleUrl>#Closed</styleUrl><Point><coordinates>70.893889,26.9425,0</coordinates></Point></Placemark><Placemark><name>JAISALMER 2)</name><description><![CDATA[<table><tr><td><b>Station</b></td><td>JAISALMER 2)</td></tr><tr><td><b>District</b></td><td>JAISALMER</td></tr><tr><td><b>Status</b></td><td>Closed</td></tr><tr><td><b>Source</b></td><td>Mast</td></tr><tr><td><b>Commenced</b></td><td>1999-01-20</td></tr><tr><td><b>Closed</b></td><td>2005-12-03</td></tr><tr><td><b>Mast height (m)</b></td><td>25</td></tr><tr><td><b>Elevation (m)</b></td><td>255</td></tr><tr><td><b>Mean wind speed (m/s)</b></td><td>5.5</td></tr><tr><td><b>Wind power density (W/m2)</b></td><td>182.1</td></tr><tr><td><b>PDF page</b></td><td>7</td></tr></table>]]></description><TimeSpan><begin>1999-01-20</begin><end>2005-12-03</end></TimeSpan><styleUrl>#Closed</styleUrl><Point><coordinates>70.887778,26.94,0</coordinates></Point></Placemark><Placemark><name>JASWANTHGAD</name><description><![CDATA[<table><tr><td><b>Station</b></td><td>JASWANTHGAD</td></tr><tr><td><b>District</b></td><td>UDAIPUR</td></tr><tr><td><b>Status</b></td><td>Closed</td></tr><tr><td><b>Source</b></td><td>Mast</td></tr><tr><td><b>Commenced</b></td><td>1994-12-17</td></tr><tr><td><b>Closed</b></td><td>1997-07-13</td></tr><tr><td><b>Mast height (m)</b></td><td>20</td></tr><tr><td><b>Elevation (m)</b></td><td>995</td></tr><tr><td><b>Mean wind speed (m/s)</b></td><td>5.25</td></tr><tr><td><b>Wind power density (W/m2)</b></td><td>142.2</td></tr><tr><td><b>PDF page</b></td><td>7</td></tr></table>]]></description><TimeSpan><begin>1994-12-17</begin><end>1997-07-13</end></TimeSpan><styleUrl>#Closed</styleUrl><Point><coordinates>73.471389,24.775833,0</coordinates></Point></Placemark><Placemark><name>KANOD</name><description><![CDATA[<table><tr><td><b>Station</b></td><td>KANOD</td></tr><tr><td><b>District</b></td><td>JAISALMER</td></tr><tr><td><b>Status</b></td><td>Closed</td></tr><tr><td><b>Source</b></td><td>Mast</td></tr><tr><td><b>Commenced</b></td><td>2002-09-05</td></tr><tr><td><b>Closed</b></td><td>2004-03-14</td></tr><tr><td><b>Mast height (m)</b></td><td>20</td></tr><tr><td><b>Elevation (m)</b></td><td>157</td></tr><tr><td><b>Mean wind speed (m/s)</b></td><td>5.23</td></tr><tr><td><b>Wind power density (W/m2)</b></td><td>153</td></tr><tr><td><b>PDF page</b></td><td>7</td></tr></table>]]></description><TimeSpan><begin>2002-09-05</begin><end>2004-03-14</end></TimeSpan><styleUrl>#Closed</styleUrl><Point><coordinates>71.0925,27.1175,0</coordinates></Point></Placemark><Placemark><name>KATHOTI</name><description><![CDATA[<table><tr><td><b>Station</b></td><td>KATHOTI</td></tr><tr><td><b>District</b></td><td>NAGAUR</td></tr><tr><td><b>Status</b></td><td>Closed</td></tr><tr><td><b>Source</b></td><td>Mast</td></tr><tr><td><b>Commenced</b></td><td>2001-03-02</td></tr><tr><td><b>Closed</b></td><td>2003-03-27</td></tr><tr><td><b>Mast height (m)</b></td><td>25</td></tr><tr><td><b>Elevation (m)</b></td><td>310</td></tr><tr><td><b>Mean wind speed (m/s)</b></td><td>3.69</td></tr><tr><td><b>Wind power density (W/m2)</b></td><td>52</td></tr><tr><td><b>PDF page</b></td><td>7</td></tr></table>]]></description><TimeSpan><begin>2001-03-02</begin><end>2003-03-27</end></TimeSpan><styleUrl>#Closed</styleUrl><Point><coordinates>74.273889,27.246667,0</coordinates></Point></Placemark><Placemark><name>KHERWADA</name><description><![CDATA[<table><tr><td><b>Station</b></td><td>KHERWADA</td></tr><tr><td><b>District</b></td><td>UDAIPUR</td></tr><tr><td><b>Status</b></td><td>Closed</td></tr><tr><td><b>Source</b></td><td>Mast</td></tr><tr><td><b>Commenced</b></td><td>1997-07-15</td></tr><tr><td><b>Closed</b></td><td>1999-01-18</td></tr><tr><td><b>Mast height (m)</b></td><td>20</td></tr><tr><td><b>Elevation (m)</b></td><td>546</td></tr><tr><td><b>Mean wind speed (m/s)</b></td><td>4.08</td></tr><tr><td><b>Wind power density (W/m2)</b></td><td>67.2</td></tr><tr><td><b>PDF page</b></td><td>7</td></tr></table>]]></description><TimeSpan><begin>1997-07-15</begin><end>1999-01-18</end></TimeSpan><styleUrl>#Closed</styleUrl><Point><coordinates>73.531667,23.995278,0</coordinates></Point></Placemark><Placemark><name>KHODAL</name><description><![CDATA[<table><tr><td><b>Station</b></td><td>KHODAL</td></tr><tr><td><b>District</b></td><td>BARMER</td></tr><tr><td><b>Status</b></td><td>Closed</td></tr><tr><td><b>Source</b></td><td>Mast</td></tr><tr><td><b>Commenced</b></td><td>1988-12-23</td></tr><tr><td><b>Closed</b></td><td>1993-08-17</td></tr><tr><td><b>Mast height (m)</b></td><td>20</td></tr><tr><td><b>Elevation (m)</b></td><td>269</td></tr><tr><td><b>Mean wind speed (m/s)</b></td><td>4.68</td></tr><tr><td><b>Wind power density (W/m2)</b></td><td>135.4</td></tr><tr><td><b>PDF page</b></td><td>7</td></tr></table>]]></description><TimeSpan><begin>1988-12-23</begin><end>1993-08-17</end></TimeSpan><styleUrl>#Closed</styleUrl><Point><coordinates>71.216389,26.364722,0</coordinates></Point></Placemark><Placemark><name>KHODAL -2</name><description><![CDATA[<table><tr><td><b>Station</b></td><td>KHODAL -2</td></tr><tr><td><b>District</b></td><td>BARMER</td></tr><tr><td><b>Status</b></td><td>Closed</td></tr><tr><td><b>Source</b></td><td>Mast</td></tr><tr><td><b>Commenced</b></td><td>2005-12-07</td></tr><tr><td><b>Closed</b></td><td>2008-03-28</td></tr><tr><td><b>Mast height (m)</b></td><td>50</td></tr><tr><td><b>Elevation (m)</b></td><td>290</td></tr><tr><td><b>Mean wind speed (m/s)</b></td><td>5.86</td></tr><tr><td><b>Wind power density (W/m2)</b></td><td>188</td></tr><tr><td><b>Project type</b></td><td>Other project</td></tr><tr><td><b>PDF page</b></td><td>7</td></tr></table>]]></description><TimeSpan><begin>2005-12-07</begin><end>2008-03-28</end></TimeSpan><styleUrl>#Closed</styleUrl><Point><coordinates>71.188056,26.3725,0</coordinates></Point></Placemark><Placemark><name>MAHAJAN</name><description><![CDATA[<table><tr><td><b>Station</b></td><td>MAHAJAN</td></tr><tr><td><b>District</b></td><td>BIKANER</td></tr><tr><td><b>Status</b></td><td>Closed</td></tr><tr><td><b>Source</b></td><td>Mast</td></tr><tr><td><b>Commenced</b></td><td>2001-03-04</td></tr><tr><td><b>Closed</b></td><td>2003-08-23</td></tr><tr><td><b>Mast height (m)</b></td><td>25</td></tr><tr><td><b>Elevation (m)</b></td><td>219</td></tr><tr><td><b>Mean wind speed (m/s)</b></td><td>3.99</td></tr><tr><td><b>Wind power density (W/m2)</b></td><td>69</td></tr><tr><td><b>PDF page</b></td><td>7</td></tr></table>]]></description><TimeSpan><begin>2001-03-04</begin><end>2003-08-23</end></TimeSpan><styleUrl>#Closed</styleUrl><Point><coordinates>73.833333,28.666667,0</coordinates></Point></Placemark><Placemark><name>MANDAL</name><description><![CDATA[<table><tr><td><b>Station</b></td><td>MANDAL</td></tr><tr><td><b>District</b></td><td>BHILWARA</td></tr><tr><td><b>Status</b></td><td>Closed</td></tr><tr><td><b>Source</b></td><td>Mast</td></tr><tr><td><b>Commenced</b></td><td>1996-07-27</td></tr><tr><td><b>Closed</b></td><td>1998-05-16</td></tr><tr><td><b>Mast height (m)</b></td><td>25</td></tr><tr><td><b>Elevation (m)</b></td><td>510</td></tr><tr><td><b>Mean wind speed (m/s)</b></td><td>4.48</td></tr><tr><td><b>Wind power density (W/m2)</b></td><td>87.9</td></tr><tr><td><b>PDF page</b></td><td>7</td></tr></table>]]></description><TimeSpan><begin>1996-07-27</begin><end>1998-05-16</end></TimeSpan><styleUrl>#Closed</styleUrl><Point><coordinates>74.635833,25.505833,0</coordinates></Point></Placemark><Placemark><name>MOHANGARH</name><description><![CDATA[<table><tr><td><b>Station</b></td><td>MOHANGARH</td></tr><tr><td><b>District</b></td><td>JAISALMER</td></tr><tr><td><b>Status</b></td><td>Closed</td></tr><tr><td><b>Source</b></td><td>Mast</td></tr><tr><td><b>Commenced</b></td><td>1990-04-26</td></tr><tr><td><b>Closed</b></td><td>1993-08-15</td></tr><tr><td><b>Mast height (m)</b></td><td>20</td></tr><tr><td><b>Elevation (m)</b></td><td>155</td></tr><tr><td><b>Mean wind speed (m/s)</b></td><td>4.02</td></tr><tr><td><b>Wind power density (W/m2)</b></td><td>116.9</td></tr><tr><td><b>PDF page</b></td><td>7</td></tr></table>]]></description><TimeSpan><begin>1990-04-26</begin><end>1993-08-15</end></TimeSpan><styleUrl>#Closed</styleUrl><Point><coordinates>71.221944,27.293333,0</coordinates></Point></Placemark><Placemark><name>NAHARGAD</name><description><![CDATA[<table><tr><td><b>Station</b></td><td>NAHARGAD</td></tr><tr><td><b>District</b></td><td>JAIPUR</td></tr><tr><td><b>Status</b></td><td>Closed</td></tr><tr><td><b>Source</b></td><td>Mast</td></tr><tr><td><b>Commenced</b></td><td>1995-02-13</td></tr><tr><td><b>Closed</b></td><td>1997-01-24</td></tr><tr><td><b>Mast height (m)</b></td><td>20</td></tr><tr><td><b>Elevation (m)</b></td><td>592</td></tr><tr><td><b>Mean wind speed (m/s)</b></td><td>3.78</td></tr><tr><td><b>Wind power density (W/m2)</b></td><td>63.1</td></tr><tr><td><b>PDF page</b></td><td>7</td></tr></table>]]></description><TimeSpan><begin>1995-02-13</begin><end>1997-01-24</end></TimeSpan><styleUrl>#Closed</styleUrl><Point><coordinates>75.818333,26.942778,0</coordinates></Point></Placemark><Placemark><name>NANDLI AHADA</name><description><![CDATA[<table><tr><td><b>Station</b></td><td>NANDLI AHADA</td></tr><tr><td><b>District</b></td><td>DUNGARPUR</td></tr><tr><td><b>Status</b></td><td>Closed</td></tr><tr><td><b>Source</b></td><td>Mast</td></tr><tr><td><b>Commenced</b></td><td>1997-07-16</td></tr><tr><td><b>Closed</b></td><td>1999-01-18</td></tr><tr><td><b>Mast height (m)</b></td><td>20</td></tr><tr><td><b>Elevation (m)</b></td><td>262</td></tr><tr><td><b>Mean wind speed (m/s)</b></td><td>4.28</td></tr><tr><td><b>Wind power density (W/m2)</b></td><td>86.7</td></tr><tr><td><b>PDF page</b></td><td>7</td></tr></table>]]></description><TimeSpan><begin>1997-07-16</begin><end>1999-01-18</end></TimeSpan><styleUrl>#Closed</styleUrl><Point><coordinates>74.039236,23.93435,0</coordinates></Point></Placemark><Placemark><name>NAPASAR</name><description><![CDATA[<table><tr><td><b>Station</b></td><td>NAPASAR</td></tr><tr><td><b>District</b></td><td>BIKANER</td></tr><tr><td><b>Status</b></td><td>Closed</td></tr><tr><td><b>Source</b></td><td>Mast</td></tr><tr><td><b>Commenced</b></td><td>2001-03-03</td></tr><tr><td><b>Closed</b></td><td>2003-08-23</td></tr><tr><td><b>Mast height (m)</b></td><td>25</td></tr><tr><td><b>Elevation (m)</b></td><td>245</td></tr><tr><td><b>Mean wind speed (m/s)</b></td><td>4.16</td></tr><tr><td><b>Wind power density (W/m2)</b></td><td>80</td></tr><tr><td><b>PDF page</b></td><td>7</td></tr></table>]]></description><TimeSpan><begin>2001-03-03</begin><end>2003-08-23</end></TimeSpan><styleUrl>#Closed</styleUrl><Point><coordinates>73.561111,27.949167,0</coordinates></Point></Placemark><Placemark><name>PACHPADRA</name><description><![CDATA[<table><tr><td><b>Station</b></td><td>PACHPADRA</td></tr><tr><td><b>District</b></td><td>BARMER</td></tr><tr><td><b>Status</b></td><td>Closed</td></tr><tr><td><b>Source</b></td><td>Mast</td></tr><tr><td><b>Commenced</b></td><td>1988-12-24</td></tr><tr><td><b>Closed</b></td><td>1992-08-14</td></tr><tr><td><b>Mast height (m)</b></td><td>20</td></tr><tr><td><b>Elevation (m)</b></td><td>100</td></tr><tr><td><b>Mean wind speed (m/s)</b></td><td>3.35</td></tr><tr><td><b>Wind power density (W/m2)</b></td><td>70.8</td></tr><tr><td><b>PDF page</b></td><td>7</td></tr></table>]]></description><TimeSpan><begin>1988-12-24</begin><end>1992-08-14</end></TimeSpan><styleUrl>#Closed</styleUrl><Point><coordinates>72.184444,25.957778,0</coordinates></Point></Placemark><Placemark><name>PHALODI</name><description><![CDATA[<table><tr><td><b>Station</b></td><td>PHALODI</td></tr><tr><td><b>District</b></td><td>JODHPUR</td></tr><tr><td><b>Status</b></td><td>Closed</td></tr><tr><td><b>Source</b></td><td>Mast</td></tr><tr><td><b>Commenced</b></td><td>1988-12-29</td></tr><tr><td><b>Closed</b></td><td>1993-08-14</td></tr><tr><td><b>Mast height (m)</b></td><td>20</td></tr><tr><td><b>Elevation (m)</b></td><td>250</td></tr><tr><td><b>Mean wind speed (m/s)</b></td><td>4.83</td></tr><tr><td><b>Wind power density (W/m2)</b></td><td>142</td></tr><tr><td><b>PDF page</b></td><td>7</td></tr></table>]]></description><TimeSpan><begin>1988-12-29</begin><end>1993-08-14</end></TimeSpan><styleUrl>#Closed</styleUrl><Point><coordinates>72.321389,27.104722,0</coordinates></Point></Placemark><Placemark><name>SAWA</name><description><![CDATA[<table><tr><td><b>Station</b></td><td>SAWA</td></tr><tr><td><b>District</b></td><td>CHITTORGARH</td></tr><tr><td><b>Status</b></td><td>Closed</td></tr><tr><td><b>Source</b></td><td>Mast</td></tr><tr><td><b>Commenced</b></td><td>1994-12-19</td></tr><tr><td><b>Closed</b></td><td>1997-01-26</td></tr><tr><td><b>Mast height (m)</b></td><td>20</td></tr><tr><td><b>Elevation (m)</b></td><td>500</td></tr><tr><td><b>Mean wind speed (m/s)</b></td><td>4.42</td></tr><tr><td><b>Wind power density (W/m2)</b></td><td>118.8</td></tr><tr><td><b>PDF page</b></td><td>7</td></tr></table>]]></description><TimeSpan><begin>1994-12-19</begin><end>1997-01-26</end></TimeSpan><styleUrl>#Closed</styleUrl><Point><coordinates>74.561667,24.748611,0</coordinates></Point></Placemark><Placemark><name>SHEOPURA GHAT</name><description><![CDATA[<table><tr><td><b>Station</b></td><td>SHEOPURA GHAT</td></tr><tr><td><b>District</b></td><td>AJMER</td></tr><tr><td><b>Status</b></td><td>Closed</td></tr><tr><td><b>Source</b></td><td>Mast</td></tr><tr><td><b>Commenced</b></td><td>1994-06-12</td></tr><tr><td><b>Closed</b></td><td>1996-09-24</td></tr><tr><td><b>Mast height (m)</b></td><td>20</td></tr><tr><td><b>Elevation (m)</b></td><td>565</td></tr><tr><td><b>Mean wind speed (m/s)</b></td><td>4.46</td></tr><tr><td><b>Wind power density (W/m2)</b></td><td>104.1</td></tr><tr><td><b>PDF page</b></td><td>7</td></tr></table>]]></description><TimeSpan><begin>1994-06-12</begin><end>1996-09-24</end></TimeSpan><styleUrl>#Closed</styleUrl><Point><coordinates>74.378056,26.031111,0</coordinates></Point></Placemark><Placemark><name>SISODA</name><description><![CDATA[<table><tr><td><b>Station</b></td><td>SISODA</td></tr><tr><td><b>District</b></td><td>DUNGARPUR</td></tr><tr><td><b>Status</b></td><td>Closed</td></tr><tr><td><b>Source</b></td><td>Mast</td></tr><tr><td><b>Commenced</b></td><td>1997-07-14</td></tr><tr><td><b>Closed</b></td><td>1999-01-19</td></tr><tr><td><b>Mast height (m)</b></td><td>20</td></tr><tr><td><b>Elevation (m)</b></td><td>400</td></tr><tr><td><b>Mean wind speed (m/s)</b></td><td>3.95</td></tr><tr><td><b>Wind power density (W/m2)</b></td><td>58.6</td></tr><tr><td><b>PDF page</b></td><td>7</td></tr></table>]]></description><TimeSpan><begin>1997-07-14</begin><end>1999-01-19</end></TimeSpan><styleUrl>#Closed</styleUrl><Point><coordinates>73.55,23.95,0</coordinates></Point></Placemark><Placemark><name>UNDARI</name><description><![CDATA[<table><tr><td><b>Station</b></td><td>UNDARI</td></tr><tr><td><b>District</b></td><td>UDAIPUR</td></tr><tr><td><b>Status</b></td><td>Closed</td></tr><tr><td><b>Source</b></td><td>Mast</td></tr><tr><td><b>Commenced</b></td><td>1996-07-23</td></tr><tr><td><b>Closed</b></td><td>1998-05-13</td></tr><tr><td><b>Mast height (m)</b></td><td>25</td></tr><tr><td><b>Elevation (m)</b></td><td>880</td></tr><tr><td><b>Mean wind speed (m/s)</b></td><td>4.49</td></tr><tr><td><b>Wind power density (W/m2)</b></td><td>98.5</td></tr><tr><td><b>PDF page</b></td><td>7</td></tr></table>]]></description><TimeSpan><begin>1996-07-23</begin><end>1998-05-13</end></TimeSpan><styleUrl>#Closed</styleUrl><Point><coordinates>73.626111,24.478611,0</coordinates></Point></Placemark><Placemark><name>AKAL</name><description><![CDATA[<table><tr><td><b>Station</b></td><td>AKAL</td></tr><tr><td><b>District</b></td><td>JAISALMER</td></tr><tr><td><b>Status</b></td><td>Closed</td></tr><tr><td><b>Source</b></td><td>Mast</td></tr><tr><td><b>Commenced</b></td><td>2008-12-27</td></tr><tr><td><b>Closed</b></td><td>2015-12-21</td></tr><tr><td><b>Mast height (m)</b></td><td>120</td></tr><tr><td><b>Elevation (m)</b></td><td>278</td></tr><tr><td><b>Mean wind speed (m/s)</b></td><td>6.58</td></tr><tr><td><b>Wind power density (W/m2)</b></td><td>272.79</td></tr><tr><td><b>PDF page</b></td><td>7</td></tr></table>]]></description><TimeSpan><begin>2008-12-27</begin><end>2015-12-21</end></TimeSpan><styleUrl>#Closed</styleUrl><Point><coordinates>71.066222,26.799917,0</coordinates></Point></Placemark><Placemark><name>BAGUND</name><description><![CDATA[<table><tr><td><b>Station</b></td><td>BAGUND</td></tr><tr><td><b>District</b></td><td>CHITTORGARH</td></tr><tr><td><b>Status</b></td><td>Closed</td></tr><tr><td><b>Source</b></td><td>Mast</td></tr><tr><td><b>Commenced</b></td><td>2013-11-17</td></tr><tr><td><b>Closed</b></td><td>2016-02-02</td></tr><tr><td><b>Mast height (m)</b></td><td>100</td></tr><tr><td><b>Elevation (m)</b></td><td>457</td></tr><tr><td><b>Mean wind speed (m/s)</b></td><td>4.8</td></tr><tr><td><b>Wind power density (W/m2)</b></td><td>113.13</td></tr><tr><td><b>PDF page</b></td><td>7</td></tr></table>]]></description><TimeSpan><begin>2013-11-17</begin><end>2016-02-02</end></TimeSpan><styleUrl>#Closed</styleUrl><Point><coordinates>74.401989,24.715419,0</coordinates></Point></Placemark><Placemark><name>GADWADA</name><description><![CDATA[<table><tr><td><b>Station</b></td><td>GADWADA</td></tr><tr><td><b>District</b></td><td>CHITTORGARH</td></tr><tr><td><b>Status</b></td><td>Closed</td></tr><tr><td><b>Source</b></td><td>Mast</td></tr><tr><td><b>Commenced</b></td><td>2013-11-18</td></tr><tr><td><b>Closed</b></td><td>2016-01-09</td></tr><tr><td><b>Mast height (m)</b></td><td>100</td></tr><tr><td><b>Elevation (m)</b></td><td>542</td></tr><tr><td><b>Mean wind speed (m/s)</b></td><td>4.78</td></tr><tr><td><b>Wind power density (W/m2)</b></td><td>97.32</td></tr><tr><td><b>PDF page</b></td><td>7</td></tr></table>]]></description><TimeSpan><begin>2013-11-18</begin><end>2016-01-09</end></TimeSpan><styleUrl>#Closed</styleUrl><Point><coordinates>74.730031,24.811511,0</coordinates></Point></Placemark><Placemark><name>LADPURA</name><description><![CDATA[<table><tr><td><b>Station</b></td><td>LADPURA</td></tr><tr><td><b>District</b></td><td>BHILWARA</td></tr><tr><td><b>Status</b></td><td>Closed</td></tr><tr><td><b>Source</b></td><td>Mast</td></tr><tr><td><b>Commenced</b></td><td>2013-11-19</td></tr><tr><td><b>Closed</b></td><td>2016-01-31</td></tr><tr><td><b>Mast height (m)</b></td><td>100</td></tr><tr><td><b>Elevation (m)</b></td><td>419</td></tr><tr><td><b>Mean wind speed (m/s)</b></td><td>4.26</td></tr><tr><td><b>Wind power density (W/m2)</b></td><td>80.87</td></tr><tr><td><b>PDF page</b></td><td>7</td></tr></table>]]></description><TimeSpan><begin>2013-11-19</begin><end>2016-01-31</end></TimeSpan><styleUrl>#Closed</styleUrl><Point><coordinates>75.121511,25.159911,0</coordinates></Point></Placemark><Placemark><name>LASADIA</name><description><![CDATA[<table><tr><td><b>Station</b></td><td>LASADIA</td></tr><tr><td><b>District</b></td><td>RAJSAMAND</td></tr><tr><td><b>Status</b></td><td>Closed</td></tr><tr><td><b>Source</b></td><td>Mast</td></tr><tr><td><b>Commenced</b></td><td>2013-11-21</td></tr><tr><td><b>Closed</b></td><td>2017-01-25</td></tr><tr><td><b>Mast height (m)</b></td><td>100</td></tr><tr><td><b>Elevation (m)</b></td><td>716</td></tr><tr><td><b>Mean wind speed (m/s)</b></td><td>5.93</td></tr><tr><td><b>Wind power density (W/m2)</b></td><td>185.44</td></tr><tr><td><b>PDF page</b></td><td>7</td></tr></table>]]></description><TimeSpan><begin>2013-11-21</begin><end>2017-01-25</end></TimeSpan><styleUrl>#Closed</styleUrl><Point><coordinates>74.166769,25.836139,0</coordinates></Point></Placemark><Placemark><name>SEVANTRI</name><description><![CDATA[<table><tr><td><b>Station</b></td><td>SEVANTRI</td></tr><tr><td><b>District</b></td><td>RAJSAMAND</td></tr><tr><td><b>Status</b></td><td>Closed</td></tr><tr><td><b>Source</b></td><td>Mast</td></tr><tr><td><b>Commenced</b></td><td>2013-11-24</td></tr><tr><td><b>Closed</b></td><td>2016-05-19</td></tr><tr><td><b>Mast height (m)</b></td><td>100</td></tr><tr><td><b>Elevation (m)</b></td><td>840</td></tr><tr><td><b>Mean wind speed (m/s)</b></td><td>5.86</td></tr><tr><td><b>Wind power density (W/m2)</b></td><td>175.96</td></tr><tr><td><b>PDF page</b></td><td>7</td></tr></table>]]></description><TimeSpan><begin>2013-11-24</begin><end>2016-05-19</end></TimeSpan><styleUrl>#Closed</styleUrl><Point><coordinates>73.679481,25.320967,0</coordinates></Point></Placemark><Placemark><name>KALYANIPUR</name><description><![CDATA[<table><tr><td><b>Station</b></td><td>KALYANIPUR</td></tr><tr><td><b>District</b></td><td>UDAIPUR</td></tr><tr><td><b>Status</b></td><td>Closed</td></tr><tr><td><b>Source</b></td><td>Mast</td></tr><tr><td><b>Commenced</b></td><td>2013-11-25</td></tr><tr><td><b>Closed</b></td><td>2016-05-20</td></tr><tr><td><b>Mast height (m)</b></td><td>100</td></tr><tr><td><b>Elevation (m)</b></td><td>280</td></tr><tr><td><b>Mean wind speed (m/s)</b></td><td>3.88</td></tr><tr><td><b>Wind power density (W/m2)</b></td><td>61.42</td></tr><tr><td><b>PDF page</b></td><td>7</td></tr></table>]]></description><TimeSpan><begin>2013-11-25</begin><end>2016-05-20</end></TimeSpan><styleUrl>#Closed</styleUrl><Point><coordinates>73.755081,23.998661,0</coordinates></Point></Placemark><Placemark><name>GAHUWADA</name><description><![CDATA[<table><tr><td><b>Station</b></td><td>GAHUWADA</td></tr><tr><td><b>District</b></td><td>DUNGARPUR</td></tr><tr><td><b>Status</b></td><td>Closed</td></tr><tr><td><b>Source</b></td><td>Mast</td></tr><tr><td><b>Commenced</b></td><td>2013-11-26</td></tr><tr><td><b>Closed</b></td><td>2016-01-10</td></tr><tr><td><b>Mast height (m)</b></td><td>100</td></tr><tr><td><b>Elevation (m)</b></td><td>273</td></tr><tr><td><b>Mean wind speed (m/s)</b></td><td>4.97</td></tr><tr><td><b>Wind power density (W/m2)</b></td><td>116.54</td></tr><tr><td><b>PDF page</b></td><td>7</td></tr></table>]]></description><TimeSpan><begin>2013-11-26</begin><end>2016-01-10</end></TimeSpan><styleUrl>#Closed</styleUrl><Point><coordinates>73.928733,23.866339,0</coordinates></Point></Placemark><Placemark><name>DUG</name><description><![CDATA[<table><tr><td><b>Station</b></td><td>DUG</td></tr><tr><td><b>District</b></td><td>JHALAWAR</td></tr><tr><td><b>Status</b></td><td>Closed</td></tr><tr><td><b>Source</b></td><td>Mast</td></tr><tr><td><b>Commenced</b></td><td>2013-11-29</td></tr><tr><td><b>Closed</b></td><td>2016-05-22</td></tr><tr><td><b>Mast height (m)</b></td><td>100</td></tr><tr><td><b>Elevation (m)</b></td><td>484</td></tr><tr><td><b>Mean wind speed (m/s)</b></td><td>6.17</td></tr><tr><td><b>Wind power density (W/m2)</b></td><td>225.56</td></tr><tr><td><b>PDF page</b></td><td>7</td></tr></table>]]></description><TimeSpan><begin>2013-11-29</begin><end>2016-05-22</end></TimeSpan><styleUrl>#Closed</styleUrl><Point><coordinates>75.918083,23.920722,0</coordinates></Point></Placemark><Placemark><name>GARA</name><description><![CDATA[<table><tr><td><b>Station</b></td><td>GARA</td></tr><tr><td><b>District</b></td><td>BANSWARA</td></tr><tr><td><b>Status</b></td><td>Closed</td></tr><tr><td><b>Source</b></td><td>Mast</td></tr><tr><td><b>Commenced</b></td><td>2013-11-29</td></tr><tr><td><b>Closed</b></td><td>2016-09-24</td></tr><tr><td><b>Mast height (m)</b></td><td>100</td></tr><tr><td><b>Elevation (m)</b></td><td>422</td></tr><tr><td><b>Mean wind speed (m/s)</b></td><td>5.87</td></tr><tr><td><b>Wind power density (W/m2)</b></td><td>172.65</td></tr><tr><td><b>PDF page</b></td><td>7</td></tr></table>]]></description><TimeSpan><begin>2013-11-29</begin><end>2016-09-24</end></TimeSpan><styleUrl>#Closed</styleUrl><Point><coordinates>74.429281,23.336969,0</coordinates></Point></Placemark><Placemark><name>BASSI</name><description><![CDATA[<table><tr><td><b>Station</b></td><td>BASSI</td></tr><tr><td><b>District</b></td><td>CHITTORGARH</td></tr><tr><td><b>Status</b></td><td>Closed</td></tr><tr><td><b>Source</b></td><td>Mast</td></tr><tr><td><b>Commenced</b></td><td>2013-12-27</td></tr><tr><td><b>Closed</b></td><td>2016-02-03</td></tr><tr><td><b>Mast height (m)</b></td><td>100</td></tr><tr><td><b>Elevation (m)</b></td><td>566</td></tr><tr><td><b>Mean wind speed (m/s)</b></td><td>5.64</td></tr><tr><td><b>Wind power density (W/m2)</b></td><td>174.56</td></tr><tr><td><b>PDF page</b></td><td>7</td></tr></table>]]></description><TimeSpan><begin>2013-12-27</begin><end>2016-02-03</end></TimeSpan><styleUrl>#Closed</styleUrl><Point><coordinates>74.771056,25.004694,0</coordinates></Point></Placemark><Placemark><name>BHAWLA</name><description><![CDATA[<table><tr><td><b>Station</b></td><td>BHAWLA</td></tr><tr><td><b>District</b></td><td>NAGAUR</td></tr><tr><td><b>Status</b></td><td>Closed</td></tr><tr><td><b>Source</b></td><td>Mast</td></tr><tr><td><b>Commenced</b></td><td>2013-12-31</td></tr><tr><td><b>Closed</b></td><td>2016-05-22</td></tr><tr><td><b>Mast height (m)</b></td><td>100</td></tr><tr><td><b>Elevation (m)</b></td><td>316</td></tr><tr><td><b>Mean wind speed (m/s)</b></td><td>5.35</td></tr><tr><td><b>Wind power density (W/m2)</b></td><td>147.58</td></tr><tr><td><b>PDF page</b></td><td>7</td></tr></table>]]></description><TimeSpan><begin>2013-12-31</begin><end>2016-05-22</end></TimeSpan><styleUrl>#Closed</styleUrl><Point><coordinates>74.097139,26.992111,0</coordinates></Point></Placemark><Placemark><name>BADERAN</name><description><![CDATA[<table><tr><td><b>Station</b></td><td>BADERAN</td></tr><tr><td><b>District</b></td><td>BIKANER</td></tr><tr><td><b>Status</b></td><td>Closed</td></tr><tr><td><b>Source</b></td><td>Mast</td></tr><tr><td><b>Commenced</b></td><td>2015-01-09</td></tr><tr><td><b>Closed</b></td><td>2017-07-30</td></tr><tr><td><b>Mast height (m)</b></td><td>100</td></tr><tr><td><b>Elevation (m)</b></td><td>196</td></tr><tr><td><b>Mean wind speed (m/s)</b></td><td>5.42</td></tr><tr><td><b>Wind power density (W/m2)</b></td><td>164.89</td></tr><tr><td><b>PDF page</b></td><td>7</td></tr></table>]]></description><TimeSpan><begin>2015-01-09</begin><end>2017-07-30</end></TimeSpan><styleUrl>#Closed</styleUrl><Point><coordinates>73.763383,28.702789,0</coordinates></Point></Placemark><Placemark><name>DAMODARA</name><description><![CDATA[<table><tr><td><b>Station</b></td><td>DAMODARA</td></tr><tr><td><b>District</b></td><td>JAISALMER</td></tr><tr><td><b>Status</b></td><td>Closed</td></tr><tr><td><b>Source</b></td><td>Mast</td></tr><tr><td><b>Commenced</b></td><td>2021-11-15</td></tr><tr><td><b>Closed</b></td><td>2022-12-14</td></tr><tr><td><b>Mast height (m)</b></td><td>100</td></tr><tr><td><b>Elevation (m)</b></td><td>0</td></tr><tr><td><b>Mean wind speed (m/s)</b></td><td>5.88</td></tr><tr><td><b>Wind power density (W/m2)</b></td><td>209.43</td></tr><tr><td><b>PDF page</b></td><td>7</td></tr></table>]]></description><TimeSpan><begin>2021-11-15</begin><end>2022-12-14</end></TimeSpan><styleUrl>#Closed</styleUrl><Point><coordinates>70.717722,26.876278,0</coordinates></Point></Placemark><Placemark><name>NIMBALA</name><description><![CDATA[<table><tr><td><b>Station</b></td><td>NIMBALA</td></tr><tr><td><b>District</b></td><td>BARMER</td></tr><tr><td><b>Status</b></td><td>Closed</td></tr><tr><td><b>Source</b></td><td>Mast</td></tr><tr><td><b>Commenced</b></td><td>2021-11-18</td></tr><tr><td><b>Closed</b></td><td>2023-09-09</td></tr><tr><td><b>Mast height (m)</b></td><td>100</td></tr><tr><td><b>Elevation (m)</b></td><td>0</td></tr><tr><td><b>PDF page</b></td><td>7</td></tr></table>]]></description><TimeSpan><begin>2021-11-18</begin><end>2023-09-09</end></TimeSpan><styleUrl>#Closed</styleUrl><Point><coordinates>71.166028,25.334889,0</coordinates></Point></Placemark></Folder><Folder><name>SIKKIM (4)</name><Placemark><name>ASANTHANG</name><description><![CDATA[<table><tr><td><b>Station</b></td><td>ASANTHANG</td></tr><tr><td><b>District</b></td><td>SOUTH SIKKIM</td></tr><tr><td><b>Status</b></td><td>Closed</td></tr><tr><td><b>Source</b></td><td>Mast</td></tr><tr><td><b>Commenced</b></td><td>2005-10-03</td></tr><tr><td><b>Closed</b></td><td>2007-03-09</td></tr><tr><td><b>Mast height (m)</b></td><td>25</td></tr><tr><td><b>Elevation (m)</b></td><td>1464</td></tr><tr><td><b>Mean wind speed (m/s)</b></td><td>2.1</td></tr><tr><td><b>Wind power density (W/m2)</b></td><td>11</td></tr><tr><td><b>PDF page</b></td><td>12</td></tr></table>]]></description><TimeSpan><begin>2005-10-03</begin><end>2007-03-09</end></TimeSpan><styleUrl>#Closed</styleUrl><Point><coordinates>88.328483,27.156831,0</coordinates></Point></Placemark><Placemark><name>GNATHANG</name><description><![CDATA[<table><tr><td><b>Station</b></td><td>GNATHANG</td></tr><tr><td><b>District</b></td><td>EAST SIKKIM</td></tr><tr><td><b>Status</b></td><td>Closed</td></tr><tr><td><b>Source</b></td><td>Mast</td></tr><tr><td><b>Commenced</b></td><td>2005-10-06</td></tr><tr><td><b>Closed</b></td><td>2007-12-15</td></tr><tr><td><b>Mast height (m)</b></td><td>25</td></tr><tr><td><b>Elevation (m)</b></td><td>3735</td></tr><tr><td><b>Mean wind speed (m/s)</b></td><td>1.8</td></tr><tr><td><b>Wind power density (W/m2)</b></td><td>9</td></tr><tr><td><b>PDF page</b></td><td>12</td></tr></table>]]></description><TimeSpan><begin>2005-10-06</begin><end>2007-12-15</end></TimeSpan><styleUrl>#Closed</styleUrl><Point><coordinates>88.818,27.2975,0</coordinates></Point></Placemark><Placemark><name>THANGU</name><description><![CDATA[<table><tr><td><b>Station</b></td><td>THANGU</td></tr><tr><td><b>District</b></td><td>NORTH SIKKIM</td></tr><tr><td><b>Status</b></td><td>Closed</td></tr><tr><td><b>Source</b></td><td>Mast</td></tr><tr><td><b>Commenced</b></td><td>2005-10-30</td></tr><tr><td><b>Closed</b></td><td>2007-12-05</td></tr><tr><td><b>Mast height (m)</b></td><td>25</td></tr><tr><td><b>Elevation (m)</b></td><td>4000</td></tr><tr><td><b>Mean wind speed (m/s)</b></td><td>2.71</td></tr><tr><td><b>Wind power density (W/m2)</b></td><td>37</td></tr><tr><td><b>PDF page</b></td><td>12</td></tr></table>]]></description><TimeSpan><begin>2005-10-30</begin><end>2007-12-05</end></TimeSpan><styleUrl>#Closed</styleUrl><Point><coordinates>88.538611,27.898611,0</coordinates></Point></Placemark><Placemark><name>SADAM</name><description><![CDATA[<table><tr><td><b>Station</b></td><td>SADAM</td></tr><tr><td><b>District</b></td><td>SOUTH SIKKIM</td></tr><tr><td><b>Status</b></td><td>Closed</td></tr><tr><td><b>Source</b></td><td>Mast</td></tr><tr><td><b>Commenced</b></td><td>2011-06-20</td></tr><tr><td><b>Closed</b></td><td>2013-03-26</td></tr><tr><td><b>Mast height (m)</b></td><td>25</td></tr><tr><td><b>Elevation (m)</b></td><td>1475</td></tr><tr><td><b>Mean wind speed (m/s)</b></td><td>2.74</td></tr><tr><td><b>Wind power density (W/m2)</b></td><td>36.35</td></tr><tr><td><b>PDF page</b></td><td>12</td></tr></table>]]></description><TimeSpan><begin>2011-06-20</begin><end>2013-03-26</end></TimeSpan><styleUrl>#Closed</styleUrl><Point><coordinates>88.427778,27.112889,0</coordinates></Point></Placemark></Folder><Folder><name>TAMIL NADU (101)</name><Placemark><name>ACHANKUTTAM</name><description><![CDATA[<table><tr><td><b>Station</b></td><td>ACHANKUTTAM</td></tr><tr><td><b>District</b></td><td>TIRUNELVELI</td></tr><tr><td><b>Status</b></td><td>Closed</td></tr><tr><td><b>Source</b></td><td>Mast</td></tr><tr><td><b>Commenced</b></td><td>1996-03-20</td></tr><tr><td><b>Closed</b></td><td>1998-03-11</td></tr><tr><td><b>Mast height (m)</b></td><td>20</td></tr><tr><td><b>Elevation (m)</b></td><td>139</td></tr><tr><td><b>Mean wind speed (m/s)</b></td><td>5.17</td></tr><tr><td><b>Wind power density (W/m2)</b></td><td>270.4</td></tr><tr><td><b>PDF page</b></td><td>1</td></tr></table>]]></description><TimeSpan><begin>1996-03-20</begin><end>1998-03-11</end></TimeSpan><styleUrl>#Closed</styleUrl><Point><coordinates>77.477222,8.952222,0</coordinates></Point></Placemark><Placemark><name>AGASTHIANPALLI</name><description><![CDATA[<table><tr><td><b>Station</b></td><td>AGASTHIANPALLI</td></tr><tr><td><b>District</b></td><td>NAGAPATTINAM</td></tr><tr><td><b>Status</b></td><td>Closed</td></tr><tr><td><b>Source</b></td><td>Mast</td></tr><tr><td><b>Commenced</b></td><td>2004-06-11</td></tr><tr><td><b>Closed</b></td><td>2006-07-11</td></tr><tr><td><b>Mast height (m)</b></td><td>50</td></tr><tr><td><b>Elevation (m)</b></td><td>5</td></tr><tr><td><b>Mean wind speed (m/s)</b></td><td>5.76</td></tr><tr><td><b>Wind power density (W/m2)</b></td><td>157</td></tr><tr><td><b>PDF page</b></td><td>1</td></tr></table>]]></description><TimeSpan><begin>2004-06-11</begin><end>2006-07-11</end></TimeSpan><styleUrl>#Closed</styleUrl><Point><coordinates>79.85,10.35,0</coordinates></Point></Placemark><Placemark><name>ALAGIYAPANDIYAPURAM</name><description><![CDATA[<table><tr><td><b>Station</b></td><td>ALAGIYAPANDIYAPURAM</td></tr><tr><td><b>District</b></td><td>TIRUNELVELI</td></tr><tr><td><b>Status</b></td><td>Closed</td></tr><tr><td><b>Source</b></td><td>Mast</td></tr><tr><td><b>Commenced</b></td><td>1988-07-19</td></tr><tr><td><b>Closed</b></td><td>1993-09-10</td></tr><tr><td><b>Mast height (m)</b></td><td>20</td></tr><tr><td><b>Elevation (m)</b></td><td>106</td></tr><tr><td><b>Mean wind speed (m/s)</b></td><td>5.81</td></tr><tr><td><b>Wind power density (W/m2)</b></td><td>301.1</td></tr><tr><td><b>PDF page</b></td><td>1</td></tr></table>]]></description><TimeSpan><begin>1988-07-19</begin><end>1993-09-10</end></TimeSpan><styleUrl>#Closed</styleUrl><Point><coordinates>77.651111,8.937222,0</coordinates></Point></Placemark><Placemark><name>ANDHIYUR</name><description><![CDATA[<table><tr><td><b>Station</b></td><td>ANDHIYUR</td></tr><tr><td><b>District</b></td><td>COIMBATORE</td></tr><tr><td><b>Status</b></td><td>Closed</td></tr><tr><td><b>Source</b></td><td>Mast</td></tr><tr><td><b>Commenced</b></td><td>1996-05-10</td></tr><tr><td><b>Closed</b></td><td>1998-05-15</td></tr><tr><td><b>Mast height (m)</b></td><td>20</td></tr><tr><td><b>Elevation (m)</b></td><td>380</td></tr><tr><td><b>Mean wind speed (m/s)</b></td><td>5.31</td></tr><tr><td><b>Wind power density (W/m2)</b></td><td>177.2</td></tr><tr><td><b>PDF page</b></td><td>1</td></tr></table>]]></description><TimeSpan><begin>1996-05-10</begin><end>1998-05-15</end></TimeSpan><styleUrl>#Closed</styleUrl><Point><coordinates>77.1725,10.610556,0</coordinates></Point></Placemark><Placemark><name>ANDIPATTI</name><description><![CDATA[<table><tr><td><b>Station</b></td><td>ANDIPATTI</td></tr><tr><td><b>District</b></td><td>THENI</td></tr><tr><td><b>Status</b></td><td>Closed</td></tr><tr><td><b>Source</b></td><td>Mast</td></tr><tr><td><b>Commenced</b></td><td>1986-08-18</td></tr><tr><td><b>Closed</b></td><td>1991-01-04</td></tr><tr><td><b>Mast height (m)</b></td><td>20</td></tr><tr><td><b>Elevation (m)</b></td><td>298</td></tr><tr><td><b>Mean wind speed (m/s)</b></td><td>5.28</td></tr><tr><td><b>Wind power density (W/m2)</b></td><td>265.9</td></tr><tr><td><b>PDF page</b></td><td>1</td></tr></table>]]></description><TimeSpan><begin>1986-08-18</begin><end>1991-01-04</end></TimeSpan><styleUrl>#Closed</styleUrl><Point><coordinates>77.567778,10.004167,0</coordinates></Point></Placemark><Placemark><name>ARASAMPALAYAM</name><description><![CDATA[<table><tr><td><b>Station</b></td><td>ARASAMPALAYAM</td></tr><tr><td><b>District</b></td><td>COIMBATORE</td></tr><tr><td><b>Status</b></td><td>Closed</td></tr><tr><td><b>Source</b></td><td>Mast</td></tr><tr><td><b>Commenced</b></td><td>1990-05-24</td></tr><tr><td><b>Closed</b></td><td>1995-05-10</td></tr><tr><td><b>Mast height (m)</b></td><td>20</td></tr><tr><td><b>Elevation (m)</b></td><td>370</td></tr><tr><td><b>Mean wind speed (m/s)</b></td><td>5.69</td></tr><tr><td><b>Wind power density (W/m2)</b></td><td>194.5</td></tr><tr><td><b>PDF page</b></td><td>1</td></tr></table>]]></description><TimeSpan><begin>1990-05-24</begin><end>1995-05-10</end></TimeSpan><styleUrl>#Closed</styleUrl><Point><coordinates>77.039167,10.845556,0</coordinates></Point></Placemark><Placemark><name>AYIKUDY</name><description><![CDATA[<table><tr><td><b>Station</b></td><td>AYIKUDY</td></tr><tr><td><b>District</b></td><td>TIRUNELVELI</td></tr><tr><td><b>Status</b></td><td>Closed</td></tr><tr><td><b>Source</b></td><td>Mast</td></tr><tr><td><b>Commenced</b></td><td>1988-07-21</td></tr><tr><td><b>Closed</b></td><td>1993-09-10</td></tr><tr><td><b>Mast height (m)</b></td><td>20</td></tr><tr><td><b>Elevation (m)</b></td><td>179</td></tr><tr><td><b>Mean wind speed (m/s)</b></td><td>5.94</td></tr><tr><td><b>Wind power density (W/m2)</b></td><td>305.1</td></tr><tr><td><b>PDF page</b></td><td>1</td></tr></table>]]></description><TimeSpan><begin>1988-07-21</begin><end>1993-09-10</end></TimeSpan><styleUrl>#Closed</styleUrl><Point><coordinates>77.352222,8.996111,0</coordinates></Point></Placemark><Placemark><name>EDAYARPALAYAM</name><description><![CDATA[<table><tr><td><b>Station</b></td><td>EDAYARPALAYAM</td></tr><tr><td><b>District</b></td><td>COIMBATORE</td></tr><tr><td><b>Status</b></td><td>Closed</td></tr><tr><td><b>Source</b></td><td>Mast</td></tr><tr><td><b>Commenced</b></td><td>1990-05-25</td></tr><tr><td><b>Closed</b></td><td>1995-05-11</td></tr><tr><td><b>Mast height (m)</b></td><td>20</td></tr><tr><td><b>Elevation (m)</b></td><td>444</td></tr><tr><td><b>Mean wind speed (m/s)</b></td><td>6.22</td></tr><tr><td><b>Wind power density (W/m2)</b></td><td>273.2</td></tr><tr><td><b>PDF page</b></td><td>1</td></tr></table>]]></description><TimeSpan><begin>1990-05-25</begin><end>1995-05-11</end></TimeSpan><styleUrl>#Closed</styleUrl><Point><coordinates>77.116389,10.920833,0</coordinates></Point></Placemark><Placemark><name>EMERALD</name><description><![CDATA[<table><tr><td><b>Station</b></td><td>EMERALD</td></tr><tr><td><b>District</b></td><td>NILGIRIS</td></tr><tr><td><b>Status</b></td><td>Closed</td></tr><tr><td><b>Source</b></td><td>Mast</td></tr><tr><td><b>Commenced</b></td><td>1999-11-02</td></tr><tr><td><b>Closed</b></td><td>2001-02-15</td></tr><tr><td><b>Mast height (m)</b></td><td>25</td></tr><tr><td><b>Elevation (m)</b></td><td>2055</td></tr><tr><td><b>Mean wind speed (m/s)</b></td><td>3.5</td></tr><tr><td><b>Wind power density (W/m2)</b></td><td>103.4</td></tr><tr><td><b>PDF page</b></td><td>1</td></tr></table>]]></description><TimeSpan><begin>1999-11-02</begin><end>2001-02-15</end></TimeSpan><styleUrl>#Closed</styleUrl><Point><coordinates>76.630833,11.321944,0</coordinates></Point></Placemark><Placemark><name>ENNORE</name><description><![CDATA[<table><tr><td><b>Station</b></td><td>ENNORE</td></tr><tr><td><b>District</b></td><td>TIRUVALLUR</td></tr><tr><td><b>Status</b></td><td>Closed</td></tr><tr><td><b>Source</b></td><td>Mast</td></tr><tr><td><b>Commenced</b></td><td>1992-03-23</td></tr><tr><td><b>Closed</b></td><td>1995-04-20</td></tr><tr><td><b>Mast height (m)</b></td><td>20</td></tr><tr><td><b>Elevation (m)</b></td><td>1</td></tr><tr><td><b>Mean wind speed (m/s)</b></td><td>5.36</td></tr><tr><td><b>Wind power density (W/m2)</b></td><td>139</td></tr><tr><td><b>PDF page</b></td><td>1</td></tr></table>]]></description><TimeSpan><begin>1992-03-23</begin><end>1995-04-20</end></TimeSpan><styleUrl>#Closed</styleUrl><Point><coordinates>80.332394,13.237147,0</coordinates></Point></Placemark><Placemark><name>GANDARVAKOTTAI</name><description><![CDATA[<table><tr><td><b>Station</b></td><td>GANDARVAKOTTAI</td></tr><tr><td><b>District</b></td><td>PUDUKOTTAI</td></tr><tr><td><b>Status</b></td><td>Closed</td></tr><tr><td><b>Source</b></td><td>Mast</td></tr><tr><td><b>Commenced</b></td><td>2000-12-21</td></tr><tr><td><b>Closed</b></td><td>2002-03-25</td></tr><tr><td><b>Mast height (m)</b></td><td>25</td></tr><tr><td><b>Elevation (m)</b></td><td>118</td></tr><tr><td><b>Mean wind speed (m/s)</b></td><td>3.26</td></tr><tr><td><b>Wind power density (W/m2)</b></td><td>42</td></tr><tr><td><b>PDF page</b></td><td>1</td></tr></table>]]></description><TimeSpan><begin>2000-12-21</begin><end>2002-03-25</end></TimeSpan><styleUrl>#Closed</styleUrl><Point><coordinates>79.016944,10.531111,0</coordinates></Point></Placemark><Placemark><name>GANGAIKONDAN</name><description><![CDATA[<table><tr><td><b>Station</b></td><td>GANGAIKONDAN</td></tr><tr><td><b>District</b></td><td>TIRUNELVELI</td></tr><tr><td><b>Status</b></td><td>Closed</td></tr><tr><td><b>Source</b></td><td>Mast</td></tr><tr><td><b>Commenced</b></td><td>1994-09-14</td></tr><tr><td><b>Closed</b></td><td>1998-01-10</td></tr><tr><td><b>Mast height (m)</b></td><td>25</td></tr><tr><td><b>Elevation (m)</b></td><td>40</td></tr><tr><td><b>Mean wind speed (m/s)</b></td><td>5.11</td></tr><tr><td><b>Wind power density (W/m2)</b></td><td>245.7</td></tr><tr><td><b>PDF page</b></td><td>1</td></tr></table>]]></description><TimeSpan><begin>1994-09-14</begin><end>1998-01-10</end></TimeSpan><styleUrl>#Closed</styleUrl><Point><coordinates>77.766361,8.849944,0</coordinates></Point></Placemark><Placemark><name>KAINANKARAI</name><description><![CDATA[<table><tr><td><b>Station</b></td><td>KAINANKARAI</td></tr><tr><td><b>District</b></td><td>PUDUKOTTAI</td></tr><tr><td><b>Status</b></td><td>Closed</td></tr><tr><td><b>Source</b></td><td>Mast</td></tr><tr><td><b>Commenced</b></td><td>2004-04-20</td></tr><tr><td><b>Closed</b></td><td>2005-10-24</td></tr><tr><td><b>Mast height (m)</b></td><td>50</td></tr><tr><td><b>Elevation (m)</b></td><td>100</td></tr><tr><td><b>Mean wind speed (m/s)</b></td><td>5.02</td></tr><tr><td><b>Wind power density (W/m2)</b></td><td>132</td></tr><tr><td><b>PDF page</b></td><td>1</td></tr></table>]]></description><TimeSpan><begin>2004-04-20</begin><end>2005-10-24</end></TimeSpan><styleUrl>#Closed</styleUrl><Point><coordinates>78.734722,10.680833,0</coordinates></Point></Placemark><Placemark><name>KALUGUR</name><description><![CDATA[<table><tr><td><b>Station</b></td><td>KALUGUR</td></tr><tr><td><b>District</b></td><td>PUDUKOTTAI</td></tr><tr><td><b>Status</b></td><td>Closed</td></tr><tr><td><b>Source</b></td><td>Mast</td></tr><tr><td><b>Commenced</b></td><td>1999-07-03</td></tr><tr><td><b>Closed</b></td><td>2000-10-11</td></tr><tr><td><b>Mast height (m)</b></td><td>25</td></tr><tr><td><b>Elevation (m)</b></td><td>160</td></tr><tr><td><b>Mean wind speed (m/s)</b></td><td>3.56</td></tr><tr><td><b>Wind power density (W/m2)</b></td><td>86.9</td></tr><tr><td><b>PDF page</b></td><td>1</td></tr></table>]]></description><TimeSpan><begin>1999-07-03</begin><end>2000-10-11</end></TimeSpan><styleUrl>#Closed</styleUrl><Point><coordinates>78.783333,10.383333,0</coordinates></Point></Placemark><Placemark><name>KALUNIR KULAM</name><description><![CDATA[<table><tr><td><b>Station</b></td><td>KALUNIR KULAM</td></tr><tr><td><b>District</b></td><td>TIRUNELVELI</td></tr><tr><td><b>Status</b></td><td>Closed</td></tr><tr><td><b>Source</b></td><td>Mast</td></tr><tr><td><b>Commenced</b></td><td>2004-09-30</td></tr><tr><td><b>Closed</b></td><td>2006-07-31</td></tr><tr><td><b>Mast height (m)</b></td><td>50</td></tr><tr><td><b>Elevation (m)</b></td><td>119</td></tr><tr><td><b>Mean wind speed (m/s)</b></td><td>6.6</td></tr><tr><td><b>Wind power density (W/m2)</b></td><td>390</td></tr><tr><td><b>Project type</b></td><td>Other project</td></tr><tr><td><b>PDF page</b></td><td>1</td></tr></table>]]></description><TimeSpan><begin>2004-09-30</begin><end>2006-07-31</end></TimeSpan><styleUrl>#Closed</styleUrl><Point><coordinates>77.457611,8.911194,0</coordinates></Point></Placemark><Placemark><name>KANNANKULAM</name><description><![CDATA[<table><tr><td><b>Station</b></td><td>KANNANKULAM</td></tr><tr><td><b>District</b></td><td>KANYAKUMARI</td></tr><tr><td><b>Status</b></td><td>Closed</td></tr><tr><td><b>Source</b></td><td>Mast</td></tr><tr><td><b>Commenced</b></td><td>1994-07-15</td></tr><tr><td><b>Closed</b></td><td>1998-01-09</td></tr><tr><td><b>Mast height (m)</b></td><td>25</td></tr><tr><td><b>Elevation (m)</b></td><td>20</td></tr><tr><td><b>Mean wind speed (m/s)</b></td><td>5.92</td></tr><tr><td><b>Wind power density (W/m2)</b></td><td>238.2</td></tr><tr><td><b>PDF page</b></td><td>1</td></tr></table>]]></description><TimeSpan><begin>1994-07-15</begin><end>1998-01-09</end></TimeSpan><styleUrl>#Closed</styleUrl><Point><coordinates>77.581944,8.163611,0</coordinates></Point></Placemark><Placemark><name>KANYAKUMARI</name><description><![CDATA[<table><tr><td><b>Station</b></td><td>KANYAKUMARI</td></tr><tr><td><b>District</b></td><td>KANYAKUMARI</td></tr><tr><td><b>Status</b></td><td>Closed</td></tr><tr><td><b>Source</b></td><td>Mast</td></tr><tr><td><b>Commenced</b></td><td>2003-06-28</td></tr><tr><td><b>Closed</b></td><td>2004-12-26</td></tr><tr><td><b>Mast height (m)</b></td><td>30</td></tr><tr><td><b>Elevation (m)</b></td><td>5</td></tr><tr><td><b>Mean wind speed (m/s)</b></td><td>7.32</td></tr><tr><td><b>Wind power density (W/m2)</b></td><td>352</td></tr><tr><td><b>Project type</b></td><td>Other project</td></tr><tr><td><b>PDF page</b></td><td>1</td></tr></table>]]></description><TimeSpan><begin>2003-06-28</begin><end>2004-12-26</end></TimeSpan><styleUrl>#Closed</styleUrl><Point><coordinates>77.5553,8.077494,0</coordinates></Point></Placemark><Placemark><name>KARUMANTHURAI</name><description><![CDATA[<table><tr><td><b>Station</b></td><td>KARUMANTHURAI</td></tr><tr><td><b>District</b></td><td>SALEM</td></tr><tr><td><b>Status</b></td><td>Closed</td></tr><tr><td><b>Source</b></td><td>Mast</td></tr><tr><td><b>Commenced</b></td><td>1999-09-06</td></tr><tr><td><b>Closed</b></td><td>2000-10-12</td></tr><tr><td><b>Mast height (m)</b></td><td>25</td></tr><tr><td><b>Elevation (m)</b></td><td>750</td></tr><tr><td><b>Mean wind speed (m/s)</b></td><td>2.94</td></tr><tr><td><b>Wind power density (W/m2)</b></td><td>32.8</td></tr><tr><td><b>PDF page</b></td><td>1</td></tr></table>]]></description><TimeSpan><begin>1999-09-06</begin><end>2000-10-12</end></TimeSpan><styleUrl>#Closed</styleUrl><Point><coordinates>78.628333,11.823056,0</coordinates></Point></Placemark><Placemark><name>KATTADIMALAI</name><description><![CDATA[<table><tr><td><b>Station</b></td><td>KATTADIMALAI</td></tr><tr><td><b>District</b></td><td>KANYAKUMARI</td></tr><tr><td><b>Status</b></td><td>Closed</td></tr><tr><td><b>Source</b></td><td>Mast</td></tr><tr><td><b>Commenced</b></td><td>1988-07-22</td></tr><tr><td><b>Closed</b></td><td>1993-09-09</td></tr><tr><td><b>Mast height (m)</b></td><td>20</td></tr><tr><td><b>Elevation (m)</b></td><td>90</td></tr><tr><td><b>Mean wind speed (m/s)</b></td><td>6.58</td></tr><tr><td><b>Wind power density (W/m2)</b></td><td>312.2</td></tr><tr><td><b>PDF page</b></td><td>1</td></tr></table>]]></description><TimeSpan><begin>1988-07-22</begin><end>1993-09-09</end></TimeSpan><styleUrl>#Closed</styleUrl><Point><coordinates>77.541389,8.240556,0</coordinates></Point></Placemark><Placemark><name>KAYATTAR I</name><description><![CDATA[<table><tr><td><b>Station</b></td><td>KAYATTAR I</td></tr><tr><td><b>District</b></td><td>TUTICORIN</td></tr><tr><td><b>Status</b></td><td>Closed</td></tr><tr><td><b>Source</b></td><td>Mast</td></tr><tr><td><b>Commenced</b></td><td>1986-08-21</td></tr><tr><td><b>Closed</b></td><td>1993-05-23</td></tr><tr><td><b>Mast height (m)</b></td><td>20</td></tr><tr><td><b>Elevation (m)</b></td><td>94</td></tr><tr><td><b>Mean wind speed (m/s)</b></td><td>5.64</td></tr><tr><td><b>Wind power density (W/m2)</b></td><td>293.9</td></tr><tr><td><b>PDF page</b></td><td>1</td></tr></table>]]></description><TimeSpan><begin>1986-08-21</begin><end>1993-05-23</end></TimeSpan><styleUrl>#Closed</styleUrl><Point><coordinates>77.73325,8.968889,0</coordinates></Point></Placemark><Placemark><name>KAYATTAR II</name><description><![CDATA[<table><tr><td><b>Station</b></td><td>KAYATTAR II</td></tr><tr><td><b>District</b></td><td>TUTICORIN</td></tr><tr><td><b>Status</b></td><td>Closed</td></tr><tr><td><b>Source</b></td><td>Mast</td></tr><tr><td><b>Commenced</b></td><td>1995-11-02</td></tr><tr><td><b>Closed</b></td><td>2005-10-30</td></tr><tr><td><b>Mast height (m)</b></td><td>25</td></tr><tr><td><b>Elevation (m)</b></td><td>105</td></tr><tr><td><b>Mean wind speed (m/s)</b></td><td>5.37</td></tr><tr><td><b>Wind power density (W/m2)</b></td><td>285.4</td></tr><tr><td><b>PDF page</b></td><td>1</td></tr></table>]]></description><TimeSpan><begin>1995-11-02</begin><end>2005-10-30</end></TimeSpan><styleUrl>#Closed</styleUrl><Point><coordinates>77.715972,8.949778,0</coordinates></Point></Placemark><Placemark><name>KETHANUR 1</name><description><![CDATA[<table><tr><td><b>Station</b></td><td>KETHANUR 1</td></tr><tr><td><b>District</b></td><td>COIMBATORE</td></tr><tr><td><b>Status</b></td><td>Closed</td></tr><tr><td><b>Source</b></td><td>Mast</td></tr><tr><td><b>Commenced</b></td><td>1990-05-21</td></tr><tr><td><b>Closed</b></td><td>2000-08-15</td></tr><tr><td><b>Mast height (m)</b></td><td>20</td></tr><tr><td><b>Elevation (m)</b></td><td>439</td></tr><tr><td><b>Mean wind speed (m/s)</b></td><td>5.86</td></tr><tr><td><b>Wind power density (W/m2)</b></td><td>259.1</td></tr><tr><td><b>PDF page</b></td><td>1</td></tr></table>]]></description><TimeSpan><begin>1990-05-21</begin><end>2000-08-15</end></TimeSpan><styleUrl>#Closed</styleUrl><Point><coordinates>77.268611,10.923889,0</coordinates></Point></Placemark><Placemark><name>KETHANUR 2</name><description><![CDATA[<table><tr><td><b>Station</b></td><td>KETHANUR 2</td></tr><tr><td><b>District</b></td><td>COIMBATORE</td></tr><tr><td><b>Status</b></td><td>Closed</td></tr><tr><td><b>Source</b></td><td>Mast</td></tr><tr><td><b>Commenced</b></td><td>2000-08-15</td></tr><tr><td><b>Closed</b></td><td>2005-11-29</td></tr><tr><td><b>Mast height (m)</b></td><td>25</td></tr><tr><td><b>Elevation (m)</b></td><td>403</td></tr><tr><td><b>Mean wind speed (m/s)</b></td><td>5.47</td></tr><tr><td><b>Wind power density (W/m2)</b></td><td>189</td></tr><tr><td><b>PDF page</b></td><td>1</td></tr></table>]]></description><TimeSpan><begin>2000-08-15</begin><end>2005-11-29</end></TimeSpan><styleUrl>#Closed</styleUrl><Point><coordinates>77.25,10.916667,0</coordinates></Point></Placemark><Placemark><name>KILLUKOTTAI</name><description><![CDATA[<table><tr><td><b>Station</b></td><td>KILLUKOTTAI</td></tr><tr><td><b>District</b></td><td>PUDUKOTTAI</td></tr><tr><td><b>Status</b></td><td>Closed</td></tr><tr><td><b>Source</b></td><td>Mast</td></tr><tr><td><b>Commenced</b></td><td>1999-07-02</td></tr><tr><td><b>Closed</b></td><td>2000-10-11</td></tr><tr><td><b>Mast height (m)</b></td><td>25</td></tr><tr><td><b>Elevation (m)</b></td><td>130</td></tr><tr><td><b>Mean wind speed (m/s)</b></td><td>3.78</td></tr><tr><td><b>Wind power density (W/m2)</b></td><td>76.4</td></tr><tr><td><b>PDF page</b></td><td>1</td></tr></table>]]></description><TimeSpan><begin>1999-07-02</begin><end>2000-10-11</end></TimeSpan><styleUrl>#Closed</styleUrl><Point><coordinates>78.936389,10.644722,0</coordinates></Point></Placemark><Placemark><name>KUMARAPURAM</name><description><![CDATA[<table><tr><td><b>Station</b></td><td>KUMARAPURAM</td></tr><tr><td><b>District</b></td><td>TIRUNELVELI</td></tr><tr><td><b>Status</b></td><td>Closed</td></tr><tr><td><b>Source</b></td><td>Mast</td></tr><tr><td><b>Commenced</b></td><td>1992-12-03</td></tr><tr><td><b>Closed</b></td><td>1997-09-06</td></tr><tr><td><b>Mast height (m)</b></td><td>25</td></tr><tr><td><b>Elevation (m)</b></td><td>80</td></tr><tr><td><b>Mean wind speed (m/s)</b></td><td>6.11</td></tr><tr><td><b>Wind power density (W/m2)</b></td><td>287.6</td></tr><tr><td><b>PDF page</b></td><td>1</td></tr></table>]]></description><TimeSpan><begin>1992-12-03</begin><end>1997-09-06</end></TimeSpan><styleUrl>#Closed</styleUrl><Point><coordinates>77.5742,8.262711,0</coordinates></Point></Placemark><Placemark><name>MANGALAPURAM</name><description><![CDATA[<table><tr><td><b>Station</b></td><td>MANGALAPURAM</td></tr><tr><td><b>District</b></td><td>TIRUNELVELI</td></tr><tr><td><b>Status</b></td><td>Closed</td></tr><tr><td><b>Source</b></td><td>Mast</td></tr><tr><td><b>Commenced</b></td><td>1996-03-07</td></tr><tr><td><b>Closed</b></td><td>1998-03-11</td></tr><tr><td><b>Mast height (m)</b></td><td>20</td></tr><tr><td><b>Elevation (m)</b></td><td>182</td></tr><tr><td><b>Mean wind speed (m/s)</b></td><td>6.19</td></tr><tr><td><b>Wind power density (W/m2)</b></td><td>312</td></tr><tr><td><b>PDF page</b></td><td>1</td></tr></table>]]></description><TimeSpan><begin>1996-03-07</begin><end>1998-03-11</end></TimeSpan><styleUrl>#Closed</styleUrl><Point><coordinates>77.37,9.045556,0</coordinates></Point></Placemark><Placemark><name>MARUKALKURICHI</name><description><![CDATA[<table><tr><td><b>Station</b></td><td>MARUKALKURICHI</td></tr><tr><td><b>District</b></td><td>TIRUNELVELI</td></tr><tr><td><b>Status</b></td><td>Closed</td></tr><tr><td><b>Source</b></td><td>Mast</td></tr><tr><td><b>Commenced</b></td><td>1992-12-07</td></tr><tr><td><b>Closed</b></td><td>1994-09-13</td></tr><tr><td><b>Mast height (m)</b></td><td>25</td></tr><tr><td><b>Elevation (m)</b></td><td>101</td></tr><tr><td><b>Mean wind speed (m/s)</b></td><td>4</td></tr><tr><td><b>Wind power density (W/m2)</b></td><td>96.7</td></tr><tr><td><b>PDF page</b></td><td>1</td></tr></table>]]></description><TimeSpan><begin>1992-12-07</begin><end>1994-09-13</end></TimeSpan><styleUrl>#Closed</styleUrl><Point><coordinates>77.657778,8.520556,0</coordinates></Point></Placemark><Placemark><name>MEENAKSHIPURAM</name><description><![CDATA[<table><tr><td><b>Station</b></td><td>MEENAKSHIPURAM</td></tr><tr><td><b>District</b></td><td>THENI</td></tr><tr><td><b>Status</b></td><td>Closed</td></tr><tr><td><b>Source</b></td><td>Mast</td></tr><tr><td><b>Commenced</b></td><td>1986-08-18</td></tr><tr><td><b>Closed</b></td><td>1991-01-04</td></tr><tr><td><b>Mast height (m)</b></td><td>20</td></tr><tr><td><b>Elevation (m)</b></td><td>464</td></tr><tr><td><b>Mean wind speed (m/s)</b></td><td>4.56</td></tr><tr><td><b>Wind power density (W/m2)</b></td><td>223.7</td></tr><tr><td><b>PDF page</b></td><td>1</td></tr></table>]]></description><TimeSpan><begin>1986-08-18</begin><end>1991-01-04</end></TimeSpan><styleUrl>#Closed</styleUrl><Point><coordinates>77.260556,9.881944,0</coordinates></Point></Placemark><Placemark><name>METTUKADAI</name><description><![CDATA[<table><tr><td><b>Station</b></td><td>METTUKADAI</td></tr><tr><td><b>District</b></td><td>ERODE</td></tr><tr><td><b>Status</b></td><td>Closed</td></tr><tr><td><b>Source</b></td><td>Mast</td></tr><tr><td><b>Commenced</b></td><td>1990-05-22</td></tr><tr><td><b>Closed</b></td><td>1993-09-17</td></tr><tr><td><b>Mast height (m)</b></td><td>20</td></tr><tr><td><b>Elevation (m)</b></td><td>350</td></tr><tr><td><b>Mean wind speed (m/s)</b></td><td>5</td></tr><tr><td><b>Wind power density (W/m2)</b></td><td>183.5</td></tr><tr><td><b>PDF page</b></td><td>1</td></tr></table>]]></description><TimeSpan><begin>1990-05-22</begin><end>1993-09-17</end></TimeSpan><styleUrl>#Closed</styleUrl><Point><coordinates>77.388889,10.875,0</coordinates></Point></Placemark><Placemark><name>MUPPANDAL (1)</name><description><![CDATA[<table><tr><td><b>Station</b></td><td>MUPPANDAL (1)</td></tr><tr><td><b>District</b></td><td>KANYAKUMARI</td></tr><tr><td><b>Status</b></td><td>Closed</td></tr><tr><td><b>Source</b></td><td>Mast</td></tr><tr><td><b>Commenced</b></td><td>1986-08-21</td></tr><tr><td><b>Closed</b></td><td>1993-05-21</td></tr><tr><td><b>Mast height (m)</b></td><td>20</td></tr><tr><td><b>Elevation (m)</b></td><td>105</td></tr><tr><td><b>Mean wind speed (m/s)</b></td><td>7.08</td></tr><tr><td><b>Wind power density (W/m2)</b></td><td>406.3</td></tr><tr><td><b>PDF page</b></td><td>1</td></tr></table>]]></description><TimeSpan><begin>1986-08-21</begin><end>1993-05-21</end></TimeSpan><styleUrl>#Closed</styleUrl><Point><coordinates>77.555556,8.258333,0</coordinates></Point></Placemark><Placemark><name>MUPPANDAL (2)</name><description><![CDATA[<table><tr><td><b>Station</b></td><td>MUPPANDAL (2)</td></tr><tr><td><b>District</b></td><td>KANYAKUMARI</td></tr><tr><td><b>Status</b></td><td>Closed</td></tr><tr><td><b>Source</b></td><td>Mast</td></tr><tr><td><b>Commenced</b></td><td>1997-05-03</td></tr><tr><td><b>Closed</b></td><td>2005-10-27</td></tr><tr><td><b>Mast height (m)</b></td><td>25</td></tr><tr><td><b>Elevation (m)</b></td><td>103</td></tr><tr><td><b>Mean wind speed (m/s)</b></td><td>6.19</td></tr><tr><td><b>Wind power density (W/m2)</b></td><td>243</td></tr><tr><td><b>PDF page</b></td><td>1</td></tr></table>]]></description><TimeSpan><begin>1997-05-03</begin><end>2005-10-27</end></TimeSpan><styleUrl>#Closed</styleUrl><Point><coordinates>77.55,8.25,0</coordinates></Point></Placemark><Placemark><name>MUTTOM</name><description><![CDATA[<table><tr><td><b>Station</b></td><td>MUTTOM</td></tr><tr><td><b>District</b></td><td>KANYAKUMARI</td></tr><tr><td><b>Status</b></td><td>Closed</td></tr><tr><td><b>Source</b></td><td>Mast</td></tr><tr><td><b>Commenced</b></td><td>1994-07-11</td></tr><tr><td><b>Closed</b></td><td>1997-07-04</td></tr><tr><td><b>Mast height (m)</b></td><td>25</td></tr><tr><td><b>Elevation (m)</b></td><td>70</td></tr><tr><td><b>Mean wind speed (m/s)</b></td><td>4.75</td></tr><tr><td><b>Wind power density (W/m2)</b></td><td>115.6</td></tr><tr><td><b>PDF page</b></td><td>1</td></tr></table>]]></description><TimeSpan><begin>1994-07-11</begin><end>1997-07-04</end></TimeSpan><styleUrl>#Closed</styleUrl><Point><coordinates>77.316111,8.123889,0</coordinates></Point></Placemark><Placemark><name>MYLAMPATTI</name><description><![CDATA[<table><tr><td><b>Station</b></td><td>MYLAMPATTI</td></tr><tr><td><b>District</b></td><td>KARUR</td></tr><tr><td><b>Status</b></td><td>Closed</td></tr><tr><td><b>Source</b></td><td>Mast</td></tr><tr><td><b>Commenced</b></td><td>2000-12-17</td></tr><tr><td><b>Closed</b></td><td>2003-02-13</td></tr><tr><td><b>Mast height (m)</b></td><td>25</td></tr><tr><td><b>Elevation (m)</b></td><td>200</td></tr><tr><td><b>Mean wind speed (m/s)</b></td><td>4.74</td></tr><tr><td><b>Wind power density (W/m2)</b></td><td>145</td></tr><tr><td><b>PDF page</b></td><td>1</td></tr></table>]]></description><TimeSpan><begin>2000-12-17</begin><end>2003-02-13</end></TimeSpan><styleUrl>#Closed</styleUrl><Point><coordinates>78.259722,10.733889,0</coordinates></Point></Placemark><Placemark><name>MYVADI</name><description><![CDATA[<table><tr><td><b>Station</b></td><td>MYVADI</td></tr><tr><td><b>District</b></td><td>COIMBATORE</td></tr><tr><td><b>Status</b></td><td>Closed</td></tr><tr><td><b>Source</b></td><td>Mast</td></tr><tr><td><b>Commenced</b></td><td>1996-05-10</td></tr><tr><td><b>Closed</b></td><td>1997-08-07</td></tr><tr><td><b>Mast height (m)</b></td><td>20</td></tr><tr><td><b>Elevation (m)</b></td><td>341</td></tr><tr><td><b>Mean wind speed (m/s)</b></td><td>5.44</td></tr><tr><td><b>Wind power density (W/m2)</b></td><td>250.9</td></tr><tr><td><b>PDF page</b></td><td>1</td></tr></table>]]></description><TimeSpan><begin>1996-05-10</begin><end>1997-08-07</end></TimeSpan><styleUrl>#Closed</styleUrl><Point><coordinates>77.324167,10.608056,0</coordinates></Point></Placemark><Placemark><name>NADUVAKKURICHI</name><description><![CDATA[<table><tr><td><b>Station</b></td><td>NADUVAKKURICHI</td></tr><tr><td><b>District</b></td><td>TIRUNELVELI</td></tr><tr><td><b>Status</b></td><td>Closed</td></tr><tr><td><b>Source</b></td><td>Mast</td></tr><tr><td><b>Commenced</b></td><td>1991-06-27</td></tr><tr><td><b>Closed</b></td><td>1994-07-12</td></tr><tr><td><b>Mast height (m)</b></td><td>20</td></tr><tr><td><b>Elevation (m)</b></td><td>163</td></tr><tr><td><b>Mean wind speed (m/s)</b></td><td>4.67</td></tr><tr><td><b>Wind power density (W/m2)</b></td><td>156.6</td></tr><tr><td><b>PDF page</b></td><td>1</td></tr></table>]]></description><TimeSpan><begin>1991-06-27</begin><end>1994-07-12</end></TimeSpan><styleUrl>#Closed</styleUrl><Point><coordinates>77.493056,9.1175,0</coordinates></Point></Placemark><Placemark><name>NALLAMPALLY</name><description><![CDATA[<table><tr><td><b>Station</b></td><td>NALLAMPALLY</td></tr><tr><td><b>District</b></td><td>DHARMAPURI</td></tr><tr><td><b>Status</b></td><td>Closed</td></tr><tr><td><b>Source</b></td><td>Mast</td></tr><tr><td><b>Commenced</b></td><td>2001-02-17</td></tr><tr><td><b>Closed</b></td><td>2002-03-29</td></tr><tr><td><b>Mast height (m)</b></td><td>25</td></tr><tr><td><b>Elevation (m)</b></td><td>490</td></tr><tr><td><b>Mean wind speed (m/s)</b></td><td>3.28</td></tr><tr><td><b>Wind power density (W/m2)</b></td><td>40</td></tr><tr><td><b>PDF page</b></td><td>1</td></tr></table>]]></description><TimeSpan><begin>2001-02-17</begin><end>2002-03-29</end></TimeSpan><styleUrl>#Closed</styleUrl><Point><coordinates>78.100556,12.051111,0</coordinates></Point></Placemark><Placemark><name>NETTUR</name><description><![CDATA[<table><tr><td><b>Station</b></td><td>NETTUR</td></tr><tr><td><b>District</b></td><td>TIRUNELVELI</td></tr><tr><td><b>Status</b></td><td>Closed</td></tr><tr><td><b>Source</b></td><td>Mast</td></tr><tr><td><b>Commenced</b></td><td>1992-12-07</td></tr><tr><td><b>Closed</b></td><td>1997-09-08</td></tr><tr><td><b>Mast height (m)</b></td><td>25</td></tr><tr><td><b>Elevation (m)</b></td><td>100</td></tr><tr><td><b>Mean wind speed (m/s)</b></td><td>5.53</td></tr><tr><td><b>Wind power density (W/m2)</b></td><td>338.3</td></tr><tr><td><b>PDF page</b></td><td>1</td></tr></table>]]></description><TimeSpan><begin>1992-12-07</begin><end>1997-09-08</end></TimeSpan><styleUrl>#Closed</styleUrl><Point><coordinates>77.549472,8.903917,0</coordinates></Point></Placemark><Placemark><name>ONAMKULAM</name><description><![CDATA[<table><tr><td><b>Station</b></td><td>ONAMKULAM</td></tr><tr><td><b>District</b></td><td>TUTICORIN</td></tr><tr><td><b>Status</b></td><td>Closed</td></tr><tr><td><b>Source</b></td><td>Mast</td></tr><tr><td><b>Commenced</b></td><td>1992-12-04</td></tr><tr><td><b>Closed</b></td><td>1997-09-09</td></tr><tr><td><b>Mast height (m)</b></td><td>25</td></tr><tr><td><b>Elevation (m)</b></td><td>100</td></tr><tr><td><b>Mean wind speed (m/s)</b></td><td>5.53</td></tr><tr><td><b>Wind power density (W/m2)</b></td><td>247.2</td></tr><tr><td><b>PDF page</b></td><td>1</td></tr></table>]]></description><TimeSpan><begin>1992-12-04</begin><end>1997-09-09</end></TimeSpan><styleUrl>#Closed</styleUrl><Point><coordinates>77.848806,8.949056,0</coordinates></Point></Placemark><Placemark><name>OTTAPIDARAM</name><description><![CDATA[<table><tr><td><b>Station</b></td><td>OTTAPIDARAM</td></tr><tr><td><b>District</b></td><td>TUTICORIN</td></tr><tr><td><b>Status</b></td><td>Closed</td></tr><tr><td><b>Source</b></td><td>Mast</td></tr><tr><td><b>Commenced</b></td><td>1991-06-25</td></tr><tr><td><b>Closed</b></td><td>1996-07-07</td></tr><tr><td><b>Mast height (m)</b></td><td>20</td></tr><tr><td><b>Elevation (m)</b></td><td>57</td></tr><tr><td><b>Mean wind speed (m/s)</b></td><td>5.14</td></tr><tr><td><b>Wind power density (W/m2)</b></td><td>220.7</td></tr><tr><td><b>PDF page</b></td><td>1</td></tr></table>]]></description><TimeSpan><begin>1991-06-25</begin><end>1996-07-07</end></TimeSpan><styleUrl>#Closed</styleUrl><Point><coordinates>78.021111,8.902222,0</coordinates></Point></Placemark><Placemark><name>OVARI</name><description><![CDATA[<table><tr><td><b>Station</b></td><td>OVARI</td></tr><tr><td><b>District</b></td><td>TIRUNELVELI</td></tr><tr><td><b>Status</b></td><td>Closed</td></tr><tr><td><b>Source</b></td><td>Mast</td></tr><tr><td><b>Commenced</b></td><td>1996-03-03</td></tr><tr><td><b>Closed</b></td><td>1998-03-10</td></tr><tr><td><b>Mast height (m)</b></td><td>20</td></tr><tr><td><b>Elevation (m)</b></td><td>21</td></tr><tr><td><b>Mean wind speed (m/s)</b></td><td>5.08</td></tr><tr><td><b>Wind power density (W/m2)</b></td><td>160</td></tr><tr><td><b>PDF page</b></td><td>1</td></tr></table>]]></description><TimeSpan><begin>1996-03-03</begin><end>1998-03-10</end></TimeSpan><styleUrl>#Closed</styleUrl><Point><coordinates>77.869444,8.286944,0</coordinates></Point></Placemark><Placemark><name>PANAKUDI</name><description><![CDATA[<table><tr><td><b>Station</b></td><td>PANAKUDI</td></tr><tr><td><b>District</b></td><td>TIRUNELVELI</td></tr><tr><td><b>Status</b></td><td>Closed</td></tr><tr><td><b>Source</b></td><td>Mast</td></tr><tr><td><b>Commenced</b></td><td>1996-07-05</td></tr><tr><td><b>Closed</b></td><td>1998-09-13</td></tr><tr><td><b>Mast height (m)</b></td><td>20</td></tr><tr><td><b>Elevation (m)</b></td><td>140</td></tr><tr><td><b>Mean wind speed (m/s)</b></td><td>6.36</td></tr><tr><td><b>Wind power density (W/m2)</b></td><td>365.9</td></tr><tr><td><b>PDF page</b></td><td>1</td></tr></table>]]></description><TimeSpan><begin>1996-07-05</begin><end>1998-09-13</end></TimeSpan><styleUrl>#Closed</styleUrl><Point><coordinates>77.537778,8.321944,0</coordinates></Point></Placemark><Placemark><name>PONGALUR</name><description><![CDATA[<table><tr><td><b>Station</b></td><td>PONGALUR</td></tr><tr><td><b>District</b></td><td>COIMBATORE</td></tr><tr><td><b>Status</b></td><td>Closed</td></tr><tr><td><b>Source</b></td><td>Mast</td></tr><tr><td><b>Commenced</b></td><td>1990-05-23</td></tr><tr><td><b>Closed</b></td><td>1995-05-11</td></tr><tr><td><b>Mast height (m)</b></td><td>20</td></tr><tr><td><b>Elevation (m)</b></td><td>388</td></tr><tr><td><b>Mean wind speed (m/s)</b></td><td>5.31</td></tr><tr><td><b>Wind power density (W/m2)</b></td><td>213.2</td></tr><tr><td><b>PDF page</b></td><td>1</td></tr></table>]]></description><TimeSpan><begin>1990-05-23</begin><end>1995-05-11</end></TimeSpan><styleUrl>#Closed</styleUrl><Point><coordinates>77.351667,10.973611,0</coordinates></Point></Placemark><Placemark><name>POOLAVADI</name><description><![CDATA[<table><tr><td><b>Station</b></td><td>POOLAVADI</td></tr><tr><td><b>District</b></td><td>COIMBATORE</td></tr><tr><td><b>Status</b></td><td>Closed</td></tr><tr><td><b>Source</b></td><td>Mast</td></tr><tr><td><b>Commenced</b></td><td>1986-08-13</td></tr><tr><td><b>Closed</b></td><td>1993-05-29</td></tr><tr><td><b>Mast height (m)</b></td><td>20</td></tr><tr><td><b>Elevation (m)</b></td><td>321</td></tr><tr><td><b>Mean wind speed (m/s)</b></td><td>5.89</td></tr><tr><td><b>Wind power density (W/m2)</b></td><td>282.5</td></tr><tr><td><b>PDF page</b></td><td>1</td></tr></table>]]></description><TimeSpan><begin>1986-08-13</begin><end>1993-05-29</end></TimeSpan><styleUrl>#Closed</styleUrl><Point><coordinates>77.278333,10.731667,0</coordinates></Point></Placemark><Placemark><name>POOMPUHAR</name><description><![CDATA[<table><tr><td><b>Station</b></td><td>POOMPUHAR</td></tr><tr><td><b>District</b></td><td>NAGAPATTINAM</td></tr><tr><td><b>Status</b></td><td>Closed</td></tr><tr><td><b>Source</b></td><td>Mast</td></tr><tr><td><b>Commenced</b></td><td>1991-06-22</td></tr><tr><td><b>Closed</b></td><td>1994-07-16</td></tr><tr><td><b>Mast height (m)</b></td><td>20</td></tr><tr><td><b>Elevation (m)</b></td><td>1</td></tr><tr><td><b>Mean wind speed (m/s)</b></td><td>4.77</td></tr><tr><td><b>Wind power density (W/m2)</b></td><td>121.3</td></tr><tr><td><b>PDF page</b></td><td>1</td></tr></table>]]></description><TimeSpan><begin>1991-06-22</begin><end>1994-07-16</end></TimeSpan><styleUrl>#Closed</styleUrl><Point><coordinates>79.857222,11.141111,0</coordinates></Point></Placemark><Placemark><name>POOSARIPATTI</name><description><![CDATA[<table><tr><td><b>Station</b></td><td>POOSARIPATTI</td></tr><tr><td><b>District</b></td><td>COIMBATORE</td></tr><tr><td><b>Status</b></td><td>Closed</td></tr><tr><td><b>Source</b></td><td>Mast</td></tr><tr><td><b>Commenced</b></td><td>1992-12-15</td></tr><tr><td><b>Closed</b></td><td>1996-09-10</td></tr><tr><td><b>Mast height (m)</b></td><td>25</td></tr><tr><td><b>Elevation (m)</b></td><td>380</td></tr><tr><td><b>Mean wind speed (m/s)</b></td><td>5.36</td></tr><tr><td><b>Wind power density (W/m2)</b></td><td>168.4</td></tr><tr><td><b>PDF page</b></td><td>1</td></tr></table>]]></description><TimeSpan><begin>1992-12-15</begin><end>1996-09-10</end></TimeSpan><styleUrl>#Closed</styleUrl><Point><coordinates>77.1225,10.6725,0</coordinates></Point></Placemark><Placemark><name>PULIYAMKULAM</name><description><![CDATA[<table><tr><td><b>Station</b></td><td>PULIYAMKULAM</td></tr><tr><td><b>District</b></td><td>TIRUNELVELI</td></tr><tr><td><b>Status</b></td><td>Closed</td></tr><tr><td><b>Source</b></td><td>Mast</td></tr><tr><td><b>Commenced</b></td><td>1986-08-26</td></tr><tr><td><b>Closed</b></td><td>1993-05-21</td></tr><tr><td><b>Mast height (m)</b></td><td>20</td></tr><tr><td><b>Elevation (m)</b></td><td>35</td></tr><tr><td><b>Mean wind speed (m/s)</b></td><td>5.26</td></tr><tr><td><b>Wind power density (W/m2)</b></td><td>188.4</td></tr><tr><td><b>PDF page</b></td><td>1</td></tr></table>]]></description><TimeSpan><begin>1986-08-26</begin><end>1993-05-21</end></TimeSpan><styleUrl>#Closed</styleUrl><Point><coordinates>77.739656,8.314858,0</coordinates></Point></Placemark><Placemark><name>PUSHPATHUR</name><description><![CDATA[<table><tr><td><b>Station</b></td><td>PUSHPATHUR</td></tr><tr><td><b>District</b></td><td>DINDIGUL</td></tr><tr><td><b>Status</b></td><td>Closed</td></tr><tr><td><b>Source</b></td><td>Mast</td></tr><tr><td><b>Commenced</b></td><td>2000-10-15</td></tr><tr><td><b>Closed</b></td><td>2002-12-05</td></tr><tr><td><b>Mast height (m)</b></td><td>25</td></tr><tr><td><b>Elevation (m)</b></td><td>363</td></tr><tr><td><b>Mean wind speed (m/s)</b></td><td>4.47</td></tr><tr><td><b>Wind power density (W/m2)</b></td><td>128</td></tr><tr><td><b>PDF page</b></td><td>1</td></tr></table>]]></description><TimeSpan><begin>2000-10-15</begin><end>2002-12-05</end></TimeSpan><styleUrl>#Closed</styleUrl><Point><coordinates>77.419167,10.565278,0</coordinates></Point></Placemark><Placemark><name>RAMESWARAM</name><description><![CDATA[<table><tr><td><b>Station</b></td><td>RAMESWARAM</td></tr><tr><td><b>District</b></td><td>RAMANATHAPURAM</td></tr><tr><td><b>Status</b></td><td>Closed</td></tr><tr><td><b>Source</b></td><td>Mast</td></tr><tr><td><b>Commenced</b></td><td>1988-07-24</td></tr><tr><td><b>Closed</b></td><td>1993-11-11</td></tr><tr><td><b>Mast height (m)</b></td><td>20</td></tr><tr><td><b>Elevation (m)</b></td><td>4</td></tr><tr><td><b>Mean wind speed (m/s)</b></td><td>6.64</td></tr><tr><td><b>Wind power density (W/m2)</b></td><td>290.3</td></tr><tr><td><b>PDF page</b></td><td>1</td></tr></table>]]></description><TimeSpan><begin>1988-07-24</begin><end>1993-11-11</end></TimeSpan><styleUrl>#Closed</styleUrl><Point><coordinates>79.343056,9.227778,0</coordinates></Point></Placemark><Placemark><name>SANKANERI</name><description><![CDATA[<table><tr><td><b>Station</b></td><td>SANKANERI</td></tr><tr><td><b>District</b></td><td>TIRUNELVELI</td></tr><tr><td><b>Status</b></td><td>Closed</td></tr><tr><td><b>Source</b></td><td>Mast</td></tr><tr><td><b>Commenced</b></td><td>1994-07-14</td></tr><tr><td><b>Closed</b></td><td>1998-01-09</td></tr><tr><td><b>Mast height (m)</b></td><td>25</td></tr><tr><td><b>Elevation (m)</b></td><td>30</td></tr><tr><td><b>Mean wind speed (m/s)</b></td><td>6.28</td></tr><tr><td><b>Wind power density (W/m2)</b></td><td>258.1</td></tr><tr><td><b>PDF page</b></td><td>1</td></tr></table>]]></description><TimeSpan><begin>1994-07-14</begin><end>1998-01-09</end></TimeSpan><styleUrl>#Closed</styleUrl><Point><coordinates>77.664722,8.198611,0</coordinates></Point></Placemark><Placemark><name>SEMBAGARAMANPUDUR</name><description><![CDATA[<table><tr><td><b>Station</b></td><td>SEMBAGARAMANPUDUR</td></tr><tr><td><b>District</b></td><td>KANYAKUMARI</td></tr><tr><td><b>Status</b></td><td>Closed</td></tr><tr><td><b>Source</b></td><td>Mast</td></tr><tr><td><b>Commenced</b></td><td>1986-08-22</td></tr><tr><td><b>Closed</b></td><td>1991-10-27</td></tr><tr><td><b>Mast height (m)</b></td><td>20</td></tr><tr><td><b>Elevation (m)</b></td><td>40</td></tr><tr><td><b>Mean wind speed (m/s)</b></td><td>6.03</td></tr><tr><td><b>Wind power density (W/m2)</b></td><td>299.7</td></tr><tr><td><b>PDF page</b></td><td>1</td></tr></table>]]></description><TimeSpan><begin>1986-08-22</begin><end>1991-10-27</end></TimeSpan><styleUrl>#Closed</styleUrl><Point><coordinates>77.491667,8.254444,0</coordinates></Point></Placemark><Placemark><name>SERVALLAR HILLS</name><description><![CDATA[<table><tr><td><b>Station</b></td><td>SERVALLAR HILLS</td></tr><tr><td><b>District</b></td><td>TIRUNELVELI</td></tr><tr><td><b>Status</b></td><td>Closed</td></tr><tr><td><b>Source</b></td><td>Mast</td></tr><tr><td><b>Commenced</b></td><td>1988-07-20</td></tr><tr><td><b>Closed</b></td><td>1991-01-08</td></tr><tr><td><b>Mast height (m)</b></td><td>20</td></tr><tr><td><b>Elevation (m)</b></td><td>312</td></tr><tr><td><b>Mean wind speed (m/s)</b></td><td>4.78</td></tr><tr><td><b>Wind power density (W/m2)</b></td><td>207.1</td></tr><tr><td><b>PDF page</b></td><td>1</td></tr></table>]]></description><TimeSpan><begin>1988-07-20</begin><end>1991-01-08</end></TimeSpan><styleUrl>#Closed</styleUrl><Point><coordinates>77.306389,8.685278,0</coordinates></Point></Placemark><Placemark><name>SULTANPET</name><description><![CDATA[<table><tr><td><b>Station</b></td><td>SULTANPET</td></tr><tr><td><b>District</b></td><td>COIMBATORE</td></tr><tr><td><b>Status</b></td><td>Closed</td></tr><tr><td><b>Source</b></td><td>Mast</td></tr><tr><td><b>Commenced</b></td><td>1986-07-28</td></tr><tr><td><b>Closed</b></td><td>1993-05-29</td></tr><tr><td><b>Mast height (m)</b></td><td>20</td></tr><tr><td><b>Elevation (m)</b></td><td>380</td></tr><tr><td><b>Mean wind speed (m/s)</b></td><td>5.28</td></tr><tr><td><b>Wind power density (W/m2)</b></td><td>203.3</td></tr><tr><td><b>PDF page</b></td><td>1</td></tr></table>]]></description><TimeSpan><begin>1986-07-28</begin><end>1993-05-29</end></TimeSpan><styleUrl>#Closed</styleUrl><Point><coordinates>77.185833,10.866667,0</coordinates></Point></Placemark><Placemark><name>TALAYATHU</name><description><![CDATA[<table><tr><td><b>Station</b></td><td>TALAYATHU</td></tr><tr><td><b>District</b></td><td>TIRUNELVELI</td></tr><tr><td><b>Status</b></td><td>Closed</td></tr><tr><td><b>Source</b></td><td>Mast</td></tr><tr><td><b>Commenced</b></td><td>1988-07-18</td></tr><tr><td><b>Closed</b></td><td>1993-09-10</td></tr><tr><td><b>Mast height (m)</b></td><td>20</td></tr><tr><td><b>Elevation (m)</b></td><td>105</td></tr><tr><td><b>Mean wind speed (m/s)</b></td><td>5.69</td></tr><tr><td><b>Wind power density (W/m2)</b></td><td>324</td></tr><tr><td><b>PDF page</b></td><td>1</td></tr></table>]]></description><TimeSpan><begin>1988-07-18</begin><end>1993-09-10</end></TimeSpan><styleUrl>#Closed</styleUrl><Point><coordinates>77.658056,8.795556,0</coordinates></Point></Placemark><Placemark><name>THANNIRPANDAL</name><description><![CDATA[<table><tr><td><b>Station</b></td><td>THANNIRPANDAL</td></tr><tr><td><b>District</b></td><td>COIMBATORE</td></tr><tr><td><b>Status</b></td><td>Closed</td></tr><tr><td><b>Source</b></td><td>Mast</td></tr><tr><td><b>Commenced</b></td><td>1996-11-08</td></tr><tr><td><b>Closed</b></td><td>1999-01-06</td></tr><tr><td><b>Mast height (m)</b></td><td>20</td></tr><tr><td><b>Elevation (m)</b></td><td>400</td></tr><tr><td><b>Mean wind speed (m/s)</b></td><td>5.06</td></tr><tr><td><b>Wind power density (W/m2)</b></td><td>216.4</td></tr><tr><td><b>PDF page</b></td><td>1</td></tr></table>]]></description><TimeSpan><begin>1996-11-08</begin><end>1999-01-06</end></TimeSpan><styleUrl>#Closed</styleUrl><Point><coordinates>77.313583,10.949444,0</coordinates></Point></Placemark><Placemark><name>THAYILPATTI</name><description><![CDATA[<table><tr><td><b>Station</b></td><td>THAYILPATTI</td></tr><tr><td><b>District</b></td><td>VIRUDHUNAGAR</td></tr><tr><td><b>Status</b></td><td>Closed</td></tr><tr><td><b>Source</b></td><td>Mast</td></tr><tr><td><b>Commenced</b></td><td>2000-12-23</td></tr><tr><td><b>Closed</b></td><td>2002-03-24</td></tr><tr><td><b>Mast height (m)</b></td><td>25</td></tr><tr><td><b>Elevation (m)</b></td><td>107</td></tr><tr><td><b>Mean wind speed (m/s)</b></td><td>3</td></tr><tr><td><b>Wind power density (W/m2)</b></td><td>40</td></tr><tr><td><b>PDF page</b></td><td>1</td></tr></table>]]></description><TimeSpan><begin>2000-12-23</begin><end>2002-03-24</end></TimeSpan><styleUrl>#Closed</styleUrl><Point><coordinates>77.812222,9.3725,0</coordinates></Point></Placemark><Placemark><name>THUPPAKUDI</name><description><![CDATA[<table><tr><td><b>Station</b></td><td>THUPPAKUDI</td></tr><tr><td><b>District</b></td><td>TIRUNELVELI</td></tr><tr><td><b>Status</b></td><td>Closed</td></tr><tr><td><b>Source</b></td><td>Mast</td></tr><tr><td><b>Commenced</b></td><td>1996-03-06</td></tr><tr><td><b>Closed</b></td><td>1997-03-31</td></tr><tr><td><b>Mast height (m)</b></td><td>20</td></tr><tr><td><b>Elevation (m)</b></td><td>80</td></tr><tr><td><b>Mean wind speed (m/s)</b></td><td>3.22</td></tr><tr><td><b>Wind power density (W/m2)</b></td><td>78.1</td></tr><tr><td><b>PDF page</b></td><td>1</td></tr></table>]]></description><TimeSpan><begin>1996-03-06</begin><end>1997-03-31</end></TimeSpan><styleUrl>#Closed</styleUrl><Point><coordinates>77.447222,8.769444,0</coordinates></Point></Placemark><Placemark><name>TUTICORIN</name><description><![CDATA[<table><tr><td><b>Station</b></td><td>TUTICORIN</td></tr><tr><td><b>District</b></td><td>TUTICORIN</td></tr><tr><td><b>Status</b></td><td>Closed</td></tr><tr><td><b>Source</b></td><td>Mast</td></tr><tr><td><b>Commenced</b></td><td>1986-08-31</td></tr><tr><td><b>Closed</b></td><td>1993-05-24</td></tr><tr><td><b>Mast height (m)</b></td><td>20</td></tr><tr><td><b>Elevation (m)</b></td><td>3</td></tr><tr><td><b>Mean wind speed (m/s)</b></td><td>4.89</td></tr><tr><td><b>Wind power density (W/m2)</b></td><td>147.6</td></tr><tr><td><b>PDF page</b></td><td>1</td></tr></table>]]></description><TimeSpan><begin>1986-08-31</begin><end>1993-05-24</end></TimeSpan><styleUrl>#Closed</styleUrl><Point><coordinates>78.1325,8.725833,0</coordinates></Point></Placemark><Placemark><name>UTHANGARAI</name><description><![CDATA[<table><tr><td><b>Station</b></td><td>UTHANGARAI</td></tr><tr><td><b>District</b></td><td>DHARMAPURI</td></tr><tr><td><b>Status</b></td><td>Closed</td></tr><tr><td><b>Source</b></td><td>Mast</td></tr><tr><td><b>Commenced</b></td><td>1999-09-05</td></tr><tr><td><b>Closed</b></td><td>2000-10-12</td></tr><tr><td><b>Mast height (m)</b></td><td>25</td></tr><tr><td><b>Elevation (m)</b></td><td>350</td></tr><tr><td><b>Mean wind speed (m/s)</b></td><td>3.22</td></tr><tr><td><b>Wind power density (W/m2)</b></td><td>49.6</td></tr><tr><td><b>PDF page</b></td><td>1</td></tr></table>]]></description><TimeSpan><begin>1999-09-05</begin><end>2000-10-12</end></TimeSpan><styleUrl>#Closed</styleUrl><Point><coordinates>78.531111,12.241944,0</coordinates></Point></Placemark><Placemark><name>VAKAIKULAM</name><description><![CDATA[<table><tr><td><b>Station</b></td><td>VAKAIKULAM</td></tr><tr><td><b>District</b></td><td>TUTICORIN</td></tr><tr><td><b>Status</b></td><td>Closed</td></tr><tr><td><b>Source</b></td><td>Mast</td></tr><tr><td><b>Commenced</b></td><td>1996-03-04</td></tr><tr><td><b>Closed</b></td><td>1998-11-16</td></tr><tr><td><b>Mast height (m)</b></td><td>20</td></tr><tr><td><b>Elevation (m)</b></td><td>32</td></tr><tr><td><b>Mean wind speed (m/s)</b></td><td>4.61</td></tr><tr><td><b>Wind power density (W/m2)</b></td><td>166.9</td></tr><tr><td><b>PDF page</b></td><td>1</td></tr></table>]]></description><TimeSpan><begin>1996-03-04</begin><end>1998-11-16</end></TimeSpan><styleUrl>#Closed</styleUrl><Point><coordinates>77.994722,8.746389,0</coordinates></Point></Placemark><Placemark><name>VEDARANYAM</name><description><![CDATA[<table><tr><td><b>Station</b></td><td>VEDARANYAM</td></tr><tr><td><b>District</b></td><td>NAGAPATTINAM</td></tr><tr><td><b>Status</b></td><td>Closed</td></tr><tr><td><b>Source</b></td><td>Mast</td></tr><tr><td><b>Commenced</b></td><td>1996-09-12</td></tr><tr><td><b>Closed</b></td><td>1997-11-18</td></tr><tr><td><b>Mast height (m)</b></td><td>20</td></tr><tr><td><b>Elevation (m)</b></td><td>3</td></tr><tr><td><b>Mean wind speed (m/s)</b></td><td>3.78</td></tr><tr><td><b>Wind power density (W/m2)</b></td><td>82.9</td></tr><tr><td><b>PDF page</b></td><td>1</td></tr></table>]]></description><TimeSpan><begin>1996-09-12</begin><end>1997-11-18</end></TimeSpan><styleUrl>#Closed</styleUrl><Point><coordinates>79.853056,10.358611,0</coordinates></Point></Placemark><Placemark><name>VINAYAKAPURAM</name><description><![CDATA[<table><tr><td><b>Station</b></td><td>VINAYAKAPURAM</td></tr><tr><td><b>District</b></td><td>TIRUNELVELI</td></tr><tr><td><b>Status</b></td><td>Closed</td></tr><tr><td><b>Source</b></td><td>Mast</td></tr><tr><td><b>Commenced</b></td><td>1996-07-10</td></tr><tr><td><b>Closed</b></td><td>1998-01-09</td></tr><tr><td><b>Mast height (m)</b></td><td>20</td></tr><tr><td><b>Elevation (m)</b></td><td>80</td></tr><tr><td><b>Mean wind speed (m/s)</b></td><td>4.33</td></tr><tr><td><b>Wind power density (W/m2)</b></td><td>114</td></tr><tr><td><b>PDF page</b></td><td>1</td></tr></table>]]></description><TimeSpan><begin>1996-07-10</begin><end>1998-01-09</end></TimeSpan><styleUrl>#Closed</styleUrl><Point><coordinates>77.614722,8.349444,0</coordinates></Point></Placemark><Placemark><name>VIRALIMALAI</name><description><![CDATA[<table><tr><td><b>Station</b></td><td>VIRALIMALAI</td></tr><tr><td><b>District</b></td><td>PUDUKOTTAI</td></tr><tr><td><b>Status</b></td><td>Closed</td></tr><tr><td><b>Source</b></td><td>Mast</td></tr><tr><td><b>Commenced</b></td><td>2000-12-20</td></tr><tr><td><b>Closed</b></td><td>2002-03-25</td></tr><tr><td><b>Mast height (m)</b></td><td>25</td></tr><tr><td><b>Elevation (m)</b></td><td>167</td></tr><tr><td><b>Mean wind speed (m/s)</b></td><td>3.27</td></tr><tr><td><b>Wind power density (W/m2)</b></td><td>49</td></tr><tr><td><b>PDF page</b></td><td>1</td></tr></table>]]></description><TimeSpan><begin>2000-12-20</begin><end>2002-03-25</end></TimeSpan><styleUrl>#Closed</styleUrl><Point><coordinates>78.539722,10.602222,0</coordinates></Point></Placemark><Placemark><name>PUDUPUDUR</name><description><![CDATA[<table><tr><td><b>Station</b></td><td>PUDUPUDUR</td></tr><tr><td><b>District</b></td><td>DINDIGUL</td></tr><tr><td><b>Status</b></td><td>Closed</td></tr><tr><td><b>Source</b></td><td>Mast</td></tr><tr><td><b>Commenced</b></td><td>2006-11-21</td></tr><tr><td><b>Closed</b></td><td>2008-04-01</td></tr><tr><td><b>Mast height (m)</b></td><td>50</td></tr><tr><td><b>Elevation (m)</b></td><td>1860</td></tr><tr><td><b>Mean wind speed (m/s)</b></td><td>3.16</td></tr><tr><td><b>Wind power density (W/m2)</b></td><td>42</td></tr><tr><td><b>PDF page</b></td><td>1</td></tr></table>]]></description><TimeSpan><begin>2006-11-21</begin><end>2008-04-01</end></TimeSpan><styleUrl>#Closed</styleUrl><Point><coordinates>77.412778,10.301389,0</coordinates></Point></Placemark><Placemark><name>UPPATTY</name><description><![CDATA[<table><tr><td><b>Station</b></td><td>UPPATTY</td></tr><tr><td><b>District</b></td><td>NILGIRIS</td></tr><tr><td><b>Status</b></td><td>Closed</td></tr><tr><td><b>Source</b></td><td>Mast</td></tr><tr><td><b>Commenced</b></td><td>2007-09-19</td></tr><tr><td><b>Closed</b></td><td>2009-10-01</td></tr><tr><td><b>Mast height (m)</b></td><td>50</td></tr><tr><td><b>Elevation (m)</b></td><td>957</td></tr><tr><td><b>Mean wind speed (m/s)</b></td><td>3.1</td></tr><tr><td><b>Wind power density (W/m2)</b></td><td>32</td></tr><tr><td><b>PDF page</b></td><td>1</td></tr></table>]]></description><TimeSpan><begin>2007-09-19</begin><end>2009-10-01</end></TimeSpan><styleUrl>#Closed</styleUrl><Point><coordinates>76.353333,11.52,0</coordinates></Point></Placemark><Placemark><name>KALIA NAGARI</name><description><![CDATA[<table><tr><td><b>Station</b></td><td>KALIA NAGARI</td></tr><tr><td><b>District</b></td><td>RAMANATHAPURAM</td></tr><tr><td><b>Status</b></td><td>Closed</td></tr><tr><td><b>Source</b></td><td>Mast</td></tr><tr><td><b>Commenced</b></td><td>2008-01-31</td></tr><tr><td><b>Closed</b></td><td>2010-01-31</td></tr><tr><td><b>Mast height (m)</b></td><td>50</td></tr><tr><td><b>Elevation (m)</b></td><td>7</td></tr><tr><td><b>Mean wind speed (m/s)</b></td><td>5.56</td></tr><tr><td><b>Wind power density (W/m2)</b></td><td>157</td></tr><tr><td><b>PDF page</b></td><td>1</td></tr></table>]]></description><TimeSpan><begin>2008-01-31</begin><end>2010-01-31</end></TimeSpan><styleUrl>#Closed</styleUrl><Point><coordinates>79.075833,9.804167,0</coordinates></Point></Placemark><Placemark><name>MADAM</name><description><![CDATA[<table><tr><td><b>Station</b></td><td>MADAM</td></tr><tr><td><b>District</b></td><td>DHARMAPURI</td></tr><tr><td><b>Status</b></td><td>Closed</td></tr><tr><td><b>Source</b></td><td>Mast</td></tr><tr><td><b>Commenced</b></td><td>2008-08-26</td></tr><tr><td><b>Closed</b></td><td>2010-09-01</td></tr><tr><td><b>Mast height (m)</b></td><td>50</td></tr><tr><td><b>Elevation (m)</b></td><td>530</td></tr><tr><td><b>Mean wind speed (m/s)</b></td><td>4.81</td></tr><tr><td><b>Wind power density (W/m2)</b></td><td>104.6</td></tr><tr><td><b>PDF page</b></td><td>1</td></tr></table>]]></description><TimeSpan><begin>2008-08-26</begin><end>2010-09-01</end></TimeSpan><styleUrl>#Closed</styleUrl><Point><coordinates>77.870278,12.130278,0</coordinates></Point></Placemark><Placemark><name>CHINNASHANTIPURAM</name><description><![CDATA[<table><tr><td><b>Station</b></td><td>CHINNASHANTIPURAM</td></tr><tr><td><b>District</b></td><td>THENI</td></tr><tr><td><b>Status</b></td><td>Closed</td></tr><tr><td><b>Source</b></td><td>Mast</td></tr><tr><td><b>Commenced</b></td><td>2008-09-01</td></tr><tr><td><b>Closed</b></td><td>2010-09-01</td></tr><tr><td><b>Mast height (m)</b></td><td>50</td></tr><tr><td><b>Elevation (m)</b></td><td>580</td></tr><tr><td><b>Mean wind speed (m/s)</b></td><td>3.26</td></tr><tr><td><b>Wind power density (W/m2)</b></td><td>56.43</td></tr><tr><td><b>PDF page</b></td><td>1</td></tr></table>]]></description><TimeSpan><begin>2008-09-01</begin><end>2010-09-01</end></TimeSpan><styleUrl>#Closed</styleUrl><Point><coordinates>77.470833,9.708056,0</coordinates></Point></Placemark><Placemark><name>M.S.PURAM</name><description><![CDATA[<table><tr><td><b>Station</b></td><td>M.S.PURAM</td></tr><tr><td><b>District</b></td><td>MADURAI</td></tr><tr><td><b>Status</b></td><td>Closed</td></tr><tr><td><b>Source</b></td><td>Mast</td></tr><tr><td><b>Commenced</b></td><td>2008-09-26</td></tr><tr><td><b>Closed</b></td><td>2010-09-01</td></tr><tr><td><b>Mast height (m)</b></td><td>50</td></tr><tr><td><b>Elevation (m)</b></td><td>253</td></tr><tr><td><b>Mean wind speed (m/s)</b></td><td>5.57</td></tr><tr><td><b>Wind power density (W/m2)</b></td><td>343</td></tr><tr><td><b>PDF page</b></td><td>1</td></tr></table>]]></description><TimeSpan><begin>2008-09-26</begin><end>2010-09-01</end></TimeSpan><styleUrl>#Closed</styleUrl><Point><coordinates>77.651667,9.810833,0</coordinates></Point></Placemark><Placemark><name>KAMAGIRI</name><description><![CDATA[<table><tr><td><b>Station</b></td><td>KAMAGIRI</td></tr><tr><td><b>District</b></td><td>KRISHNAGIRI</td></tr><tr><td><b>Status</b></td><td>Closed</td></tr><tr><td><b>Source</b></td><td>Mast</td></tr><tr><td><b>Commenced</b></td><td>2008-09-27</td></tr><tr><td><b>Closed</b></td><td>2010-09-01</td></tr><tr><td><b>Mast height (m)</b></td><td>50</td></tr><tr><td><b>Elevation (m)</b></td><td>1178</td></tr><tr><td><b>Mean wind speed (m/s)</b></td><td>6.27</td></tr><tr><td><b>Wind power density (W/m2)</b></td><td>215.2</td></tr><tr><td><b>PDF page</b></td><td>1</td></tr></table>]]></description><TimeSpan><begin>2008-09-27</begin><end>2010-09-01</end></TimeSpan><styleUrl>#Closed</styleUrl><Point><coordinates>77.885556,12.360694,0</coordinates></Point></Placemark><Placemark><name>JAMNA MARTHUR</name><description><![CDATA[<table><tr><td><b>Station</b></td><td>JAMNA MARTHUR</td></tr><tr><td><b>District</b></td><td>THIRUVANNAMALAI</td></tr><tr><td><b>Status</b></td><td>Closed</td></tr><tr><td><b>Source</b></td><td>Mast</td></tr><tr><td><b>Commenced</b></td><td>2008-10-24</td></tr><tr><td><b>Closed</b></td><td>2010-12-10</td></tr><tr><td><b>Mast height (m)</b></td><td>50</td></tr><tr><td><b>Elevation (m)</b></td><td>743</td></tr><tr><td><b>Mean wind speed (m/s)</b></td><td>4.87</td></tr><tr><td><b>Wind power density (W/m2)</b></td><td>106</td></tr><tr><td><b>PDF page</b></td><td>1</td></tr></table>]]></description><TimeSpan><begin>2008-10-24</begin><end>2010-12-10</end></TimeSpan><styleUrl>#Closed</styleUrl><Point><coordinates>78.887222,12.585278,0</coordinates></Point></Placemark><Placemark><name>ITTARAI</name><description><![CDATA[<table><tr><td><b>Station</b></td><td>ITTARAI</td></tr><tr><td><b>District</b></td><td>ERODE</td></tr><tr><td><b>Status</b></td><td>Closed</td></tr><tr><td><b>Source</b></td><td>Mast</td></tr><tr><td><b>Commenced</b></td><td>2012-05-26</td></tr><tr><td><b>Closed</b></td><td>2014-09-18</td></tr><tr><td><b>Mast height (m)</b></td><td>80</td></tr><tr><td><b>Elevation (m)</b></td><td>1313</td></tr><tr><td><b>Mean wind speed (m/s)</b></td><td>6.05</td></tr><tr><td><b>Wind power density (W/m2)</b></td><td>201.62</td></tr><tr><td><b>PDF page</b></td><td>1</td></tr></table>]]></description><TimeSpan><begin>2012-05-26</begin><end>2014-09-18</end></TimeSpan><styleUrl>#Closed</styleUrl><Point><coordinates>77.080944,11.595222,0</coordinates></Point></Placemark><Placemark><name>VELLAMADAM</name><description><![CDATA[<table><tr><td><b>Station</b></td><td>VELLAMADAM</td></tr><tr><td><b>District</b></td><td>TUTICORIN</td></tr><tr><td><b>Status</b></td><td>Closed</td></tr><tr><td><b>Source</b></td><td>Mast</td></tr><tr><td><b>Commenced</b></td><td>2012-05-28</td></tr><tr><td><b>Closed</b></td><td>2014-09-18</td></tr><tr><td><b>Mast height (m)</b></td><td>80</td></tr><tr><td><b>Elevation (m)</b></td><td>23</td></tr><tr><td><b>Mean wind speed (m/s)</b></td><td>5.63</td></tr><tr><td><b>Wind power density (W/m2)</b></td><td>183.83</td></tr><tr><td><b>PDF page</b></td><td>1</td></tr></table>]]></description><TimeSpan><begin>2012-05-28</begin><end>2014-09-18</end></TimeSpan><styleUrl>#Closed</styleUrl><Point><coordinates>77.963806,8.574083,0</coordinates></Point></Placemark><Placemark><name>KAYATHAR</name><description><![CDATA[<table><tr><td><b>Station</b></td><td>KAYATHAR</td></tr><tr><td><b>District</b></td><td>TUTICORIN</td></tr><tr><td><b>Status</b></td><td>Closed</td></tr><tr><td><b>Source</b></td><td>Mast</td></tr><tr><td><b>Commenced</b></td><td>2013-08-29</td></tr><tr><td><b>Closed</b></td><td>2022-05-01</td></tr><tr><td><b>Mast height (m)</b></td><td>120</td></tr><tr><td><b>Elevation (m)</b></td><td>88</td></tr><tr><td><b>Mean wind speed (m/s)</b></td><td>6.29</td></tr><tr><td><b>Wind power density (W/m2)</b></td><td>319.2</td></tr><tr><td><b>PDF page</b></td><td>1</td></tr></table>]]></description><TimeSpan><begin>2013-08-29</begin><end>2022-05-01</end></TimeSpan><styleUrl>#Closed</styleUrl><Point><coordinates>77.719667,8.962297,0</coordinates></Point></Placemark><Placemark><name>MAMARATHUPATTI</name><description><![CDATA[<table><tr><td><b>Station</b></td><td>MAMARATHUPATTI</td></tr><tr><td><b>District</b></td><td>KARUR</td></tr><tr><td><b>Status</b></td><td>Closed</td></tr><tr><td><b>Source</b></td><td>Mast</td></tr><tr><td><b>Commenced</b></td><td>2013-09-12</td></tr><tr><td><b>Closed</b></td><td>2015-02-28</td></tr><tr><td><b>Mast height (m)</b></td><td>80</td></tr><tr><td><b>Elevation (m)</b></td><td>225</td></tr><tr><td><b>Mean wind speed (m/s)</b></td><td>6.11</td></tr><tr><td><b>Wind power density (W/m2)</b></td><td>271.21</td></tr><tr><td><b>PDF page</b></td><td>1</td></tr></table>]]></description><TimeSpan><begin>2013-09-12</begin><end>2015-02-28</end></TimeSpan><styleUrl>#Closed</styleUrl><Point><coordinates>78.248306,10.750306,0</coordinates></Point></Placemark><Placemark><name>NALLUR</name><description><![CDATA[<table><tr><td><b>Station</b></td><td>NALLUR</td></tr><tr><td><b>District</b></td><td>ERODE</td></tr><tr><td><b>Status</b></td><td>Closed</td></tr><tr><td><b>Source</b></td><td>Mast</td></tr><tr><td><b>Commenced</b></td><td>2013-11-10</td></tr><tr><td><b>Closed</b></td><td>2016-04-12</td></tr><tr><td><b>Mast height (m)</b></td><td>100</td></tr><tr><td><b>Elevation (m)</b></td><td>280</td></tr><tr><td><b>Mean wind speed (m/s)</b></td><td>4.18</td></tr><tr><td><b>Wind power density (W/m2)</b></td><td>81.44</td></tr><tr><td><b>PDF page</b></td><td>2</td></tr></table>]]></description><TimeSpan><begin>2013-11-10</begin><end>2016-04-12</end></TimeSpan><styleUrl>#Closed</styleUrl><Point><coordinates>77.18075,11.38,0</coordinates></Point></Placemark><Placemark><name>DHANUSKODI</name><description><![CDATA[<table><tr><td><b>Station</b></td><td>DHANUSKODI</td></tr><tr><td><b>District</b></td><td>RAMANATHAPURAM</td></tr><tr><td><b>Status</b></td><td>Closed</td></tr><tr><td><b>Source</b></td><td>Mast</td></tr><tr><td><b>Commenced</b></td><td>2013-01-10</td></tr><tr><td><b>Closed</b></td><td>2020-04-06</td></tr><tr><td><b>Mast height (m)</b></td><td>102</td></tr><tr><td><b>Elevation (m)</b></td><td>1</td></tr><tr><td><b>Mean wind speed (m/s)</b></td><td>8.65</td></tr><tr><td><b>Wind power density (W/m2)</b></td><td>536</td></tr><tr><td><b>PDF page</b></td><td>2</td></tr></table>]]></description><TimeSpan><begin>2013-01-10</begin><end>2020-04-06</end></TimeSpan><styleUrl>#Closed</styleUrl><Point><coordinates>79.428969,9.167994,0</coordinates></Point></Placemark><Placemark><name>KALIMANDAYAM</name><description><![CDATA[<table><tr><td><b>Station</b></td><td>KALIMANDAYAM</td></tr><tr><td><b>District</b></td><td>DINDIGUL</td></tr><tr><td><b>Status</b></td><td>Closed</td></tr><tr><td><b>Source</b></td><td>Mast</td></tr><tr><td><b>Commenced</b></td><td>2013-12-13</td></tr><tr><td><b>Closed</b></td><td>2022-08-28</td></tr><tr><td><b>Mast height (m)</b></td><td>100</td></tr><tr><td><b>Elevation (m)</b></td><td>302</td></tr><tr><td><b>Mean wind speed (m/s)</b></td><td>5.92</td></tr><tr><td><b>Wind power density (W/m2)</b></td><td>279.36</td></tr><tr><td><b>Project type</b></td><td>'*' (legend not given)</td></tr><tr><td><b>PDF page</b></td><td>2</td></tr></table>]]></description><TimeSpan><begin>2013-12-13</begin><end>2022-08-28</end></TimeSpan><styleUrl>#Closed</styleUrl><Point><coordinates>77.68925,10.575889,0</coordinates></Point></Placemark><Placemark><name>KARUNGAL / PALAYAM</name><description><![CDATA[<table><tr><td><b>Station</b></td><td>KARUNGAL / PALAYAM</td></tr><tr><td><b>District</b></td><td>DINDIGUL</td></tr><tr><td><b>Status</b></td><td>Closed</td></tr><tr><td><b>Source</b></td><td>Mast</td></tr><tr><td><b>Commenced</b></td><td>2013-12-15</td></tr><tr><td><b>Closed</b></td><td>2016-12-25</td></tr><tr><td><b>Mast height (m)</b></td><td>100</td></tr><tr><td><b>Elevation (m)</b></td><td>210</td></tr><tr><td><b>Mean wind speed (m/s)</b></td><td>6.34</td></tr><tr><td><b>Wind power density (W/m2)</b></td><td>292.92</td></tr><tr><td><b>PDF page</b></td><td>2</td></tr></table>]]></description><TimeSpan><begin>2013-12-15</begin><end>2016-12-25</end></TimeSpan><styleUrl>#Closed</styleUrl><Point><coordinates>78.138056,10.743528,0</coordinates></Point></Placemark><Placemark><name>SRIVILLIPUTHUR</name><description><![CDATA[<table><tr><td><b>Station</b></td><td>SRIVILLIPUTHUR</td></tr><tr><td><b>District</b></td><td>VIRUDHUNAGAR</td></tr><tr><td><b>Status</b></td><td>Closed</td></tr><tr><td><b>Source</b></td><td>Mast</td></tr><tr><td><b>Commenced</b></td><td>2013-12-17</td></tr><tr><td><b>Closed</b></td><td>2016-04-11</td></tr><tr><td><b>Mast height (m)</b></td><td>100</td></tr><tr><td><b>Elevation (m)</b></td><td>146</td></tr><tr><td><b>Mean wind speed (m/s)</b></td><td>4.22</td></tr><tr><td><b>Wind power density (W/m2)</b></td><td>87.04</td></tr><tr><td><b>PDF page</b></td><td>2</td></tr></table>]]></description><TimeSpan><begin>2013-12-17</begin><end>2016-04-11</end></TimeSpan><styleUrl>#Closed</styleUrl><Point><coordinates>77.738111,9.473083,0</coordinates></Point></Placemark><Placemark><name>AKKANAYAKANPATTI</name><description><![CDATA[<table><tr><td><b>Station</b></td><td>AKKANAYAKANPATTI</td></tr><tr><td><b>District</b></td><td>TUTICORIN</td></tr><tr><td><b>Status</b></td><td>Closed</td></tr><tr><td><b>Source</b></td><td>Mast</td></tr><tr><td><b>Commenced</b></td><td>2013-12-19</td></tr><tr><td><b>Closed</b></td><td>2022-07-31</td></tr><tr><td><b>Mast height (m)</b></td><td>100</td></tr><tr><td><b>Elevation (m)</b></td><td>72</td></tr><tr><td><b>Mean wind speed (m/s)</b></td><td>7.42</td></tr><tr><td><b>Wind power density (W/m2)</b></td><td>468.29</td></tr><tr><td><b>Project type</b></td><td>'*' (legend not given)</td></tr><tr><td><b>PDF page</b></td><td>2</td></tr></table>]]></description><TimeSpan><begin>2013-12-19</begin><end>2022-07-31</end></TimeSpan><styleUrl>#Closed</styleUrl><Point><coordinates>77.8865,8.860917,0</coordinates></Point></Placemark><Placemark><name>MELAMANDAI</name><description><![CDATA[<table><tr><td><b>Station</b></td><td>MELAMANDAI</td></tr><tr><td><b>District</b></td><td>TUTICORIN</td></tr><tr><td><b>Status</b></td><td>Closed</td></tr><tr><td><b>Source</b></td><td>Mast</td></tr><tr><td><b>Commenced</b></td><td>2013-12-21</td></tr><tr><td><b>Closed</b></td><td>2017-01-19</td></tr><tr><td><b>Mast height (m)</b></td><td>100</td></tr><tr><td><b>Elevation (m)</b></td><td>7</td></tr><tr><td><b>Mean wind speed (m/s)</b></td><td>6.35</td></tr><tr><td><b>Wind power density (W/m2)</b></td><td>230.25</td></tr><tr><td><b>PDF page</b></td><td>2</td></tr></table>]]></description><TimeSpan><begin>2013-12-21</begin><end>2017-01-19</end></TimeSpan><styleUrl>#Closed</styleUrl><Point><coordinates>78.295639,9.079861,0</coordinates></Point></Placemark><Placemark><name>KEERANIPATTI</name><description><![CDATA[<table><tr><td><b>Station</b></td><td>KEERANIPATTI</td></tr><tr><td><b>District</b></td><td>SIVAGANGAI</td></tr><tr><td><b>Status</b></td><td>Closed</td></tr><tr><td><b>Source</b></td><td>Mast</td></tr><tr><td><b>Commenced</b></td><td>2013-12-26</td></tr><tr><td><b>Closed</b></td><td>2016-04-07</td></tr><tr><td><b>Mast height (m)</b></td><td>100</td></tr><tr><td><b>Elevation (m)</b></td><td>104</td></tr><tr><td><b>Mean wind speed (m/s)</b></td><td>4.7</td></tr><tr><td><b>Wind power density (W/m2)</b></td><td>96.86</td></tr><tr><td><b>PDF page</b></td><td>2</td></tr></table>]]></description><TimeSpan><begin>2013-12-26</begin><end>2016-04-07</end></TimeSpan><styleUrl>#Closed</styleUrl><Point><coordinates>78.712778,10.056083,0</coordinates></Point></Placemark><Placemark><name>ENNORE PORT</name><description><![CDATA[<table><tr><td><b>Station</b></td><td>ENNORE PORT</td></tr><tr><td><b>District</b></td><td>CHENNAI</td></tr><tr><td><b>Status</b></td><td>Closed</td></tr><tr><td><b>Source</b></td><td>Mast</td></tr><tr><td><b>Commenced</b></td><td>2013-12-20</td></tr><tr><td><b>Closed</b></td><td>2016-03-15</td></tr><tr><td><b>Mast height (m)</b></td><td>80</td></tr><tr><td><b>Elevation (m)</b></td><td>5</td></tr><tr><td><b>Project type</b></td><td>Other project</td></tr><tr><td><b>PDF page</b></td><td>2</td></tr></table>]]></description><TimeSpan><begin>2013-12-20</begin><end>2016-03-15</end></TimeSpan><styleUrl>#Closed</styleUrl><Point><coordinates>80.344111,13.279944,0</coordinates></Point></Placemark><Placemark><name>UDAYALIPATTI</name><description><![CDATA[<table><tr><td><b>Station</b></td><td>UDAYALIPATTI</td></tr><tr><td><b>District</b></td><td>PUDUKOTTAI</td></tr><tr><td><b>Status</b></td><td>Closed</td></tr><tr><td><b>Source</b></td><td>Mast</td></tr><tr><td><b>Commenced</b></td><td>2014-01-16</td></tr><tr><td><b>Closed</b></td><td>2016-03-25</td></tr><tr><td><b>Mast height (m)</b></td><td>100</td></tr><tr><td><b>Elevation (m)</b></td><td>110</td></tr><tr><td><b>Mean wind speed (m/s)</b></td><td>5.59</td></tr><tr><td><b>Wind power density (W/m2)</b></td><td>160.32</td></tr><tr><td><b>PDF page</b></td><td>2</td></tr></table>]]></description><TimeSpan><begin>2014-01-16</begin><end>2016-03-25</end></TimeSpan><styleUrl>#Closed</styleUrl><Point><coordinates>78.882667,10.583722,0</coordinates></Point></Placemark><Placemark><name>SANKARAN KOVIL</name><description><![CDATA[<table><tr><td><b>Station</b></td><td>SANKARAN KOVIL</td></tr><tr><td><b>District</b></td><td>TIRUNELVELI</td></tr><tr><td><b>Status</b></td><td>Closed</td></tr><tr><td><b>Source</b></td><td>Mast</td></tr><tr><td><b>Commenced</b></td><td>2014-01-17</td></tr><tr><td><b>Closed</b></td><td>2016-04-10</td></tr><tr><td><b>Mast height (m)</b></td><td>100</td></tr><tr><td><b>Elevation (m)</b></td><td>151</td></tr><tr><td><b>Mean wind speed (m/s)</b></td><td>5.25</td></tr><tr><td><b>Wind power density (W/m2)</b></td><td>174.24</td></tr><tr><td><b>PDF page</b></td><td>2</td></tr></table>]]></description><TimeSpan><begin>2014-01-17</begin><end>2016-04-10</end></TimeSpan><styleUrl>#Closed</styleUrl><Point><coordinates>77.529556,9.159222,0</coordinates></Point></Placemark><Placemark><name>PALAYA VATHALA KUNDU</name><description><![CDATA[<table><tr><td><b>Station</b></td><td>PALAYA VATHALA KUNDU</td></tr><tr><td><b>District</b></td><td>DINDIGUL</td></tr><tr><td><b>Status</b></td><td>Closed</td></tr><tr><td><b>Source</b></td><td>Mast</td></tr><tr><td><b>Commenced</b></td><td>2014-01-29</td></tr><tr><td><b>Closed</b></td><td>2016-04-07</td></tr><tr><td><b>Mast height (m)</b></td><td>100</td></tr><tr><td><b>Elevation (m)</b></td><td>270</td></tr><tr><td><b>Mean wind speed (m/s)</b></td><td>4.87</td></tr><tr><td><b>Wind power density (W/m2)</b></td><td>132.71</td></tr><tr><td><b>PDF page</b></td><td>2</td></tr></table>]]></description><TimeSpan><begin>2014-01-29</begin><end>2016-04-07</end></TimeSpan><styleUrl>#Closed</styleUrl><Point><coordinates>77.734639,10.141167,0</coordinates></Point></Placemark><Placemark><name>SUBRAMANIYA PURAM</name><description><![CDATA[<table><tr><td><b>Station</b></td><td>SUBRAMANIYA PURAM</td></tr><tr><td><b>District</b></td><td>TRICHY</td></tr><tr><td><b>Status</b></td><td>Closed</td></tr><tr><td><b>Source</b></td><td>Mast</td></tr><tr><td><b>Commenced</b></td><td>2014-01-30</td></tr><tr><td><b>Closed</b></td><td>2019-03-31</td></tr><tr><td><b>Mast height (m)</b></td><td>100</td></tr><tr><td><b>Elevation (m)</b></td><td>145</td></tr><tr><td><b>Mean wind speed (m/s)</b></td><td>5.86</td></tr><tr><td><b>Wind power density (W/m2)</b></td><td>202.73</td></tr><tr><td><b>Project type</b></td><td>'*' (legend not given)</td></tr><tr><td><b>PDF page</b></td><td>2</td></tr></table>]]></description><TimeSpan><begin>2014-01-30</begin><end>2019-03-31</end></TimeSpan><styleUrl>#Closed</styleUrl><Point><coordinates>78.651361,11.06395,0</coordinates></Point></Placemark><Placemark><name>VIRALIMALAI</name><description><![CDATA[<table><tr><td><b>Station</b></td><td>VIRALIMALAI</td></tr><tr><td><b>District</b></td><td>PUDUKOTTAI</td></tr><tr><td><b>Status</b></td><td>Closed</td></tr><tr><td><b>Source</b></td><td>Mast</td></tr><tr><td><b>Commenced</b></td><td>2014-03-11</td></tr><tr><td><b>Closed</b></td><td>2016-04-05</td></tr><tr><td><b>Mast height (m)</b></td><td>100</td></tr><tr><td><b>Elevation (m)</b></td><td>150</td></tr><tr><td><b>Mean wind speed (m/s)</b></td><td>5.78</td></tr><tr><td><b>Wind power density (W/m2)</b></td><td>218.54</td></tr><tr><td><b>PDF page</b></td><td>2</td></tr></table>]]></description><TimeSpan><begin>2014-03-11</begin><end>2016-04-05</end></TimeSpan><styleUrl>#Closed</styleUrl><Point><coordinates>78.528319,10.638261,0</coordinates></Point></Placemark><Placemark><name>GANDHIGRAM RURAL INSTITUTE</name><description><![CDATA[<table><tr><td><b>Station</b></td><td>GANDHIGRAM RURAL INSTITUTE</td></tr><tr><td><b>District</b></td><td>DINDIGUL</td></tr><tr><td><b>Status</b></td><td>Closed</td></tr><tr><td><b>Source</b></td><td>Mast</td></tr><tr><td><b>Commenced</b></td><td>2015-11-03</td></tr><tr><td><b>Closed</b></td><td>2017-07-27</td></tr><tr><td><b>Mast height (m)</b></td><td>50</td></tr><tr><td><b>Elevation (m)</b></td><td>315</td></tr><tr><td><b>Project type</b></td><td>Other project</td></tr><tr><td><b>PDF page</b></td><td>2</td></tr></table>]]></description><TimeSpan><begin>2015-11-03</begin><end>2017-07-27</end></TimeSpan><styleUrl>#Closed</styleUrl><Point><coordinates>77.936494,10.276967,0</coordinates></Point></Placemark><Placemark><name>AARUPADAI VEEDU INSTITTUTE OF TECHNOLOGY</name><description><![CDATA[<table><tr><td><b>Station</b></td><td>AARUPADAI VEEDU INSTITTUTE OF TECHNOLOGY</td></tr><tr><td><b>District</b></td><td>KANCHEEPURAM</td></tr><tr><td><b>Status</b></td><td>Closed</td></tr><tr><td><b>Source</b></td><td>Mast</td></tr><tr><td><b>Commenced</b></td><td>2016-01-08</td></tr><tr><td><b>Closed</b></td><td>2017-07-27</td></tr><tr><td><b>Mast height (m)</b></td><td>50</td></tr><tr><td><b>Elevation (m)</b></td><td>15</td></tr><tr><td><b>Project type</b></td><td>Other project</td></tr><tr><td><b>PDF page</b></td><td>2</td></tr></table>]]></description><TimeSpan><begin>2016-01-08</begin><end>2017-07-27</end></TimeSpan><styleUrl>#Closed</styleUrl><Point><coordinates>80.181953,12.656569,0</coordinates></Point></Placemark><Placemark><name>TNPL PERUNGUDI</name><description><![CDATA[<table><tr><td><b>Station</b></td><td>TNPL PERUNGUDI</td></tr><tr><td><b>District</b></td><td>TIRUNELVELI</td></tr><tr><td><b>Status</b></td><td>Closed</td></tr><tr><td><b>Source</b></td><td>Mast</td></tr><tr><td><b>Commenced</b></td><td>2016-07-30</td></tr><tr><td><b>Closed</b></td><td>2022-07-31</td></tr><tr><td><b>Mast height (m)</b></td><td>50</td></tr><tr><td><b>Elevation (m)</b></td><td>45</td></tr><tr><td><b>Mean wind speed (m/s)</b></td><td>6.35</td></tr><tr><td><b>Wind power density (W/m2)</b></td><td>251.26</td></tr><tr><td><b>Project type</b></td><td>Other project</td></tr><tr><td><b>PDF page</b></td><td>2</td></tr></table>]]></description><TimeSpan><begin>2016-07-30</begin><end>2022-07-31</end></TimeSpan><styleUrl>#Closed</styleUrl><Point><coordinates>77.581233,8.256983,0</coordinates></Point></Placemark><Placemark><name>KELAYAMBAL</name><description><![CDATA[<table><tr><td><b>Station</b></td><td>KELAYAMBAL</td></tr><tr><td><b>District</b></td><td>PUDUKOTTAI</td></tr><tr><td><b>Status</b></td><td>Closed</td></tr><tr><td><b>Source</b></td><td>Mast</td></tr><tr><td><b>Commenced</b></td><td>2016-12-23</td></tr><tr><td><b>Closed</b></td><td>2018-02-28</td></tr><tr><td><b>Mast height (m)</b></td><td>80</td></tr><tr><td><b>Elevation (m)</b></td><td>7</td></tr><tr><td><b>Mean wind speed (m/s)</b></td><td>5.62</td></tr><tr><td><b>Wind power density (W/m2)</b></td><td>157.34</td></tr><tr><td><b>Project type</b></td><td>Other project</td></tr><tr><td><b>PDF page</b></td><td>2</td></tr></table>]]></description><TimeSpan><begin>2016-12-23</begin><end>2018-02-28</end></TimeSpan><styleUrl>#Closed</styleUrl><Point><coordinates>79.150089,9.943017,0</coordinates></Point></Placemark><Placemark><name>DEVIMANGALAM</name><description><![CDATA[<table><tr><td><b>Station</b></td><td>DEVIMANGALAM</td></tr><tr><td><b>District</b></td><td>TRICHY</td></tr><tr><td><b>Status</b></td><td>Closed</td></tr><tr><td><b>Source</b></td><td>Mast</td></tr><tr><td><b>Commenced</b></td><td>2017-02-07</td></tr><tr><td><b>Closed</b></td><td>2019-03-31</td></tr><tr><td><b>Mast height (m)</b></td><td>100</td></tr><tr><td><b>Elevation (m)</b></td><td>91</td></tr><tr><td><b>Mean wind speed (m/s)</b></td><td>5.69</td></tr><tr><td><b>Wind power density (W/m2)</b></td><td>177.64</td></tr><tr><td><b>Project type</b></td><td>'*' (legend not given)</td></tr><tr><td><b>PDF page</b></td><td>2</td></tr></table>]]></description><TimeSpan><begin>2017-02-07</begin><end>2019-03-31</end></TimeSpan><styleUrl>#Closed</styleUrl><Point><coordinates>78.738614,10.971414,0</coordinates></Point></Placemark><Placemark><name>DALMIA(MUPPANDAL)</name><description><![CDATA[<table><tr><td><b>Station</b></td><td>DALMIA(MUPPANDAL)</td></tr><tr><td><b>District</b></td><td>KANYAKUMARI</td></tr><tr><td><b>Status</b></td><td>Closed</td></tr><tr><td><b>Source</b></td><td>Mast</td></tr><tr><td><b>Commenced</b></td><td>2017-11-01</td></tr><tr><td><b>Closed</b></td><td>2022-07-31</td></tr><tr><td><b>Mast height (m)</b></td><td>50</td></tr><tr><td><b>Elevation (m)</b></td><td>121</td></tr><tr><td><b>Mean wind speed (m/s)</b></td><td>7.31</td></tr><tr><td><b>Wind power density (W/m2)</b></td><td>365.7</td></tr><tr><td><b>PDF page</b></td><td>2</td></tr></table>]]></description><TimeSpan><begin>2017-11-01</begin><end>2022-07-31</end></TimeSpan><styleUrl>#Closed</styleUrl><Point><coordinates>77.536367,8.260553,0</coordinates></Point></Placemark><Placemark><name>KAVALKINARU (ABAN 1)</name><description><![CDATA[<table><tr><td><b>Station</b></td><td>KAVALKINARU (ABAN 1)</td></tr><tr><td><b>District</b></td><td>TIRUNELVELI</td></tr><tr><td><b>Status</b></td><td>Closed</td></tr><tr><td><b>Source</b></td><td>Mast</td></tr><tr><td><b>Commenced</b></td><td>2018-01-20</td></tr><tr><td><b>Closed</b></td><td>2022-07-31</td></tr><tr><td><b>Mast height (m)</b></td><td>100</td></tr><tr><td><b>Elevation (m)</b></td><td>72</td></tr><tr><td><b>PDF page</b></td><td>2</td></tr></table>]]></description><TimeSpan><begin>2018-01-20</begin><end>2022-07-31</end></TimeSpan><styleUrl>#Closed</styleUrl><Point><coordinates>77.595342,8.285664,0</coordinates></Point></Placemark><Placemark><name>VEERANAM</name><description><![CDATA[<table><tr><td><b>Station</b></td><td>VEERANAM</td></tr><tr><td><b>District</b></td><td>TIRUNELVELI</td></tr><tr><td><b>Status</b></td><td>Closed</td></tr><tr><td><b>Source</b></td><td>Mast</td></tr><tr><td><b>Commenced</b></td><td>2018-01-24</td></tr><tr><td><b>Closed</b></td><td>2022-07-31</td></tr><tr><td><b>Mast height (m)</b></td><td>100</td></tr><tr><td><b>Elevation (m)</b></td><td>122</td></tr><tr><td><b>Mean wind speed (m/s)</b></td><td>6.49</td></tr><tr><td><b>Wind power density (W/m2)</b></td><td>365.1</td></tr><tr><td><b>PDF page</b></td><td>2</td></tr></table>]]></description><TimeSpan><begin>2018-01-24</begin><end>2022-07-31</end></TimeSpan><styleUrl>#Closed</styleUrl><Point><coordinates>77.481692,8.947,0</coordinates></Point></Placemark><Placemark><name>RADHAPURAM (ABAN 2)</name><description><![CDATA[<table><tr><td><b>Station</b></td><td>RADHAPURAM (ABAN 2)</td></tr><tr><td><b>District</b></td><td>TIRUNELVELI</td></tr><tr><td><b>Status</b></td><td>Closed</td></tr><tr><td><b>Source</b></td><td>Mast</td></tr><tr><td><b>Commenced</b></td><td>2018-01-22</td></tr><tr><td><b>Closed</b></td><td>2022-07-31</td></tr><tr><td><b>Mast height (m)</b></td><td>100</td></tr><tr><td><b>Elevation (m)</b></td><td>49</td></tr><tr><td><b>PDF page</b></td><td>2</td></tr></table>]]></description><TimeSpan><begin>2018-01-22</begin><end>2022-07-31</end></TimeSpan><styleUrl>#Closed</styleUrl><Point><coordinates>77.669708,8.253083,0</coordinates></Point></Placemark><Placemark><name>UTHUMALAI</name><description><![CDATA[<table><tr><td><b>Station</b></td><td>UTHUMALAI</td></tr><tr><td><b>District</b></td><td>TIRUNELVELI</td></tr><tr><td><b>Status</b></td><td>Closed</td></tr><tr><td><b>Source</b></td><td>Mast</td></tr><tr><td><b>Commenced</b></td><td>2021-03-17</td></tr><tr><td><b>Closed</b></td><td>2023-07-08</td></tr><tr><td><b>Mast height (m)</b></td><td>100</td></tr><tr><td><b>Elevation (m)</b></td><td>122</td></tr><tr><td><b>Mean wind speed (m/s)</b></td><td>4.88</td></tr><tr><td><b>Wind power density (W/m2)</b></td><td>186.98</td></tr><tr><td><b>PDF page</b></td><td>2</td></tr></table>]]></description><TimeSpan><begin>2021-03-17</begin><end>2023-07-08</end></TimeSpan><styleUrl>#Closed</styleUrl><Point><coordinates>77.520281,8.997522,0</coordinates></Point></Placemark><Placemark><name>DOMBUCHERY</name><description><![CDATA[<table><tr><td><b>Station</b></td><td>DOMBUCHERY</td></tr><tr><td><b>District</b></td><td>THENI</td></tr><tr><td><b>Status</b></td><td>Closed</td></tr><tr><td><b>Source</b></td><td>Mast</td></tr><tr><td><b>Commenced</b></td><td>2021-03-18</td></tr><tr><td><b>Closed</b></td><td>2023-07-06</td></tr><tr><td><b>Mast height (m)</b></td><td>100</td></tr><tr><td><b>Elevation (m)</b></td><td>327</td></tr><tr><td><b>Mean wind speed (m/s)</b></td><td>6.48</td></tr><tr><td><b>Wind power density (W/m2)</b></td><td>354.63</td></tr><tr><td><b>PDF page</b></td><td>2</td></tr></table>]]></description><TimeSpan><begin>2021-03-18</begin><end>2023-07-06</end></TimeSpan><styleUrl>#Closed</styleUrl><Point><coordinates>77.385003,9.961392,0</coordinates></Point></Placemark><Placemark><name>MAVATHUR</name><description><![CDATA[<table><tr><td><b>Station</b></td><td>MAVATHUR</td></tr><tr><td><b>District</b></td><td>KARUR</td></tr><tr><td><b>Status</b></td><td>Closed</td></tr><tr><td><b>Source</b></td><td>Mast</td></tr><tr><td><b>Commenced</b></td><td>2021-03-19</td></tr><tr><td><b>Closed</b></td><td>2023-07-04</td></tr><tr><td><b>Mast height (m)</b></td><td>100</td></tr><tr><td><b>Elevation (m)</b></td><td>198</td></tr><tr><td><b>Mean wind speed (m/s)</b></td><td>5.4</td></tr><tr><td><b>Wind power density (W/m2)</b></td><td>177.42</td></tr><tr><td><b>PDF page</b></td><td>2</td></tr></table>]]></description><TimeSpan><begin>2021-03-19</begin><end>2023-07-04</end></TimeSpan><styleUrl>#Closed</styleUrl><Point><coordinates>78.247514,10.683067,0</coordinates></Point></Placemark><Placemark><name>POLLACHI</name><description><![CDATA[<table><tr><td><b>Station</b></td><td>POLLACHI</td></tr><tr><td><b>District</b></td><td>COIMBATORE</td></tr><tr><td><b>Status</b></td><td>Closed</td></tr><tr><td><b>Source</b></td><td>Mast</td></tr><tr><td><b>Commenced</b></td><td>2021-03-20</td></tr><tr><td><b>Closed</b></td><td>2023-07-04</td></tr><tr><td><b>Mast height (m)</b></td><td>100</td></tr><tr><td><b>Elevation (m)</b></td><td>379</td></tr><tr><td><b>Mean wind speed (m/s)</b></td><td>7.1</td></tr><tr><td><b>Wind power density (W/m2)</b></td><td>301.15</td></tr><tr><td><b>PDF page</b></td><td>2</td></tr></table>]]></description><TimeSpan><begin>2021-03-20</begin><end>2023-07-04</end></TimeSpan><styleUrl>#Closed</styleUrl><Point><coordinates>77.120578,10.676119,0</coordinates></Point></Placemark></Folder><Folder><name>TELANGANA (25)</name><Placemark><name>KOTRATHANDA</name><description><![CDATA[<table><tr><td><b>Station</b></td><td>KOTRATHANDA</td></tr><tr><td><b>District</b></td><td>MAHBUBNAGAR</td></tr><tr><td><b>Status</b></td><td>Closed</td></tr><tr><td><b>Source</b></td><td>Mast</td></tr><tr><td><b>Commenced</b></td><td>1994-11-15</td></tr><tr><td><b>Closed</b></td><td>1997-05-26</td></tr><tr><td><b>Mast height (m)</b></td><td>25</td></tr><tr><td><b>Elevation (m)</b></td><td>550</td></tr><tr><td><b>Mean wind speed (m/s)</b></td><td>4.81</td></tr><tr><td><b>Wind power density (W/m2)</b></td><td>111.2</td></tr><tr><td><b>Project type</b></td><td>SNA project</td></tr><tr><td><b>PDF page</b></td><td>6</td></tr></table>]]></description><TimeSpan><begin>1994-11-15</begin><end>1997-05-26</end></TimeSpan><styleUrl>#Closed</styleUrl><Point><coordinates>78.518611,16.708333,0</coordinates></Point></Placemark><Placemark><name>KOTTURU</name><description><![CDATA[<table><tr><td><b>Station</b></td><td>KOTTURU</td></tr><tr><td><b>District</b></td><td>MEDAK</td></tr><tr><td><b>Status</b></td><td>Closed</td></tr><tr><td><b>Source</b></td><td>Mast</td></tr><tr><td><b>Commenced</b></td><td>1994-11-13</td></tr><tr><td><b>Closed</b></td><td>1997-05-28</td></tr><tr><td><b>Mast height (m)</b></td><td>25</td></tr><tr><td><b>Elevation (m)</b></td><td>664</td></tr><tr><td><b>Mean wind speed (m/s)</b></td><td>5.36</td></tr><tr><td><b>Wind power density (W/m2)</b></td><td>137.2</td></tr><tr><td><b>Project type</b></td><td>SNA project</td></tr><tr><td><b>PDF page</b></td><td>6</td></tr></table>]]></description><TimeSpan><begin>1994-11-13</begin><end>1997-05-28</end></TimeSpan><styleUrl>#Closed</styleUrl><Point><coordinates>77.771689,17.645739,0</coordinates></Point></Placemark><Placemark><name>MOTLAMPALLI</name><description><![CDATA[<table><tr><td><b>Station</b></td><td>MOTLAMPALLI</td></tr><tr><td><b>District</b></td><td>MAHBUBNAGAR</td></tr><tr><td><b>Status</b></td><td>Closed</td></tr><tr><td><b>Source</b></td><td>Mast</td></tr><tr><td><b>Commenced</b></td><td>1994-11-16</td></tr><tr><td><b>Closed</b></td><td>1997-05-26</td></tr><tr><td><b>Mast height (m)</b></td><td>25</td></tr><tr><td><b>Elevation (m)</b></td><td>348</td></tr><tr><td><b>Mean wind speed (m/s)</b></td><td>4.65</td></tr><tr><td><b>Wind power density (W/m2)</b></td><td>133.2</td></tr><tr><td><b>Project type</b></td><td>SNA project</td></tr><tr><td><b>PDF page</b></td><td>6</td></tr></table>]]></description><TimeSpan><begin>1994-11-16</begin><end>1997-05-26</end></TimeSpan><styleUrl>#Closed</styleUrl><Point><coordinates>77.833389,16.302222,0</coordinates></Point></Placemark><Placemark><name>NAZEERABAD</name><description><![CDATA[<table><tr><td><b>Station</b></td><td>NAZEERABAD</td></tr><tr><td><b>District</b></td><td>RANGAREDDY</td></tr><tr><td><b>Status</b></td><td>Closed</td></tr><tr><td><b>Source</b></td><td>Mast</td></tr><tr><td><b>Commenced</b></td><td>1994-11-10</td></tr><tr><td><b>Closed</b></td><td>1997-05-29</td></tr><tr><td><b>Mast height (m)</b></td><td>25</td></tr><tr><td><b>Elevation (m)</b></td><td>663</td></tr><tr><td><b>Mean wind speed (m/s)</b></td><td>5.83</td></tr><tr><td><b>Wind power density (W/m2)</b></td><td>176</td></tr><tr><td><b>Project type</b></td><td>SNA project</td></tr><tr><td><b>PDF page</b></td><td>6</td></tr></table>]]></description><TimeSpan><begin>1994-11-10</begin><end>1997-05-29</end></TimeSpan><styleUrl>#Closed</styleUrl><Point><coordinates>77.915267,17.184158,0</coordinates></Point></Placemark><Placemark><name>TADWAI</name><description><![CDATA[<table><tr><td><b>Station</b></td><td>TADWAI</td></tr><tr><td><b>District</b></td><td>NIZAMABAD</td></tr><tr><td><b>Status</b></td><td>Closed</td></tr><tr><td><b>Source</b></td><td>Mast</td></tr><tr><td><b>Commenced</b></td><td>1994-11-12</td></tr><tr><td><b>Closed</b></td><td>1997-05-27</td></tr><tr><td><b>Mast height (m)</b></td><td>25</td></tr><tr><td><b>Elevation (m)</b></td><td>612</td></tr><tr><td><b>Mean wind speed (m/s)</b></td><td>4.64</td></tr><tr><td><b>Wind power density (W/m2)</b></td><td>100.7</td></tr><tr><td><b>Project type</b></td><td>SNA project</td></tr><tr><td><b>PDF page</b></td><td>6</td></tr></table>]]></description><TimeSpan><begin>1994-11-12</begin><end>1997-05-27</end></TimeSpan><styleUrl>#Closed</styleUrl><Point><coordinates>78.257778,18.316389,0</coordinates></Point></Placemark><Placemark><name>SANGHI NAGAR</name><description><![CDATA[<table><tr><td><b>Station</b></td><td>SANGHI NAGAR</td></tr><tr><td><b>District</b></td><td>RANGAREDDY</td></tr><tr><td><b>Status</b></td><td>Closed</td></tr><tr><td><b>Source</b></td><td>Mast</td></tr><tr><td><b>Commenced</b></td><td>2006-08-07</td></tr><tr><td><b>Closed</b></td><td>2009-03-31</td></tr><tr><td><b>Mast height (m)</b></td><td>50</td></tr><tr><td><b>Elevation (m)</b></td><td>515</td></tr><tr><td><b>Mean wind speed (m/s)</b></td><td>5.53</td></tr><tr><td><b>Wind power density (W/m2)</b></td><td>154</td></tr><tr><td><b>PDF page</b></td><td>6</td></tr></table>]]></description><TimeSpan><begin>2006-08-07</begin><end>2009-03-31</end></TimeSpan><styleUrl>#Closed</styleUrl><Point><coordinates>78.674831,17.253381,0</coordinates></Point></Placemark><Placemark><name>CHOWDARAPALI</name><description><![CDATA[<table><tr><td><b>Station</b></td><td>CHOWDARAPALI</td></tr><tr><td><b>District</b></td><td>MEDAK</td></tr><tr><td><b>Status</b></td><td>Closed</td></tr><tr><td><b>Source</b></td><td>Mast</td></tr><tr><td><b>Commenced</b></td><td>2007-09-22</td></tr><tr><td><b>Closed</b></td><td>2009-10-30</td></tr><tr><td><b>Mast height (m)</b></td><td>50</td></tr><tr><td><b>Elevation (m)</b></td><td>510</td></tr><tr><td><b>Mean wind speed (m/s)</b></td><td>4.91</td></tr><tr><td><b>Wind power density (W/m2)</b></td><td>100.62</td></tr><tr><td><b>PDF page</b></td><td>6</td></tr></table>]]></description><TimeSpan><begin>2007-09-22</begin><end>2009-10-30</end></TimeSpan><styleUrl>#Closed</styleUrl><Point><coordinates>78.616667,18.159722,0</coordinates></Point></Placemark><Placemark><name>CHINNAKOLUMULAPALLI</name><description><![CDATA[<table><tr><td><b>Station</b></td><td>CHINNAKOLUMULAPALLI</td></tr><tr><td><b>District</b></td><td>KURNOOL</td></tr><tr><td><b>Status</b></td><td>Closed</td></tr><tr><td><b>Source</b></td><td>Mast</td></tr><tr><td><b>Commenced</b></td><td>2011-08-27</td></tr><tr><td><b>Closed</b></td><td>2014-09-18</td></tr><tr><td><b>Mast height (m)</b></td><td>80</td></tr><tr><td><b>Elevation (m)</b></td><td>570</td></tr><tr><td><b>Mean wind speed (m/s)</b></td><td>7.23</td></tr><tr><td><b>Wind power density (W/m2)</b></td><td>296.15</td></tr><tr><td><b>PDF page</b></td><td>6</td></tr></table>]]></description><TimeSpan><begin>2011-08-27</begin><end>2014-09-18</end></TimeSpan><styleUrl>#Closed</styleUrl><Point><coordinates>78.024083,15.460861,0</coordinates></Point></Placemark><Placemark><name>OTTUGUNTLA</name><description><![CDATA[<table><tr><td><b>Station</b></td><td>OTTUGUNTLA</td></tr><tr><td><b>District</b></td><td>MAHBUBNAGAR</td></tr><tr><td><b>Status</b></td><td>Closed</td></tr><tr><td><b>Source</b></td><td>Mast</td></tr><tr><td><b>Commenced</b></td><td>2011-09-02</td></tr><tr><td><b>Closed</b></td><td>2014-09-18</td></tr><tr><td><b>Mast height (m)</b></td><td>80</td></tr><tr><td><b>Elevation (m)</b></td><td>606</td></tr><tr><td><b>Mean wind speed (m/s)</b></td><td>5.92</td></tr><tr><td><b>Wind power density (W/m2)</b></td><td>169.62</td></tr><tr><td><b>PDF page</b></td><td>6</td></tr></table>]]></description><TimeSpan><begin>2011-09-02</begin><end>2014-09-18</end></TimeSpan><styleUrl>#Closed</styleUrl><Point><coordinates>77.541722,16.814222,0</coordinates></Point></Placemark><Placemark><name>BANDAMEEDAPALLI</name><description><![CDATA[<table><tr><td><b>Station</b></td><td>BANDAMEEDAPALLI</td></tr><tr><td><b>District</b></td><td>RANGAREDDY</td></tr><tr><td><b>Status</b></td><td>Closed</td></tr><tr><td><b>Source</b></td><td>Mast</td></tr><tr><td><b>Commenced</b></td><td>2011-09-04</td></tr><tr><td><b>Closed</b></td><td>2014-09-18</td></tr><tr><td><b>Mast height (m)</b></td><td>80</td></tr><tr><td><b>Elevation (m)</b></td><td>657</td></tr><tr><td><b>Mean wind speed (m/s)</b></td><td>6.09</td></tr><tr><td><b>Wind power density (W/m2)</b></td><td>174.83</td></tr><tr><td><b>PDF page</b></td><td>6</td></tr></table>]]></description><TimeSpan><begin>2011-09-04</begin><end>2014-09-18</end></TimeSpan><styleUrl>#Closed</styleUrl><Point><coordinates>77.645389,17.450833,0</coordinates></Point></Placemark><Placemark><name>MANGITHANDA</name><description><![CDATA[<table><tr><td><b>Station</b></td><td>MANGITHANDA</td></tr><tr><td><b>District</b></td><td>MEDAK</td></tr><tr><td><b>Status</b></td><td>Closed</td></tr><tr><td><b>Source</b></td><td>Mast</td></tr><tr><td><b>Commenced</b></td><td>2011-09-06</td></tr><tr><td><b>Closed</b></td><td>2014-09-18</td></tr><tr><td><b>Mast height (m)</b></td><td>80</td></tr><tr><td><b>Elevation (m)</b></td><td>650</td></tr><tr><td><b>Mean wind speed (m/s)</b></td><td>6.68</td></tr><tr><td><b>Wind power density (W/m2)</b></td><td>230.6</td></tr><tr><td><b>PDF page</b></td><td>6</td></tr></table>]]></description><TimeSpan><begin>2011-09-06</begin><end>2014-09-18</end></TimeSpan><styleUrl>#Closed</styleUrl><Point><coordinates>77.666417,17.799083,0</coordinates></Point></Placemark><Placemark><name>GOPIYANYKTHANDA</name><description><![CDATA[<table><tr><td><b>Station</b></td><td>GOPIYANYKTHANDA</td></tr><tr><td><b>District</b></td><td>MEDAK</td></tr><tr><td><b>Status</b></td><td>Closed</td></tr><tr><td><b>Source</b></td><td>Mast</td></tr><tr><td><b>Commenced</b></td><td>2011-09-08</td></tr><tr><td><b>Closed</b></td><td>2014-09-18</td></tr><tr><td><b>Mast height (m)</b></td><td>80</td></tr><tr><td><b>Elevation (m)</b></td><td>595</td></tr><tr><td><b>Mean wind speed (m/s)</b></td><td>6.37</td></tr><tr><td><b>Wind power density (W/m2)</b></td><td>213.5</td></tr><tr><td><b>PDF page</b></td><td>6</td></tr></table>]]></description><TimeSpan><begin>2011-09-08</begin><end>2014-09-18</end></TimeSpan><styleUrl>#Closed</styleUrl><Point><coordinates>77.666056,18.055806,0</coordinates></Point></Placemark><Placemark><name>SAMUDRATHANDA</name><description><![CDATA[<table><tr><td><b>Station</b></td><td>SAMUDRATHANDA</td></tr><tr><td><b>District</b></td><td>NIZAMABAD</td></tr><tr><td><b>Status</b></td><td>Closed</td></tr><tr><td><b>Source</b></td><td>Mast</td></tr><tr><td><b>Commenced</b></td><td>2011-10-20</td></tr><tr><td><b>Closed</b></td><td>2014-09-18</td></tr><tr><td><b>Mast height (m)</b></td><td>80</td></tr><tr><td><b>Elevation (m)</b></td><td>549</td></tr><tr><td><b>Mean wind speed (m/s)</b></td><td>5.86</td></tr><tr><td><b>Wind power density (W/m2)</b></td><td>173.1</td></tr><tr><td><b>PDF page</b></td><td>6</td></tr></table>]]></description><TimeSpan><begin>2011-10-20</begin><end>2014-09-18</end></TimeSpan><styleUrl>#Closed</styleUrl><Point><coordinates>77.700417,18.276722,0</coordinates></Point></Placemark><Placemark><name>PATHA ANANTHAPUR</name><description><![CDATA[<table><tr><td><b>Station</b></td><td>PATHA ANANTHAPUR</td></tr><tr><td><b>District</b></td><td>ADILABAD</td></tr><tr><td><b>Status</b></td><td>Closed</td></tr><tr><td><b>Source</b></td><td>Mast</td></tr><tr><td><b>Commenced</b></td><td>2011-10-22</td></tr><tr><td><b>Closed</b></td><td>2014-09-18</td></tr><tr><td><b>Mast height (m)</b></td><td>80</td></tr><tr><td><b>Elevation (m)</b></td><td>556</td></tr><tr><td><b>Mean wind speed (m/s)</b></td><td>5.54</td></tr><tr><td><b>Wind power density (W/m2)</b></td><td>146.8</td></tr><tr><td><b>PDF page</b></td><td>6</td></tr></table>]]></description><TimeSpan><begin>2011-10-22</begin><end>2014-09-18</end></TimeSpan><styleUrl>#Closed</styleUrl><Point><coordinates>78.442222,19.510667,0</coordinates></Point></Placemark><Placemark><name>KOMPALLI</name><description><![CDATA[<table><tr><td><b>Station</b></td><td>KOMPALLI</td></tr><tr><td><b>District</b></td><td>RANGAREDDY</td></tr><tr><td><b>Status</b></td><td>Closed</td></tr><tr><td><b>Source</b></td><td>Mast</td></tr><tr><td><b>Commenced</b></td><td>2013-07-21</td></tr><tr><td><b>Closed</b></td><td>2016-08-29</td></tr><tr><td><b>Mast height (m)</b></td><td>100</td></tr><tr><td><b>Elevation (m)</b></td><td>682</td></tr><tr><td><b>Mean wind speed (m/s)</b></td><td>6.69</td></tr><tr><td><b>Wind power density (W/m2)</b></td><td>239.11</td></tr><tr><td><b>PDF page</b></td><td>6</td></tr></table>]]></description><TimeSpan><begin>2013-07-21</begin><end>2016-08-29</end></TimeSpan><styleUrl>#Closed</styleUrl><Point><coordinates>77.871306,17.374194,0</coordinates></Point></Placemark><Placemark><name>SUNKISALA</name><description><![CDATA[<table><tr><td><b>Station</b></td><td>SUNKISALA</td></tr><tr><td><b>District</b></td><td>NALGONDA</td></tr><tr><td><b>Status</b></td><td>Closed</td></tr><tr><td><b>Source</b></td><td>Mast</td></tr><tr><td><b>Commenced</b></td><td>2013-12-27</td></tr><tr><td><b>Closed</b></td><td>2015-08-02</td></tr><tr><td><b>Mast height (m)</b></td><td>100</td></tr><tr><td><b>Elevation (m)</b></td><td>225</td></tr><tr><td><b>Mean wind speed (m/s)</b></td><td>6.23</td></tr><tr><td><b>Wind power density (W/m2)</b></td><td>268.65</td></tr><tr><td><b>PDF page</b></td><td>6</td></tr></table>]]></description><TimeSpan><begin>2013-12-27</begin><end>2015-08-02</end></TimeSpan><styleUrl>#Closed</styleUrl><Point><coordinates>79.366,16.686194,0</coordinates></Point></Placemark><Placemark><name>LINGAMPALLI</name><description><![CDATA[<table><tr><td><b>Station</b></td><td>LINGAMPALLI</td></tr><tr><td><b>District</b></td><td>WARANGAL</td></tr><tr><td><b>Status</b></td><td>Closed</td></tr><tr><td><b>Source</b></td><td>Mast</td></tr><tr><td><b>Commenced</b></td><td>2013-12-28</td></tr><tr><td><b>Closed</b></td><td>2016-02-18</td></tr><tr><td><b>Mast height (m)</b></td><td>100</td></tr><tr><td><b>Elevation (m)</b></td><td>534</td></tr><tr><td><b>Mean wind speed (m/s)</b></td><td>6.13</td></tr><tr><td><b>Wind power density (W/m2)</b></td><td>208.39</td></tr><tr><td><b>PDF page</b></td><td>6</td></tr></table>]]></description><TimeSpan><begin>2013-12-28</begin><end>2016-02-18</end></TimeSpan><styleUrl>#Closed</styleUrl><Point><coordinates>78.921528,17.803028,0</coordinates></Point></Placemark><Placemark><name>CHADMAL</name><description><![CDATA[<table><tr><td><b>Station</b></td><td>CHADMAL</td></tr><tr><td><b>District</b></td><td>NIZAMABAD</td></tr><tr><td><b>Status</b></td><td>Closed</td></tr><tr><td><b>Source</b></td><td>Mast</td></tr><tr><td><b>Commenced</b></td><td>2013-12-30</td></tr><tr><td><b>Closed</b></td><td>2016-02-15</td></tr><tr><td><b>Mast height (m)</b></td><td>100</td></tr><tr><td><b>Elevation (m)</b></td><td>633</td></tr><tr><td><b>Mean wind speed (m/s)</b></td><td>6.54</td></tr><tr><td><b>Wind power density (W/m2)</b></td><td>233.26</td></tr><tr><td><b>PDF page</b></td><td>6</td></tr></table>]]></description><TimeSpan><begin>2013-12-30</begin><end>2016-02-15</end></TimeSpan><styleUrl>#Closed</styleUrl><Point><coordinates>78.077692,18.462442,0</coordinates></Point></Placemark><Placemark><name>MOLALAGUTTA</name><description><![CDATA[<table><tr><td><b>Station</b></td><td>MOLALAGUTTA</td></tr><tr><td><b>District</b></td><td>ADILABAD</td></tr><tr><td><b>Status</b></td><td>Closed</td></tr><tr><td><b>Source</b></td><td>Mast</td></tr><tr><td><b>Commenced</b></td><td>2013-12-31</td></tr><tr><td><b>Closed</b></td><td>2016-02-14</td></tr><tr><td><b>Mast height (m)</b></td><td>100</td></tr><tr><td><b>Elevation (m)</b></td><td>537</td></tr><tr><td><b>Mean wind speed (m/s)</b></td><td>5.57</td></tr><tr><td><b>Wind power density (W/m2)</b></td><td>162.3</td></tr><tr><td><b>PDF page</b></td><td>6</td></tr></table>]]></description><TimeSpan><begin>2013-12-31</begin><end>2016-02-14</end></TimeSpan><styleUrl>#Closed</styleUrl><Point><coordinates>78.677889,19.593833,0</coordinates></Point></Placemark><Placemark><name>THARIGOPULA</name><description><![CDATA[<table><tr><td><b>Station</b></td><td>THARIGOPULA</td></tr><tr><td><b>District</b></td><td>JANGAON</td></tr><tr><td><b>Status</b></td><td>Closed</td></tr><tr><td><b>Source</b></td><td>Mast</td></tr><tr><td><b>Commenced</b></td><td>2017-12-20</td></tr><tr><td><b>Closed</b></td><td>2019-12-31</td></tr><tr><td><b>Mast height (m)</b></td><td>100</td></tr><tr><td><b>Elevation (m)</b></td><td>435</td></tr><tr><td><b>Mean wind speed (m/s)</b></td><td>5.68</td></tr><tr><td><b>Wind power density (W/m2)</b></td><td>168.36</td></tr><tr><td><b>PDF page</b></td><td>6</td></tr></table>]]></description><TimeSpan><begin>2017-12-20</begin><end>2019-12-31</end></TimeSpan><styleUrl>#Closed</styleUrl><Point><coordinates>79.176575,17.956831,0</coordinates></Point></Placemark><Placemark><name>KUNCHAMARTHY</name><description><![CDATA[<table><tr><td><b>Station</b></td><td>KUNCHAMARTHY</td></tr><tr><td><b>District</b></td><td>SURYAPET</td></tr><tr><td><b>Status</b></td><td>Closed</td></tr><tr><td><b>Source</b></td><td>Mast</td></tr><tr><td><b>Commenced</b></td><td>2018-03-09</td></tr><tr><td><b>Closed</b></td><td>2019-12-31</td></tr><tr><td><b>Mast height (m)</b></td><td>100</td></tr><tr><td><b>Elevation (m)</b></td><td>219</td></tr><tr><td><b>Mean wind speed (m/s)</b></td><td>4.9</td></tr><tr><td><b>Wind power density (W/m2)</b></td><td>124.05</td></tr><tr><td><b>PDF page</b></td><td>6</td></tr></table>]]></description><TimeSpan><begin>2018-03-09</begin><end>2019-12-31</end></TimeSpan><styleUrl>#Closed</styleUrl><Point><coordinates>79.533789,17.295083,0</coordinates></Point></Placemark><Placemark><name>MANCHALAKATTA</name><description><![CDATA[<table><tr><td><b>Station</b></td><td>MANCHALAKATTA</td></tr><tr><td><b>District</b></td><td>MAHABUBNAGAR</td></tr><tr><td><b>Status</b></td><td>Closed</td></tr><tr><td><b>Source</b></td><td>Mast</td></tr><tr><td><b>Commenced</b></td><td>2018-03-12</td></tr><tr><td><b>Closed</b></td><td>2019-12-31</td></tr><tr><td><b>Mast height (m)</b></td><td>100</td></tr><tr><td><b>Elevation (m)</b></td><td>288</td></tr><tr><td><b>Mean wind speed (m/s)</b></td><td>5.47</td></tr><tr><td><b>Wind power density (W/m2)</b></td><td>172.47</td></tr><tr><td><b>PDF page</b></td><td>6</td></tr></table>]]></description><TimeSpan><begin>2018-03-12</begin><end>2019-12-31</end></TimeSpan><styleUrl>#Closed</styleUrl><Point><coordinates>78.258642,16.038953,0</coordinates></Point></Placemark><Placemark><name>TURKADINNE</name><description><![CDATA[<table><tr><td><b>Station</b></td><td>TURKADINNE</td></tr><tr><td><b>District</b></td><td>MAHABUBNAGAR</td></tr><tr><td><b>Status</b></td><td>Closed</td></tr><tr><td><b>Source</b></td><td>Mast</td></tr><tr><td><b>Commenced</b></td><td>2018-03-14</td></tr><tr><td><b>Closed</b></td><td>2019-12-31</td></tr><tr><td><b>Mast height (m)</b></td><td>100</td></tr><tr><td><b>Elevation (m)</b></td><td>412</td></tr><tr><td><b>Mean wind speed (m/s)</b></td><td>5.26</td></tr><tr><td><b>Wind power density (W/m2)</b></td><td>139.88</td></tr><tr><td><b>PDF page</b></td><td>6</td></tr></table>]]></description><TimeSpan><begin>2018-03-14</begin><end>2019-12-31</end></TimeSpan><styleUrl>#Closed</styleUrl><Point><coordinates>78.221892,16.294839,0</coordinates></Point></Placemark><Placemark><name>KANDANELLY</name><description><![CDATA[<table><tr><td><b>Station</b></td><td>KANDANELLY</td></tr><tr><td><b>District</b></td><td>RANGAREDDY</td></tr><tr><td><b>Status</b></td><td>Closed</td></tr><tr><td><b>Source</b></td><td>Mast</td></tr><tr><td><b>Commenced</b></td><td>2018-11-02</td></tr><tr><td><b>Closed</b></td><td>2020-05-20</td></tr><tr><td><b>Mast height (m)</b></td><td>100</td></tr><tr><td><b>Elevation (m)</b></td><td>517</td></tr><tr><td><b>Mean wind speed (m/s)</b></td><td>5.54</td></tr><tr><td><b>Wind power density (W/m2)</b></td><td>152.78</td></tr><tr><td><b>PDF page</b></td><td>6</td></tr></table>]]></description><TimeSpan><begin>2018-11-02</begin><end>2020-05-20</end></TimeSpan><styleUrl>#Closed</styleUrl><Point><coordinates>77.627531,17.274858,0</coordinates></Point></Placemark><Placemark><name>DONAKAL</name><description><![CDATA[<table><tr><td><b>Station</b></td><td>DONAKAL</td></tr><tr><td><b>District</b></td><td>NALGONDA</td></tr><tr><td><b>Status</b></td><td>Closed</td></tr><tr><td><b>Source</b></td><td>Mast</td></tr><tr><td><b>Commenced</b></td><td>2021-03-17</td></tr><tr><td><b>Closed</b></td><td>2023-07-07</td></tr><tr><td><b>Mast height (m)</b></td><td>100</td></tr><tr><td><b>Elevation (m)</b></td><td>243</td></tr><tr><td><b>Mean wind speed (m/s)</b></td><td>4.83</td></tr><tr><td><b>Wind power density (W/m2)</b></td><td>106.55</td></tr><tr><td><b>PDF page</b></td><td>6</td></tr></table>]]></description><TimeSpan><begin>2021-03-17</begin><end>2023-07-07</end></TimeSpan><styleUrl>#Closed</styleUrl><Point><coordinates>79.186367,17.051497,0</coordinates></Point></Placemark></Folder><Folder><name>TRIPURA (17)</name><Placemark><name>PHULDANGSAI</name><description><![CDATA[<table><tr><td><b>Station</b></td><td>PHULDANGSAI</td></tr><tr><td><b>District</b></td><td>NORTH TRIPURA</td></tr><tr><td><b>Status</b></td><td>Closed</td></tr><tr><td><b>Source</b></td><td>Mast</td></tr><tr><td><b>Commenced</b></td><td>2005-01-28</td></tr><tr><td><b>Closed</b></td><td>2007-01-21</td></tr><tr><td><b>Mast height (m)</b></td><td>25</td></tr><tr><td><b>Elevation (m)</b></td><td>862</td></tr><tr><td><b>Mean wind speed (m/s)</b></td><td>3.8</td></tr><tr><td><b>Wind power density (W/m2)</b></td><td>70.38</td></tr><tr><td><b>PDF page</b></td><td>12</td></tr></table>]]></description><TimeSpan><begin>2005-01-28</begin><end>2007-01-21</end></TimeSpan><styleUrl>#Closed</styleUrl><Point><coordinates>92.26075,23.822111,0</coordinates></Point></Placemark><Placemark><name>TLANGSANG</name><description><![CDATA[<table><tr><td><b>Station</b></td><td>TLANGSANG</td></tr><tr><td><b>District</b></td><td>NORTH TRIPURA</td></tr><tr><td><b>Status</b></td><td>Closed</td></tr><tr><td><b>Source</b></td><td>Mast</td></tr><tr><td><b>Commenced</b></td><td>2005-01-29</td></tr><tr><td><b>Closed</b></td><td>2007-01-21</td></tr><tr><td><b>Mast height (m)</b></td><td>25</td></tr><tr><td><b>Elevation (m)</b></td><td>755</td></tr><tr><td><b>Mean wind speed (m/s)</b></td><td>3.9</td></tr><tr><td><b>Wind power density (W/m2)</b></td><td>74</td></tr><tr><td><b>PDF page</b></td><td>12</td></tr></table>]]></description><TimeSpan><begin>2005-01-29</begin><end>2007-01-21</end></TimeSpan><styleUrl>#Closed</styleUrl><Point><coordinates>92.2715,23.907972,0</coordinates></Point></Placemark><Placemark><name>VANGHMUN</name><description><![CDATA[<table><tr><td><b>Station</b></td><td>VANGHMUN</td></tr><tr><td><b>District</b></td><td>NORTH TRIPURA</td></tr><tr><td><b>Status</b></td><td>Closed</td></tr><tr><td><b>Source</b></td><td>Mast</td></tr><tr><td><b>Commenced</b></td><td>2005-01-30</td></tr><tr><td><b>Closed</b></td><td>2007-01-21</td></tr><tr><td><b>Mast height (m)</b></td><td>25</td></tr><tr><td><b>Elevation (m)</b></td><td>680</td></tr><tr><td><b>Mean wind speed (m/s)</b></td><td>3.5</td></tr><tr><td><b>Wind power density (W/m2)</b></td><td>56</td></tr><tr><td><b>PDF page</b></td><td>12</td></tr></table>]]></description><TimeSpan><begin>2005-01-30</begin><end>2007-01-21</end></TimeSpan><styleUrl>#Closed</styleUrl><Point><coordinates>92.277778,23.988889,0</coordinates></Point></Placemark><Placemark><name>KALACHERA</name><description><![CDATA[<table><tr><td><b>Station</b></td><td>KALACHERA</td></tr><tr><td><b>District</b></td><td>SOUTH TRIPURA</td></tr><tr><td><b>Status</b></td><td>Closed</td></tr><tr><td><b>Source</b></td><td>Mast</td></tr><tr><td><b>Commenced</b></td><td>2008-09-01</td></tr><tr><td><b>Closed</b></td><td>2010-09-30</td></tr><tr><td><b>Mast height (m)</b></td><td>50</td></tr><tr><td><b>Elevation (m)</b></td><td>51</td></tr><tr><td><b>Mean wind speed (m/s)</b></td><td>2.85</td></tr><tr><td><b>Wind power density (W/m2)</b></td><td>30</td></tr><tr><td><b>PDF page</b></td><td>12</td></tr></table>]]></description><TimeSpan><begin>2008-09-01</begin><end>2010-09-30</end></TimeSpan><styleUrl>#Closed</styleUrl><Point><coordinates>91.629722,23.118611,0</coordinates></Point></Placemark><Placemark><name>BARJOLA</name><description><![CDATA[<table><tr><td><b>Station</b></td><td>BARJOLA</td></tr><tr><td><b>District</b></td><td>WEST TRIPURA</td></tr><tr><td><b>Status</b></td><td>Closed</td></tr><tr><td><b>Source</b></td><td>Mast</td></tr><tr><td><b>Commenced</b></td><td>2009-03-30</td></tr><tr><td><b>Closed</b></td><td>2011-06-30</td></tr><tr><td><b>Mast height (m)</b></td><td>50</td></tr><tr><td><b>Elevation (m)</b></td><td>44</td></tr><tr><td><b>Mean wind speed (m/s)</b></td><td>3.16</td></tr><tr><td><b>Wind power density (W/m2)</b></td><td>39.78</td></tr><tr><td><b>PDF page</b></td><td>12</td></tr></table>]]></description><TimeSpan><begin>2009-03-30</begin><end>2011-06-30</end></TimeSpan><styleUrl>#Closed</styleUrl><Point><coordinates>91.424528,23.8405,0</coordinates></Point></Placemark><Placemark><name>UDAIPUR</name><description><![CDATA[<table><tr><td><b>Station</b></td><td>UDAIPUR</td></tr><tr><td><b>District</b></td><td>SOUTH TRIPURA</td></tr><tr><td><b>Status</b></td><td>Closed</td></tr><tr><td><b>Source</b></td><td>Mast</td></tr><tr><td><b>Commenced</b></td><td>2015-04-14</td></tr><tr><td><b>Closed</b></td><td>2017-07-31</td></tr><tr><td><b>Mast height (m)</b></td><td>50</td></tr><tr><td><b>Elevation (m)</b></td><td>80</td></tr><tr><td><b>Mean wind speed (m/s)</b></td><td>3.25</td></tr><tr><td><b>Wind power density (W/m2)</b></td><td>39.14</td></tr><tr><td><b>PDF page</b></td><td>12</td></tr></table>]]></description><TimeSpan><begin>2015-04-14</begin><end>2017-07-31</end></TimeSpan><styleUrl>#Closed</styleUrl><Point><coordinates>91.478383,23.642372,0</coordinates></Point></Placemark><Placemark><name>AMBASSA</name><description><![CDATA[<table><tr><td><b>Station</b></td><td>AMBASSA</td></tr><tr><td><b>District</b></td><td>DHALAI</td></tr><tr><td><b>Status</b></td><td>Closed</td></tr><tr><td><b>Source</b></td><td>Mast</td></tr><tr><td><b>Commenced</b></td><td>2015-04-20</td></tr><tr><td><b>Closed</b></td><td>2019-03-28</td></tr><tr><td><b>Mast height (m)</b></td><td>50</td></tr><tr><td><b>Elevation (m)</b></td><td>68</td></tr><tr><td><b>Mean wind speed (m/s)</b></td><td>2.29</td></tr><tr><td><b>Wind power density (W/m2)</b></td><td>15.13</td></tr><tr><td><b>PDF page</b></td><td>12</td></tr></table>]]></description><TimeSpan><begin>2015-04-20</begin><end>2019-03-28</end></TimeSpan><styleUrl>#Closed</styleUrl><Point><coordinates>91.861642,23.929258,0</coordinates></Point></Placemark><Placemark><name>AMARAPUR</name><description><![CDATA[<table><tr><td><b>Station</b></td><td>AMARAPUR</td></tr><tr><td><b>District</b></td><td>GOMATI</td></tr><tr><td><b>Status</b></td><td>Closed</td></tr><tr><td><b>Source</b></td><td>Mast</td></tr><tr><td><b>Commenced</b></td><td>2017-12-05</td></tr><tr><td><b>Closed</b></td><td>2019-12-31</td></tr><tr><td><b>Mast height (m)</b></td><td>50</td></tr><tr><td><b>Elevation (m)</b></td><td>40</td></tr><tr><td><b>Mean wind speed (m/s)</b></td><td>2.47</td></tr><tr><td><b>Wind power density (W/m2)</b></td><td>19.45</td></tr><tr><td><b>PDF page</b></td><td>12</td></tr></table>]]></description><TimeSpan><begin>2017-12-05</begin><end>2019-12-31</end></TimeSpan><styleUrl>#Closed</styleUrl><Point><coordinates>91.647833,23.541639,0</coordinates></Point></Placemark><Placemark><name>KHOWAI</name><description><![CDATA[<table><tr><td><b>Station</b></td><td>KHOWAI</td></tr><tr><td><b>District</b></td><td>WEST TRIPURA</td></tr><tr><td><b>Status</b></td><td>Closed</td></tr><tr><td><b>Source</b></td><td>Mast</td></tr><tr><td><b>Commenced</b></td><td>2017-12-04</td></tr><tr><td><b>Closed</b></td><td>2019-12-31</td></tr><tr><td><b>Mast height (m)</b></td><td>50</td></tr><tr><td><b>Elevation (m)</b></td><td>45</td></tr><tr><td><b>Mean wind speed (m/s)</b></td><td>2.5</td></tr><tr><td><b>Wind power density (W/m2)</b></td><td>18.98</td></tr><tr><td><b>PDF page</b></td><td>12</td></tr></table>]]></description><TimeSpan><begin>2017-12-04</begin><end>2019-12-31</end></TimeSpan><styleUrl>#Closed</styleUrl><Point><coordinates>91.63625,24.026194,0</coordinates></Point></Placemark><Placemark><name>JAMPUJALA</name><description><![CDATA[<table><tr><td><b>Station</b></td><td>JAMPUJALA</td></tr><tr><td><b>District</b></td><td>WEST TRIPURA</td></tr><tr><td><b>Status</b></td><td>Closed</td></tr><tr><td><b>Source</b></td><td>Mast</td></tr><tr><td><b>Commenced</b></td><td>2018-01-28</td></tr><tr><td><b>Closed</b></td><td>2019-11-06</td></tr><tr><td><b>Mast height (m)</b></td><td>50</td></tr><tr><td><b>Elevation (m)</b></td><td>74</td></tr><tr><td><b>Mean wind speed (m/s)</b></td><td>3.43</td></tr><tr><td><b>Wind power density (W/m2)</b></td><td>39.14</td></tr><tr><td><b>PDF page</b></td><td>12</td></tr></table>]]></description><TimeSpan><begin>2018-01-28</begin><end>2019-11-06</end></TimeSpan><styleUrl>#Closed</styleUrl><Point><coordinates>91.4685,23.745972,0</coordinates></Point></Placemark><Placemark><name>SOUTH KENANIYA</name><description><![CDATA[<table><tr><td><b>Station</b></td><td>SOUTH KENANIYA</td></tr><tr><td><b>District</b></td><td>WEST TRIPURA</td></tr><tr><td><b>Status</b></td><td>Closed</td></tr><tr><td><b>Source</b></td><td>Mast</td></tr><tr><td><b>Commenced</b></td><td>2019-08-29</td></tr><tr><td><b>Closed</b></td><td>2020-12-14</td></tr><tr><td><b>Mast height (m)</b></td><td>50</td></tr><tr><td><b>Elevation (m)</b></td><td>28</td></tr><tr><td><b>Mean wind speed (m/s)</b></td><td>3.06</td></tr><tr><td><b>Wind power density (W/m2)</b></td><td>28.59</td></tr><tr><td><b>PDF page</b></td><td>12</td></tr></table>]]></description><TimeSpan><begin>2019-08-29</begin><end>2020-12-14</end></TimeSpan><styleUrl>#Closed</styleUrl><Point><coordinates>91.190417,23.726056,0</coordinates></Point></Placemark><Placemark><name>BIRCHANDRA NAGAR</name><description><![CDATA[<table><tr><td><b>Station</b></td><td>BIRCHANDRA NAGAR</td></tr><tr><td><b>District</b></td><td>SOUTH TRIPURA</td></tr><tr><td><b>Status</b></td><td>Closed</td></tr><tr><td><b>Source</b></td><td>Telecom tower</td></tr><tr><td><b>Commenced</b></td><td>2018-06-29</td></tr><tr><td><b>Closed</b></td><td>2021-01-07</td></tr><tr><td><b>Mast height (m)</b></td><td>37</td></tr><tr><td><b>Elevation (m)</b></td><td>46</td></tr><tr><td><b>Mean wind speed (m/s)</b></td><td>2.49</td></tr><tr><td><b>Wind power density (W/m2)</b></td><td>30.61</td></tr><tr><td><b>PDF page</b></td><td>13</td></tr></table>]]></description><TimeSpan><begin>2018-06-29</begin><end>2021-01-07</end></TimeSpan><styleUrl>#Closed</styleUrl><Point><coordinates>91.513136,23.371508,0</coordinates></Point></Placemark><Placemark><name>JIRANIA</name><description><![CDATA[<table><tr><td><b>Station</b></td><td>JIRANIA</td></tr><tr><td><b>District</b></td><td>WEST TRIPURA</td></tr><tr><td><b>Status</b></td><td>Closed</td></tr><tr><td><b>Source</b></td><td>Telecom tower</td></tr><tr><td><b>Commenced</b></td><td>2018-06-27</td></tr><tr><td><b>Closed</b></td><td>2019-11-06</td></tr><tr><td><b>Mast height (m)</b></td><td>45</td></tr><tr><td><b>Elevation (m)</b></td><td>40</td></tr><tr><td><b>Mean wind speed (m/s)</b></td><td>2.36</td></tr><tr><td><b>Wind power density (W/m2)</b></td><td>17.32</td></tr><tr><td><b>PDF page</b></td><td>13</td></tr></table>]]></description><TimeSpan><begin>2018-06-27</begin><end>2019-11-06</end></TimeSpan><styleUrl>#Closed</styleUrl><Point><coordinates>91.44205,23.819419,0</coordinates></Point></Placemark><Placemark><name>KALASARA</name><description><![CDATA[<table><tr><td><b>Station</b></td><td>KALASARA</td></tr><tr><td><b>District</b></td><td>SOUTH TRIPURA</td></tr><tr><td><b>Status</b></td><td>Closed</td></tr><tr><td><b>Source</b></td><td>Telecom tower</td></tr><tr><td><b>Commenced</b></td><td>2018-06-28</td></tr><tr><td><b>Closed</b></td><td>2021-01-07</td></tr><tr><td><b>Mast height (m)</b></td><td>27</td></tr><tr><td><b>Elevation (m)</b></td><td>43</td></tr><tr><td><b>Mean wind speed (m/s)</b></td><td>1.91</td></tr><tr><td><b>Wind power density (W/m2)</b></td><td>10.48</td></tr><tr><td><b>PDF page</b></td><td>13</td></tr></table>]]></description><TimeSpan><begin>2018-06-28</begin><end>2021-01-07</end></TimeSpan><styleUrl>#Closed</styleUrl><Point><coordinates>91.625111,23.129528,0</coordinates></Point></Placemark><Placemark><name>BISHRAMGANJI</name><description><![CDATA[<table><tr><td><b>Station</b></td><td>BISHRAMGANJI</td></tr><tr><td><b>District</b></td><td>WEST TRIPURA</td></tr><tr><td><b>Status</b></td><td>Closed</td></tr><tr><td><b>Source</b></td><td>Telecom tower</td></tr><tr><td><b>Commenced</b></td><td>2018-06-30</td></tr><tr><td><b>Closed</b></td><td>2019-11-06</td></tr><tr><td><b>Mast height (m)</b></td><td>45</td></tr><tr><td><b>Elevation (m)</b></td><td>37</td></tr><tr><td><b>Mean wind speed (m/s)</b></td><td>2.34</td></tr><tr><td><b>Wind power density (W/m2)</b></td><td>14.07</td></tr><tr><td><b>PDF page</b></td><td>13</td></tr></table>]]></description><TimeSpan><begin>2018-06-30</begin><end>2019-11-06</end></TimeSpan><styleUrl>#Closed</styleUrl><Point><coordinates>91.353553,23.606742,0</coordinates></Point></Placemark><Placemark><name>CHURAIBARI</name><description><![CDATA[<table><tr><td><b>Station</b></td><td>CHURAIBARI</td></tr><tr><td><b>District</b></td><td>NORTH TRIPURA</td></tr><tr><td><b>Status</b></td><td>Closed</td></tr><tr><td><b>Source</b></td><td>Telecom tower</td></tr><tr><td><b>Commenced</b></td><td>2018-07-02</td></tr><tr><td><b>Closed</b></td><td>2019-11-06</td></tr><tr><td><b>Mast height (m)</b></td><td>53</td></tr><tr><td><b>Elevation (m)</b></td><td>38</td></tr><tr><td><b>Mean wind speed (m/s)</b></td><td>1.82</td></tr><tr><td><b>Wind power density (W/m2)</b></td><td>9.38</td></tr><tr><td><b>PDF page</b></td><td>13</td></tr></table>]]></description><TimeSpan><begin>2018-07-02</begin><end>2019-11-06</end></TimeSpan><styleUrl>#Closed</styleUrl><Point><coordinates>92.245703,24.441375,0</coordinates></Point></Placemark><Placemark><name>KANCHANPUR</name><description><![CDATA[<table><tr><td><b>Station</b></td><td>KANCHANPUR</td></tr><tr><td><b>District</b></td><td>NORTH TRIPURA</td></tr><tr><td><b>Status</b></td><td>Closed</td></tr><tr><td><b>Source</b></td><td>Telecom tower</td></tr><tr><td><b>Commenced</b></td><td>2019-09-23</td></tr><tr><td><b>Closed</b></td><td>2021-01-07</td></tr><tr><td><b>Mast height (m)</b></td><td>35</td></tr><tr><td><b>Elevation (m)</b></td><td>85</td></tr><tr><td><b>Mean wind speed (m/s)</b></td><td>1.45</td></tr><tr><td><b>Wind power density (W/m2)</b></td><td>7.16</td></tr><tr><td><b>PDF page</b></td><td>13</td></tr></table>]]></description><TimeSpan><begin>2019-09-23</begin><end>2021-01-07</end></TimeSpan><styleUrl>#Closed</styleUrl><Point><coordinates>92.199783,24.041861,0</coordinates></Point></Placemark></Folder><Folder><name>UTTAR PRADESH (15)</name><Placemark><name>DRUMMONDGANJ</name><description><![CDATA[<table><tr><td><b>Station</b></td><td>DRUMMONDGANJ</td></tr><tr><td><b>District</b></td><td>MIRZAPUR</td></tr><tr><td><b>Status</b></td><td>Closed</td></tr><tr><td><b>Source</b></td><td>Mast</td></tr><tr><td><b>Commenced</b></td><td>2004-06-10</td></tr><tr><td><b>Closed</b></td><td>2006-02-15</td></tr><tr><td><b>Mast height (m)</b></td><td>50</td></tr><tr><td><b>Elevation (m)</b></td><td>365</td></tr><tr><td><b>Mean wind speed (m/s)</b></td><td>4.37</td></tr><tr><td><b>Wind power density (W/m2)</b></td><td>98</td></tr><tr><td><b>PDF page</b></td><td>11</td></tr></table>]]></description><TimeSpan><begin>2004-06-10</begin><end>2006-02-15</end></TimeSpan><styleUrl>#Closed</styleUrl><Point><coordinates>82.125,24.822222,0</coordinates></Point></Placemark><Placemark><name>PIPARIA JAGIR</name><description><![CDATA[<table><tr><td><b>Station</b></td><td>PIPARIA JAGIR</td></tr><tr><td><b>District</b></td><td>LALITHPUR</td></tr><tr><td><b>Status</b></td><td>Closed</td></tr><tr><td><b>Source</b></td><td>Mast</td></tr><tr><td><b>Commenced</b></td><td>2004-06-13</td></tr><tr><td><b>Closed</b></td><td>2006-02-02</td></tr><tr><td><b>Mast height (m)</b></td><td>50</td></tr><tr><td><b>Elevation (m)</b></td><td>466</td></tr><tr><td><b>Mean wind speed (m/s)</b></td><td>4.75</td></tr><tr><td><b>Wind power density (W/m2)</b></td><td>99</td></tr><tr><td><b>PDF page</b></td><td>11</td></tr></table>]]></description><TimeSpan><begin>2004-06-13</begin><end>2006-02-02</end></TimeSpan><styleUrl>#Closed</styleUrl><Point><coordinates>78.416389,24.295278,0</coordinates></Point></Placemark><Placemark><name>INDRAJ</name><description><![CDATA[<table><tr><td><b>Station</b></td><td>INDRAJ</td></tr><tr><td><b>District</b></td><td>RAEBARELI</td></tr><tr><td><b>Status</b></td><td>Closed</td></tr><tr><td><b>Source</b></td><td>Mast</td></tr><tr><td><b>Commenced</b></td><td>2006-07-16</td></tr><tr><td><b>Closed</b></td><td>2008-07-18</td></tr><tr><td><b>Mast height (m)</b></td><td>50</td></tr><tr><td><b>Elevation (m)</b></td><td>110</td></tr><tr><td><b>Mean wind speed (m/s)</b></td><td>3.97</td></tr><tr><td><b>Wind power density (W/m2)</b></td><td>69.53</td></tr><tr><td><b>PDF page</b></td><td>11</td></tr></table>]]></description><TimeSpan><begin>2006-07-16</begin><end>2008-07-18</end></TimeSpan><styleUrl>#Closed</styleUrl><Point><coordinates>81.196389,26.294444,0</coordinates></Point></Placemark><Placemark><name>KUSHALI</name><description><![CDATA[<table><tr><td><b>Station</b></td><td>KUSHALI</td></tr><tr><td><b>District</b></td><td>ETAWA</td></tr><tr><td><b>Status</b></td><td>Closed</td></tr><tr><td><b>Source</b></td><td>Mast</td></tr><tr><td><b>Commenced</b></td><td>2007-12-05</td></tr><tr><td><b>Closed</b></td><td>2010-01-22</td></tr><tr><td><b>Mast height (m)</b></td><td>50</td></tr><tr><td><b>Elevation (m)</b></td><td>141</td></tr><tr><td><b>Mean wind speed (m/s)</b></td><td>4.05</td></tr><tr><td><b>Wind power density (W/m2)</b></td><td>72.65</td></tr><tr><td><b>PDF page</b></td><td>11</td></tr></table>]]></description><TimeSpan><begin>2007-12-05</begin><end>2010-01-22</end></TimeSpan><styleUrl>#Closed</styleUrl><Point><coordinates>79.148056,26.8675,0</coordinates></Point></Placemark><Placemark><name>PATSAL</name><description><![CDATA[<table><tr><td><b>Station</b></td><td>PATSAL</td></tr><tr><td><b>District</b></td><td>AGRA</td></tr><tr><td><b>Status</b></td><td>Closed</td></tr><tr><td><b>Source</b></td><td>Mast</td></tr><tr><td><b>Commenced</b></td><td>2007-12-07</td></tr><tr><td><b>Closed</b></td><td>2010-03-19</td></tr><tr><td><b>Mast height (m)</b></td><td>50</td></tr><tr><td><b>Elevation (m)</b></td><td>168</td></tr><tr><td><b>Mean wind speed (m/s)</b></td><td>3.97</td></tr><tr><td><b>Wind power density (W/m2)</b></td><td>68.88</td></tr><tr><td><b>PDF page</b></td><td>11</td></tr></table>]]></description><TimeSpan><begin>2007-12-07</begin><end>2010-03-19</end></TimeSpan><styleUrl>#Closed</styleUrl><Point><coordinates>77.61,27.102417,0</coordinates></Point></Placemark><Placemark><name>GARHIA HARDOPATTI</name><description><![CDATA[<table><tr><td><b>Station</b></td><td>GARHIA HARDOPATTI</td></tr><tr><td><b>District</b></td><td>BUDAUN</td></tr><tr><td><b>Status</b></td><td>Closed</td></tr><tr><td><b>Source</b></td><td>Mast</td></tr><tr><td><b>Commenced</b></td><td>2007-12-10</td></tr><tr><td><b>Closed</b></td><td>2009-11-17</td></tr><tr><td><b>Mast height (m)</b></td><td>50</td></tr><tr><td><b>Elevation (m)</b></td><td>140</td></tr><tr><td><b>Mean wind speed (m/s)</b></td><td>3.34</td></tr><tr><td><b>Wind power density (W/m2)</b></td><td>44.83</td></tr><tr><td><b>PDF page</b></td><td>11</td></tr></table>]]></description><TimeSpan><begin>2007-12-10</begin><end>2009-11-17</end></TimeSpan><styleUrl>#Closed</styleUrl><Point><coordinates>79.213056,27.802222,0</coordinates></Point></Placemark><Placemark><name>RAJAPUR</name><description><![CDATA[<table><tr><td><b>Station</b></td><td>RAJAPUR</td></tr><tr><td><b>District</b></td><td>JHANSI</td></tr><tr><td><b>Status</b></td><td>Closed</td></tr><tr><td><b>Source</b></td><td>Mast</td></tr><tr><td><b>Commenced</b></td><td>2008-05-07</td></tr><tr><td><b>Closed</b></td><td>2010-06-30</td></tr><tr><td><b>Mast height (m)</b></td><td>50</td></tr><tr><td><b>Elevation (m)</b></td><td>291</td></tr><tr><td><b>Mean wind speed (m/s)</b></td><td>4.16</td></tr><tr><td><b>Wind power density (W/m2)</b></td><td>68.75</td></tr><tr><td><b>PDF page</b></td><td>12</td></tr></table>]]></description><TimeSpan><begin>2008-05-07</begin><end>2010-06-30</end></TimeSpan><styleUrl>#Closed</styleUrl><Point><coordinates>78.394167,25.406667,0</coordinates></Point></Placemark><Placemark><name>GARAURA</name><description><![CDATA[<table><tr><td><b>Station</b></td><td>GARAURA</td></tr><tr><td><b>District</b></td><td>ROBERTSGANJ</td></tr><tr><td><b>Status</b></td><td>Closed</td></tr><tr><td><b>Source</b></td><td>Mast</td></tr><tr><td><b>Commenced</b></td><td>2009-02-07</td></tr><tr><td><b>Closed</b></td><td>2011-04-16</td></tr><tr><td><b>Mast height (m)</b></td><td>50</td></tr><tr><td><b>Elevation (m)</b></td><td>392</td></tr><tr><td><b>Mean wind speed (m/s)</b></td><td>4.22</td></tr><tr><td><b>Wind power density (W/m2)</b></td><td>75</td></tr><tr><td><b>PDF page</b></td><td>12</td></tr></table>]]></description><TimeSpan><begin>2009-02-07</begin><end>2011-04-16</end></TimeSpan><styleUrl>#Closed</styleUrl><Point><coordinates>83.017111,24.628222,0</coordinates></Point></Placemark><Placemark><name>MAMNA</name><description><![CDATA[<table><tr><td><b>Station</b></td><td>MAMNA</td></tr><tr><td><b>District</b></td><td>MAHOBA</td></tr><tr><td><b>Status</b></td><td>Closed</td></tr><tr><td><b>Source</b></td><td>Mast</td></tr><tr><td><b>Commenced</b></td><td>2009-07-02</td></tr><tr><td><b>Closed</b></td><td>2011-07-30</td></tr><tr><td><b>Mast height (m)</b></td><td>50</td></tr><tr><td><b>Elevation (m)</b></td><td>208</td></tr><tr><td><b>Mean wind speed (m/s)</b></td><td>3.87</td></tr><tr><td><b>Wind power density (W/m2)</b></td><td>63</td></tr><tr><td><b>PDF page</b></td><td>12</td></tr></table>]]></description><TimeSpan><begin>2009-07-02</begin><end>2011-07-30</end></TimeSpan><styleUrl>#Closed</styleUrl><Point><coordinates>79.866361,25.263833,0</coordinates></Point></Placemark><Placemark><name>MANIPUR</name><description><![CDATA[<table><tr><td><b>Station</b></td><td>MANIPUR</td></tr><tr><td><b>District</b></td><td>CHITRKOODAM</td></tr><tr><td><b>Status</b></td><td>Closed</td></tr><tr><td><b>Source</b></td><td>Mast</td></tr><tr><td><b>Commenced</b></td><td>2009-07-05</td></tr><tr><td><b>Closed</b></td><td>2011-07-30</td></tr><tr><td><b>Mast height (m)</b></td><td>50</td></tr><tr><td><b>Elevation (m)</b></td><td>254</td></tr><tr><td><b>Mean wind speed (m/s)</b></td><td>4.16</td></tr><tr><td><b>Wind power density (W/m2)</b></td><td>81</td></tr><tr><td><b>PDF page</b></td><td>12</td></tr></table>]]></description><TimeSpan><begin>2009-07-05</begin><end>2011-07-30</end></TimeSpan><styleUrl>#Closed</styleUrl><Point><coordinates>81.087361,25.090389,0</coordinates></Point></Placemark><Placemark><name>BHAGAWANPUR</name><description><![CDATA[<table><tr><td><b>Station</b></td><td>BHAGAWANPUR</td></tr><tr><td><b>District</b></td><td>GORAKHPUR</td></tr><tr><td><b>Status</b></td><td>Closed</td></tr><tr><td><b>Source</b></td><td>Mast</td></tr><tr><td><b>Commenced</b></td><td>2009-06-09</td></tr><tr><td><b>Closed</b></td><td>2011-10-30</td></tr><tr><td><b>Mast height (m)</b></td><td>50</td></tr><tr><td><b>Elevation (m)</b></td><td>55</td></tr><tr><td><b>Mean wind speed (m/s)</b></td><td>3.7</td></tr><tr><td><b>Wind power density (W/m2)</b></td><td>58.69</td></tr><tr><td><b>PDF page</b></td><td>12</td></tr></table>]]></description><TimeSpan><begin>2009-06-09</begin><end>2011-10-30</end></TimeSpan><styleUrl>#Closed</styleUrl><Point><coordinates>83.3825,26.930306,0</coordinates></Point></Placemark><Placemark><name>CHOUKONIA</name><description><![CDATA[<table><tr><td><b>Station</b></td><td>CHOUKONIA</td></tr><tr><td><b>District</b></td><td>SIDDHARTA NAGAR</td></tr><tr><td><b>Status</b></td><td>Closed</td></tr><tr><td><b>Source</b></td><td>Mast</td></tr><tr><td><b>Commenced</b></td><td>2014-08-16</td></tr><tr><td><b>Closed</b></td><td>2016-08-10</td></tr><tr><td><b>Mast height (m)</b></td><td>80</td></tr><tr><td><b>Elevation (m)</b></td><td>92</td></tr><tr><td><b>Mean wind speed (m/s)</b></td><td>4.6</td></tr><tr><td><b>Wind power density (W/m2)</b></td><td>122.14</td></tr><tr><td><b>PDF page</b></td><td>12</td></tr></table>]]></description><TimeSpan><begin>2014-08-16</begin><end>2016-08-10</end></TimeSpan><styleUrl>#Closed</styleUrl><Point><coordinates>82.693222,27.119694,0</coordinates></Point></Placemark><Placemark><name>AHIRANPURWA</name><description><![CDATA[<table><tr><td><b>Station</b></td><td>AHIRANPURWA</td></tr><tr><td><b>District</b></td><td>GONDA</td></tr><tr><td><b>Status</b></td><td>Closed</td></tr><tr><td><b>Source</b></td><td>Mast</td></tr><tr><td><b>Commenced</b></td><td>2014-08-13</td></tr><tr><td><b>Closed</b></td><td>2016-08-10</td></tr><tr><td><b>Mast height (m)</b></td><td>80</td></tr><tr><td><b>Elevation (m)</b></td><td>102</td></tr><tr><td><b>Mean wind speed (m/s)</b></td><td>4.37</td></tr><tr><td><b>Wind power density (W/m2)</b></td><td>100.44</td></tr><tr><td><b>PDF page</b></td><td>12</td></tr></table>]]></description><TimeSpan><begin>2014-08-13</begin><end>2016-08-10</end></TimeSpan><styleUrl>#Closed</styleUrl><Point><coordinates>81.940889,27.023556,0</coordinates></Point></Placemark><Placemark><name>NAGESHWARIJOTH</name><description><![CDATA[<table><tr><td><b>Station</b></td><td>NAGESHWARIJOTH</td></tr><tr><td><b>District</b></td><td>BALRAMPUR</td></tr><tr><td><b>Status</b></td><td>Closed</td></tr><tr><td><b>Source</b></td><td>Mast</td></tr><tr><td><b>Commenced</b></td><td>2014-09-19</td></tr><tr><td><b>Closed</b></td><td>2016-08-10</td></tr><tr><td><b>Mast height (m)</b></td><td>80</td></tr><tr><td><b>Elevation (m)</b></td><td>98</td></tr><tr><td><b>Mean wind speed (m/s)</b></td><td>4.52</td></tr><tr><td><b>Wind power density (W/m2)</b></td><td>114.49</td></tr><tr><td><b>PDF page</b></td><td>12</td></tr></table>]]></description><TimeSpan><begin>2014-09-19</begin><end>2016-08-10</end></TimeSpan><styleUrl>#Closed</styleUrl><Point><coordinates>82.340861,27.458194,0</coordinates></Point></Placemark><Placemark><name>JAKHORA (LALITPUR)</name><description><![CDATA[<table><tr><td><b>Station</b></td><td>JAKHORA (LALITPUR)</td></tr><tr><td><b>District</b></td><td>LALITPUR</td></tr><tr><td><b>Status</b></td><td>Closed</td></tr><tr><td><b>Source</b></td><td>Mast</td></tr><tr><td><b>Commenced</b></td><td>2020-10-02</td></tr><tr><td><b>Closed</b></td><td>2022-06-30</td></tr><tr><td><b>Mast height (m)</b></td><td>100</td></tr><tr><td><b>Elevation (m)</b></td><td>343</td></tr><tr><td><b>PDF page</b></td><td>12</td></tr></table>]]></description><TimeSpan><begin>2020-10-02</begin><end>2022-06-30</end></TimeSpan><styleUrl>#Closed</styleUrl><Point><coordinates>78.3511,24.91155,0</coordinates></Point></Placemark></Folder><Folder><name>UTTARAKHAND (17)</name><Placemark><name>BACHELIKHAL</name><description><![CDATA[<table><tr><td><b>Station</b></td><td>BACHELIKHAL</td></tr><tr><td><b>District</b></td><td>NARENDRA NAGAR</td></tr><tr><td><b>Status</b></td><td>Closed</td></tr><tr><td><b>Source</b></td><td>Mast</td></tr><tr><td><b>Commenced</b></td><td>1997-05-04</td></tr><tr><td><b>Closed</b></td><td>1999-04-29</td></tr><tr><td><b>Mast height (m)</b></td><td>20</td></tr><tr><td><b>Elevation (m)</b></td><td>981</td></tr><tr><td><b>Mean wind speed (m/s)</b></td><td>5.19</td></tr><tr><td><b>Wind power density (W/m2)</b></td><td>144.2</td></tr><tr><td><b>PDF page</b></td><td>10</td></tr></table>]]></description><TimeSpan><begin>1997-05-04</begin><end>1999-04-29</end></TimeSpan><styleUrl>#Closed</styleUrl><Point><coordinates>78.56975,30.074722,0</coordinates></Point></Placemark><Placemark><name>GUMKHAL</name><description><![CDATA[<table><tr><td><b>Station</b></td><td>GUMKHAL</td></tr><tr><td><b>District</b></td><td>PAURI</td></tr><tr><td><b>Status</b></td><td>Closed</td></tr><tr><td><b>Source</b></td><td>Mast</td></tr><tr><td><b>Commenced</b></td><td>1997-05-01</td></tr><tr><td><b>Closed</b></td><td>1998-08-17</td></tr><tr><td><b>Mast height (m)</b></td><td>20</td></tr><tr><td><b>Elevation (m)</b></td><td>1639</td></tr><tr><td><b>Mean wind speed (m/s)</b></td><td>3.34</td></tr><tr><td><b>Wind power density (W/m2)</b></td><td>38</td></tr><tr><td><b>PDF page</b></td><td>10</td></tr></table>]]></description><TimeSpan><begin>1997-05-01</begin><end>1998-08-17</end></TimeSpan><styleUrl>#Closed</styleUrl><Point><coordinates>78.662322,29.912072,0</coordinates></Point></Placemark><Placemark><name>GURDAURI</name><description><![CDATA[<table><tr><td><b>Station</b></td><td>GURDAURI</td></tr><tr><td><b>District</b></td><td>PAURI</td></tr><tr><td><b>Status</b></td><td>Closed</td></tr><tr><td><b>Source</b></td><td>Mast</td></tr><tr><td><b>Commenced</b></td><td>1997-05-03</td></tr><tr><td><b>Closed</b></td><td>1998-08-18</td></tr><tr><td><b>Mast height (m)</b></td><td>20</td></tr><tr><td><b>Elevation (m)</b></td><td>1654</td></tr><tr><td><b>Mean wind speed (m/s)</b></td><td>3.87</td></tr><tr><td><b>Wind power density (W/m2)</b></td><td>68.2</td></tr><tr><td><b>PDF page</b></td><td>10</td></tr></table>]]></description><TimeSpan><begin>1997-05-03</begin><end>1998-08-18</end></TimeSpan><styleUrl>#Closed</styleUrl><Point><coordinates>78.695194,30.1815,0</coordinates></Point></Placemark><Placemark><name>HARSIL</name><description><![CDATA[<table><tr><td><b>Station</b></td><td>HARSIL</td></tr><tr><td><b>District</b></td><td>UTTARKASHI</td></tr><tr><td><b>Status</b></td><td>Closed</td></tr><tr><td><b>Source</b></td><td>Mast</td></tr><tr><td><b>Commenced</b></td><td>1997-07-27</td></tr><tr><td><b>Closed</b></td><td>1998-11-06</td></tr><tr><td><b>Mast height (m)</b></td><td>20</td></tr><tr><td><b>Elevation (m)</b></td><td>2501</td></tr><tr><td><b>Mean wind speed (m/s)</b></td><td>3.21</td></tr><tr><td><b>Wind power density (W/m2)</b></td><td>70.8</td></tr><tr><td><b>PDF page</b></td><td>10</td></tr></table>]]></description><TimeSpan><begin>1997-07-27</begin><end>1998-11-06</end></TimeSpan><styleUrl>#Closed</styleUrl><Point><coordinates>78.744972,31.036333,0</coordinates></Point></Placemark><Placemark><name>JHAMNIKHAL</name><description><![CDATA[<table><tr><td><b>Station</b></td><td>JHAMNIKHAL</td></tr><tr><td><b>District</b></td><td>TEHRI</td></tr><tr><td><b>Status</b></td><td>Closed</td></tr><tr><td><b>Source</b></td><td>Mast</td></tr><tr><td><b>Commenced</b></td><td>1997-05-05</td></tr><tr><td><b>Closed</b></td><td>1999-04-29</td></tr><tr><td><b>Mast height (m)</b></td><td>20</td></tr><tr><td><b>Elevation (m)</b></td><td>1588</td></tr><tr><td><b>Mean wind speed (m/s)</b></td><td>2.35</td></tr><tr><td><b>Wind power density (W/m2)</b></td><td>23.1</td></tr><tr><td><b>PDF page</b></td><td>10</td></tr></table>]]></description><TimeSpan><begin>1997-05-05</begin><end>1999-04-29</end></TimeSpan><styleUrl>#Closed</styleUrl><Point><coordinates>78.608917,30.266222,0</coordinates></Point></Placemark><Placemark><name>JHANKARDANDA</name><description><![CDATA[<table><tr><td><b>Station</b></td><td>JHANKARDANDA</td></tr><tr><td><b>District</b></td><td>PAURI</td></tr><tr><td><b>Status</b></td><td>Closed</td></tr><tr><td><b>Source</b></td><td>Mast</td></tr><tr><td><b>Commenced</b></td><td>1997-05-02</td></tr><tr><td><b>Closed</b></td><td>1998-08-18</td></tr><tr><td><b>Mast height (m)</b></td><td>20</td></tr><tr><td><b>Elevation (m)</b></td><td>1690</td></tr><tr><td><b>Mean wind speed (m/s)</b></td><td>2.36</td></tr><tr><td><b>Wind power density (W/m2)</b></td><td>15.7</td></tr><tr><td><b>PDF page</b></td><td>10</td></tr></table>]]></description><TimeSpan><begin>1997-05-02</begin><end>1998-08-18</end></TimeSpan><styleUrl>#Closed</styleUrl><Point><coordinates>78.671111,30.149444,0</coordinates></Point></Placemark><Placemark><name>JHARGAON</name><description><![CDATA[<table><tr><td><b>Station</b></td><td>JHARGAON</td></tr><tr><td><b>District</b></td><td>ALMORA</td></tr><tr><td><b>Status</b></td><td>Closed</td></tr><tr><td><b>Source</b></td><td>Mast</td></tr><tr><td><b>Commenced</b></td><td>1997-07-23</td></tr><tr><td><b>Closed</b></td><td>1998-11-09</td></tr><tr><td><b>Mast height (m)</b></td><td>20</td></tr><tr><td><b>Elevation (m)</b></td><td>952</td></tr><tr><td><b>Mean wind speed (m/s)</b></td><td>2.13</td></tr><tr><td><b>Wind power density (W/m2)</b></td><td>14</td></tr><tr><td><b>PDF page</b></td><td>10</td></tr></table>]]></description><TimeSpan><begin>1997-07-23</begin><end>1998-11-09</end></TimeSpan><styleUrl>#Closed</styleUrl><Point><coordinates>79.118917,29.617,0</coordinates></Point></Placemark><Placemark><name>MALLIMIRAI</name><description><![CDATA[<table><tr><td><b>Station</b></td><td>MALLIMIRAI</td></tr><tr><td><b>District</b></td><td>ALMORA</td></tr><tr><td><b>Status</b></td><td>Closed</td></tr><tr><td><b>Source</b></td><td>Mast</td></tr><tr><td><b>Commenced</b></td><td>1997-05-11</td></tr><tr><td><b>Closed</b></td><td>1998-11-11</td></tr><tr><td><b>Mast height (m)</b></td><td>20</td></tr><tr><td><b>Elevation (m)</b></td><td>1450</td></tr><tr><td><b>Mean wind speed (m/s)</b></td><td>2.17</td></tr><tr><td><b>Wind power density (W/m2)</b></td><td>13.9</td></tr><tr><td><b>PDF page</b></td><td>10</td></tr></table>]]></description><TimeSpan><begin>1997-05-11</begin><end>1998-11-11</end></TimeSpan><styleUrl>#Closed</styleUrl><Point><coordinates>79.437972,29.744528,0</coordinates></Point></Placemark><Placemark><name>MOLEKHAL</name><description><![CDATA[<table><tr><td><b>Station</b></td><td>MOLEKHAL</td></tr><tr><td><b>District</b></td><td>ALMORA</td></tr><tr><td><b>Status</b></td><td>Closed</td></tr><tr><td><b>Source</b></td><td>Mast</td></tr><tr><td><b>Commenced</b></td><td>1997-09-23</td></tr><tr><td><b>Closed</b></td><td>1998-11-10</td></tr><tr><td><b>Mast height (m)</b></td><td>20</td></tr><tr><td><b>Elevation (m)</b></td><td>1515</td></tr><tr><td><b>Mean wind speed (m/s)</b></td><td>3.84</td></tr><tr><td><b>Wind power density (W/m2)</b></td><td>71.3</td></tr><tr><td><b>PDF page</b></td><td>10</td></tr></table>]]></description><TimeSpan><begin>1997-09-23</begin><end>1998-11-10</end></TimeSpan><styleUrl>#Closed</styleUrl><Point><coordinates>79.157694,29.663139,0</coordinates></Point></Placemark><Placemark><name>RANSI</name><description><![CDATA[<table><tr><td><b>Station</b></td><td>RANSI</td></tr><tr><td><b>District</b></td><td>PAURI</td></tr><tr><td><b>Status</b></td><td>Closed</td></tr><tr><td><b>Source</b></td><td>Mast</td></tr><tr><td><b>Commenced</b></td><td>1994-04-20</td></tr><tr><td><b>Closed</b></td><td>1995-07-28</td></tr><tr><td><b>Mast height (m)</b></td><td>20</td></tr><tr><td><b>Elevation (m)</b></td><td>1865</td></tr><tr><td><b>Mean wind speed (m/s)</b></td><td>3.83</td></tr><tr><td><b>Wind power density (W/m2)</b></td><td>66.7</td></tr><tr><td><b>Project type</b></td><td>SNA project</td></tr><tr><td><b>PDF page</b></td><td>10</td></tr></table>]]></description><TimeSpan><begin>1994-04-20</begin><end>1995-07-28</end></TimeSpan><styleUrl>#Closed</styleUrl><Point><coordinates>78.765722,30.1495,0</coordinates></Point></Placemark><Placemark><name>RICKHNIKHAL</name><description><![CDATA[<table><tr><td><b>Station</b></td><td>RICKHNIKHAL</td></tr><tr><td><b>District</b></td><td>PAURI</td></tr><tr><td><b>Status</b></td><td>Closed</td></tr><tr><td><b>Source</b></td><td>Mast</td></tr><tr><td><b>Commenced</b></td><td>1994-04-22</td></tr><tr><td><b>Closed</b></td><td>1995-08-01</td></tr><tr><td><b>Mast height (m)</b></td><td>20</td></tr><tr><td><b>Elevation (m)</b></td><td>1571</td></tr><tr><td><b>Mean wind speed (m/s)</b></td><td>3.25</td></tr><tr><td><b>Wind power density (W/m2)</b></td><td>39.3</td></tr><tr><td><b>Project type</b></td><td>SNA project</td></tr><tr><td><b>PDF page</b></td><td>10</td></tr></table>]]></description><TimeSpan><begin>1994-04-22</begin><end>1995-08-01</end></TimeSpan><styleUrl>#Closed</styleUrl><Point><coordinates>78.87225,29.783333,0</coordinates></Point></Placemark><Placemark><name>MALARI</name><description><![CDATA[<table><tr><td><b>Station</b></td><td>MALARI</td></tr><tr><td><b>District</b></td><td>CHAMOLI</td></tr><tr><td><b>Status</b></td><td>Closed</td></tr><tr><td><b>Source</b></td><td>Mast</td></tr><tr><td><b>Commenced</b></td><td>2012-07-26</td></tr><tr><td><b>Closed</b></td><td>2014-07-05</td></tr><tr><td><b>Mast height (m)</b></td><td>50</td></tr><tr><td><b>Elevation (m)</b></td><td>2734</td></tr><tr><td><b>PDF page</b></td><td>10</td></tr></table>]]></description><TimeSpan><begin>2012-07-26</begin><end>2014-07-05</end></TimeSpan><styleUrl>#Closed</styleUrl><Point><coordinates>79.888667,30.691194,0</coordinates></Point></Placemark><Placemark><name>MANESHWAR</name><description><![CDATA[<table><tr><td><b>Station</b></td><td>MANESHWAR</td></tr><tr><td><b>District</b></td><td>CHAMPAWAT</td></tr><tr><td><b>Status</b></td><td>Closed</td></tr><tr><td><b>Source</b></td><td>Mast</td></tr><tr><td><b>Commenced</b></td><td>2012-08-04</td></tr><tr><td><b>Closed</b></td><td>2014-07-05</td></tr><tr><td><b>Mast height (m)</b></td><td>50</td></tr><tr><td><b>Elevation (m)</b></td><td>1759</td></tr><tr><td><b>Mean wind speed (m/s)</b></td><td>2.66</td></tr><tr><td><b>Wind power density (W/m2)</b></td><td>27.72</td></tr><tr><td><b>PDF page</b></td><td>10</td></tr></table>]]></description><TimeSpan><begin>2012-08-04</begin><end>2014-07-05</end></TimeSpan><styleUrl>#Closed</styleUrl><Point><coordinates>80.098917,29.381083,0</coordinates></Point></Placemark><Placemark><name>PITHORAGARGH</name><description><![CDATA[<table><tr><td><b>Station</b></td><td>PITHORAGARGH</td></tr><tr><td><b>District</b></td><td>PITHORAGARGH</td></tr><tr><td><b>Status</b></td><td>Closed</td></tr><tr><td><b>Source</b></td><td>Mast</td></tr><tr><td><b>Commenced</b></td><td>2012-12-31</td></tr><tr><td><b>Closed</b></td><td>2014-07-05</td></tr><tr><td><b>Mast height (m)</b></td><td>50</td></tr><tr><td><b>Elevation (m)</b></td><td>2094</td></tr><tr><td><b>Mean wind speed (m/s)</b></td><td>2.27</td></tr><tr><td><b>Wind power density (W/m2)</b></td><td>17.49</td></tr><tr><td><b>PDF page</b></td><td>10</td></tr></table>]]></description><TimeSpan><begin>2012-12-31</begin><end>2014-07-05</end></TimeSpan><styleUrl>#Closed</styleUrl><Point><coordinates>80.283333,29.6105,0</coordinates></Point></Placemark><Placemark><name>DWARAHAT</name><description><![CDATA[<table><tr><td><b>Station</b></td><td>DWARAHAT</td></tr><tr><td><b>District</b></td><td>ALMORA</td></tr><tr><td><b>Status</b></td><td>Closed</td></tr><tr><td><b>Source</b></td><td>Mast</td></tr><tr><td><b>Commenced</b></td><td>2013-01-03</td></tr><tr><td><b>Closed</b></td><td>2015-01-31</td></tr><tr><td><b>Mast height (m)</b></td><td>50</td></tr><tr><td><b>Elevation (m)</b></td><td>1405</td></tr><tr><td><b>Mean wind speed (m/s)</b></td><td>1.9</td></tr><tr><td><b>Wind power density (W/m2)</b></td><td>18.54</td></tr><tr><td><b>PDF page</b></td><td>10</td></tr></table>]]></description><TimeSpan><begin>2013-01-03</begin><end>2015-01-31</end></TimeSpan><styleUrl>#Closed</styleUrl><Point><coordinates>79.428556,29.751778,0</coordinates></Point></Placemark><Placemark><name>HAATHIPAON</name><description><![CDATA[<table><tr><td><b>Station</b></td><td>HAATHIPAON</td></tr><tr><td><b>District</b></td><td>DEHRADUN</td></tr><tr><td><b>Status</b></td><td>Closed</td></tr><tr><td><b>Source</b></td><td>Mast</td></tr><tr><td><b>Commenced</b></td><td>2013-01-06</td></tr><tr><td><b>Closed</b></td><td>2014-07-05</td></tr><tr><td><b>Mast height (m)</b></td><td>50</td></tr><tr><td><b>Elevation (m)</b></td><td>2034</td></tr><tr><td><b>Mean wind speed (m/s)</b></td><td>3.08</td></tr><tr><td><b>Wind power density (W/m2)</b></td><td>39.67</td></tr><tr><td><b>PDF page</b></td><td>10</td></tr></table>]]></description><TimeSpan><begin>2013-01-06</begin><end>2014-07-05</end></TimeSpan><styleUrl>#Closed</styleUrl><Point><coordinates>78.023472,30.458944,0</coordinates></Point></Placemark><Placemark><name>DOON UNIVERSITY</name><description><![CDATA[<table><tr><td><b>Station</b></td><td>DOON UNIVERSITY</td></tr><tr><td><b>District</b></td><td>DEHRADUN</td></tr><tr><td><b>Status</b></td><td>Closed</td></tr><tr><td><b>Source</b></td><td>Mast</td></tr><tr><td><b>Commenced</b></td><td>2013-12-17</td></tr><tr><td><b>Closed</b></td><td>2019-03-31</td></tr><tr><td><b>Mast height (m)</b></td><td>50</td></tr><tr><td><b>Elevation (m)</b></td><td>592</td></tr><tr><td><b>Mean wind speed (m/s)</b></td><td>1.67</td></tr><tr><td><b>Wind power density (W/m2)</b></td><td>10.81</td></tr><tr><td><b>Project type</b></td><td>Other project</td></tr><tr><td><b>PDF page</b></td><td>10</td></tr></table>]]></description><TimeSpan><begin>2013-12-17</begin><end>2019-03-31</end></TimeSpan><styleUrl>#Closed</styleUrl><Point><coordinates>78.046306,30.101306,0</coordinates></Point></Placemark></Folder><Folder><name>WEST BENGAL (10)</name><Placemark><name>AJODHYA HILLS</name><description><![CDATA[<table><tr><td><b>Station</b></td><td>AJODHYA HILLS</td></tr><tr><td><b>District</b></td><td>PURULIA</td></tr><tr><td><b>Status</b></td><td>Closed</td></tr><tr><td><b>Source</b></td><td>Mast</td></tr><tr><td><b>Commenced</b></td><td>1995-03-28</td></tr><tr><td><b>Closed</b></td><td>1996-07-19</td></tr><tr><td><b>Mast height (m)</b></td><td>25</td></tr><tr><td><b>Elevation (m)</b></td><td>538</td></tr><tr><td><b>Mean wind speed (m/s)</b></td><td>3.14</td></tr><tr><td><b>Wind power density (W/m2)</b></td><td>31.8</td></tr><tr><td><b>PDF page</b></td><td>11</td></tr></table>]]></description><TimeSpan><begin>1995-03-28</begin><end>1996-07-19</end></TimeSpan><styleUrl>#Closed</styleUrl><Point><coordinates>86.127778,23.213333,0</coordinates></Point></Placemark><Placemark><name>DADONPATRA BAR</name><description><![CDATA[<table><tr><td><b>Station</b></td><td>DADONPATRA BAR</td></tr><tr><td><b>District</b></td><td>EAST MEDINIPUR</td></tr><tr><td><b>Status</b></td><td>Closed</td></tr><tr><td><b>Source</b></td><td>Mast</td></tr><tr><td><b>Commenced</b></td><td>1998-01-14</td></tr><tr><td><b>Closed</b></td><td>1999-04-20</td></tr><tr><td><b>Mast height (m)</b></td><td>25</td></tr><tr><td><b>Elevation (m)</b></td><td>7</td></tr><tr><td><b>Mean wind speed (m/s)</b></td><td>4.61</td></tr><tr><td><b>Wind power density (W/m2)</b></td><td>130.4</td></tr><tr><td><b>PDF page</b></td><td>11</td></tr></table>]]></description><TimeSpan><begin>1998-01-14</begin><end>1999-04-20</end></TimeSpan><styleUrl>#Closed</styleUrl><Point><coordinates>87.683889,21.656667,0</coordinates></Point></Placemark><Placemark><name>DELO HILLS</name><description><![CDATA[<table><tr><td><b>Station</b></td><td>DELO HILLS</td></tr><tr><td><b>District</b></td><td>DARJILING</td></tr><tr><td><b>Status</b></td><td>Closed</td></tr><tr><td><b>Source</b></td><td>Mast</td></tr><tr><td><b>Commenced</b></td><td>1999-06-22</td></tr><tr><td><b>Closed</b></td><td>2002-12-31</td></tr><tr><td><b>Mast height (m)</b></td><td>25</td></tr><tr><td><b>Elevation (m)</b></td><td>1519</td></tr><tr><td><b>Mean wind speed (m/s)</b></td><td>3.16</td></tr><tr><td><b>Wind power density (W/m2)</b></td><td>42.9</td></tr><tr><td><b>PDF page</b></td><td>11</td></tr></table>]]></description><TimeSpan><begin>1999-06-22</begin><end>2002-12-31</end></TimeSpan><styleUrl>#Closed</styleUrl><Point><coordinates>88.498056,27.085556,0</coordinates></Point></Placemark><Placemark><name>DIGHA</name><description><![CDATA[<table><tr><td><b>Station</b></td><td>DIGHA</td></tr><tr><td><b>District</b></td><td>EAST MEDINIPUR</td></tr><tr><td><b>Status</b></td><td>Closed</td></tr><tr><td><b>Source</b></td><td>Mast</td></tr><tr><td><b>Commenced</b></td><td>1998-01-15</td></tr><tr><td><b>Closed</b></td><td>1999-04-20</td></tr><tr><td><b>Mast height (m)</b></td><td>25</td></tr><tr><td><b>Elevation (m)</b></td><td>15</td></tr><tr><td><b>Mean wind speed (m/s)</b></td><td>3.83</td></tr><tr><td><b>Wind power density (W/m2)</b></td><td>64.6</td></tr><tr><td><b>PDF page</b></td><td>11</td></tr></table>]]></description><TimeSpan><begin>1998-01-15</begin><end>1999-04-20</end></TimeSpan><styleUrl>#Closed</styleUrl><Point><coordinates>87.518889,21.625,0</coordinates></Point></Placemark><Placemark><name>FRASERGANJ</name><description><![CDATA[<table><tr><td><b>Station</b></td><td>FRASERGANJ</td></tr><tr><td><b>District</b></td><td>SOUTH24 PARGANAS</td></tr><tr><td><b>Status</b></td><td>Closed</td></tr><tr><td><b>Source</b></td><td>Mast</td></tr><tr><td><b>Commenced</b></td><td>1995-03-25</td></tr><tr><td><b>Closed</b></td><td>1998-03-09</td></tr><tr><td><b>Mast height (m)</b></td><td>25</td></tr><tr><td><b>Elevation (m)</b></td><td>3</td></tr><tr><td><b>Mean wind speed (m/s)</b></td><td>4.81</td></tr><tr><td><b>Wind power density (W/m2)</b></td><td>147.4</td></tr><tr><td><b>PDF page</b></td><td>11</td></tr></table>]]></description><TimeSpan><begin>1995-03-25</begin><end>1998-03-09</end></TimeSpan><styleUrl>#Closed</styleUrl><Point><coordinates>88.25,21.566667,0</coordinates></Point></Placemark><Placemark><name>GANGASAGAR</name><description><![CDATA[<table><tr><td><b>Station</b></td><td>GANGASAGAR</td></tr><tr><td><b>District</b></td><td>SOUTH24 PARGANAS</td></tr><tr><td><b>Status</b></td><td>Closed</td></tr><tr><td><b>Source</b></td><td>Mast</td></tr><tr><td><b>Commenced</b></td><td>1995-02-03</td></tr><tr><td><b>Closed</b></td><td>1997-11-30</td></tr><tr><td><b>Mast height (m)</b></td><td>25</td></tr><tr><td><b>Elevation (m)</b></td><td>3</td></tr><tr><td><b>Mean wind speed (m/s)</b></td><td>4.77</td></tr><tr><td><b>Wind power density (W/m2)</b></td><td>142</td></tr><tr><td><b>PDF page</b></td><td>11</td></tr></table>]]></description><TimeSpan><begin>1995-02-03</begin><end>1997-11-30</end></TimeSpan><styleUrl>#Closed</styleUrl><Point><coordinates>88.074083,21.637889,0</coordinates></Point></Placemark><Placemark><name>HALDIA</name><description><![CDATA[<table><tr><td><b>Station</b></td><td>HALDIA</td></tr><tr><td><b>District</b></td><td>EAST MEDINIPUR</td></tr><tr><td><b>Status</b></td><td>Closed</td></tr><tr><td><b>Source</b></td><td>Mast</td></tr><tr><td><b>Commenced</b></td><td>1995-03-30</td></tr><tr><td><b>Closed</b></td><td>1996-07-21</td></tr><tr><td><b>Mast height (m)</b></td><td>25</td></tr><tr><td><b>Elevation (m)</b></td><td>5</td></tr><tr><td><b>Mean wind speed (m/s)</b></td><td>3.66</td></tr><tr><td><b>Wind power density (W/m2)</b></td><td>70.3</td></tr><tr><td><b>PDF page</b></td><td>11</td></tr></table>]]></description><TimeSpan><begin>1995-03-30</begin><end>1996-07-21</end></TimeSpan><styleUrl>#Closed</styleUrl><Point><coordinates>88.048333,22.026389,0</coordinates></Point></Placemark><Placemark><name>NAYACHAR ISLAND</name><description><![CDATA[<table><tr><td><b>Station</b></td><td>NAYACHAR ISLAND</td></tr><tr><td><b>District</b></td><td>EAST MEDINIPUR</td></tr><tr><td><b>Status</b></td><td>Closed</td></tr><tr><td><b>Source</b></td><td>Mast</td></tr><tr><td><b>Commenced</b></td><td>2004-10-31</td></tr><tr><td><b>Closed</b></td><td>2006-07-31</td></tr><tr><td><b>Mast height (m)</b></td><td>50</td></tr><tr><td><b>Elevation (m)</b></td><td>5</td></tr><tr><td><b>Mean wind speed (m/s)</b></td><td>5.12</td></tr><tr><td><b>Wind power density (W/m2)</b></td><td>145</td></tr><tr><td><b>PDF page</b></td><td>11</td></tr></table>]]></description><TimeSpan><begin>2004-10-31</begin><end>2006-07-31</end></TimeSpan><styleUrl>#Closed</styleUrl><Point><coordinates>88.127778,21.918056,0</coordinates></Point></Placemark><Placemark><name>NIJKASBA</name><description><![CDATA[<table><tr><td><b>Station</b></td><td>NIJKASBA</td></tr><tr><td><b>District</b></td><td>EAST MEDINIPUR</td></tr><tr><td><b>Status</b></td><td>Closed</td></tr><tr><td><b>Source</b></td><td>Mast</td></tr><tr><td><b>Commenced</b></td><td>1995-03-31</td></tr><tr><td><b>Closed</b></td><td>1996-09-20</td></tr><tr><td><b>Mast height (m)</b></td><td>25</td></tr><tr><td><b>Elevation (m)</b></td><td>6</td></tr><tr><td><b>Mean wind speed (m/s)</b></td><td>4.4</td></tr><tr><td><b>Wind power density (W/m2)</b></td><td>101.4</td></tr><tr><td><b>PDF page</b></td><td>11</td></tr></table>]]></description><TimeSpan><begin>1995-03-31</begin><end>1996-09-20</end></TimeSpan><styleUrl>#Closed</styleUrl><Point><coordinates>87.883333,21.799167,0</coordinates></Point></Placemark><Placemark><name>TIGER HILLS</name><description><![CDATA[<table><tr><td><b>Station</b></td><td>TIGER HILLS</td></tr><tr><td><b>District</b></td><td>DARJILING</td></tr><tr><td><b>Status</b></td><td>Closed</td></tr><tr><td><b>Source</b></td><td>Mast</td></tr><tr><td><b>Commenced</b></td><td>1999-06-23</td></tr><tr><td><b>Closed</b></td><td>2002-12-31</td></tr><tr><td><b>Mast height (m)</b></td><td>25</td></tr><tr><td><b>Elevation (m)</b></td><td>2467</td></tr><tr><td><b>Mean wind speed (m/s)</b></td><td>3.59</td></tr><tr><td><b>Wind power density (W/m2)</b></td><td>74.7</td></tr><tr><td><b>PDF page</b></td><td>11</td></tr></table>]]></description><TimeSpan><begin>1999-06-23</begin><end>2002-12-31</end></TimeSpan><styleUrl>#Closed</styleUrl><Point><coordinates>88.271111,26.998611,0</coordinates></Point></Placemark></Folder></Document></kml>