id,serial_no,state_serial_no,station_name,district,commenced_on,closed_on,financial_year_commenced,financial_year_closed,mast_height_m,elevation_m,maws,mawpd,pdf_page,source_table,project_type,is_revision,state,status,latitude,longitude,clean_notes,review_required,review_reason
S0001,1.0,1.0,ACHANKUTTAM,TIRUNELVELI,1996-03-20,1998-03-11,1995-1996,1997-1998,20.0,139.0,5.17,270.4,1,Mast,,False,TAMIL NADU,Closed,8.952222,77.477222,,False,
S0002,2.0,2.0,AGASTHIANPALLI,NAGAPATTINAM,2004-06-11,2006-07-11,2004-2005,2006-2007,50.0,5.0,5.76,157.0,1,Mast,,False,TAMIL NADU,Closed,10.35,79.85,,False,
S0003,3.0,3.0,ALAGIYAPANDIYAPURAM,TIRUNELVELI,1988-07-19,1993-09-10,1988-1989,1993-1994,20.0,106.0,5.81,301.1,1,Mast,,False,TAMIL NADU,Closed,8.937222,77.651111,,False,
S0004,4.0,4.0,ANDHIYUR,COIMBATORE,1996-05-10,1998-05-15,1996-1997,1998-1999,20.0,380.0,5.31,177.2,1,Mast,,False,TAMIL NADU,Closed,10.610556,77.1725,,False,
S0005,5.0,5.0,ANDIPATTI,THENI,1986-08-18,1991-01-04,1986-1987,1990-1991,20.0,298.0,5.28,265.9,1,Mast,,False,TAMIL NADU,Closed,10.004167,77.567778,,False,
S0006,6.0,6.0,ARASAMPALAYAM,COIMBATORE,1990-05-24,1995-05-10,1990-1991,1995-1996,20.0,370.0,5.69,194.5,1,Mast,,False,TAMIL NADU,Closed,10.845556,77.039167,,False,
S0007,7.0,7.0,AYIKUDY,TIRUNELVELI,1988-07-21,1993-09-10,1988-1989,1993-1994,20.0,179.0,5.94,305.1,1,Mast,,False,TAMIL NADU,Closed,8.996111,77.352222,,False,
S0008,8.0,8.0,EDAYARPALAYAM,COIMBATORE,1990-05-25,1995-05-11,1990-1991,1995-1996,20.0,444.0,6.22,273.2,1,Mast,,False,TAMIL NADU,Closed,10.920833,77.116389,,False,
S0009,9.0,9.0,EMERALD,NILGIRIS,1999-11-02,2001-02-15,1999-2000,2000-2001,25.0,2055.0,3.5,103.4,1,Mast,,False,TAMIL NADU,Closed,11.321944,76.630833,,False,
S0010,10.0,10.0,ENNORE,TIRUVALLUR,1992-03-23,1995-04-20,1991-1992,1995-1996,20.0,1.0,5.36,139.0,1,Mast,,False,TAMIL NADU,Closed,13.237147,80.332394,,False,
S0011,11.0,11.0,GANDARVAKOTTAI,PUDUKOTTAI,2000-12-21,2002-03-25,2000-2001,2001-2002,25.0,118.0,3.26,42.0,1,Mast,,False,TAMIL NADU,Closed,10.531111,79.016944,,False,
S0012,12.0,12.0,GANGAIKONDAN,TIRUNELVELI,1994-09-14,1998-01-10,1994-1995,1997-1998,25.0,40.0,5.11,245.7,1,Mast,,False,TAMIL NADU,Closed,8.849944,77.766361,,False,
S0013,13.0,13.0,KAINANKARAI,PUDUKOTTAI,2004-04-20,2005-10-24,2004-2005,2005-2006,50.0,100.0,5.02,132.0,1,Mast,,False,TAMIL NADU,Closed,10.680833,78.734722,,False,
S0014,14.0,14.0,KALUGUR,PUDUKOTTAI,1999-07-03,2000-10-11,1999-2000,2000-2001,25.0,160.0,3.56,86.9,1,Mast,,False,TAMIL NADU,Closed,10.383333,78.783333,,False,
S0015,15.0,15.0,KALUNIR KULAM,TIRUNELVELI,2004-09-30,2006-07-31,2004-2005,2006-2007,50.0,119.0,6.6,390.0,1,Mast,Other project,False,TAMIL NADU,Closed,8.911194,77.457611,,False,
S0016,16.0,16.0,KANNANKULAM,KANYAKUMARI,1994-07-15,1998-01-09,1994-1995,1997-1998,25.0,20.0,5.92,238.2,1,Mast,,False,TAMIL NADU,Closed,8.163611,77.581944,,False,
S0017,17.0,17.0,KANYAKUMARI,KANYAKUMARI,2003-06-28,2004-12-26,2003-2004,2004-2005,30.0,5.0,7.32,352.0,1,Mast,Other project,False,TAMIL NADU,Closed,8.077494,77.5553,,False,
S0018,18.0,18.0,KARUMANTHURAI,SALEM,1999-09-06,2000-10-12,1999-2000,2000-2001,25.0,750.0,2.94,32.8,1,Mast,,False,TAMIL NADU,Closed,11.823056,78.628333,,False,
S0019,19.0,19.0,KATTADIMALAI,KANYAKUMARI,1988-07-22,1993-09-09,1988-1989,1993-1994,20.0,90.0,6.58,312.2,1,Mast,,False,TAMIL NADU,Closed,8.240556,77.541389,,False,
S0020,20.0,20.0,KAYATTAR I,TUTICORIN,1986-08-21,1993-05-23,1986-1987,1993-1994,20.0,94.0,5.64,293.9,1,Mast,,False,TAMIL NADU,Closed,8.968889,77.73325,,False,
S0021,21.0,21.0,KAYATTAR II,TUTICORIN,1995-11-02,2005-10-30,1995-1996,2005-2006,25.0,105.0,5.37,285.4,1,Mast,,False,TAMIL NADU,Closed,8.949778,77.715972,,False,
S0022,22.0,22.0,KETHANUR 1,COIMBATORE,1990-05-21,2000-08-15,1990-1991,2000-2001,20.0,439.0,5.86,259.1,1,Mast,,False,TAMIL NADU,Closed,10.923889,77.268611,,False,
S0023,,,KETHANUR 2,COIMBATORE,2000-08-15,2005-11-29,2000-2001,2005-2006,25.0,403.0,5.47,189.0,1,Mast,,True,TAMIL NADU,Closed,10.916667,77.25,,False,
S0024,23.0,23.0,KILLUKOTTAI,PUDUKOTTAI,1999-07-02,2000-10-11,1999-2000,2000-2001,25.0,130.0,3.78,76.4,1,Mast,,False,TAMIL NADU,Closed,10.644722,78.936389,,False,
S0025,24.0,24.0,KUMARAPURAM,TIRUNELVELI,1992-12-03,1997-09-06,1992-1993,1997-1998,25.0,80.0,6.11,287.6,1,Mast,,False,TAMIL NADU,Closed,8.262711,77.5742,,False,
S0026,25.0,25.0,MANGALAPURAM,TIRUNELVELI,1996-03-07,1998-03-11,1995-1996,1997-1998,20.0,182.0,6.19,312.0,1,Mast,,False,TAMIL NADU,Closed,9.045556,77.37,,False,
S0027,26.0,26.0,MARUKALKURICHI,TIRUNELVELI,1992-12-07,1994-09-13,1992-1993,1994-1995,25.0,101.0,4.0,96.7,1,Mast,,False,TAMIL NADU,Closed,8.520556,77.657778,,False,
S0028,27.0,27.0,MEENAKSHIPURAM,THENI,1986-08-18,1991-01-04,1986-1987,1990-1991,20.0,464.0,4.56,223.7,1,Mast,,False,TAMIL NADU,Closed,9.881944,77.260556,,False,
S0029,28.0,28.0,METTUKADAI,ERODE,1990-05-22,1993-09-17,1990-1991,1993-1994,20.0,350.0,5.0,183.5,1,Mast,,False,TAMIL NADU,Closed,10.875,77.388889,,False,
S0030,29.0,29.0,MUPPANDAL (1),KANYAKUMARI,1986-08-21,1993-05-21,1986-1987,1993-1994,20.0,105.0,7.08,406.3,1,Mast,,False,TAMIL NADU,Closed,8.258333,77.555556,,False,
S0031,,,MUPPANDAL (2),KANYAKUMARI,1997-05-03,2005-10-27,1997-1998,2005-2006,25.0,103.0,6.19,243.0,1,Mast,,True,TAMIL NADU,Closed,8.25,77.55,,False,
S0032,30.0,30.0,MUTTOM,KANYAKUMARI,1994-07-11,1997-07-04,1994-1995,1997-1998,25.0,70.0,4.75,115.6,1,Mast,,False,TAMIL NADU,Closed,8.123889,77.316111,,False,
S0033,31.0,31.0,MYLAMPATTI,KARUR,2000-12-17,2003-02-13,2000-2001,2002-2003,25.0,200.0,4.74,145.0,1,Mast,,False,TAMIL NADU,Closed,10.733889,78.259722,,False,
S0034,32.0,32.0,MYVADI,COIMBATORE,1996-05-10,1997-08-07,1996-1997,1997-1998,20.0,341.0,5.44,250.9,1,Mast,,False,TAMIL NADU,Closed,10.608056,77.324167,,False,
S0035,33.0,33.0,NADUVAKKURICHI,TIRUNELVELI,1991-06-27,1994-07-12,1991-1992,1994-1995,20.0,163.0,4.67,156.6,1,Mast,,False,TAMIL NADU,Closed,9.1175,77.493056,,False,
S0036,34.0,34.0,NALLAMPALLY,DHARMAPURI,2001-02-17,2002-03-29,2000-2001,2001-2002,25.0,490.0,3.28,40.0,1,Mast,,False,TAMIL NADU,Closed,12.051111,78.100556,,False,
S0037,35.0,35.0,NETTUR,TIRUNELVELI,1992-12-07,1997-09-08,1992-1993,1997-1998,25.0,100.0,5.53,338.3,1,Mast,,False,TAMIL NADU,Closed,8.903917,77.549472,,False,
S0038,36.0,36.0,ONAMKULAM,TUTICORIN,1992-12-04,1997-09-09,1992-1993,1997-1998,25.0,100.0,5.53,247.2,1,Mast,,False,TAMIL NADU,Closed,8.949056,77.848806,,False,
S0039,37.0,37.0,OTTAPIDARAM,TUTICORIN,1991-06-25,1996-07-07,1991-1992,1996-1997,20.0,57.0,5.14,220.7,1,Mast,,False,TAMIL NADU,Closed,8.902222,78.021111,,False,
S0040,38.0,38.0,OVARI,TIRUNELVELI,1996-03-03,1998-03-10,1995-1996,1997-1998,20.0,21.0,5.08,160.0,1,Mast,,False,TAMIL NADU,Closed,8.286944,77.869444,,False,
S0041,39.0,39.0,PANAKUDI,TIRUNELVELI,1996-07-05,1998-09-13,1996-1997,1998-1999,20.0,140.0,6.36,365.9,1,Mast,,False,TAMIL NADU,Closed,8.321944,77.537778,,False,
S0042,40.0,40.0,PONGALUR,COIMBATORE,1990-05-23,1995-05-11,1990-1991,1995-1996,20.0,388.0,5.31,213.2,1,Mast,,False,TAMIL NADU,Closed,10.973611,77.351667,,False,
S0043,41.0,41.0,POOLAVADI,COIMBATORE,1986-08-13,1993-05-29,1986-1987,1993-1994,20.0,321.0,5.89,282.5,1,Mast,,False,TAMIL NADU,Closed,10.731667,77.278333,,False,
S0044,42.0,42.0,POOMPUHAR,NAGAPATTINAM,1991-06-22,1994-07-16,1991-1992,1994-1995,20.0,1.0,4.77,121.3,1,Mast,,False,TAMIL NADU,Closed,11.141111,79.857222,,False,
S0045,43.0,43.0,POOSARIPATTI,COIMBATORE,1992-12-15,1996-09-10,1992-1993,1996-1997,25.0,380.0,5.36,168.4,1,Mast,,False,TAMIL NADU,Closed,10.6725,77.1225,,False,
S0046,44.0,44.0,PULIYAMKULAM,TIRUNELVELI,1986-08-26,1993-05-21,1986-1987,1993-1994,20.0,35.0,5.26,188.4,1,Mast,,False,TAMIL NADU,Closed,8.314858,77.739656,,False,
S0047,45.0,45.0,PUSHPATHUR,DINDIGUL,2000-10-15,2002-12-05,2000-2001,2002-2003,25.0,363.0,4.47,128.0,1,Mast,,False,TAMIL NADU,Closed,10.565278,77.419167,,False,
S0048,46.0,46.0,RAMESWARAM,RAMANATHAPURAM,1988-07-24,1993-11-11,1988-1989,1993-1994,20.0,4.0,6.64,290.3,1,Mast,,False,TAMIL NADU,Closed,9.227778,79.343056,,False,
S0049,47.0,47.0,SANKANERI,TIRUNELVELI,1994-07-14,1998-01-09,1994-1995,1997-1998,25.0,30.0,6.28,258.1,1,Mast,,False,TAMIL NADU,Closed,8.198611,77.664722,,False,
S0050,48.0,48.0,SEMBAGARAMANPUDUR,KANYAKUMARI,1986-08-22,1991-10-27,1986-1987,1991-1992,20.0,40.0,6.03,299.7,1,Mast,,False,TAMIL NADU,Closed,8.254444,77.491667,,False,
S0051,49.0,49.0,SERVALLAR HILLS,TIRUNELVELI,1988-07-20,1991-01-08,1988-1989,1990-1991,20.0,312.0,4.78,207.1,1,Mast,,False,TAMIL NADU,Closed,8.685278,77.306389,,False,
S0052,50.0,50.0,SULTANPET,COIMBATORE,1986-07-28,1993-05-29,1986-1987,1993-1994,20.0,380.0,5.28,203.3,1,Mast,,False,TAMIL NADU,Closed,10.866667,77.185833,,False,
S0053,51.0,51.0,TALAYATHU,TIRUNELVELI,1988-07-18,1993-09-10,1988-1989,1993-1994,20.0,105.0,5.69,324.0,1,Mast,,False,TAMIL NADU,Closed,8.795556,77.658056,,False,
S0054,52.0,52.0,THANNIRPANDAL,COIMBATORE,1996-11-08,1999-01-06,1996-1997,1998-1999,20.0,400.0,5.06,216.4,1,Mast,,False,TAMIL NADU,Closed,10.949444,77.313583,,False,
S0055,53.0,53.0,THAYILPATTI,VIRUDHUNAGAR,2000-12-23,2002-03-24,2000-2001,2001-2002,25.0,107.0,3.0,40.0,1,Mast,,False,TAMIL NADU,Closed,9.3725,77.812222,,False,
S0056,54.0,54.0,THUPPAKUDI,TIRUNELVELI,1996-03-06,1997-03-31,1995-1996,1996-1997,20.0,80.0,3.22,78.1,1,Mast,,False,TAMIL NADU,Closed,8.769444,77.447222,,False,
S0057,55.0,55.0,TUTICORIN,TUTICORIN,1986-08-31,1993-05-24,1986-1987,1993-1994,20.0,3.0,4.89,147.6,1,Mast,,False,TAMIL NADU,Closed,8.725833,78.1325,,False,
S0058,56.0,56.0,UTHANGARAI,DHARMAPURI,1999-09-05,2000-10-12,1999-2000,2000-2001,25.0,350.0,3.22,49.6,1,Mast,,False,TAMIL NADU,Closed,12.241944,78.531111,,False,
S0059,57.0,57.0,VAKAIKULAM,TUTICORIN,1996-03-04,1998-11-16,1995-1996,1998-1999,20.0,32.0,4.61,166.9,1,Mast,,False,TAMIL NADU,Closed,8.746389,77.994722,,False,
S0060,58.0,58.0,VEDARANYAM,NAGAPATTINAM,1996-09-12,1997-11-18,1996-1997,1997-1998,20.0,3.0,3.78,82.9,1,Mast,,False,TAMIL NADU,Closed,10.358611,79.853056,,False,
S0061,59.0,59.0,VINAYAKAPURAM,TIRUNELVELI,1996-07-10,1998-01-09,1996-1997,1997-1998,20.0,80.0,4.33,114.0,1,Mast,,False,TAMIL NADU,Closed,8.349444,77.614722,,False,
S0062,60.0,60.0,VIRALIMALAI,PUDUKOTTAI,2000-12-20,2002-03-25,2000-2001,2001-2002,25.0,167.0,3.27,49.0,1,Mast,,False,TAMIL NADU,Closed,10.602222,78.539722,,False,
S0063,61.0,61.0,PUDUPUDUR,DINDIGUL,2006-11-21,2008-04-01,2006-2007,2008-2009,50.0,1860.0,3.16,42.0,1,Mast,,False,TAMIL NADU,Closed,10.301389,77.412778,,False,
S0064,62.0,62.0,UPPATTY,NILGIRIS,2007-09-19,2009-10-01,2007-2008,2009-2010,50.0,957.0,3.1,32.0,1,Mast,,False,TAMIL NADU,Closed,11.52,76.353333,,False,
S0065,63.0,63.0,KALIA NAGARI,RAMANATHAPURAM,2008-01-31,2010-01-31,2007-2008,2009-2010,50.0,7.0,5.56,157.0,1,Mast,,False,TAMIL NADU,Closed,9.804167,79.075833,,False,
S0066,64.0,64.0,MADAM,DHARMAPURI,2008-08-26,2010-09-01,2008-2009,2010-2011,50.0,530.0,4.81,104.6,1,Mast,,False,TAMIL NADU,Closed,12.130278,77.870278,,False,
S0067,65.0,65.0,CHINNASHANTIPURAM,THENI,2008-09-01,2010-09-01,2008-2009,2010-2011,50.0,580.0,3.26,56.43,1,Mast,,False,TAMIL NADU,Closed,9.708056,77.470833,,False,
S0068,66.0,66.0,M.S.PURAM,MADURAI,2008-09-26,2010-09-01,2008-2009,2010-2011,50.0,253.0,5.57,343.0,1,Mast,,False,TAMIL NADU,Closed,9.810833,77.651667,,False,
S0069,67.0,67.0,KAMAGIRI,KRISHNAGIRI,2008-09-27,2010-09-01,2008-2009,2010-2011,50.0,1178.0,6.27,215.2,1,Mast,,False,TAMIL NADU,Closed,12.360694,77.885556,,False,
S0070,68.0,68.0,JAMNA MARTHUR,THIRUVANNAMALAI,2008-10-24,2010-12-10,2008-2009,2010-2011,50.0,743.0,4.87,106.0,1,Mast,,False,TAMIL NADU,Closed,12.585278,78.887222,,False,
S0071,69.0,69.0,ITTARAI,ERODE,2012-05-26,2014-09-18,2012-2013,2014-2015,80.0,1313.0,6.05,201.62,1,Mast,,False,TAMIL NADU,Closed,11.595222,77.080944,,False,
S0072,70.0,70.0,VELLAMADAM,TUTICORIN,2012-05-28,2014-09-18,2012-2013,2014-2015,80.0,23.0,5.63,183.83,1,Mast,,False,TAMIL NADU,Closed,8.574083,77.963806,,False,
S0073,71.0,71.0,KAYATHAR,TUTICORIN,2013-08-29,2022-05-01,2013-2014,2022-2023,120.0,88.0,6.29,319.2,1,Mast,,False,TAMIL NADU,Closed,8.962297,77.719667,,False,
S0074,72.0,72.0,MAMARATHUPATTI,KARUR,2013-09-12,2015-02-28,2013-2014,2014-2015,80.0,225.0,6.11,271.21,1,Mast,,False,TAMIL NADU,Closed,10.750306,78.248306,,False,
S0075,73.0,73.0,NALLUR,ERODE,2013-11-10,2016-04-12,2013-2014,2016-2017,100.0,280.0,4.18,81.44,2,Mast,,False,TAMIL NADU,Closed,11.38,77.18075,,False,
S0076,74.0,74.0,DHANUSKODI,RAMANATHAPURAM,2013-01-10,2020-04-06,2012-2013,2020-2021,102.0,1.0,8.65,536.0,2,Mast,,False,TAMIL NADU,Closed,9.167994,79.428969,,False,
S0077,75.0,75.0,KALIMANDAYAM,DINDIGUL,2013-12-13,2022-08-28,2013-2014,2022-2023,100.0,302.0,5.92,279.36,2,Mast,'*' (legend not given),False,TAMIL NADU,Closed,10.575889,77.68925,,False,
S0078,76.0,76.0,KARUNGAL / PALAYAM,DINDIGUL,2013-12-15,2016-12-25,2013-2014,2016-2017,100.0,210.0,6.34,292.92,2,Mast,,False,TAMIL NADU,Closed,10.743528,78.138056,,False,
S0079,77.0,77.0,SRIVILLIPUTHUR,VIRUDHUNAGAR,2013-12-17,2016-04-11,2013-2014,2016-2017,100.0,146.0,4.22,87.04,2,Mast,,False,TAMIL NADU,Closed,9.473083,77.738111,,False,
S0080,78.0,78.0,AKKANAYAKANPATTI,TUTICORIN,2013-12-19,2022-07-31,2013-2014,2022-2023,100.0,72.0,7.42,468.29,2,Mast,'*' (legend not given),False,TAMIL NADU,Closed,8.860917,77.8865,,False,
S0081,79.0,79.0,MELAMANDAI,TUTICORIN,2013-12-21,2017-01-19,2013-2014,2016-2017,100.0,7.0,6.35,230.25,2,Mast,,False,TAMIL NADU,Closed,9.079861,78.295639,,False,
S0082,80.0,80.0,KEERANIPATTI,SIVAGANGAI,2013-12-26,2016-04-07,2013-2014,2016-2017,100.0,104.0,4.7,96.86,2,Mast,,False,TAMIL NADU,Closed,10.056083,78.712778,,False,
S0083,81.0,81.0,ENNORE PORT,CHENNAI,2013-12-20,2016-03-15,2013-2014,2015-2016,80.0,5.0,,,2,Mast,Other project,False,TAMIL NADU,Closed,13.279944,80.344111,,False,
S0084,82.0,82.0,UDAYALIPATTI,PUDUKOTTAI,2014-01-16,2016-03-25,2013-2014,2015-2016,100.0,110.0,5.59,160.32,2,Mast,,False,TAMIL NADU,Closed,10.583722,78.882667,,False,
S0085,83.0,83.0,SANKARAN KOVIL,TIRUNELVELI,2014-01-17,2016-04-10,2013-2014,2016-2017,100.0,151.0,5.25,174.24,2,Mast,,False,TAMIL NADU,Closed,9.159222,77.529556,,False,
S0086,84.0,84.0,PALAYA VATHALA KUNDU,DINDIGUL,2014-01-29,2016-04-07,2013-2014,2016-2017,100.0,270.0,4.87,132.71,2,Mast,,False,TAMIL NADU,Closed,10.141167,77.734639,,False,
S0087,85.0,85.0,SUBRAMANIYA PURAM,TRICHY,2014-01-30,2019-03-31,2013-2014,2018-2019,100.0,145.0,5.86,202.73,2,Mast,'*' (legend not given),False,TAMIL NADU,Closed,11.06395,78.651361,,False,
S0088,86.0,86.0,VIRALIMALAI,PUDUKOTTAI,2014-03-11,2016-04-05,2013-2014,2016-2017,100.0,150.0,5.78,218.54,2,Mast,,False,TAMIL NADU,Closed,10.638261,78.528319,,False,
S0089,87.0,87.0,GANDHIGRAM RURAL INSTITUTE,DINDIGUL,2015-11-03,2017-07-27,2015-2016,2017-2018,50.0,315.0,,,2,Mast,Other project,False,TAMIL NADU,Closed,10.276967,77.936494,,False,
S0090,88.0,88.0,AARUPADAI VEEDU INSTITTUTE OF TECHNOLOGY,KANCHEEPURAM,2016-01-08,2017-07-27,2015-2016,2017-2018,50.0,15.0,,,2,Mast,Other project,False,TAMIL NADU,Closed,12.656569,80.181953,,False,
S0091,89.0,89.0,TNPL PERUNGUDI,TIRUNELVELI,2016-07-30,2022-07-31,2016-2017,2022-2023,50.0,45.0,6.35,251.26,2,Mast,Other project,False,TAMIL NADU,Closed,8.256983,77.581233,,False,
S0092,90.0,90.0,KELAYAMBAL,PUDUKOTTAI,2016-12-23,2018-02-28,2016-2017,2017-2018,80.0,7.0,5.62,157.34,2,Mast,Other project,False,TAMIL NADU,Closed,9.943017,79.150089,,False,
S0093,91.0,91.0,DEVIMANGALAM,TRICHY,2017-02-07,2019-03-31,2016-2017,2018-2019,100.0,91.0,5.69,177.64,2,Mast,'*' (legend not given),False,TAMIL NADU,Closed,10.971414,78.738614,,False,
S0094,92.0,92.0,DALMIA(MUPPANDAL),KANYAKUMARI,2017-11-01,2022-07-31,2017-2018,2022-2023,50.0,121.0,7.31,365.7,2,Mast,,False,TAMIL NADU,Closed,8.260553,77.536367,,False,
S0095,93.0,93.0,KAVALKINARU (ABAN 1),TIRUNELVELI,2018-01-20,2022-07-31,2017-2018,2022-2023,100.0,72.0,,,2,Mast,,False,TAMIL NADU,Closed,8.285664,77.595342,,False,
S0096,94.0,94.0,VEERANAM,TIRUNELVELI,2018-01-24,2022-07-31,2017-2018,2022-2023,100.0,122.0,6.49,365.1,2,Mast,,False,TAMIL NADU,Closed,8.947,77.481692,,False,
S0097,95.0,95.0,RADHAPURAM (ABAN 2),TIRUNELVELI,2018-01-22,2022-07-31,2017-2018,2022-2023,100.0,49.0,,,2,Mast,,False,TAMIL NADU,Closed,8.253083,77.669708,,False,
S0098,96.0,96.0,UTHUMALAI,TIRUNELVELI,2021-03-17,2023-07-08,2020-2021,2022-2023,100.0,122.0,4.88,186.98,2,Mast,,False,TAMIL NADU,Closed,8.997522,77.520281,,True,Closed date 2023-07-08 does not match FY 2022-2023
S0099,97.0,97.0,DOMBUCHERY,THENI,2021-03-18,2023-07-06,2020-2021,2022-2023,100.0,327.0,6.48,354.63,2,Mast,,False,TAMIL NADU,Closed,9.961392,77.385003,,True,Closed date 2023-07-06 does not match FY 2022-2023
S0100,98.0,98.0,MAVATHUR,KARUR,2021-03-19,2023-07-04,2020-2021,2022-2023,100.0,198.0,5.4,177.42,2,Mast,,False,TAMIL NADU,Closed,10.683067,78.247514,,True,Closed date 2023-07-04 does not match FY 2022-2023
S0101,99.0,99.0,POLLACHI,COIMBATORE,2021-03-20,2023-07-04,2020-2021,2022-2023,100.0,379.0,7.1,301.15,2,Mast,,False,TAMIL NADU,Closed,10.676119,77.120578,,True,Closed date 2023-07-04 does not match FY 2022-2023
S0102,100.0,1.0,ADESAR,KUTCH,1988-06-13,1993-10-20,1988-1989,1993-1994,20.0,30.0,4.33,93.4,2,Mast,,False,GUJARAT,Closed,23.5575,70.979167,,False,
S0103,101.0,2.0,AMRAPAR (GIR),JUNAGADH,1996-08-10,1998-10-09,1996-1997,1998-1999,20.0,146.0,5.47,147.1,2,Mast,,False,GUJARAT,Closed,21.179694,70.418111,,False,
S0104,102.0,3.0,AMRAPAR (SETH),RAJKOT,1997-02-11,1999-05-08,1996-1997,1999-2000,20.0,102.0,5.33,151.3,2,Mast,,False,GUJARAT,Closed,21.730194,70.027167,,False,
S0105,103.0,4.0,BAMANBORE 1,SURENDRA NAGAR,1988-02-07,1992-12-24,1987-1988,1992-1993,20.0,186.0,4.31,108.2,2,Mast,,False,GUJARAT,Closed,22.407028,71.026222,,False,
S0106,104.0,5.0,BAMANBORE 2,SURENDRA NAGAR,1990-10-28,1995-10-21,1990-1991,1995-1996,20.0,227.0,5.64,170.9,2,Mast,,False,GUJARAT,Closed,22.430444,71.056806,,False,
S0107,105.0,6.0,BAYATH,KUTCH,1997-06-14,1999-07-13,1997-1998,1999-2000,20.0,20.0,5.0,118.2,2,Mast,,False,GUJARAT,Closed,22.940556,69.171389,,False,
S0108,106.0,7.0,BHANDARIYA,JAMNAGAR,1992-12-22,1996-12-08,1992-1993,1996-1997,20.0,97.0,5.42,161.7,2,Mast,,False,GUJARAT,Closed,22.089167,69.6825,,False,
S0109,107.0,8.0,BUTAVADAR,JAMNAGAR,2001-04-22,2003-08-28,2001-2002,2003-2004,20.0,119.0,4.56,98.0,2,Mast,,False,GUJARAT,Closed,21.949611,70.202306,,False,
S0110,108.0,9.0,DAHOD,DAHOD,1988-05-26,1993-10-19,1988-1989,1993-1994,20.0,360.0,4.72,107.9,2,Mast,,False,GUJARAT,Closed,22.841944,74.176389,,False,
S0111,109.0,10.0,DANDI,NAVSARI,1988-06-02,1992-08-24,1988-1989,1992-1993,20.0,3.0,4.03,72.3,2,Mast,,False,GUJARAT,Closed,20.891389,72.808611,,False,
S0112,110.0,11.0,DHANDHALPUR,SURENDRA NAGAR,2001-07-06,2004-03-15,2001-2002,2003-2004,25.0,185.0,5.51,144.0,2,Mast,,False,GUJARAT,Closed,22.383333,71.366667,,False,
S0113,111.0,12.0,DHANK 1 (1),RAJKOT,1990-10-28,1998-02-23,1990-1991,1997-1998,20.0,154.0,6.78,311.5,2,Mast,,False,GUJARAT,Closed,21.787278,70.121917,,False,
S0114,,,DHANK (2),RAJKOT,1999-02-24,2005-07-21,1998-1999,2005-2006,25.0,,5.02,122.0,2,Mast,,True,GUJARAT,Closed,,,Incomplete latitude (deg/min missing); Incomplete longitude (deg/min missing),True,Incomplete latitude (deg/min missing); Incomplete longitude (deg/min missing); Missing coordinates
S0115,112.0,13.0,DHANK 2,RAJKOT,1990-10-28,1995-10-21,1990-1991,1995-1996,20.0,187.0,6.97,327.0,2,Mast,,False,GUJARAT,Closed,21.790131,70.117472,,False,
S0116,113.0,14.0,DHROBANA,KUTCH,1999-02-22,2000-11-13,1998-1999,2000-2001,25.0,40.0,4.81,124.1,2,Mast,,False,GUJARAT,Closed,23.940833,69.7475,,False,
S0117,114.0,15.0,DUMDHA,SURAT,1999-02-27,2000-09-03,1998-1999,2000-2001,25.0,145.0,4.14,94.1,2,Mast,,False,GUJARAT,Closed,21.2,73.533333,latitude seconds missing in PDF; taken as 0; longitude seconds missing in PDF; taken as 0,True,latitude seconds missing in PDF; taken as 0; longitude seconds missing in PDF; taken as 0
S0118,115.0,16.0,GALA,JAMNAGAR,1998-08-07,2000-11-15,1998-1999,2000-2001,20.0,111.0,5.49,175.0,2,Mast,,False,GUJARAT,Closed,22.247667,70.114222,,False,
S0119,116.0,17.0,GODLADHAR,RAJKOT,1997-02-13,1999-05-07,1996-1997,1999-2000,20.0,240.0,5.52,144.0,2,Mast,,False,GUJARAT,Closed,22.054278,71.313472,,False,
S0120,117.0,18.0,HARIPAR,JAMNAGAR,1996-08-09,1998-12-20,1996-1997,1998-1999,20.0,51.0,5.46,159.9,2,Mast,,False,GUJARAT,Closed,22.265694,69.639306,,False,
S0121,118.0,19.0,HARSHAD,JAMNAGAR,1986-12-07,1992-02-27,1986-1987,1991-1992,20.0,15.0,5.56,163.7,2,Mast,,False,GUJARAT,Closed,21.837389,69.363944,,False,
S0122,119.0,20.0,JAFRABAD,AMRELI,1988-06-15,1993-10-25,1988-1989,1993-1994,20.0,25.0,4.86,137.3,2,Mast,,False,GUJARAT,Closed,20.897186,71.392525,,False,
S0123,120.0,21.0,JAMANVADA,KUTCH,1993-02-22,1996-12-11,1992-1993,1996-1997,20.0,60.0,5.17,149.4,2,Mast,,False,GUJARAT,Closed,23.578333,68.598056,,False,
S0124,121.0,22.0,JASAPAR,AMRELI,2001-04-25,2003-08-29,2001-2002,2003-2004,20.0,224.0,4.78,104.0,2,Mast,,False,GUJARAT,Closed,21.357056,71.091667,,False,
S0125,122.0,23.0,KAGAVAD,RAJKOT,2000-03-14,2003-03-23,1999-2000,2002-2003,20.0,132.0,5.13,141.0,2,Mast,,False,GUJARAT,Closed,21.791944,70.697222,,False,
S0126,123.0,24.0,KALYANPUR,JAMNAGAR,1990-10-31,1995-10-20,1990-1991,1995-1996,20.0,92.0,6.14,207.5,2,Mast,,False,GUJARAT,Closed,22.056722,69.401611,,False,
S0127,124.0,25.0,KERA,KUTCH,1996-08-14,1998-10-07,1996-1997,1998-1999,20.0,120.0,5.39,135.3,2,Mast,,False,GUJARAT,Closed,23.055833,69.614167,,False,
S0128,125.0,26.0,KHAMBADA,AMRELI,1999-11-20,2002-12-24,1999-2000,2002-2003,20.0,169.0,4.94,126.2,2,Mast,,False,GUJARAT,Closed,21.972417,71.360861,,False,
S0129,126.0,27.0,KUKMA,KUTCH,1990-08-14,1993-10-22,1990-1991,1993-1994,20.0,224.0,5.33,149.6,2,Mast,,False,GUJARAT,Closed,23.172439,69.778422,,False,
S0130,127.0,28.0,LAMBA,JAMNAGAR,1992-12-22,1997-02-10,1992-1993,1996-1997,20.0,8.0,5.56,164.2,2,Mast,,False,GUJARAT,Closed,21.890389,69.291222,,False,
S0131,128.0,29.0,LIMBARA,RAJKOT,1992-12-25,1996-12-09,1992-1993,1996-1997,20.0,165.0,5.31,165.6,2,Mast,,False,GUJARAT,Closed,22.554333,70.985944,,False,
S0132,129.0,30.0,MAHIDAD,SURENDRA NAGAR,1998-12-23,2001-04-18,1998-1999,2001-2002,25.0,326.0,5.97,178.0,2,Mast,,False,GUJARAT,Closed,22.280444,71.192139,,False,
S0133,130.0,31.0,MESARIA,RAJKOT,1996-08-07,1998-10-05,1996-1997,1998-1999,20.0,193.0,5.11,124.0,2,Mast,,False,GUJARAT,Closed,22.467722,71.095611,,False,
S0134,131.0,32.0,MOTA DADAWA,RAJKOT,2000-01-18,2001-07-10,1999-2000,2001-2002,20.0,179.0,4.92,112.5,2,Mast,,False,GUJARAT,Closed,22.004083,71.013167,,False,
S0135,132.0,33.0,MOTI SINDHOLI,KUTCH,1988-05-28,1993-10-21,1988-1989,1993-1994,20.0,10.0,4.87,117.9,2,Mast,,False,GUJARAT,Closed,23.156667,68.783333,,False,
S0136,133.0,34.0,MUNDRA,KUTCH,1988-05-29,1993-10-21,1988-1989,1993-1994,20.0,2.0,5.42,167.5,2,Mast,,False,GUJARAT,Closed,22.791389,69.721667,,False,
S0137,134.0,35.0,NANI KUNDAL,AMRELI,1997-04-13,1999-07-08,1997-1998,1999-2000,20.0,166.0,5.74,162.5,2,Mast,,False,GUJARAT,Closed,21.910722,71.450972,,False,
S0138,135.0,36.0,NAVADRA,JAMNAGAR,1992-12-23,1997-02-10,1992-1993,1996-1997,20.0,24.0,5.78,182.7,2,Mast,,False,GUJARAT,Closed,21.947083,69.240694,,False,
S0139,136.0,37.0,NAVI BANDER,PORBANDAR,1988-06-14,1993-10-24,1988-1989,1993-1994,20.0,12.0,5.42,153.2,2,Mast,,False,GUJARAT,Closed,21.448194,69.788694,,False,
S0140,137.0,38.0,OKHA,JAMNAGAR,1986-12-08,1993-10-24,1986-1987,1993-1994,20.0,3.0,5.39,150.1,2,Mast,,False,GUJARAT,Closed,22.457278,69.0415,,False,
S0141,138.0,39.0,OKHAMADHI,JAMNAGAR,1988-06-14,1993-10-24,1988-1989,1993-1994,20.0,20.0,5.28,129.2,2,Mast,,False,GUJARAT,Closed,22.084722,69.105472,,False,
S0142,139.0,40.0,PAREWADA,RAJKOT,2001-09-14,2003-03-21,2001-2002,2002-2003,25.0,176.0,4.91,122.0,2,Mast,,False,GUJARAT,Closed,22.337,71.014508,,False,
S0143,140.0,41.0,POLADIYA,KUTCH,1998-08-05,2000-11-14,1998-1999,2000-2001,20.0,138.0,5.72,177.0,2,Mast,,False,GUJARAT,Closed,23.058333,69.220556,,False,
S0144,141.0,42.0,RATABHE,SURENDRA NAGAR,1998-08-04,1999-09-13,1998-1999,1999-2000,20.0,88.0,4.86,122.9,2,Mast,,False,GUJARAT,Closed,22.849667,70.989528,,False,
S0145,142.0,43.0,ROJMAL 1,BHAVNAGAR,1997-02-13,1999-05-07,1996-1997,1999-2000,20.0,140.0,4.44,81.3,2,Mast,,False,GUJARAT,Closed,22.016667,71.466667,,False,
S0146,,,ROJMAL 2,BHAVNAGAR,1999-11-20,2002-12-24,1999-2000,2002-2003,20.0,137.0,5.12,129.0,2,Mast,,True,GUJARAT,Closed,22.013,71.477389,,False,
S0147,143.0,44.0,SADODAR,JAMNAGAR,1998-12-22,2001-04-21,1998-1999,2001-2002,20.0,241.0,5.19,125.8,2,Mast,,False,GUJARAT,Closed,22.035083,70.244611,,False,
S0148,144.0,45.0,SANODAR,BHAVNAGAR,1996-08-11,1998-12-24,1996-1997,1998-1999,20.0,195.0,6.24,197.1,2,Mast,,False,GUJARAT,Closed,21.557111,72.108583,,False,
S0149,145.0,46.0,SAPUTARA,THE DANGS,1988-06-03,1992-08-23,1988-1989,1992-1993,20.0,880.0,3.22,40.4,2,Mast,,False,GUJARAT,Closed,20.581111,73.755556,,False,
S0150,146.0,47.0,SINAI,KUTCH,1996-08-13,1998-12-18,1996-1997,1998-1999,20.0,57.0,5.77,182.8,2,Mast,,False,GUJARAT,Closed,23.045833,70.062222,,False,
S0151,147.0,48.0,SINUGRA,KUTCH,1996-08-13,1998-01-20,1996-1997,1997-1998,20.0,100.0,4.79,102.8,2,Mast,,False,GUJARAT,Closed,23.087778,69.962222,,False,
S0152,148.0,49.0,SIVALAKHA,KUTCH,2000-11-12,2004-03-16,2000-2001,2003-2004,25.0,100.0,4.52,91.0,2,Mast,,False,GUJARAT,Closed,23.383333,70.633333,,False,
S0153,149.0,50.0,SURAJBARI,KUTCH,1988-06-13,1993-10-22,1988-1989,1993-1994,20.0,11.0,5.42,184.2,3,Mast,,False,GUJARAT,Closed,23.216842,70.705414,,False,
S0154,150.0,51.0,SUVARDA,JAMNAGAR,1998-05-20,2001-04-21,1998-1999,2001-2002,20.0,80.0,5.61,165.6,3,Mast,,False,GUJARAT,Closed,22.401917,70.164111,,False,
S0155,151.0,52.0,TAGA,KUTCH,2000-01-21,2001-09-16,1999-2000,2001-2002,20.0,47.0,4.53,99.0,3,Mast,,False,GUJARAT,Closed,23.829722,69.849444,,False,
S0156,152.0,53.0,VANDHYA,KUTCH,2003-06-13,2005-10-19,2003-2004,2005-2006,45.0,14.0,5.76,196.0,3,Mast,,False,GUJARAT,Closed,23.218333,70.601111,,False,
S0157,153.0,54.0,VELAN,AMRELI,1988-06-15,1993-10-25,1988-1989,1993-1994,20.0,6.0,4.42,99.6,3,Mast,,False,GUJARAT,Closed,20.714944,70.829639,,False,
S0158,154.0,55.0,VERAVAL,JUNAGAD,1988-05-31,1992-02-29,1988-1989,1991-1992,20.0,6.0,4.89,129.3,3,Mast,,False,GUJARAT,Closed,20.911333,70.352667,,False,
S0159,155.0,56.0,WARSHAMEDI,RAJKOT,2000-11-11,2003-08-27,2000-2001,2003-2004,20.0,9.0,5.67,192.0,3,Mast,,False,GUJARAT,Closed,22.971139,70.566528,,False,
S0160,156.0,57.0,VADGAM,ANAND,2006-07-26,2009-01-31,2006-2007,2008-2009,50.0,10.0,5.81,187.72,3,Mast,,False,GUJARAT,Closed,22.340278,72.575833,,False,
S0161,157.0,58.0,SANGASAR,DAHOD,2007-03-12,2009-06-13,2006-2007,2009-2010,50.0,481.0,6.0,207.0,3,Mast,,False,GUJARAT,Closed,22.694667,74.168583,,False,
S0162,158.0,59.0,NAVA,SURENDRA NAGAR,2008-06-01,2010-06-30,2008-2009,2010-2011,50.0,185.0,5.57,139.25,3,Mast,,False,GUJARAT,Closed,22.4925,71.215833,,False,
S0163,159.0,60.0,CHAPRIYALI,BHAV NAGAR,2008-06-04,2010-06-30,2008-2009,2010-2011,50.0,204.0,5.7,150.79,3,Mast,,False,GUJARAT,Closed,21.328,71.667194,,False,
S0164,160.0,61.0,VEKARIYA,JUNAGADH,2008-06-05,2010-06-30,2008-2009,2010-2011,50.0,284.0,5.39,129.22,3,Mast,,False,GUJARAT,Closed,21.327944,70.883083,,False,
S0165,161.0,62.0,NANA ASOTA,JAMNAGAR,2008-06-07,2010-06-30,2008-2009,2010-2011,50.0,39.0,5.76,152.85,3,Mast,,False,GUJARAT,Closed,22.253972,69.538417,,False,
S0166,162.0,63.0,LODHRANI,KUTCH,2008-06-08,2010-06-30,2008-2009,2010-2011,50.0,30.0,5.74,166.07,3,Mast,,False,GUJARAT,Closed,23.883083,70.641667,,False,
S0167,163.0,64.0,LAMBA,JAMNAGAR,2008-12-07,2015-12-21,2008-2009,2015-2016,120.0,10.0,6.85,261.46,3,Mast,,False,GUJARAT,Closed,21.904111,69.281306,,False,
S0168,164.0,65.0,SARVA,BHAV NAGAR,2010-06-22,2012-09-30,2010-2011,2012-2013,50.0,151.0,5.52,149.06,3,Mast,,False,GUJARAT,Closed,22.224444,71.491611,,False,
S0169,165.0,66.0,JEGAWADA,SURENDRA NAGAR,2010-06-26,2012-09-30,2010-2011,2012-2013,50.0,87.0,5.48,152.9,3,Mast,,False,GUJARAT,Closed,22.959194,71.508333,,False,
S0170,166.0,67.0,VIREWADI,BHAV NAGAR,2010-06-24,2012-09-30,2010-2011,2012-2013,50.0,162.0,5.79,167.63,3,Mast,,False,GUJARAT,Closed,22.037472,71.467333,,False,
S0171,167.0,68.0,BALAVA,JAMNAGAR,2010-11-18,2012-11-30,2010-2011,2012-2013,50.0,156.0,5.66,144.89,3,Mast,,False,GUJARAT,Closed,21.869056,69.960972,,False,
S0172,168.0,69.0,JIKIALI,AMRELI,2010-11-20,2012-11-30,2010-2011,2012-2013,50.0,224.0,5.51,138.37,3,Mast,,False,GUJARAT,Closed,21.278972,71.263333,,False,
S0173,169.0,70.0,MOTA UBHADA,SURENDRANAGAR,2013-09-19,2015-10-11,2013-2014,2015-2016,100.0,31.0,5.81,194.62,3,Mast,,False,GUJARAT,Closed,23.2365,71.97275,,False,
S0174,170.0,71.0,ORUMANA,PATAN,2013-09-20,2016-01-18,2013-2014,2015-2016,100.0,53.0,5.79,198.46,3,Mast,,False,GUJARAT,Closed,23.604056,71.90125,,False,
S0175,171.0,72.0,SUIGAM,BANASKTHA,2013-09-22,2015-10-10,2013-2014,2015-2016,100.0,30.0,6.04,238.45,3,Mast,,False,GUJARAT,Closed,24.168194,71.346806,,False,
S0176,172.0,73.0,KURAN,KUTCH,2013-09-23,2015-07-26,2013-2014,2015-2016,100.0,35.0,6.21,237.43,3,Mast,,False,GUJARAT,Closed,23.951833,69.752833,,False,
S0177,173.0,74.0,PANDHARO,KUTCH,2013-09-25,2017-01-19,2013-2014,2016-2017,100.0,47.0,6.95,284.16,3,Mast,,False,GUJARAT,Closed,23.693556,68.729667,,False,
S0178,174.0,75.0,MALEGON,DANG,2013-10-21,2016-03-20,2013-2014,2015-2016,100.0,626.0,4.39,111.35,3,Mast,,False,GUJARAT,Closed,20.604361,73.739639,,False,
S0179,175.0,76.0,VIRATHWA,TAPI,2013-10-19,2016-09-20,2013-2014,2016-2017,100.0,387.0,4.51,91.77,3,Mast,,False,GUJARAT,Closed,21.000444,73.804583,,False,
S0180,176.0,77.0,KHAVI,BHARUCH,2013-10-21,2016-11-18,2013-2014,2016-2017,100.0,29.0,5.95,206.32,3,Mast,,False,GUJARAT,Closed,22.187389,72.664028,,False,
S0181,177.0,78.0,MOTIBARU,AHMEDABAD,2013-10-22,2017-01-19,2013-2014,2016-2017,100.0,16.0,6.33,246.62,3,Mast,,False,GUJARAT,Closed,22.470989,72.351169,,False,
S0182,178.0,79.0,AGIYALI,BHAVNAGAR,2013-10-23,2017-01-05,2013-2014,2016-2017,100.0,165.0,6.26,206.48,3,Mast,,False,GUJARAT,Closed,21.574739,72.014211,,False,
S0183,179.0,80.0,GAGA,JAMNAGAR,2013-10-25,2016-12-17,2013-2014,2016-2017,100.0,2.0,6.81,266.44,3,Mast,,False,GUJARAT,Closed,22.131419,69.214389,,False,
S0184,180.0,81.0,LILWA THAKOR,DAHOD,2013-12-04,2016-03-13,2013-2014,2015-2016,100.0,306.0,5.82,179.36,3,Mast,,False,GUJARAT,Closed,23.04845,74.209511,,False,
S0185,181.0,82.0,JAFRABAD(BHANKODAR),AMERELI,2017-10-31,2021-01-31,2017-2018,2020-2021,100.0,24.0,7.01,296.75,3,Mast,,False,GUJARAT,Closed,20.891617,71.459889,,False,
S0186,182.0,83.0,CHITRAKHADA,RAJKOT,2019-12-11,2022-07-31,2019-2020,2022-2023,100.0,118.0,5.95,184.73,3,Mast,,False,GUJARAT,Closed,22.678556,71.136778,,False,
S0187,183.0,84.0,KODDHA,PATAN,2019-12-13,2022-07-31,2019-2020,2022-2023,100.0,11.0,,,3,Mast,,False,GUJARAT,Closed,23.545917,71.496022,,False,
S0188,184.0,85.0,UKHEDA,BHUJ KUTCH,2019-12-14,2022-07-31,2019-2020,2022-2023,100.0,122.0,6.1,190.65,3,Mast,,False,GUJARAT,Closed,23.349217,69.133139,,False,
S0189,185.0,86.0,BADA,BHUJ KUTCH,2019-12-16,2022-07-31,2019-2020,2022-2023,100.0,17.0,,,3,Mast,,False,GUJARAT,Closed,22.922414,69.136747,,False,
S0190,186.0,87.0,LUNKI,AMRELI,2019-12-18,2022-07-31,2019-2020,2022-2023,100.0,170.0,6.32,213.4,3,Mast,,False,GUJARAT,Closed,21.820139,71.27,,False,
S0191,187.0,88.0,LAKHDHIRGADH,BHUJ KUTCH,2019-12-23,2022-07-31,2019-2020,2022-2023,100.0,27.0,5.34,154.58,3,Mast,,False,GUJARAT,Closed,23.252597,70.595908,,False,
S0192,188.0,89.0,DHRAFA,JAMNAGAR,2019-12-25,2022-07-31,2019-2020,2022-2023,100.0,111.0,5.99,182.09,3,Mast,,False,GUJARAT,Closed,21.963061,70.126308,,False,
S0193,189.0,90.0,VAYOR,KUTCH,2020-02-27,2022-07-31,2019-2020,2022-2023,100.0,40.0,6.67,247.07,3,Mast,,False,GUJARAT,Closed,23.428872,68.690456,,False,
S0194,190.0,91.0,DEVALIYA,RAJKOT,2020-02-29,2022-07-31,2019-2020,2022-2023,100.0,188.0,6.09,191.91,3,Mast,,False,GUJARAT,Closed,22.081383,70.92985,,False,
S0195,191.0,92.0,KHAVDA 1,KUTCH,2021-05-08,2022-07-03,2021-2022,2021-2022,100.0,3.0,7.71,418.17,3,Mast,SNA project,False,GUJARAT,Closed,24.078906,69.526689,,True,Closed date 2022-07-03 does not match FY 2021-2022
S0196,192.0,93.0,KHAVDA 2,KUTCH,2021-05-10,2022-12-15,2021-2022,2021-2022,100.0,3.0,7.72,430.13,3,Mast,SNA project,False,GUJARAT,Closed,24.187056,69.341389,,True,Closed date 2022-12-15 does not match FY 2021-2022
S0197,193.0,94.0,KHAVDA 3,KUTCH,2021-05-09,2022-05-31,2021-2022,2021-2022,100.0,3.0,7.86,451.47,3,Mast,SNA project,False,GUJARAT,Closed,24.201119,69.498075,,True,Closed date 2022-05-31 does not match FY 2021-2022
S0198,194.0,95.0,GOGLA,AHMEDABAD,2021-11-13,2022-04-12,2021-2022,2021-2022,100.0,10.0,6.13,222.2,3,Mast,,False,GUJARAT,Closed,22.273931,72.253639,,True,Closed date 2022-04-12 does not match FY 2021-2022
S0199,195.0,96.0,RAMPARA,SURENDRANAGAR,2021-11-14,2022-12-17,2021-2022,2021-2022,100.0,101.0,6.21,210.43,3,Mast,,False,GUJARAT,Closed,22.574419,71.559922,,True,Closed date 2022-12-17 does not match FY 2021-2022
S0200,196.0,97.0,LALIYA,NAVSARI,2021-11-16,,2021-2022,,100.0,66.0,,,3,Mast,,False,GUJARAT,Closed,22.13175,69.645056,,False,
S0201,197.0,97.0,LAMBA,DEVBHUMI DWARAKA,2021-11-17,2023-06-15,2021-2022,2022-2023,100.0,12.0,6.75,256.57,3,Mast,,False,GUJARAT,Closed,21.902608,69.279183,,True,Closed date 2023-06-15 does not match FY 2022-2023
S0202,198.0,98.0,GADHWALI,KUTCH,2021-11-22,2022-12-10,2021-2022,2021-2022,100.0,4.0,6.44,220.61,3,Mast,,False,GUJARAT,Closed,23.082058,68.787611,,True,Closed date 2022-12-10 does not match FY 2021-2022
S0203,199.0,1.0,CHANDIPUR,BALASORE,1986-09-10,1990-08-22,1986-1987,1990-1991,20.0,5.0,4.21,120.1,3,Mast,,False,ODISHA,Closed,21.440556,87.025278,,False,
S0204,200.0,2.0,CHATRAPUR,GANJAM,1986-09-15,1990-08-24,1986-1987,1990-1991,20.0,12.0,4.0,101.0,3,Mast,,False,ODISHA,Closed,19.316944,84.965833,,False,
S0205,201.0,3.0,DAMANJODI (1),ODISHA,1995-09-06,1997-03-27,1995-1996,1996-1997,20.0,1325.0,4.55,128.6,3,Mast,,False,ODISHA,Closed,18.821111,83.003611,,False,
S0206,,,DAMANJODI (2),KORAPUT,1998-01-30,1999-06-26,1997-1998,1999-2000,20.0,1340.0,5.18,150.4,3,Mast,,True,ODISHA,Closed,18.828333,83.007222,,False,
S0207,202.0,4.0,GOPALPUR,GANJAM,1986-09-15,1990-08-24,1986-1987,1990-1991,20.0,15.0,3.97,123.9,3,Mast,,False,ODISHA,Closed,19.255833,84.906389,,False,
S0208,203.0,5.0,KAIPADAR 1,KHORDHA,1986-09-08,1991-10-14,1986-1987,1991-1992,20.0,72.0,4.3,129.9,3,Mast,,False,ODISHA,Closed,20.121667,85.588056,,False,
S0209,204.0,6.0,KAIPADAR 2,KHORDHA,1986-09-08,1988-05-04,1986-1987,1988-1989,20.0,109.0,4.5,114.5,3,Mast,,False,ODISHA,Closed,20.117778,85.581111,,False,
S0210,205.0,7.0,MARINE DRIVE,PURI,1986-09-13,1990-08-23,1986-1987,1990-1991,20.0,8.0,3.4,57.5,3,Mast,,False,ODISHA,Closed,19.844167,85.983611,,False,
S0211,206.0,8.0,PARADWIP,JAGATSINGHPUR,1986-09-11,1990-08-20,1986-1987,1990-1991,20.0,2.0,4.95,152.9,3,Mast,,False,ODISHA,Closed,20.251667,86.6525,,False,
S0212,207.0,9.0,PURI,PURI,1986-09-03,1990-08-23,1986-1987,1990-1991,20.0,7.0,4.83,136.6,3,Mast,,False,ODISHA,Closed,19.787319,85.800608,,False,
S0213,208.0,10.0,U ALLUPUR,GANJAM,2012-10-14,2014-11-28,2012-2013,2014-2015,80.0,21.0,3.72,75.71,3,Mast,,False,ODISHA,Closed,19.6305,85.15575,,False,
S0214,209.0,11.0,ARIPUTRAGHATI,KORAPUT,2012-10-16,2015-12-28,2012-2013,2015-2016,80.0,1139.0,4.46,103.41,3,Mast,,False,ODISHA,Closed,18.792472,82.954792,,False,
S0215,210.0,12.0,ZILLAGAON,KALAHANDI,2012-10-19,2015-12-28,2012-2013,2015-2016,80.0,1010.0,4.64,105.77,3,Mast,,False,ODISHA,Closed,19.666389,83.164306,,False,
S0216,211.0,13.0,DHILIPANBANDHA,RAYAGADA,2012-10-22,2015-01-31,2012-2013,2014-2015,80.0,1044.0,5.33,161.89,3,Mast,,False,ODISHA,Closed,19.19125,83.092139,,False,
S0217,212.0,14.0,PARADEEP,JAGATSINGHPUR,2012-10-24,2014-11-28,2012-2013,2014-2015,80.0,43.0,5.72,203.7,3,Mast,,False,ODISHA,Closed,20.250389,86.648083,,False,
S0218,213.0,15.0,KADAKALA,KEONJHAR,2012-10-24,2014-11-28,2012-2013,2014-2015,80.0,911.0,4.25,80.29,3,Mast,,False,ODISHA,Closed,21.783806,85.327667,,False,
S0219,214.0,16.0,KASIJEGANATHPUR,PURI,2013-03-04,2015-12-28,2012-2013,2015-2016,80.0,13.0,,,3,Mast,,False,ODISHA,Closed,19.810306,85.775611,,False,
S0220,215.0,17.0,SRIKONA,BALESHWAR,2013-03-02,2015-04-17,2012-2013,2015-2016,80.0,5.0,4.83,131.88,3,Mast,,False,ODISHA,Closed,21.451222,87.022861,,False,
S0221,216.0,18.0,CHEDAK,BHADRAK,2013-03-07,2015-12-28,2012-2013,2015-2016,80.0,3.0,,,3,Mast,,False,ODISHA,Closed,20.859972,86.858722,,False,
S0222,217.0,19.0,PARHARGANJ,PURI,2015-03-07,2017-01-17,2014-2015,2016-2017,80.0,6.0,4.69,133.54,3,Mast,,False,ODISHA,Closed,19.586328,85.2455,,False,
S0223,218.0,1.0,ALAMPRABHU PATHAR,KOLHAPUR,1996-03-28,1998-06-12,1995-1996,1998-1999,25.0,790.0,5.58,164.3,3,Mast,,False,MAHARASHTRA,Closed,16.765556,74.373889,,False,
S0224,219.0,2.0,ALKUD,SANGLI,1998-02-14,1999-04-09,1997-1998,1999-2000,25.0,704.0,4.75,116.6,3,Mast,,False,MAHARASHTRA,Closed,16.992497,74.771275,,False,
S0225,220.0,3.0,AMBED (II),RATNAGIRI,2003-11-18,2006-12-31,2003-2004,2006-2007,50.0,231.0,3.7,78.0,3,Mast,SNA project,False,MAHARASHTRA,Closed,17.097667,73.491167,,False,
S0226,221.0,4.0,AMBERI,SATARA,1999-04-08,2001-06-10,1999-2000,2001-2002,25.0,980.0,6.39,236.5,3,Mast,,False,MAHARASHTRA,Closed,17.585217,74.299044,,False,
S0227,222.0,5.0,AMBRAL,SATARA,1998-02-09,1999-12-03,1997-1998,1999-2000,25.0,1302.0,5.11,134.3,3,Mast,SNA project,False,MAHARASHTRA,Closed,17.907306,73.833083,,False,
S0228,223.0,6.0,AUNDHEWADI,NASIK,2001-11-24,2004-07-12,2001-2002,2004-2005,25.0,858.0,6.58,294.0,3,Mast,SNA project,False,MAHARASHTRA,Closed,19.764806,73.882167,,False,
S0229,224.0,7.0,BEDAG,SANGLI,1998-04-07,1999-06-03,1998-1999,1999-2000,25.0,620.0,4.18,83.1,3,Mast,,False,MAHARASHTRA,Closed,16.804917,74.761,,False,
S0230,225.0,8.0,BEDARWADI,BEED,2000-10-20,2002-02-19,2000-2001,2001-2002,20.0,750.0,4.38,86.0,4,Mast,,False,MAHARASHTRA,Closed,18.948033,75.533639,,False,
S0231,226.0,9.0,BHUD,SANGLI,2003-10-21,2006-12-31,2003-2004,2006-2007,25.0,809.0,5.48,160.0,4,Mast,SNA project,False,MAHARASHTRA,Closed,17.342639,74.701889,,False,
S0232,227.0,10.0,BRAHMANVEL,DHULE,1999-03-30,2001-06-13,1998-1999,2001-2002,25.0,596.0,6.42,277.8,4,Mast,,False,MAHARASHTRA,Closed,21.156897,74.205331,,False,
S0233,228.0,11.0,CHAKLA,NANDURBAR,1999-04-01,2001-06-14,1999-2000,2001-2002,25.0,352.0,6.02,242.2,4,Mast,,False,MAHARASHTRA,Closed,21.316706,74.316639,,False,
S0234,229.0,12.0,CHALKEWADI,SATARA,1988-12-11,1993-08-27,1988-1989,1993-1994,20.0,1185.0,5.61,205.9,4,Mast,,False,MAHARASHTRA,Closed,17.623611,73.811389,,False,
S0235,230.0,13.0,DEOGAD,SINDHUDURG,1986-12-16,1993-05-17,1986-1987,1993-1994,20.0,40.0,4.58,124.3,4,Mast,,False,MAHARASHTRA,Closed,16.369667,73.372778,,False,
S0236,231.0,14.0,DHAKALE,PUNE,1998-02-07,1999-05-25,1997-1998,1999-2000,25.0,880.0,3.91,69.4,4,Mast,,False,MAHARASHTRA,Closed,19.019583,73.786778,,False,
S0237,232.0,15.0,DHALGAON,SANGLI,1996-03-23,1998-04-06,1995-1996,1998-1999,20.0,805.0,5.89,215.8,4,Mast,,False,MAHARASHTRA,Closed,17.136389,74.980833,,False,
S0238,233.0,16.0,DHANGARWADI (II),SANGLI,2003-10-16,2006-12-31,2003-2004,2006-2007,25.0,191.0,3.69,49.0,4,Mast,SNA project,False,MAHARASHTRA,Closed,16.15,73.6,,False,
S0239,234.0,17.0,DHANGER MALEGAON,AURANGABAD,2004-04-14,2006-09-01,2004-2005,2006-2007,50.0,838.0,5.53,126.0,4,Mast,,False,MAHARASHTRA,Closed,20.339806,75.322111,,False,
S0240,235.0,18.0,DONGERWADI,SANGLI,1998-02-15,2000-12-22,1997-1998,2000-2001,25.0,830.0,5.94,179.0,4,Mast,,False,MAHARASHTRA,Closed,16.899592,74.838417,,False,
S0241,236.0,19.0,DUDHA,BULDHANA,2004-04-16,2006-09-01,2004-2005,2006-2007,50.0,718.0,5.57,130.0,4,Mast,,False,MAHARASHTRA,Closed,20.424889,76.055917,,False,
S0242,237.0,20.0,ELEPHANTA ISLAND,RAIGAD,2002-07-02,2003-11-22,2002-2003,2003-2004,25.0,20.0,4.48,120.0,4,Mast,SNA project,False,MAHARASHTRA,Closed,18.954528,72.934194,,False,
S0243,238.0,21.0,GAWALWADI,NASIK,1998-03-31,2000-05-23,1997-1998,2000-2001,20.0,750.0,5.28,140.0,4,Mast,,False,MAHARASHTRA,Closed,20.1015,73.751083,,False,
S0244,239.0,22.0,GUDE PANCHAGANI,SANGLI,1993-01-17,1997-10-24,1992-1993,1997-1998,20.0,903.0,5.5,177.7,4,Mast,,False,MAHARASHTRA,Closed,17.113889,73.98,,False,
S0245,240.0,23.0,JAMBULMURE,SATARA,1998-02-10,1999-04-07,1997-1998,1999-2000,25.0,1107.0,4.19,108.8,4,Mast,SNA project,False,MAHARASHTRA,Closed,17.709419,73.904353,,False,
S0246,241.0,24.0,KAMRAVAD,NANDURBAR,1999-03-31,2001-06-14,1998-1999,2001-2002,25.0,300.0,5.04,141.5,4,Mast,,False,MAHARASHTRA,Closed,21.586167,74.725056,,False,
S0247,242.0,25.0,KAMTHI,SATARA,1998-04-06,1999-06-02,1998-1999,1999-2000,20.0,876.0,4.74,116.3,4,Mast,,False,MAHARASHTRA,Closed,17.383414,74.258403,,False,
S0248,243.0,26.0,KANKORA,AURANGABAD,2001-11-22,2004-07-13,2001-2002,2004-2005,25.0,920.0,5.56,127.0,4,Mast,SNA project,False,MAHARASHTRA,Closed,19.972222,75.437778,,False,
S0249,244.0,27.0,KAS,SATARA,1998-02-10,2000-02-14,1997-1998,1999-2000,25.0,1232.0,5.69,194.0,4,Mast,SNA project,False,MAHARASHTRA,Closed,17.7395,73.809,,False,
S0250,245.0,28.0,KASASIRSI,LATUR,2003-11-14,2006-08-30,2003-2004,2006-2007,25.0,665.0,5.09,109.0,4,Mast,SNA project,False,MAHARASHTRA,Closed,17.906361,76.752167,,False,
S0251,246.0,29.0,KAVALDHARA,OSMANABAD,1998-04-02,1999-05-31,1998-1999,1999-2000,20.0,670.0,4.73,92.2,4,Mast,,False,MAHARASHTRA,Closed,18.083333,76.083333,,False,
S0252,247.0,30.0,KAVDYA DONGER,AHMED NAGAR,1998-04-03,2000-12-13,1998-1999,2000-2001,25.0,900.0,6.44,224.0,4,Mast,,False,MAHARASHTRA,Closed,19.006917,74.533889,,False,
S0253,248.0,31.0,KHANDKE,AHMED NAGAR,1996-03-20,1998-03-25,1995-1996,1997-1998,20.0,920.0,5.44,146.2,4,Mast,,False,MAHARASHTRA,Closed,19.133333,74.875278,,False,
S0254,249.0,32.0,KHARUMBHAPADA,THANE,2001-11-30,2003-02-09,2001-2002,2002-2003,25.0,517.0,4.81,98.0,4,Mast,SNA project,False,MAHARASHTRA,Closed,19.916667,73.233333,,False,
S0255,250.0,33.0,KHOKADE,SATARA,1995-05-04,1997-10-23,1995-1996,1997-1998,25.0,1047.0,5.03,114.1,4,Mast,,False,MAHARASHTRA,Closed,17.807167,74.371778,,False,
S0256,251.0,34.0,KOGDA,THANE,2001-12-01,2003-02-09,2001-2002,2002-2003,20.0,474.0,4.03,55.0,4,Mast,SNA project,False,MAHARASHTRA,Closed,19.966667,73.2,,False,
S0257,252.0,35.0,KOGIL,KOLHAPUR,2000-10-22,2002-02-21,2000-2001,2001-2002,25.0,718.0,4.5,106.0,4,Mast,,False,MAHARASHTRA,Closed,16.610972,74.24725,,False,
S0258,253.0,36.0,KOLGAON,AHMED NAGAR,1995-05-02,1998-06-04,1995-1996,1998-1999,25.0,800.0,5.69,177.1,4,Mast,,False,MAHARASHTRA,Closed,18.833889,74.708889,,False,
S0259,254.0,37.0,KOTHOLI,KOLHAPUR,1994-05-03,1997-10-26,1994-1995,1997-1998,20.0,782.0,4.96,163.5,4,Mast,,False,MAHARASHTRA,Closed,16.965056,73.974556,,False,
S0260,255.0,38.0,LONAVLA,PUNE,1988-06-05,1993-08-24,1988-1989,1993-1994,20.0,580.0,4.31,121.6,4,Mast,,False,MAHARASHTRA,Closed,18.777778,73.3775,,False,
S0261,256.0,39.0,MAHALUNGE,SINDHUDURG,2003-10-15,2005-05-31,2003-2004,2005-2006,50.0,196.0,4.6,100.0,4,Mast,SNA project,False,MAHARASHTRA,Closed,16.423722,73.568417,,False,
S0262,257.0,40.0,MAHIJALGAON,AHMED NAGAR,1994-05-01,1996-12-16,1994-1995,1996-1997,20.0,590.0,4.67,126.5,4,Mast,,False,MAHARASHTRA,Closed,18.634722,75.03175,,False,
S0263,258.0,41.0,MAHISMAL,AURANGABAD,1998-12-05,2000-02-11,1998-1999,1999-2000,25.0,870.0,4.56,73.0,4,Mast,,False,MAHARASHTRA,Closed,20.083333,75.183333,,False,
S0264,259.0,42.0,MALEGAON KARIYAT,NASIK,1999-03-28,2000-08-29,1998-1999,2000-2001,25.0,690.0,4.97,111.1,4,Mast,,False,MAHARASHTRA,Closed,20.2,74.5,,False,
S0265,260.0,43.0,MALWAN,SINDHUDURG,1986-12-18,1992-09-17,1986-1987,1992-1993,20.0,50.0,3.72,63.9,4,Mast,,False,MAHARASHTRA,Closed,16.066389,73.481111,,False,
S0266,261.0,44.0,MANDHARDEO,SATARA,1998-02-09,2000-02-13,1997-1998,1999-2000,25.0,1286.0,5.64,153.3,4,Mast,SNA project,False,MAHARASHTRA,Closed,18.026194,73.885944,,False,
S0267,262.0,45.0,MASAIPATHAR,KOLHAPUR,1995-05-07,1998-12-06,1995-1996,1998-1999,25.0,970.0,5.28,137.6,4,Mast,,False,MAHARASHTRA,Closed,16.818353,74.080572,,False,
S0268,263.0,46.0,MATREWADI,SATARA,1996-03-26,1998-04-05,1995-1996,1998-1999,25.0,898.0,5.67,210.8,4,Mast,,False,MAHARASHTRA,Closed,17.190278,73.932778,,False,
S0269,264.0,47.0,MOGRALE,SATARA,1996-03-22,1997-10-23,1995-1996,1997-1998,25.0,835.0,4.67,87.9,4,Mast,,False,MAHARASHTRA,Closed,17.872083,74.511167,,False,
S0270,265.0,48.0,MOTHA,AMRAVATI,1996-03-17,1998-03-26,1995-1996,1997-1998,25.0,1075.0,5.19,145.8,4,Mast,,False,MAHARASHTRA,Closed,21.394444,77.362222,,False,
S0271,266.0,49.0,MURUD,LATUR,2003-11-13,2006-08-30,2003-2004,2006-2007,50.0,716.0,5.15,115.11,4,Mast,SNA project,False,MAHARASHTRA,Closed,18.35,76.2,,False,
S0272,267.0,50.0,NANDIVADE,RATNAGIRI,1994-05-05,1996-12-20,1994-1995,1996-1997,20.0,40.0,4.87,130.7,4,Mast,,False,MAHARASHTRA,Closed,17.275397,73.204989,,False,
S0273,268.0,51.0,NERKEWADI,RATNAGIRI,2003-11-19,2005-05-31,2003-2004,2005-2006,25.0,252.0,4.11,77.0,4,Mast,SNA project,False,MAHARASHTRA,Closed,16.671278,73.563778,,False,
S0274,269.0,52.0,PALSI,SATARA,2000-10-21,2002-10-26,2000-2001,2002-2003,25.0,970.0,5.24,137.0,4,Mast,,False,MAHARASHTRA,Closed,17.285831,73.85945,,False,
S0275,270.0,53.0,PANCHGANI,SATARA,1988-12-10,1993-08-28,1988-1989,1993-1994,20.0,1318.0,5.11,132.9,4,Mast,,False,MAHARASHTRA,Closed,17.9275,73.8125,,False,
S0276,271.0,54.0,PANCHPATTA,AHMED NAGAR,2001-02-14,2003-02-09,2000-2001,2002-2003,25.0,1049.0,5.7,201.0,4,Mast,,False,MAHARASHTRA,Closed,19.727778,73.884444,,False,
S0277,272.0,55.0,PANHAL SATHE,NASIK,1999-03-27,2000-12-15,1998-1999,2000-2001,25.0,643.0,4.69,93.9,4,Mast,,False,MAHARASHTRA,Closed,20.154278,74.590306,,False,
S0278,273.0,56.0,PATHAR,NAGPUR,2004-04-18,2006-09-01,2004-2005,2006-2007,50.0,495.0,4.61,79.0,4,Mast,,False,MAHARASHTRA,Closed,21.293694,78.6275,,False,
S0279,274.0,57.0,PIMPALGAON,AHMED NAGAR,1998-12-04,2000-02-08,1998-1999,1999-2000,20.0,875.0,4.52,76.4,4,Mast,,False,MAHARASHTRA,Closed,19.125056,74.329306,,False,
S0280,275.0,58.0,PIRTHANDA,LATUR,1998-12-07,2000-12-18,1998-1999,2000-2001,25.0,640.0,5.1,98.1,4,Mast,,False,MAHARASHTRA,Closed,18.417581,77.10305,,False,
S0281,276.0,59.0,RAIPUR,DHULE,1999-03-29,2001-06-14,1998-1999,2001-2002,25.0,500.0,5.25,162.2,4,Mast,,False,MAHARASHTRA,Closed,21.049722,74.3725,,False,
S0282,277.0,60.0,RAJACHIKURLI,SATARA,1998-02-13,1999-10-07,1997-1998,1999-2000,25.0,896.0,5.01,133.1,4,Mast,,False,MAHARASHTRA,Closed,17.422139,74.282833,,False,
S0283,278.0,61.0,RAJEWADI,PUNE,2001-12-03,2003-02-10,2001-2002,2002-2003,25.0,1007.0,5.08,119.0,4,Mast,SNA project,False,MAHARASHTRA,Closed,19.086333,73.707,,False,
S0284,279.0,62.0,RANIGAON,AMRAVATI,1996-03-18,1997-10-20,1995-1996,1997-1998,20.0,1065.0,3.31,34.4,4,Mast,,False,MAHARASHTRA,Closed,21.29355,77.089347,,False,
S0285,280.0,63.0,RENAVI,SANGLI,1998-02-14,1999-04-09,1997-1998,1999-2000,25.0,877.0,5.01,112.8,4,Mast,,False,MAHARASHTRA,Closed,17.268194,74.611306,,False,
S0286,281.0,64.0,ROHINA,LATUR,2003-11-15,2006-08-30,2003-2004,2006-2007,25.0,662.0,5.57,149.0,4,Mast,SNA project,False,MAHARASHTRA,Closed,18.483319,76.938022,,False,
S0287,282.0,65.0,ROTI,PUNE,1995-05-01,1996-12-13,1995-1996,1996-1997,25.0,653.0,4.69,103.1,4,Mast,,False,MAHARASHTRA,Closed,18.392361,74.464583,,False,
S0288,283.0,66.0,SAPTHASRINGIGAD,NASIK,1991-02-06,1994-02-27,1990-1991,1993-1994,20.0,1144.0,4.94,122.9,4,Mast,,False,MAHARASHTRA,Closed,20.405225,73.898264,,False,
S0289,284.0,67.0,SAUTADA,BEED,1996-03-15,1998-04-01,1995-1996,1998-1999,25.0,800.0,5.68,166.8,4,Mast,,False,MAHARASHTRA,Closed,18.797778,75.337222,,False,
S0290,285.0,68.0,SHIRASGAON,AHMED NAGAR,2001-02-13,2002-02-16,2000-2001,2001-2002,25.0,940.0,4.48,83.0,4,Mast,,False,MAHARASHTRA,Closed,19.466667,74.033333,,False,
S0291,286.0,69.0,SHIVANE,RATNAGIRI,2003-10-18,2005-05-31,2003-2004,2005-2006,50.0,232.0,5.07,129.0,4,Mast,SNA project,False,MAHARASHTRA,Closed,17.275333,73.3415,,False,
S0292,287.0,70.0,TAKARMAULI,DHULE,1999-03-29,2001-06-13,1998-1999,2001-2002,25.0,624.0,5.78,185.6,4,Mast,,False,MAHARASHTRA,Closed,21.077778,74.046667,,False,
S0293,288.0,71.0,THOKALWADI,NASIK,1999-03-26,2000-08-29,1998-1999,2000-2001,25.0,601.0,5.0,116.8,4,Mast,,False,MAHARASHTRA,Closed,20.104556,74.193444,,False,
S0294,289.0,72.0,THOSEGHAR,SATARA,1995-05-05,2005-06-01,1995-1996,2005-2006,20.0,1140.0,6.03,228.9,4,Mast,,False,MAHARASHTRA,Closed,17.592722,73.8875,,False,
S0295,290.0,73.0,VAGERA,RAIGAD,2000-10-12,2003-02-08,2000-2001,2002-2003,25.0,260.0,3.67,93.0,4,Mast,,False,MAHARASHTRA,Closed,19.033333,73.133333,,False,
S0296,291.0,74.0,VASPET,LATUR,2003-10-20,2006-12-31,2003-2004,2006-2007,50.0,680.0,5.62,220.0,4,Mast,SNA project,False,MAHARASHTRA,Closed,17.102861,75.356778,,False,
S0297,292.0,75.0,VANKUSAWADE,SATARA,2001-06-07,2004-08-19,2001-2002,2004-2005,50.0,1100.0,5.68,188.0,4,Mast,,False,MAHARASHTRA,Closed,17.45,73.833333,,False,
S0298,293.0,76.0,VANKUSAWADE,SATARA,1996-03-25,1998-12-10,1995-1996,1998-1999,25.0,1100.0,5.89,230.6,4,Mast,,False,MAHARASHTRA,Closed,17.453889,73.832778,,False,
S0299,294.0,77.0,VAREKARWADI,SATARA,1996-03-26,1998-10-12,1995-1996,1998-1999,20.0,920.0,5.46,204.0,4,Mast,,False,MAHARASHTRA,Closed,17.20775,73.984389,,False,
S0300,295.0,78.0,VEDI,THANE,2000-10-13,2002-02-13,2000-2001,2001-2002,25.0,10.0,3.57,63.0,4,Mast,,False,MAHARASHTRA,Closed,19.575694,72.770972,,False,
S0301,296.0,79.0,VENGURLA,SINDHUDURG,1988-12-09,1992-09-16,1988-1989,1992-1993,20.0,80.0,3.78,67.4,4,Mast,,False,MAHARASHTRA,Closed,15.88425,73.623528,,False,
S0302,297.0,80.0,VIJAYADURG,SINDHUDURG,1986-12-17,1993-08-30,1986-1987,1993-1994,20.0,100.0,5.44,207.0,4,Mast,,False,MAHARASHTRA,Closed,16.500556,73.333056,,False,
S0303,298.0,81.0,WAGHAPUR SADA,SATARA,1998-02-11,1999-06-01,1997-1998,1999-2000,25.0,1086.0,5.12,129.3,4,Mast,SNA project,False,MAHARASHTRA,Closed,17.434444,73.932917,,False,
S0304,299.0,82.0,POLICEWADI,NANDED,2006-07-31,2010-03-31,2006-2007,2009-2010,50.0,535.0,5.05,111.08,4,Mast,,False,MAHARASHTRA,Closed,18.76625,77.138722,,False,
S0305,300.0,83.0,GANGANMAL,YAVATMAL,2006-08-03,2010-03-31,2006-2007,2009-2010,50.0,511.0,4.61,80.59,4,Mast,,False,MAHARASHTRA,Closed,19.70975,77.637472,,False,
S0306,301.0,84.0,SONGIRPADA,NANDURBAR,2007-08-29,2011-11-30,2007-2008,2011-2012,50.0,294.0,,,4,Mast,,False,MAHARASHTRA,Closed,21.314722,74.166722,,False,
S0307,302.0,85.0,JAIDEVWADI,JALNA,2008-05-12,2010-09-30,2008-2009,2010-2011,50.0,725.0,5.24,108.71,4,Mast,,False,MAHARASHTRA,Closed,20.523889,75.971944,,False,
S0308,303.0,86.0,KESAPUR,HINGOLI,2008-05-13,2010-09-30,2008-2009,2010-2011,50.0,500.0,4.76,90.0,4,Mast,,False,MAHARASHTRA,Closed,19.7375,77.045,,False,
S0309,304.0,87.0,UMRI,NAGPUR,2008-05-16,2011-11-30,2008-2009,2011-2012,50.0,441.0,4.42,84.41,4,Mast,,False,MAHARASHTRA,Closed,21.073889,78.796944,,False,
S0310,305.0,88.0,BAHADURI,NASIK,2008-05-31,2011-06-30,2008-2009,2011-2012,50.0,721.0,5.21,124.61,4,Mast,,False,MAHARASHTRA,Closed,20.281111,74.000556,,False,
S0311,306.0,89.0,LAWADA,AMRAVATI,2008-06-08,2010-06-30,2008-2009,2010-2011,50.0,1103.0,5.54,167.0,4,Mast,,False,MAHARASHTRA,Closed,21.395,77.337778,,False,
S0312,307.0,90.0,BHINGARA,BULDANA,2008-06-11,2010-06-30,2008-2009,2010-2011,50.0,754.0,5.69,155.2,5,Mast,,False,MAHARASHTRA,Closed,21.148306,76.52775,,False,
S0313,308.0,91.0,KHAIRKHEDA,HINGOLI,2008-06-13,2010-06-30,2008-2009,2010-2011,50.0,599.0,4.74,90.0,5,Mast,,False,MAHARASHTRA,Closed,19.910194,76.876083,,False,
S0314,309.0,92.0,BAHIRWADI,BEED,2008-06-15,2010-06-30,2008-2009,2010-2011,50.0,714.0,5.29,129.85,5,Mast,,False,MAHARASHTRA,Closed,19.034833,75.320333,,False,
S0315,310.0,93.0,GUBADI,NAGPUR,2008-06-06,2010-06-30,2008-2009,2010-2011,50.0,477.0,4.45,81.0,5,Mast,,False,MAHARASHTRA,Closed,21.094944,78.700528,,False,
S0316,311.0,94.0,JAGMIN,SATARA,2008-11-20,2015-12-21,2008-2009,2015-2016,120.0,1185.0,7.42,410.18,5,Mast,,False,MAHARASHTRA,Closed,17.623889,73.815139,,False,
S0317,312.0,95.0,KESARKARWADI,KOLHAPUR,2009-11-07,2011-11-30,2009-2010,2011-2012,50.0,675.0,4.67,109.0,5,Mast,,False,MAHARASHTRA,Closed,16.840972,73.744056,,False,
S0318,313.0,96.0,DOLASANE,AHMED NAGAR,2009-11-09,2011-11-30,2009-2010,2011-2012,50.0,812.0,4.89,106.65,5,Mast,,False,MAHARASHTRA,Closed,19.399444,74.218472,,False,
S0319,314.0,97.0,GIRDA,WASHIM,2009-11-11,2011-11-30,2009-2010,2011-2012,50.0,340.0,4.86,102.5,5,Mast,,False,MAHARASHTRA,Closed,20.562194,77.115806,,False,
S0320,315.0,98.0,KOLURA,YAVATMAL,2009-11-12,2011-11-30,2009-2010,2011-2012,50.0,345.0,4.97,113.42,5,Mast,,False,MAHARASHTRA,Closed,20.453222,77.907278,,False,
S0321,316.0,99.0,DHUNDI,YAVATMAL,2009-11-13,2011-11-30,2009-2010,2011-2012,50.0,401.0,3.56,51.66,5,Mast,,False,MAHARASHTRA,Closed,20.004944,77.582417,,False,
S0322,317.0,100.0,PORTGAVAN,YAVATMAL,2009-11-15,2011-11-30,2009-2010,2011-2012,50.0,389.0,4.67,89.92,5,Mast,,False,MAHARASHTRA,Closed,20.368583,78.417028,,False,
S0323,318.0,101.0,METHEPATAR,NAGPUR,2009-11-16,2011-11-30,2009-2010,2011-2012,50.0,500.0,3.93,53.57,5,Mast,,False,MAHARASHTRA,Closed,21.183083,78.624447,,False,
S0324,319.0,102.0,JAWLA,YAVATMAL,2009-12-29,2015-01-31,2009-2010,2014-2015,50.0,423.0,4.93,128.24,5,Mast,,False,MAHARASHTRA,Closed,20.236694,77.707883,,False,
S0325,320.0,103.0,RASULPURA,AURANGABAD,2009-12-23,2011-11-30,2009-2010,2011-2012,50.0,759.0,4.71,92.68,5,Mast,,False,MAHARASHTRA,Closed,19.97725,75.267056,,False,
S0326,321.0,104.0,CHINCHOLI,AURANGABAD,2009-12-22,2011-11-30,2009-2010,2011-2012,50.0,737.0,5.41,133.64,5,Mast,,False,MAHARASHTRA,Closed,20.238111,75.422583,,False,
S0327,322.0,105.0,SHEWGA,AURANGABAD,2009-12-21,2014-04-10,2009-2010,2014-2015,50.0,670.0,,,5,Mast,,False,MAHARASHTRA,Closed,19.932917,75.617611,,False,
S0328,323.0,106.0,SARATI,AURANGABAD,2009-12-22,2011-11-30,2009-2010,2011-2012,50.0,720.0,5.5,138.6,5,Mast,,False,MAHARASHTRA,Closed,20.5075,75.695861,,False,
S0329,324.0,107.0,HARNHI,BULDANA,2009-12-23,2013-05-15,2009-2010,2013-2014,50.0,574.0,4.22,66.65,5,Mast,,False,MAHARASHTRA,Closed,20.489639,76.434722,,False,
S0330,325.0,108.0,GARPIT,WARDHA,2009-12-28,2011-11-30,2009-2010,2011-2012,50.0,494.0,4.34,67.63,5,Mast,,False,MAHARASHTRA,Closed,21.072167,78.380694,,False,
S0331,326.0,109.0,KOLASA,AKOLA,2009-12-25,2011-11-30,2009-2010,2011-2012,50.0,276.0,3.96,70.09,5,Mast,,False,MAHARASHTRA,Closed,20.706861,76.686722,,False,
S0332,327.0,110.0,VIRGAVAHAN,AMRAVATI,2009-12-27,2011-11-30,2009-2010,2011-2012,50.0,392.0,4.71,109.11,5,Mast,,False,MAHARASHTRA,Closed,20.926278,77.971,,False,
S0333,328.0,111.0,GONDHALWADI,AKOLA,2009-12-24,2011-11-30,2009-2010,2011-2012,50.0,462.0,4.38,76.34,5,Mast,,False,MAHARASHTRA,Closed,20.373361,76.954306,,False,
S0334,329.0,112.0,JANORI,WASHIM,2009-12-31,2011-11-30,2009-2010,2011-2012,50.0,364.0,4.57,91.14,5,Mast,,False,MAHARASHTRA,Closed,20.564806,77.344694,,False,
S0335,330.0,113.0,MOREWADI,KOLHAPUR,2012-05-31,2014-08-09,2012-2013,2014-2015,80.0,974.0,6.46,261.76,5,Mast,,False,MAHARASHTRA,Closed,16.045361,74.246722,,False,
S0336,331.0,114.0,SHEMBAWANI,KOLHAPUR,2012-06-02,2014-09-18,2012-2013,2014-2015,80.0,671.0,5.41,192.16,5,Mast,,False,MAHARASHTRA,Closed,16.828083,73.781472,,False,
S0337,332.0,115.0,AADIWARE,RATNAGIRI,2012-06-04,2014-09-18,2012-2013,2014-2015,80.0,59.0,4.91,115.98,5,Mast,,False,MAHARASHTRA,Closed,16.741389,73.338361,,False,
S0338,333.0,116.0,HIVARAPAHADI,PUNE,2012-06-06,2016-02-02,2012-2013,2015-2016,80.0,1093.0,,,5,Mast,,False,MAHARASHTRA,Closed,19.185528,73.756611,,False,
S0339,334.0,117.0,CHINCHWE,NASHIK,2012-06-08,2014-08-09,2012-2013,2014-2015,80.0,595.0,4.44,85.8,5,Mast,,False,MAHARASHTRA,Closed,20.798167,74.458861,,False,
S0340,335.0,118.0,KHANDALA,AURANGABAD,2012-06-10,2016-02-02,2012-2013,2015-2016,80.0,601.0,,,5,Mast,,False,MAHARASHTRA,Closed,20.034528,74.821083,,False,
S0341,336.0,119.0,PIMPRI,WASHIM,2012-06-23,2014-04-30,2012-2013,2014-2015,80.0,439.0,,,5,Mast,,False,MAHARASHTRA,Closed,20.202972,77.49725,,False,
S0342,337.0,120.0,ISAPUR,YEAWATMAL,2012-06-25,2015-02-28,2012-2013,2014-2015,80.0,439.0,6.78,249.45,5,Mast,,False,MAHARASHTRA,Closed,19.732417,77.455139,,False,
S0343,338.0,121.0,MIRKHEL,PARBHANI,2012-06-27,2014-09-18,2012-2013,2014-2015,80.0,402.0,4.96,119.4,5,Mast,,False,MAHARASHTRA,Closed,19.201056,76.898778,,False,
S0344,339.0,122.0,PALSI,AURANGABAD,2012-06-29,2016-02-02,2012-2013,2015-2016,80.0,738.0,,,5,Mast,,False,MAHARASHTRA,Closed,20.266611,75.51775,,False,
S0345,340.0,123.0,BOMBHALE,SATARA,2012-07-03,2014-09-18,2012-2013,2014-2015,80.0,811.0,5.65,161.66,5,Mast,,False,MAHARASHTRA,Closed,17.6135,74.545056,,False,
S0346,341.0,124.0,KHOKADE,SATARA,2012-07-17,2014-09-18,2012-2013,2014-2015,80.0,1046.0,6.53,238.56,5,Mast,,False,MAHARASHTRA,Closed,17.802278,74.376139,,False,
S0347,342.0,125.0,USWAD,NASHIK,2012-07-20,2014-09-18,2012-2013,2014-2015,80.0,748.0,5.23,166.77,5,Mast,,False,MAHARASHTRA,Closed,20.356861,74.318944,,False,
S0348,343.0,126.0,DHANGER,AURANGABAD,2012-07-22,2014-09-18,2012-2013,2014-2015,80.0,847.0,6.09,168.0,5,Mast,,False,MAHARASHTRA,Closed,20.3405,75.320028,,False,
S0349,344.0,127.0,ROHILAGAD,JALNA,2012-07-26,2014-09-18,2012-2013,2014-2015,80.0,651.0,5.96,183.87,5,Mast,,False,MAHARASHTRA,Closed,19.678194,75.655333,,False,
S0350,345.0,128.0,NIMBHORA,AURANGABAD,2012-07-30,2014-09-18,2012-2013,2014-2015,80.0,896.0,5.7,145.13,5,Mast,,False,MAHARASHTRA,Closed,20.2995,75.215944,,False,
S0351,346.0,129.0,MOREGAON,PARBHANI,2012-10-12,2014-09-18,2012-2013,2014-2015,80.0,407.0,4.74,104.61,5,Mast,,False,MAHARASHTRA,Closed,19.5022,76.451283,,False,
S0352,347.0,130.0,SURYAMAL,THANE,2012-10-18,2016-02-02,2012-2013,2015-2016,80.0,514.0,4.97,131.64,5,Mast,,False,MAHARASHTRA,Closed,19.749233,73.343483,,False,
S0353,348.0,131.0,KODHALI,KOLHAPUR,2012-11-21,2014-09-18,2012-2013,2014-2015,80.0,758.0,5.66,206.73,5,Mast,,False,MAHARASHTRA,Closed,15.792889,74.179333,,False,
S0354,349.0,132.0,ISAPUR,KOLHAPUR,2012-12-31,2015-01-31,2012-2013,2014-2015,80.0,890.0,7.05,332.6,5,Mast,,False,MAHARASHTRA,Closed,15.838611,74.064056,,False,
S0355,350.0,133.0,GADHPATI,OSMANABAD,2013-07-24,2016-02-17,2013-2014,2015-2016,100.0,697.0,6.5,223.53,5,Mast,,False,MAHARASHTRA,Closed,18.272833,76.012944,,False,
S0356,351.0,134.0,WAGHIRA,BEED,2013-07-26,2015-12-22,2013-2014,2015-2016,100.0,790.0,6.91,295.0,5,Mast,,False,MAHARASHTRA,Closed,18.795167,75.614389,,False,
S0357,352.0,135.0,HANBARWADI,KOLHAPUR,2013-10-13,2017-01-09,2013-2014,2016-2017,100.0,744.0,6.5,254.3,5,Mast,,False,MAHARASHTRA,Closed,16.596083,74.187139,,False,
S0358,353.0,136.0,MANDHARDHEV,SATARA,2013-10-14,2016-01-19,2013-2014,2015-2016,100.0,1241.0,5.74,209.0,5,Mast,,False,MAHARASHTRA,Closed,18.028389,73.899778,,False,
S0359,354.0,137.0,RANGEWADI,PUNE,2013-10-16,2016-01-25,2013-2014,2015-2016,100.0,1009.0,5.83,174.77,5,Mast,,False,MAHARASHTRA,Closed,19.088667,73.704222,,False,
S0360,355.0,138.0,BAGACHAPADA,NASHIK,2013-10-18,2015-10-17,2013-2014,2015-2016,100.0,612.0,5.51,155.76,5,Mast,,False,MAHARASHTRA,Closed,20.301167,73.563944,,False,
S0361,356.0,139.0,VANI,NASHIK,2013-10-19,2015-07-18,2013-2014,2015-2016,100.0,734.0,6.33,214.49,5,Mast,,False,MAHARASHTRA,Closed,20.312581,73.664439,,False,
S0362,357.0,140.0,SAROLA,AURANGABAD,2013-10-24,2017-01-19,2013-2014,2016-2017,100.0,927.0,6.62,233.94,5,Mast,,False,MAHARASHTRA,Closed,19.97225,75.424333,,False,
S0363,358.0,141.0,SHEDHEWADI,SANGALI,2021-09-30,2022-12-22,2021-2022,2021-2022,100.0,122.0,5.39,150.2,5,Mast,,False,MAHARASHTRA,Closed,17.149281,74.762731,,True,Closed date 2022-12-22 does not match FY 2021-2022
S0364,359.0,142.0,SULEWADI,SOLAPUR,2021-10-04,2022-12-20,2021-2022,2021-2022,100.0,122.0,5.38,148.9,5,Mast,,False,MAHARASHTRA,Closed,17.665306,74.912389,,True,Closed date 2022-12-20 does not match FY 2021-2022
S0365,360.0,143.0,DHULE,DHULE,2021-10-06,2022-12-19,2021-2022,2021-2022,100.0,122.0,6.67,265.58,5,Mast,,False,MAHARASHTRA,Closed,21.174147,74.152447,,True,Closed date 2022-12-19 does not match FY 2021-2022
S0366,361.0,1.0,ALANGARAPETA,ANANTAPUR,2000-09-16,2002-10-17,2000-2001,2002-2003,25.0,360.0,5.85,244.0,5,Mast,,False,ANDHRA PRADESH,Closed,14.848611,77.800278,,False,
S0367,362.0,2.0,BADHRAMPALLI KOTTALA,ANANTAPUR,1994-09-25,1998-01-22,1994-1995,1997-1998,25.0,433.0,5.92,247.7,5,Mast,,False,ANDHRA PRADESH,Closed,14.925,77.394167,,False,
S0368,363.0,3.0,BADVEL,CUDDAPAH,2000-09-21,2002-10-20,2000-2001,2002-2003,25.0,204.0,4.99,167.0,5,Mast,,False,ANDHRA PRADESH,Closed,14.749083,79.087194,,False,
S0369,364.0,4.0,BALAPURAM,ANANTAPUR,1999-08-29,2000-11-21,1999-2000,2000-2001,25.0,290.0,4.47,104.8,5,Mast,,False,ANDHRA PRADESH,Closed,14.794167,77.978056,,False,
S0370,365.0,5.0,BANAVASI,KURNOOL,1992-12-07,1994-01-30,1992-1993,1993-1994,25.0,400.0,4.14,82.8,5,Mast,,False,ANDHRA PRADESH,Closed,15.719944,77.433444,,False,
S0371,366.0,6.0,BANDERLAPALLI,KURNOOL,1997-03-23,1999-04-30,1996-1997,1999-2000,25.0,438.0,5.58,240.2,5,Mast,,False,ANDHRA PRADESH,Closed,15.011944,78.061111,,False,
S0372,367.0,7.0,BHIMUNIPATNAM,VISHAKAPATNAM,1988-09-03,1991-12-15,1988-1989,1991-1992,20.0,115.0,5.31,194.7,5,Mast,,False,ANDHRA PRADESH,Closed,17.817694,83.407528,,False,
S0373,368.0,8.0,BORAMPALLI,ANANTAPUR,1998-07-19,2000-09-15,1998-1999,2000-2001,25.0,550.0,5.45,163.1,5,Mast,,False,ANDHRA PRADESH,Closed,14.5875,77.151944,,False,
S0374,369.0,9.0,BOXAMPALLI,ANANTAPUR,1994-09-22,1997-11-21,1994-1995,1997-1998,25.0,639.0,4.7,128.5,5,Mast,,False,ANDHRA PRADESH,Closed,14.091639,77.553944,,False,
S0375,370.0,10.0,BURUGULA,KURNOOL,1998-09-18,2000-11-25,1998-1999,2000-2001,25.0,540.0,5.11,147.4,5,Mast,,False,ANDHRA PRADESH,Closed,15.129722,77.956389,,False,
S0376,371.0,11.0,CHIMALAPENTA,CUDDAPAH,2000-09-20,2002-02-17,2000-2001,2001-2002,25.0,260.0,4.23,89.0,5,Mast,,False,ANDHRA PRADESH,Closed,14.437575,78.580772,,False,
S0377,372.0,12.0,CHINNABABAYAPALLI,ANANTAPUR,1998-07-21,2000-11-23,1998-1999,2000-2001,25.0,762.0,5.14,132.3,5,Mast,,False,ANDHRA PRADESH,Closed,13.961944,77.625972,,False,
S0378,373.0,13.0,DAKKILI,NELLORE,2000-09-23,2002-02-19,2000-2001,2001-2002,25.0,60.0,3.19,53.0,5,Mast,,False,ANDHRA PRADESH,Closed,14.118611,79.570333,,False,
S0379,374.0,14.0,GALIKONDA,VISHAKAPATNAM,1988-03-23,1989-07-26,1987-1988,1989-1990,20.0,1329.0,4.11,117.9,5,Mast,,False,ANDHRA PRADESH,Closed,18.272639,82.989917,,False,
S0380,375.0,15.0,JAMALAMADUGU 1,CUDDAPAH,1992-12-12,1995-12-28,1992-1993,1995-1996,25.0,390.0,4.86,161.4,5,Mast,,False,ANDHRA PRADESH,Closed,14.732556,78.367833,,False,
S0381,376.0,16.0,JAMALAMADUGU 2,CUDDAPAH,1992-12-11,1995-12-27,1992-1993,1995-1996,25.0,380.0,5.17,164.8,5,Mast,,False,ANDHRA PRADESH,Closed,14.732222,78.375278,,False,
S0382,377.0,17.0,JANGAMGUNTLA,PRAKASAM,1997-03-30,1999-05-03,1996-1997,1999-2000,20.0,237.0,4.45,148.6,5,Mast,,False,ANDHRA PRADESH,Closed,15.647056,79.134472,,False,
S0383,378.0,18.0,KADAVAKALLU (1),ANANTAPUR,1992-12-04,1998-07-14,1992-1993,1998-1999,25.0,368.0,6.14,303.1,5,Mast,,False,ANDHRA PRADESH,Closed,14.854722,77.921389,,False,
S0384,,,KADAVAKALLU (2),ANANTAPUR,2001-05-20,2010-12-26,2001-2002,2010-2011,25.0,386.0,6.31,314.0,5,Mast,,True,ANDHRA PRADESH,Closed,14.790556,77.9525,,False,
S0385,379.0,19.0,KAKULA KONDA,CHITTOOR,1988-08-24,1993-09-25,1988-1989,1993-1994,20.0,972.0,6.42,331.9,5,Mast,,False,ANDHRA PRADESH,Closed,13.690194,79.360861,,False,
S0386,380.0,20.0,KODUMURU,KURNOOL,2000-09-18,2002-10-19,2000-2001,2002-2003,25.0,406.0,5.92,225.0,5,Mast,,False,ANDHRA PRADESH,Closed,15.690361,77.7675,,False,
S0387,381.0,21.0,KONDAMEDAPALLI,KURNOOL,1997-03-22,1999-04-30,1996-1997,1999-2000,25.0,439.0,5.62,251.6,5,Mast,,False,ANDHRA PRADESH,Closed,15.054167,78.041944,,False,
S0388,382.0,22.0,KORRAKODU,ANANTAPUR,2000-09-14,2002-10-18,2000-2001,2002-2003,25.0,460.0,5.19,146.0,5,Mast,,False,ANDHRA PRADESH,Closed,14.785833,77.325833,,False,
S0389,383.0,23.0,KOTA,NELLORE,2000-09-22,2002-02-20,2000-2001,2001-2002,25.0,30.0,4.02,65.0,5,Mast,,False,ANDHRA PRADESH,Closed,14.037611,80.006972,,False,
S0390,384.0,24.0,LACHAMBAVI,GUNTUR,1999-03-08,2000-09-25,1998-1999,2000-2001,25.0,287.0,4.28,98.0,5,Mast,,False,ANDHRA PRADESH,Closed,16.453417,79.311806,,False,
S0391,385.0,25.0,M.P.R. DAM,ANANTAPUR,1988-08-27,1993-09-29,1988-1989,1993-1994,20.0,404.0,5.53,227.9,5,Mast,,False,ANDHRA PRADESH,Closed,14.818556,77.465647,,False,
S0392,386.0,26.0,MADIKERE,KURNOOL,1998-07-23,2000-01-03,1998-1999,1999-2000,25.0,493.0,4.74,120.9,5,Mast,,False,ANDHRA PRADESH,Closed,15.239694,77.400806,,False,
S0393,387.0,27.0,MADUGUPALLI,ANANTAPUR,1998-07-20,2000-11-21,1998-1999,2000-2001,25.0,440.0,5.19,152.0,6,Mast,,False,ANDHRA PRADESH,Closed,14.708333,77.851944,,False,
S0394,388.0,28.0,MUSTIKOVALA,ANANTAPUR,1992-08-18,2001-05-21,1992-1993,2001-2002,20.0,570.0,5.61,200.9,6,Mast,,False,ANDHRA PRADESH,Closed,14.251944,77.514167,,False,
S0395,389.0,29.0,NALLAKONDA,ANANTAPUR,1994-11-20,1998-01-20,1994-1995,1997-1998,25.0,735.0,6.33,275.9,6,Mast,,False,ANDHRA PRADESH,Closed,14.128853,77.562322,,False,
S0396,390.0,30.0,NARASIMHA KONDA,NELLORE,1988-08-31,1993-09-26,1988-1989,1993-1994,20.0,138.0,5.58,185.8,6,Mast,,False,ANDHRA PRADESH,Closed,14.459472,79.8785,,False,
S0397,391.0,31.0,NEKHANAPURAM,CUDDAPAH,1997-03-27,1998-05-18,1996-1997,1998-1999,25.0,252.0,4.63,141.2,6,Mast,,False,ANDHRA PRADESH,Closed,14.439278,78.980972,,False,
S0398,392.0,32.0,PACHARLAPALLI,CHITTOOR,1997-03-25,1998-05-14,1996-1997,1998-1999,20.0,757.0,4.61,137.8,6,Mast,,False,ANDHRA PRADESH,Closed,12.780583,78.303861,,False,
S0399,393.0,33.0,PAMPANOOR THANDA,ANANTAPUR,1994-09-24,1997-11-23,1994-1995,1997-1998,25.0,490.0,5.44,182.2,6,Mast,,False,ANDHRA PRADESH,Closed,14.640833,77.403611,,False,
S0400,394.0,34.0,PAYALAKUNTLA,CUDDAPAH,1988-08-25,1993-09-27,1988-1989,1993-1994,20.0,355.0,5.68,230.0,6,Mast,,False,ANDHRA PRADESH,Closed,14.874861,79.029583,,False,
S0401,395.0,35.0,PEDDAVARAM,KRISHNA,1999-09-04,2000-11-30,1999-2000,2000-2001,25.0,137.0,4.17,83.2,6,Mast,,False,ANDHRA PRADESH,Closed,16.769944,80.158303,,False,
S0402,396.0,36.0,PUTTAPARTHY,ANANTAPUR,1993-06-02,1996-06-08,1993-1994,1996-1997,25.0,542.0,4.92,149.0,6,Mast,,False,ANDHRA PRADESH,Closed,14.158639,77.802806,,False,
S0403,397.0,37.0,RAMAGIRI (2),ANANTAPUR,2001-05-21,2005-06-28,2001-2002,2005-2006,25.0,567.0,5.88,197.0,6,Mast,,False,ANDHRA PRADESH,Closed,14.284167,77.515278,,False,
S0404,,,RAMAGIRI (I),ANANTAPUR,1988-08-28,1993-09-30,1988-1989,1993-1994,20.0,573.0,5.42,205.1,6,Mast,,True,ANDHRA PRADESH,Closed,14.270247,77.515428,,False,
S0405,398.0,38.0,RAMAGIRI III,ANANTAPUR,1991-09-27,1995-08-28,1991-1992,1995-1996,20.0,550.0,5.39,189.7,6,Mast,,False,ANDHRA PRADESH,Closed,14.345278,77.521667,,False,
S0406,399.0,39.0,RAMANAIDU KANDRIKA,CHITTOOR,1988-08-23,1991-06-23,1988-1989,1991-1992,20.0,442.0,4.36,97.0,6,Mast,,False,ANDHRA PRADESH,Closed,13.517806,79.423972,,False,
S0407,400.0,40.0,SHAHPURAM,ANANTAPUR,1997-03-18,1999-04-27,1996-1997,1999-2000,25.0,605.0,4.81,135.0,6,Mast,,False,ANDHRA PRADESH,Closed,14.190278,77.514722,,False,
S0408,401.0,41.0,SHIVAPURAM,ANANTAPUR,1997-07-16,1998-11-10,1997-1998,1998-1999,25.0,295.0,3.9,100.5,6,Mast,,False,ANDHRA PRADESH,Closed,14.787222,77.723333,,False,
S0409,402.0,42.0,SIDDANAGATTA,KURNOOL,1999-01-09,2000-11-26,1998-1999,2000-2001,25.0,499.0,4.97,126.3,6,Mast,,False,ANDHRA PRADESH,Closed,15.570694,78.051972,,False,
S0410,403.0,43.0,SINGANAMALA,ANANTAPUR,1992-12-05,1998-01-24,1992-1993,1997-1998,20.0,425.0,6.61,366.4,6,Mast,,False,ANDHRA PRADESH,Closed,14.775833,77.721389,,False,
S0411,404.0,44.0,SINGARIKONDA,PRAKASAM,1997-03-29,1998-05-19,1996-1997,1998-1999,20.0,83.0,4.41,115.4,6,Mast,,False,ANDHRA PRADESH,Closed,15.850972,79.960694,,False,
S0412,405.0,45.0,TALARICHERUVU,ANANTAPUR,1997-03-19,1999-04-29,1996-1997,1999-2000,25.0,360.0,5.03,143.6,6,Mast,,False,ANDHRA PRADESH,Closed,14.944444,78.053056,,False,
S0413,406.0,46.0,TALLIMADUGULA,ANANTAPUR,1994-09-20,1998-01-21,1994-1995,1997-1998,25.0,555.0,6.17,259.6,6,Mast,,False,ANDHRA PRADESH,Closed,14.374167,77.538611,,False,
S0414,407.0,47.0,TERANAPALLE,ANANTAPUR,1997-03-20,1998-05-16,1996-1997,1998-1999,20.0,245.0,4.14,110.1,6,Mast,,False,ANDHRA PRADESH,Closed,14.886111,77.971944,,False,
S0415,408.0,48.0,TIRUMALA,CHITTOOR,1987-11-21,1992-06-19,1987-1988,1992-1993,20.0,946.0,5.67,225.6,6,Mast,,False,ANDHRA PRADESH,Closed,13.673194,79.354861,,False,
S0416,409.0,49.0,TIRUMALAYAPALLI,CUDDAPAH,1997-03-26,1999-05-01,1996-1997,1999-2000,20.0,453.0,5.28,153.9,6,Mast,,False,ANDHRA PRADESH,Closed,14.894583,78.183861,,False,
S0417,410.0,50.0,ULINDAKONDA,KURNOOL,2000-09-19,2002-10-19,2000-2001,2002-2003,25.0,418.0,4.87,130.0,6,Mast,,False,ANDHRA PRADESH,Closed,15.642856,77.985192,,False,
S0418,411.0,51.0,VAJRAKARUR,ANANTAPUR,1997-03-21,2000-07-30,1996-1997,2000-2001,20.0,512.0,5.3,173.3,6,Mast,,False,ANDHRA PRADESH,Closed,14.975222,77.319361,,False,
S0419,412.0,52.0,VAJRAKARUR,ANANTAPUR,1999-03-15,2001-07-30,1998-1999,2001-2002,50.0,511.0,5.41,202.0,6,Mast,,False,ANDHRA PRADESH,Closed,14.974917,77.319667,,False,
S0420,413.0,53.0,VEPULAPARTHY,ANANTAPUR,2000-09-15,2002-02-15,2000-2001,2001-2002,25.0,515.0,4.83,122.0,6,Mast,,False,ANDHRA PRADESH,Closed,14.543889,76.904444,,False,
S0421,414.0,54.0,YERADODDI,ANANTAPUR,1992-12-09,1995-12-26,1992-1993,1995-1996,25.0,521.0,4.39,108.1,6,Mast,,False,ANDHRA PRADESH,Closed,14.160444,78.114528,,False,
S0422,415.0,55.0,PACHARLAKONDA,VISHAKAPATNAM,2006-08-09,2009-02-28,2006-2007,2008-2009,50.0,258.0,5.23,143.0,6,Mast,,False,ANDHRA PRADESH,Closed,17.549139,82.932917,,False,
S0423,416.0,56.0,CHINNAPALASA,ADILABAD,2008-05-16,2012-10-15,2008-2009,2012-2013,50.0,540.0,4.36,71.85,6,Mast,,False,ANDHRA PRADESH,Closed,19.358333,78.941667,,False,
S0424,417.0,57.0,VYSAPURAM,ANANTAPUR,2011-08-12,2014-09-18,2011-2012,2014-2015,80.0,479.0,6.96,284.6,6,Mast,,False,ANDHRA PRADESH,Closed,14.885722,77.164806,,False,
S0425,418.0,58.0,BASAVAPURAM,ANANTAPUR,2011-08-14,2014-09-18,2011-2012,2014-2015,80.0,587.0,5.93,185.8,6,Mast,,False,ANDHRA PRADESH,Closed,14.322806,76.978833,,False,
S0426,419.0,59.0,KUTTALAPALLI,ANANTAPUR,2011-08-16,2014-09-18,2011-2012,2014-2015,80.0,697.0,6.66,248.4,6,Mast,,False,ANDHRA PRADESH,Closed,14.124194,77.929778,,False,
S0427,420.0,60.0,KODIGANIPALLI,CHITTOOR,2011-08-19,2014-04-30,2011-2012,2014-2015,80.0,929.0,7.31,306.33,6,Mast,,False,ANDHRA PRADESH,Closed,12.789194,78.245833,,False,
S0428,421.0,61.0,MOLAGAVALLI,KURNOOL,2011-08-21,2014-09-18,2011-2012,2014-2015,80.0,477.0,6.95,281.04,6,Mast,,False,ANDHRA PRADESH,Closed,15.369472,77.319028,,False,
S0429,422.0,62.0,GANGADEVIPALLI,CUDDAPAH,2011-08-29,2014-09-18,2011-2012,2014-2015,80.0,406.0,7.42,386.7,6,Mast,,False,ANDHRA PRADESH,Closed,14.573361,78.329139,,False,
S0430,423.0,63.0,ONTIMAMIDI,EAST GODAVARI,2011-10-24,2014-09-18,2011-2012,2014-2015,80.0,3.0,4.98,130.39,6,Mast,,False,ANDHRA PRADESH,Closed,17.217278,82.468556,,False,
S0431,424.0,64.0,MALAMEEDAPALLI,PRAKASAM,2011-10-25,2014-09-18,2011-2012,2014-2015,80.0,601.0,6.52,244.75,6,Mast,,False,ANDHRA PRADESH,Closed,15.090139,79.079778,,False,
S0432,425.0,65.0,KONDURPALEM,NELLORE,2013-07-12,2016-02-22,2013-2014,2015-2016,100.0,4.0,6.07,188.73,6,Mast,,False,ANDHRA PRADESH,Closed,14.009333,80.14975,,False,
S0433,426.0,66.0,DEVEREDDYPALLI,ANANTAPUR,2013-07-15,2016-08-25,2013-2014,2016-2017,100.0,507.0,6.6,252.2,6,Mast,,False,ANDHRA PRADESH,Closed,14.668917,76.962583,,False,
S0434,427.0,67.0,GUNDUTHANDA,KURNOOL,2013-07-17,2016-08-24,2013-2014,2016-2017,100.0,517.0,6.8,259.45,6,Mast,,False,ANDHRA PRADESH,Closed,15.404528,77.541667,,False,
S0435,428.0,68.0,SORLAGONDI,KRISHNA,2013-08-26,2016-08-30,2013-2014,2016-2017,100.0,3.0,5.81,166.53,6,Mast,,False,ANDHRA PRADESH,Closed,15.86975,80.959806,,False,
S0436,429.0,69.0,GODUGUPETA,WEST GODAVARI,2013-08-28,2016-02-20,2013-2014,2015-2016,100.0,157.0,4.99,114.98,6,Mast,,False,ANDHRA PRADESH,Closed,17.009583,81.330583,,False,
S0437,430.0,70.0,TARIGOPULA (RAMASAMUDRAM),KURNOOL,2021-03-19,2022-10-14,2020-2021,2021-2022,100.0,293.0,,,6,Mast,,False,ANDHRA PRADESH,Closed,15.83115,78.440089,,True,Closed date 2022-10-14 does not match FY 2021-2022
S0438,431.0,71.0,HAMPAPURAM,ANANTAPURAM,2021-03-21,2023-07-06,2020-2021,2022-2023,100.0,384.0,5.63,169.15,6,Mast,,False,ANDHRA PRADESH,Closed,14.563578,77.617422,,True,Closed date 2023-07-06 does not match FY 2022-2023
S0439,432.0,1.0,KOTRATHANDA,MAHBUBNAGAR,1994-11-15,1997-05-26,1994-1995,1997-1998,25.0,550.0,4.81,111.2,6,Mast,SNA project,False,TELANGANA,Closed,16.708333,78.518611,,False,
S0440,433.0,2.0,KOTTURU,MEDAK,1994-11-13,1997-05-28,1994-1995,1997-1998,25.0,664.0,5.36,137.2,6,Mast,SNA project,False,TELANGANA,Closed,17.645739,77.771689,,False,
S0441,434.0,3.0,MOTLAMPALLI,MAHBUBNAGAR,1994-11-16,1997-05-26,1994-1995,1997-1998,25.0,348.0,4.65,133.2,6,Mast,SNA project,False,TELANGANA,Closed,16.302222,77.833389,,False,
S0442,435.0,4.0,NAZEERABAD,RANGAREDDY,1994-11-10,1997-05-29,1994-1995,1997-1998,25.0,663.0,5.83,176.0,6,Mast,SNA project,False,TELANGANA,Closed,17.184158,77.915267,,False,
S0443,436.0,5.0,TADWAI,NIZAMABAD,1994-11-12,1997-05-27,1994-1995,1997-1998,25.0,612.0,4.64,100.7,6,Mast,SNA project,False,TELANGANA,Closed,18.316389,78.257778,,False,
S0444,437.0,6.0,SANGHI NAGAR,RANGAREDDY,2006-08-07,2009-03-31,2006-2007,2008-2009,50.0,515.0,5.53,154.0,6,Mast,,False,TELANGANA,Closed,17.253381,78.674831,,False,
S0445,438.0,7.0,CHOWDARAPALI,MEDAK,2007-09-22,2009-10-30,2007-2008,2009-2010,50.0,510.0,4.91,100.62,6,Mast,,False,TELANGANA,Closed,18.159722,78.616667,,False,
S0446,439.0,8.0,CHINNAKOLUMULAPALLI,KURNOOL,2011-08-27,2014-09-18,2011-2012,2014-2015,80.0,570.0,7.23,296.15,6,Mast,,False,TELANGANA,Closed,15.460861,78.024083,,False,
S0447,440.0,9.0,OTTUGUNTLA,MAHBUBNAGAR,2011-09-02,2014-09-18,2011-2012,2014-2015,80.0,606.0,5.92,169.62,6,Mast,,False,TELANGANA,Closed,16.814222,77.541722,,False,
S0448,441.0,10.0,BANDAMEEDAPALLI,RANGAREDDY,2011-09-04,2014-09-18,2011-2012,2014-2015,80.0,657.0,6.09,174.83,6,Mast,,False,TELANGANA,Closed,17.450833,77.645389,,False,
S0449,442.0,11.0,MANGITHANDA,MEDAK,2011-09-06,2014-09-18,2011-2012,2014-2015,80.0,650.0,6.68,230.6,6,Mast,,False,TELANGANA,Closed,17.799083,77.666417,,False,
S0450,443.0,12.0,GOPIYANYKTHANDA,MEDAK,2011-09-08,2014-09-18,2011-2012,2014-2015,80.0,595.0,6.37,213.5,6,Mast,,False,TELANGANA,Closed,18.055806,77.666056,,False,
S0451,444.0,13.0,SAMUDRATHANDA,NIZAMABAD,2011-10-20,2014-09-18,2011-2012,2014-2015,80.0,549.0,5.86,173.1,6,Mast,,False,TELANGANA,Closed,18.276722,77.700417,,False,
S0452,445.0,14.0,PATHA ANANTHAPUR,ADILABAD,2011-10-22,2014-09-18,2011-2012,2014-2015,80.0,556.0,5.54,146.8,6,Mast,,False,TELANGANA,Closed,19.510667,78.442222,,False,
S0453,446.0,15.0,KOMPALLI,RANGAREDDY,2013-07-21,2016-08-29,2013-2014,2016-2017,100.0,682.0,6.69,239.11,6,Mast,,False,TELANGANA,Closed,17.374194,77.871306,,False,
S0454,447.0,16.0,SUNKISALA,NALGONDA,2013-12-27,2015-08-02,2013-2014,2015-2016,100.0,225.0,6.23,268.65,6,Mast,,False,TELANGANA,Closed,16.686194,79.366,,False,
S0455,448.0,17.0,LINGAMPALLI,WARANGAL,2013-12-28,2016-02-18,2013-2014,2015-2016,100.0,534.0,6.13,208.39,6,Mast,,False,TELANGANA,Closed,17.803028,78.921528,,False,
S0456,449.0,18.0,CHADMAL,NIZAMABAD,2013-12-30,2016-02-15,2013-2014,2015-2016,100.0,633.0,6.54,233.26,6,Mast,,False,TELANGANA,Closed,18.462442,78.077692,,False,
S0457,450.0,19.0,MOLALAGUTTA,ADILABAD,2013-12-31,2016-02-14,2013-2014,2015-2016,100.0,537.0,5.57,162.3,6,Mast,,False,TELANGANA,Closed,19.593833,78.677889,,False,
S0458,451.0,20.0,THARIGOPULA,JANGAON,2017-12-20,2019-12-31,2017-2018,2019-2020,100.0,435.0,5.68,168.36,6,Mast,,False,TELANGANA,Closed,17.956831,79.176575,,False,
S0459,452.0,21.0,KUNCHAMARTHY,SURYAPET,2018-03-09,2019-12-31,2017-2018,2019-2020,100.0,219.0,4.9,124.05,6,Mast,,False,TELANGANA,Closed,17.295083,79.533789,,False,
S0460,453.0,22.0,MANCHALAKATTA,MAHABUBNAGAR,2018-03-12,2019-12-31,2017-2018,2019-2020,100.0,288.0,5.47,172.47,6,Mast,,False,TELANGANA,Closed,16.038953,78.258642,,False,
S0461,454.0,23.0,TURKADINNE,MAHABUBNAGAR,2018-03-14,2019-12-31,2017-2018,2019-2020,100.0,412.0,5.26,139.88,6,Mast,,False,TELANGANA,Closed,16.294839,78.221892,,False,
S0462,455.0,24.0,KANDANELLY,RANGAREDDY,2018-11-02,2020-05-20,2018-2019,2020-2021,100.0,517.0,5.54,152.78,6,Mast,,False,TELANGANA,Closed,17.274858,77.627531,,False,
S0463,456.0,25.0,DONAKAL,NALGONDA,2021-03-17,2023-07-07,2020-2021,2022-2023,100.0,243.0,4.83,106.55,6,Mast,,False,TELANGANA,Closed,17.051497,79.186367,,True,Closed date 2023-07-07 does not match FY 2022-2023
S0464,457.0,1.0,1.6 RD,GANGA NAGAR,2001-03-05,2003-03-26,2000-2001,2002-2003,20.0,191.0,3.31,38.0,6,Mast,,False,RAJASTHAN,Closed,29.191944,73.919722,,False,
S0465,458.0,2.0,BALESAR,JODHPUR,2002-09-04,2004-03-12,2002-2003,2003-2004,25.0,250.0,4.5,116.0,6,Mast,,False,RAJASTHAN,Closed,26.385278,72.499444,,False,
S0466,459.0,3.0,BARI SADRI,CHITTORGARH,1996-09-22,1998-05-15,1996-1997,1998-1999,25.0,572.0,5.19,120.9,6,Mast,,False,RAJASTHAN,Closed,24.409056,74.476667,,False,
S0467,460.0,4.0,BARLI,JODHPUR,1988-12-28,1993-08-13,1988-1989,1993-1994,20.0,290.0,4.49,99.0,6,Mast,,False,RAJASTHAN,Closed,26.311667,72.907778,,False,
S0468,461.0,5.0,BASI,CHITTORGARH,1997-07-19,1999-01-16,1997-1998,1998-1999,20.0,560.0,4.41,83.4,6,Mast,,False,RAJASTHAN,Closed,25.008928,74.778194,,False,
S0469,462.0,6.0,BHADKHA,BARMER,1988-12-26,1993-08-17,1988-1989,1993-1994,20.0,189.0,4.2,99.4,6,Mast,,False,RAJASTHAN,Closed,26.003333,71.362222,,False,
S0470,463.0,7.0,BHAGAVANPUR,AJMER,1994-12-15,1996-04-04,1994-1995,1996-1997,20.0,537.0,3.89,87.6,6,Mast,,False,RAJASTHAN,Closed,25.779969,74.024808,,False,
S0471,464.0,8.0,BISHENGARH,JALOR,1991-02-20,1993-08-18,1990-1991,1993-1994,20.0,145.0,3.07,59.6,7,Mast,,False,RAJASTHAN,Closed,25.456389,72.573611,,False,
S0472,465.0,9.0,BISSAU,JHUNJHUNU,2001-08-07,2003-08-20,2001-2002,2003-2004,20.0,298.0,2.68,30.0,7,Mast,,False,RAJASTHAN,Closed,28.240556,75.092778,,False,
S0473,466.0,10.0,DADREWA,CHURU,2001-08-08,2003-08-21,2001-2002,2003-2004,25.0,230.0,3.66,60.0,7,Mast,,False,RAJASTHAN,Closed,28.675,75.23,,False,
S0474,467.0,11.0,DAMOTAR,PRATAPGARH,1994-12-18,1997-07-16,1994-1995,1997-1998,20.0,526.0,5.31,149.2,7,Mast,,False,RAJASTHAN,Closed,24.118611,74.736667,,False,
S0475,468.0,12.0,DERASAR,BARMER,1988-12-25,1992-08-15,1988-1989,1992-1993,20.0,240.0,3.52,76.9,7,Mast,,False,RAJASTHAN,Closed,25.798056,71.185278,,False,
S0476,469.0,13.0,DEVGARH,PRATAPGARH,1996-07-25,1999-01-17,1996-1997,1998-1999,25.0,520.0,5.62,151.0,7,Mast,,False,RAJASTHAN,Closed,24.043056,74.652778,,False,
S0477,470.0,14.0,GADOLI,BHILWARA,1994-06-17,1995-10-09,1994-1995,1995-1996,20.0,410.0,3.46,49.7,7,Mast,,False,RAJASTHAN,Closed,25.679167,75.371667,,False,
S0478,471.0,15.0,GAJNER,BIKANER,2004-05-09,2007-03-13,2004-2005,2006-2007,50.0,222.0,4.95,130.0,7,Mast,,False,RAJASTHAN,Closed,27.961111,73.053056,,False,
S0479,472.0,16.0,HARSHNATH,SIKAR,1996-09-20,1998-11-13,1996-1997,1998-1999,25.0,891.0,5.73,206.4,7,Mast,,False,RAJASTHAN,Closed,27.499722,75.173333,,False,
S0480,473.0,17.0,JAISALMER 1),JAISALMER,1988-06-08,1993-08-16,1988-1989,1993-1994,20.0,241.0,4.83,159.3,7,Mast,,False,RAJASTHAN,Closed,26.9425,70.893889,,False,
S0481,,,JAISALMER 2),JAISALMER,1999-01-20,2005-12-03,1998-1999,2005-2006,25.0,255.0,5.5,182.1,7,Mast,,True,RAJASTHAN,Closed,26.94,70.887778,,False,
S0482,474.0,18.0,JASWANTHGAD,UDAIPUR,1994-12-17,1997-07-13,1994-1995,1997-1998,20.0,995.0,5.25,142.2,7,Mast,,False,RAJASTHAN,Closed,24.775833,73.471389,,False,
S0483,475.0,19.0,KANOD,JAISALMER,2002-09-05,2004-03-14,2002-2003,2003-2004,20.0,157.0,5.23,153.0,7,Mast,,False,RAJASTHAN,Closed,27.1175,71.0925,,False,
S0484,476.0,20.0,KATHOTI,NAGAUR,2001-03-02,2003-03-27,2000-2001,2002-2003,25.0,310.0,3.69,52.0,7,Mast,,False,RAJASTHAN,Closed,27.246667,74.273889,,False,
S0485,477.0,21.0,KHERWADA,UDAIPUR,1997-07-15,1999-01-18,1997-1998,1998-1999,20.0,546.0,4.08,67.2,7,Mast,,False,RAJASTHAN,Closed,23.995278,73.531667,,False,
S0486,478.0,22.0,KHODAL,BARMER,1988-12-23,1993-08-17,1988-1989,1993-1994,20.0,269.0,4.68,135.4,7,Mast,,False,RAJASTHAN,Closed,26.364722,71.216389,,False,
S0487,479.0,23.0,KHODAL -2,BARMER,2005-12-07,2008-03-28,2005-2006,2007-2008,50.0,290.0,5.86,188.0,7,Mast,Other project,False,RAJASTHAN,Closed,26.3725,71.188056,,False,
S0488,480.0,24.0,MAHAJAN,BIKANER,2001-03-04,2003-08-23,2000-2001,2003-2004,25.0,219.0,3.99,69.0,7,Mast,,False,RAJASTHAN,Closed,28.666667,73.833333,,False,
S0489,481.0,25.0,MANDAL,BHILWARA,1996-07-27,1998-05-16,1996-1997,1998-1999,25.0,510.0,4.48,87.9,7,Mast,,False,RAJASTHAN,Closed,25.505833,74.635833,,False,
S0490,482.0,26.0,MOHANGARH,JAISALMER,1990-04-26,1993-08-15,1990-1991,1993-1994,20.0,155.0,4.02,116.9,7,Mast,,False,RAJASTHAN,Closed,27.293333,71.221944,,False,
S0491,483.0,27.0,NAHARGAD,JAIPUR,1995-02-13,1997-01-24,1994-1995,1996-1997,20.0,592.0,3.78,63.1,7,Mast,,False,RAJASTHAN,Closed,26.942778,75.818333,,False,
S0492,484.0,28.0,NANDLI AHADA,DUNGARPUR,1997-07-16,1999-01-18,1997-1998,1998-1999,20.0,262.0,4.28,86.7,7,Mast,,False,RAJASTHAN,Closed,23.93435,74.039236,,False,
S0493,485.0,29.0,NAPASAR,BIKANER,2001-03-03,2003-08-23,2000-2001,2003-2004,25.0,245.0,4.16,80.0,7,Mast,,False,RAJASTHAN,Closed,27.949167,73.561111,,False,
S0494,486.0,30.0,PACHPADRA,BARMER,1988-12-24,1992-08-14,1988-1989,1992-1993,20.0,100.0,3.35,70.8,7,Mast,,False,RAJASTHAN,Closed,25.957778,72.184444,,False,
S0495,487.0,31.0,PHALODI,JODHPUR,1988-12-29,1993-08-14,1988-1989,1993-1994,20.0,250.0,4.83,142.0,7,Mast,,False,RAJASTHAN,Closed,27.104722,72.321389,,False,
S0496,488.0,32.0,SAWA,CHITTORGARH,1994-12-19,1997-01-26,1994-1995,1996-1997,20.0,500.0,4.42,118.8,7,Mast,,False,RAJASTHAN,Closed,24.748611,74.561667,,False,
S0497,489.0,33.0,SHEOPURA GHAT,AJMER,1994-06-12,1996-09-24,1994-1995,1996-1997,20.0,565.0,4.46,104.1,7,Mast,,False,RAJASTHAN,Closed,26.031111,74.378056,,False,
S0498,490.0,34.0,SISODA,DUNGARPUR,1997-07-14,1999-01-19,1997-1998,1998-1999,20.0,400.0,3.95,58.6,7,Mast,,False,RAJASTHAN,Closed,23.95,73.55,,False,
S0499,491.0,35.0,UNDARI,UDAIPUR,1996-07-23,1998-05-13,1996-1997,1998-1999,25.0,880.0,4.49,98.5,7,Mast,,False,RAJASTHAN,Closed,24.478611,73.626111,,False,
S0500,492.0,36.0,AKAL,JAISALMER,2008-12-27,2015-12-21,2008-2009,2015-2016,120.0,278.0,6.58,272.79,7,Mast,,False,RAJASTHAN,Closed,26.799917,71.066222,,False,
S0501,493.0,37.0,BAGUND,CHITTORGARH,2013-11-17,2016-02-02,2013-2014,2015-2016,100.0,457.0,4.8,113.13,7,Mast,,False,RAJASTHAN,Closed,24.715419,74.401989,,False,
S0502,494.0,38.0,GADWADA,CHITTORGARH,2013-11-18,2016-01-09,2013-2014,2015-2016,100.0,542.0,4.78,97.32,7,Mast,,False,RAJASTHAN,Closed,24.811511,74.730031,,False,
S0503,495.0,39.0,LADPURA,BHILWARA,2013-11-19,2016-01-31,2013-2014,2015-2016,100.0,419.0,4.26,80.87,7,Mast,,False,RAJASTHAN,Closed,25.159911,75.121511,,False,
S0504,496.0,40.0,LASADIA,RAJSAMAND,2013-11-21,2017-01-25,2013-2014,2016-2017,100.0,716.0,5.93,185.44,7,Mast,,False,RAJASTHAN,Closed,25.836139,74.166769,,False,
S0505,497.0,41.0,SEVANTRI,RAJSAMAND,2013-11-24,2016-05-19,2013-2014,2016-2017,100.0,840.0,5.86,175.96,7,Mast,,False,RAJASTHAN,Closed,25.320967,73.679481,,False,
S0506,498.0,42.0,KALYANIPUR,UDAIPUR,2013-11-25,2016-05-20,2013-2014,2016-2017,100.0,280.0,3.88,61.42,7,Mast,,False,RAJASTHAN,Closed,23.998661,73.755081,,False,
S0507,499.0,43.0,GAHUWADA,DUNGARPUR,2013-11-26,2016-01-10,2013-2014,2015-2016,100.0,273.0,4.97,116.54,7,Mast,,False,RAJASTHAN,Closed,23.866339,73.928733,,False,
S0508,500.0,44.0,DUG,JHALAWAR,2013-11-29,2016-05-22,2013-2014,2016-2017,100.0,484.0,6.17,225.56,7,Mast,,False,RAJASTHAN,Closed,23.920722,75.918083,,False,
S0509,501.0,45.0,GARA,BANSWARA,2013-11-29,2016-09-24,2013-2014,2016-2017,100.0,422.0,5.87,172.65,7,Mast,,False,RAJASTHAN,Closed,23.336969,74.429281,,False,
S0510,502.0,46.0,BASSI,CHITTORGARH,2013-12-27,2016-02-03,2013-2014,2015-2016,100.0,566.0,5.64,174.56,7,Mast,,False,RAJASTHAN,Closed,25.004694,74.771056,,False,
S0511,503.0,47.0,BHAWLA,NAGAUR,2013-12-31,2016-05-22,2013-2014,2016-2017,100.0,316.0,5.35,147.58,7,Mast,,False,RAJASTHAN,Closed,26.992111,74.097139,,False,
S0512,504.0,48.0,BADERAN,BIKANER,2015-01-09,2017-07-30,2014-2015,2017-2018,100.0,196.0,5.42,164.89,7,Mast,,False,RAJASTHAN,Closed,28.702789,73.763383,,False,
S0513,505.0,49.0,DAMODARA,JAISALMER,2021-11-15,2022-12-14,2021-2022,2021-2022,100.0,0.0,5.88,209.43,7,Mast,,False,RAJASTHAN,Closed,26.876278,70.717722,,True,Closed date 2022-12-14 does not match FY 2021-2022
S0514,506.0,50.0,NIMBALA,BARMER,2021-11-18,2023-09-09,2021-2022,2022-2023,100.0,0.0,,,7,Mast,,False,RAJASTHAN,Closed,25.334889,71.166028,,True,Closed date 2023-09-09 does not match FY 2022-2023
S0515,507.0,1.0,AGATHI,KAVARATHI,1989-10-25,1993-10-23,1989-1990,1993-1994,20.0,3.0,5.07,179.0,7,Mast,,False,LAKSHADWEEP,Closed,10.835,72.181944,,False,
S0516,508.0,2.0,AMINI,KAVARATHI,1997-11-22,1999-10-09,1997-1998,1999-2000,20.0,4.0,4.75,140.1,7,Mast,,False,LAKSHADWEEP,Closed,11.130833,72.723056,,False,
S0517,509.0,3.0,BITRA,KAVARATHI,1998-04-23,2001-01-01,1998-1999,2000-2001,20.0,6.0,4.67,172.7,7,Mast,,False,LAKSHADWEEP,Closed,11.599839,72.186311,,False,
S0518,510.0,4.0,CHETLAT,KAVARATHI,1997-11-25,2001-01-01,1997-1998,2000-2001,20.0,1.0,5.13,171.9,7,Mast,,False,LAKSHADWEEP,Closed,11.682222,72.704444,,False,
S0519,511.0,5.0,KADMAT,KAVARATHI,1989-10-21,1993-10-27,1989-1990,1993-1994,20.0,5.0,4.9,168.6,7,Mast,,False,LAKSHADWEEP,Closed,11.182778,72.7625,,False,
S0520,512.0,6.0,KALPENI,KAVARATHI,1989-12-19,1993-11-05,1989-1990,1993-1994,20.0,8.0,4.43,125.4,7,Mast,,False,LAKSHADWEEP,Closed,10.084444,73.647222,,False,
S0521,513.0,7.0,KAVARATHI,KAVARATHI,1989-08-23,1993-10-24,1989-1990,1993-1994,20.0,1.0,4.92,160.6,7,Mast,,False,LAKSHADWEEP,Closed,10.548333,72.624167,,False,
S0522,514.0,8.0,MINICOY,KAVARATHI,1992-10-31,1997-04-15,1992-1993,1997-1998,20.0,1.0,4.73,161.5,7,Mast,,False,LAKSHADWEEP,Closed,8.3025,73.066111,,False,
S0523,515.0,9.0,AGATTI,KAVARATHI,2009-11-21,2011-03-21,2009-2010,2010-2011,50.0,3.0,5.45,201.97,7,Mast,,False,LAKSHADWEEP,Closed,10.877942,72.201583,,False,
S0524,516.0,1.0,AMGARHALLI,KOLAR,1998-10-08,1999-12-17,1998-1999,1999-2000,20.0,888.0,4.32,89.2,7,Mast,,False,KARNATAKA,Closed,13.574167,77.878222,,False,
S0525,517.0,2.0,B.B. HILLS,CHIKKAMAGALUR,1990-10-19,1996-02-09,1990-1991,1995-1996,20.0,1830.0,7.52,497.7,7,Mast,,False,KARNATAKA,Closed,13.426111,75.767778,,False,
S0526,518.0,3.0,BADAVANAHALLI,TUMKUR,1998-09-18,1999-10-26,1998-1999,1999-2000,20.0,770.0,4.47,96.1,7,Mast,,False,KARNATAKA,Closed,13.699672,77.051117,,False,
S0527,519.0,4.0,BOMMANAHALLI,TUMKUR,1989-10-09,1993-09-25,1989-1990,1993-1994,20.0,935.0,5.03,128.3,7,Mast,,False,KARNATAKA,Closed,13.290886,76.613069,,False,
S0528,520.0,5.0,BYNDOOR,UTTARA KANNADA,1990-02-02,1992-08-24,1989-1990,1992-1993,20.0,75.0,3.31,47.9,7,Mast,,False,KARNATAKA,Closed,13.876167,74.613806,,False,
S0529,521.0,6.0,CHALAMATTI,DHARWAD,1998-09-21,2000-11-27,1998-1999,2000-2001,20.0,705.0,5.79,189.2,7,Mast,,False,KARNATAKA,Closed,15.295,75.049722,,False,
S0530,522.0,7.0,CHANNAVADAYANPURA,CHAMARAJA NAGAR,2000-09-15,2003-03-15,2000-2001,2002-2003,25.0,938.0,5.66,154.0,7,Mast,,False,KARNATAKA,Closed,11.955917,76.607278,,False,
S0531,523.0,8.0,CHIKKODI,BELGAUM,1993-08-07,2011-03-19,1993-1994,2010-2011,25.0,760.0,6.44,263.5,7,Mast,,False,KARNATAKA,Closed,16.418611,74.577778,,False,
S0532,524.0,9.0,GODEKERE,TUMKUR,1993-09-24,1996-09-30,1993-1994,1996-1997,25.0,976.0,5.45,155.0,7,Mast,,False,KARNATAKA,Closed,13.364667,76.688861,,False,
S0533,525.0,10.0,GOKAK,BELGAUM,1989-10-05,1994-11-27,1989-1990,1994-1995,20.0,730.0,5.33,167.9,7,Mast,,False,KARNATAKA,Closed,16.172433,74.793711,,False,
S0534,526.0,11.0,HANAMSAGAR,KOPPAL,1989-10-07,1994-11-24,1989-1990,1994-1995,20.0,722.0,5.62,172.8,7,Mast,,False,KARNATAKA,Closed,15.882606,76.041733,,False,
S0535,527.0,12.0,HANUMANHATTI,BELGAUM,1990-01-31,1995-01-26,1989-1990,1994-1995,20.0,895.0,5.64,165.0,7,Mast,,False,KARNATAKA,Closed,15.891111,74.708611,,False,
S0536,528.0,13.0,HARADENAHALLI,HASSAN,1992-12-23,1996-01-24,1992-1993,1995-1996,20.0,1042.0,5.07,126.6,7,Mast,,False,KARNATAKA,Closed,12.861694,76.213889,,False,
S0537,529.0,14.0,HORTI,BIJAPUR,1993-07-07,1999-07-16,1993-1994,1999-2000,25.0,633.0,5.5,172.6,7,Mast,,False,KARNATAKA,Closed,17.119444,75.724167,,False,
S0538,530.0,15.0,HULIHALLI,HASSAN,1998-09-17,1999-10-27,1998-1999,1999-2000,20.0,1026.0,4.72,92.3,7,Mast,,False,KARNATAKA,Closed,12.896528,76.087889,,False,
S0539,531.0,16.0,JOGIMATTI,CHITRADURGA,1989-10-08,2009-11-30,1989-1990,2009-2010,20.0,1132.0,8.33,497.7,7,Mast,,False,KARNATAKA,Closed,14.163611,76.398889,,False,
S0540,532.0,17.0,KAMALAPUR,GULBURGA,2004-06-06,2007-03-31,2004-2005,2006-2007,50.0,535.0,5.19,128.0,7,Mast,,False,KARNATAKA,Closed,17.59,76.969444,,False,
S0541,533.0,18.0,KAPPATTAGUDA,GADAG,2000-09-22,2003-03-13,2000-2001,2002-2003,25.0,976.0,6.92,311.0,7,Mast,,False,KARNATAKA,Closed,15.246031,75.714886,,False,
S0542,534.0,19.0,KHAMKARKATTI,BELGAUM,1993-07-09,1999-07-15,1993-1994,1999-2000,25.0,846.0,5.78,158.5,7,Mast,,False,KARNATAKA,Closed,15.788517,74.607372,,False,
S0543,535.0,20.0,KHANDERAYANAHALLI,HAVERI,1993-07-11,1997-12-11,1993-1994,1997-1998,25.0,604.0,5.61,183.1,7,Mast,,False,KARNATAKA,Closed,14.58215,75.769353,,False,
S0544,536.0,21.0,KONDLIBETTA,HASSAN,2000-09-16,2001-12-15,2000-2001,2001-2002,25.0,972.0,4.87,116.0,7,Mast,,False,KARNATAKA,Closed,13.242639,76.0715,,False,
S0545,537.0,22.0,MAJLAHATTI,BELGAUM,2005-01-15,2006-03-22,2004-2005,2005-2006,50.0,752.0,5.77,163.0,7,Mast,Other project,False,KARNATAKA,Closed,16.338333,74.547611,,False,
S0546,538.0,23.0,MALGATTI,KOPPAL,1989-10-06,1993-12-07,1989-1990,1993-1994,20.0,709.0,5.37,156.1,7,Mast,,False,KARNATAKA,Closed,15.813556,75.897,,False,
S0547,539.0,24.0,MANNIKERE,BELGAUM,1999-05-19,2001-08-17,1999-2000,2001-2002,20.0,923.0,6.75,252.0,7,Mast,,False,KARNATAKA,Closed,15.972222,74.4725,,False,
S0548,540.0,25.0,MAVINHUNDA,BELGAUM,1999-05-17,2001-08-19,1999-2000,2001-2002,25.0,780.0,6.0,211.6,7,Mast,,False,KARNATAKA,Closed,16.419722,74.792778,,False,
S0549,541.0,26.0,MURGOD,BELGAUM,1999-05-16,2000-09-23,1999-2000,2000-2001,20.0,791.0,5.04,119.5,8,Mast,,False,KARNATAKA,Closed,15.876889,74.943778,,False,
S0550,542.0,27.0,NARGUND,GADAG,2003-10-09,2005-01-20,2003-2004,2004-2005,25.0,786.0,8.37,530.0,8,Mast,SNA project,False,KARNATAKA,Closed,15.73575,75.375361,,False,
S0551,543.0,28.0,NAVILTHIRTH DAM,BELGAUM,1993-07-06,1995-03-24,1993-1994,1994-1995,25.0,711.0,4.43,87.0,8,Mast,,False,KARNATAKA,Closed,15.824278,75.115806,,False,
S0552,544.0,29.0,NELAGANTI,BELGAUM,2001-01-25,2003-03-14,2000-2001,2002-2003,50.0,797.0,4.78,136.0,8,Mast,,False,KARNATAKA,Closed,15.971222,74.707556,,False,
S0553,545.0,30.0,RAMGAD,BELLARY,2000-09-21,2003-03-13,2000-2001,2002-2003,25.0,963.0,5.27,134.0,8,Mast,,False,KARNATAKA,Closed,15.13175,76.457028,,False,
S0554,546.0,31.0,SANGUNDI,BAGALKOT,1991-07-06,1994-08-02,1991-1992,1994-1995,20.0,619.0,5.19,152.7,8,Mast,,False,KARNATAKA,Closed,16.247861,75.734103,,False,
S0555,547.0,32.0,SAUNDATTI,BELGAUM,2000-02-28,2001-03-29,1999-2000,2000-2001,25.0,830.0,5.28,126.0,8,Mast,,False,KARNATAKA,Closed,15.739222,75.132444,,False,
S0556,548.0,33.0,SETTIGERE,KOLAR,2004-05-20,2007-03-31,2004-2005,2006-2007,50.0,964.0,5.58,153.0,8,Mast,,False,KARNATAKA,Closed,13.551389,77.760833,,False,
S0557,549.0,34.0,SOGI,BELLARY,1999-05-21,2001-08-21,1999-2000,2001-2002,25.0,849.0,6.61,246.2,8,Mast,,False,KARNATAKA,Closed,14.915806,75.97625,,False,
S0558,550.0,35.0,SOMADEVARAHATTI,BIJAPUR,1998-09-23,2000-11-25,1998-1999,2000-2001,20.0,640.0,4.86,130.9,8,Mast,,False,KARNATAKA,Closed,16.890861,75.506917,,False,
S0559,551.0,36.0,SUBRAMANYAHALLI,BELLARY,2000-09-20,2003-03-13,2000-2001,2002-2003,25.0,1026.0,6.02,214.0,8,Mast,,False,KARNATAKA,Closed,15.010556,76.553056,,False,
S0560,552.0,37.0,GOKARNA,UTTARA KANNADA,2006-11-14,2001-03-29,2006-2007,2000-2001,50.0,49.0,4.72,118.0,8,Mast,,False,KARNATAKA,Closed,14.532778,74.313056,,True,Closed before commenced
S0561,553.0,38.0,HUVILAMADI,UTTARA KANNADA,2006-11-16,2009-03-31,2006-2007,2008-2009,50.0,61.0,3.85,69.0,8,Mast,,False,KARNATAKA,Closed,13.963611,74.555,,False,
S0562,554.0,39.0,TAMMANAYAKANAHALLI,BANGALORE URBAN,2007-08-21,2009-12-08,2007-2008,2009-2010,50.0,944.0,5.31,116.51,8,Mast,,False,KARNATAKA,Closed,12.695,77.636667,,False,
S0563,555.0,40.0,TOPALDODDI,RAICHUR,2007-08-22,2010-10-30,2007-2008,2010-2011,50.0,568.0,6.07,190.66,8,Mast,,False,KARNATAKA,Closed,16.176111,76.73,,False,
S0564,556.0,41.0,ANADURWADI TANDA,BIDAR,2007-08-24,2009-12-01,2007-2008,2009-2010,50.0,652.0,5.64,136.59,8,Mast,,False,KARNATAKA,Closed,17.873028,77.375306,,False,
S0565,557.0,42.0,KAUDIYAL,BIDAR,2007-09-24,2009-12-01,2007-2008,2009-2010,50.0,678.0,5.51,134.0,8,Mast,,False,KARNATAKA,Closed,17.803333,76.975,,False,
S0566,558.0,43.0,GORLADAKU,CHITRADURGA,2007-10-18,2009-11-23,2007-2008,2009-2010,50.0,640.0,4.79,111.0,8,Mast,,False,KARNATAKA,Closed,13.873889,76.734722,,False,
S0567,559.0,44.0,TADAKAL,KOPPAL,2008-08-09,2010-10-30,2008-2009,2010-2011,50.0,576.0,5.49,166.0,8,Mast,,False,KARNATAKA,Closed,15.375,76.025833,,False,
S0568,560.0,45.0,KAJIBILAGI,BAGALKOT,2008-08-11,2010-10-30,2008-2009,2010-2011,50.0,696.0,6.14,190.0,8,Mast,,False,KARNATAKA,Closed,16.74125,75.367222,,False,
S0569,561.0,46.0,HULKOTTI,GADAG,2008-10-14,2010-11-22,2008-2009,2010-2011,50.0,649.0,5.64,162.0,8,Mast,,False,KARNATAKA,Closed,15.393889,75.534694,,False,
S0570,562.0,47.0,SINGNALLI,DHARWAD,2008-10-15,2011-03-19,2008-2009,2010-2011,50.0,739.0,5.73,151.0,8,Mast,,False,KARNATAKA,Closed,15.539444,74.878333,,False,
S0571,563.0,48.0,KARAJAGA,BELGAUM,2008-10-16,2011-03-19,2008-2009,2010-2011,50.0,769.0,5.5,140.0,8,Mast,,False,KARNATAKA,Closed,16.3375,74.457778,,False,
S0572,564.0,49.0,JOGIMATTI,CHITRADURGA,2010-07-21,2015-12-21,2010-2011,2015-2016,120.0,1125.0,8.67,534.93,8,Mast,,False,KARNATAKA,Closed,14.165222,76.39925,,False,
S0573,565.0,50.0,DASARAHALLI,BELLARY,2012-02-10,2014-09-18,2011-2012,2014-2015,80.0,557.0,6.27,217.28,8,Mast,,False,KARNATAKA,Closed,15.064639,75.960833,,False,
S0574,566.0,51.0,HUILGOL,GADAG,2012-02-11,2014-09-18,2011-2012,2014-2015,80.0,608.0,6.69,251.5,8,Mast,,False,KARNATAKA,Closed,15.516917,75.653233,,False,
S0575,567.0,52.0,DOTIHALU,KOPPAL,2012-02-12,2014-09-18,2011-2012,2014-2015,80.0,625.0,6.4,212.1,8,Mast,,False,KARNATAKA,Closed,15.880028,76.190944,,False,
S0576,568.0,53.0,JEYUR,BIJAPUR,2012-02-13,2014-09-18,2011-2012,2014-2015,80.0,489.0,5.94,190.68,8,Mast,,False,KARNATAKA,Closed,17.263139,75.782028,,False,
S0577,569.0,54.0,SHAMSHERPURWADI,BIDAR,2012-02-16,2014-09-18,2011-2012,2014-2015,80.0,607.0,5.98,178.79,8,Mast,,False,KARNATAKA,Closed,18.089083,77.216056,,False,
S0578,570.0,55.0,NAGARANAHALLI,HASSAN,2012-03-03,2014-09-18,2011-2012,2014-2015,80.0,886.0,4.77,94.58,8,Mast,,False,KARNATAKA,Closed,12.694472,76.336306,,False,
S0579,571.0,56.0,GANGANUR,CHAMRAJNAGAR,2012-03-05,2014-09-18,2011-2012,2014-2015,80.0,717.0,5.19,136.94,8,Mast,,False,KARNATAKA,Closed,12.119194,76.855694,,False,
S0580,572.0,57.0,GOPALANAHALLI,TUMKUR,2012-03-07,2014-09-18,2011-2012,2014-2015,80.0,826.0,4.63,88.62,8,Mast,,False,KARNATAKA,Closed,13.344333,76.545639,,False,
S0581,573.0,58.0,BEERMANGALA,CHICKABALLAPUR,2012-03-09,2014-09-18,2011-2012,2014-2015,80.0,742.0,4.58,88.72,8,Mast,,False,KARNATAKA,Closed,13.556139,77.557028,,False,
S0582,574.0,59.0,SOMAGUDDA,CHITRADURGA,2012-03-13,2014-09-18,2011-2012,2014-2015,80.0,599.0,5.69,169.26,8,Mast,,False,KARNATAKA,Closed,14.283444,76.620333,,False,
S0583,575.0,60.0,ZUNJAWADI K.N,BELGAUM,2013-10-20,2015-09-01,2013-2014,2015-2016,100.0,703.0,5.46,135.75,8,Mast,,False,KARNATAKA,Closed,15.581389,74.608528,,False,
S0584,576.0,61.0,MUSTIGERI,BAGALKOTI,2013-10-22,2016-04-20,2013-2014,2016-2017,100.0,616.0,5.84,161.31,8,Mast,,False,KARNATAKA,Closed,15.977583,75.560833,,False,
S0585,577.0,62.0,TARALKATTI,KOPPAL,2013-10-23,2015-12-17,2013-2014,2015-2016,100.0,679.0,7.02,278.1,8,Mast,,False,KARNATAKA,Closed,15.654278,76.182306,,False,
S0586,578.0,63.0,MACHENAHALLI,GADAG,2013-10-24,2016-03-19,2013-2014,2015-2016,100.0,612.0,5.74,174.45,8,Mast,,False,KARNATAKA,Closed,15.110361,75.662583,,False,
S0587,579.0,64.0,HAIKAL,CHITRADURGA,2013-10-26,2016-12-30,2013-2014,2016-2017,100.0,666.0,6.61,227.87,8,Mast,,False,KARNATAKA,Closed,14.32325,76.483917,,False,
S0588,580.0,65.0,DEVALAPURA,HASSAN,2013-10-29,2016-03-08,2013-2014,2015-2016,100.0,912.0,5.24,120.44,8,Mast,,False,KARNATAKA,Closed,13.062833,76.468472,,False,
S0589,581.0,66.0,C.B HALLI,MYSORE,2013-10-30,2016-04-14,2013-2014,2016-2017,100.0,812.0,5.09,112.07,8,Mast,,False,KARNATAKA,Closed,12.285,76.459889,,False,
S0590,582.0,67.0,HANGALA,CHAMRAJANAGAR,2013-11-12,2016-01-29,2013-2014,2015-2016,100.0,873.0,5.03,140.32,8,Mast,,False,KARNATAKA,Closed,11.758056,76.635611,,False,
S0591,583.0,68.0,RAMACHANDRAPURA,HASSAN,2013-11-13,2016-04-16,2013-2014,2016-2017,100.0,1005.0,5.28,120.79,8,Mast,,False,KARNATAKA,Closed,13.135611,75.943889,,False,
S0592,584.0,69.0,MAVALI,SHIMOGA,2013-11-14,2016-01-11,2013-2014,2015-2016,100.0,630.0,5.25,126.37,8,Mast,,False,KARNATAKA,Closed,14.362889,75.16125,,False,
S0593,585.0,70.0,ARIKUNTE,KOLAR,2013-11-16,2016-04-21,2013-2014,2016-2017,100.0,848.0,5.67,145.81,8,Mast,,False,KARNATAKA,Closed,13.391083,78.187139,,False,
S0594,586.0,71.0,KANCHIKERE,DAVANGERE,2013-11-20,2016-12-25,2013-2014,2016-2017,100.0,590.0,5.71,164.24,8,Mast,,False,KARNATAKA,Closed,14.614917,75.971167,,False,
S0595,587.0,72.0,NIRANA,BIDAR,2013-12-29,2016-02-18,2013-2014,2015-2016,100.0,643.0,6.24,195.83,8,Mast,,False,KARNATAKA,Closed,17.691667,77.301,,False,
S0596,588.0,73.0,NULENUR T,CHITRADURGA,2021-03-19,2023-07-04,2020-2021,2022-2023,100.0,763.0,5.17,113.69,8,Mast,,False,KARNATAKA,Closed,14.127603,76.280461,,True,Closed date 2023-07-04 does not match FY 2022-2023
S0597,589.0,74.0,YETTINAHALLI,HAVERI,2021-03-20,2023-07-04,2020-2021,2022-2023,100.0,685.0,,,8,Mast,,False,KARNATAKA,Closed,14.987131,75.144969,,True,Closed date 2023-07-04 does not match FY 2022-2023
S0598,590.0,75.0,NARENDRA,DHARWAD,2021-03-21,2022-08-02,2020-2021,2021-2022,100.0,699.0,5.84,159.93,8,Mast,,False,KARNATAKA,Closed,15.523831,74.967069,,True,Closed date 2022-08-02 does not match FY 2021-2022
S0599,591.0,76.0,HALASANGI,BIJAPUR,2021-03-23,2022-04-26,2020-2021,2021-2022,100.0,438.0,5.18,129.87,8,Mast,,False,KARNATAKA,Closed,17.31825,75.863722,,True,Closed date 2022-04-26 does not match FY 2021-2022
S0600,592.0,1.0,GOPALAPURAM,GOPALAPURAM,1990-01-05,1992-09-29,1989-1990,1992-1993,20.0,186.0,3.56,59.4,8,Mast,,False,KERALA,Closed,10.780833,76.860833,,False,
S0601,593.0,2.0,KADAMPUZHA,MALAPPURAM,1999-01-14,2000-11-11,1998-1999,2000-2001,20.0,129.0,2.69,28.5,8,Mast,,False,KERALA,Closed,10.933333,76.116667,latitude seconds missing in PDF; taken as 0; longitude seconds missing in PDF; taken as 0,True,latitude seconds missing in PDF; taken as 0; longitude seconds missing in PDF; taken as 0
S0602,594.0,3.0,KAILASAMMEDU,IDUKKI,1998-11-12,2000-11-09,1998-1999,2000-2001,20.0,1160.0,6.3,251.4,8,Mast,,False,KERALA,Closed,9.851389,77.164722,,False,
S0603,595.0,4.0,KANJIKODE,PALAKKAD,1990-01-04,1995-01-03,1989-1990,1994-1995,20.0,120.0,6.2,217.9,8,Mast,,False,KERALA,Closed,10.787778,76.7775,,False,
S0604,596.0,5.0,KOLAHALAMEDU,IDUKKI,1992-11-25,1995-12-29,1992-1993,1995-1996,20.0,1060.0,4.69,146.1,8,Mast,,False,KERALA,Closed,9.67075,76.920139,,False,
S0605,597.0,6.0,KOTAMALA,PALAKKAD,1990-09-23,1994-01-04,1990-1991,1993-1994,20.0,106.0,5.12,153.8,8,Mast,,False,KERALA,Closed,10.787103,76.593056,,False,
S0606,598.0,7.0,KOTTATHARA,PALAKKAD,1990-01-08,1995-01-02,1989-1990,1994-1995,20.0,529.0,5.39,207.4,8,Mast,,False,KERALA,Closed,11.123333,76.667222,,False,
S0607,599.0,8.0,KULATHUMMEDU,IDUKKI,1998-03-06,2000-11-07,1997-1998,2000-2001,20.0,1121.0,5.61,181.0,8,Mast,,False,KERALA,Closed,9.745042,77.171222,,False,
S0608,600.0,9.0,KUNDALY,IDUKKI,1990-09-21,1992-09-26,1990-1991,1992-1993,20.0,1800.0,2.53,41.9,8,Mast,,False,KERALA,Closed,10.150044,77.211917,,False,
S0609,601.0,10.0,KUTTIKANAM,IDUKKI,1994-05-06,1998-01-07,1994-1995,1997-1998,20.0,1065.0,4.51,139.7,8,Mast,,False,KERALA,Closed,9.598333,76.971389,,False,
S0610,602.0,11.0,NALLASINGAM,PALAKKAD,1999-01-13,2001-07-16,1998-1999,2001-2002,20.0,840.0,6.36,323.9,8,Mast,,False,KERALA,Closed,11.0825,76.714444,,False,
S0611,603.0,12.0,NEENDAKARA,KOLLAM,2004-05-28,2005-11-05,2004-2005,2005-2006,20.0,5.0,3.83,63.0,8,Mast,Other project,False,KERALA,Closed,8.938333,76.537778,,False,
S0612,604.0,13.0,OZHALAPATHY,PALAKKAD,1999-01-12,2000-11-13,1998-1999,2000-2001,20.0,220.0,4.83,110.5,8,Mast,,False,KERALA,Closed,10.766667,76.866667,,False,
S0613,605.0,14.0,PANCHALIMEDU,IDUKKI,1992-11-23,1997-09-03,1992-1993,1997-1998,20.0,973.0,5.56,257.8,8,Mast,,False,KERALA,Closed,9.526944,76.973333,,False,
S0614,606.0,15.0,PARAMPUKETTIMEDU,IDUKKI,1998-03-07,2000-11-08,1997-1998,2000-2001,20.0,1128.0,7.58,470.0,8,Mast,,False,KERALA,Closed,9.891389,77.218889,,False,
S0615,607.0,16.0,PASAVADIGUMBA,KASARGODE,2004-04-28,2006-06-28,2004-2005,2006-2007,50.0,315.0,5.18,175.0,8,Mast,,False,KERALA,Closed,12.672778,75.022222,,False,
S0616,608.0,17.0,PONMUDI,TIRUVANANTHAPURAM,1990-09-19,1995-10-29,1990-1991,1995-1996,20.0,995.0,5.1,216.0,8,Mast,,False,KERALA,Closed,8.764722,77.114167,,False,
S0617,609.0,18.0,PULLIKANAM,IDUKKI,1991-08-06,1994-09-08,1991-1992,1994-1995,20.0,960.0,5.06,177.6,8,Mast,,False,KERALA,Closed,9.73495,76.868019,,False,
S0618,610.0,19.0,PUSHPAGIRI,IDUKKI,2004-08-31,2006-10-12,2004-2005,2006-2007,50.0,1085.0,6.02,223.0,8,Mast,,False,KERALA,Closed,9.843056,77.064722,,False,
S0619,611.0,20.0,RAMAKALMEDU,IDUKKI,1991-08-07,1998-03-05,1991-1992,1997-1998,20.0,997.0,8.42,532.2,8,Mast,,False,KERALA,Closed,9.809167,77.245556,,False,
S0620,612.0,21.0,SAKKULATHUMEDU,IDUKKI,1998-11-11,2000-08-30,1998-1999,2000-2001,20.0,1127.0,8.12,531.0,8,Mast,,False,KERALA,Closed,9.873889,77.211667,,False,
S0621,613.0,22.0,SENAPATHI,IDUKKI,1998-03-08,2000-11-09,1997-1998,2000-2001,20.0,1212.0,5.39,189.2,8,Mast,,False,KERALA,Closed,9.945278,77.173056,,False,
S0622,614.0,23.0,TOLANUR,PALAKKAD,1990-09-22,1993-11-04,1990-1991,1993-1994,20.0,114.0,4.41,115.2,8,Mast,,False,KERALA,Closed,10.717222,76.498889,,False,
S0623,615.0,24.0,VEDIKUZHI,IDUKKI,1994-03-05,1997-04-29,1993-1994,1997-1998,20.0,1020.0,4.5,139.7,8,Mast,,False,KERALA,Closed,9.680583,76.954583,,False,
S0624,616.0,25.0,VIZHINJAM,TIRUVANANTHAPURAM,2004-05-27,2005-06-13,2004-2005,2005-2006,25.0,13.0,3.59,50.0,8,Mast,Other project,False,KERALA,Closed,8.375278,76.991111,,False,
S0625,617.0,26.0,CHADAYANGULAY,PALAKKAD,2007-11-16,2009-12-30,2007-2008,2009-2010,50.0,121.0,5.56,156.0,8,Mast,,False,KERALA,Closed,10.803056,76.729722,,False,
S0626,618.0,27.0,TALAPOYA,WAYANAD,2007-11-20,2009-11-09,2007-2008,2009-2010,50.0,795.0,4.28,87.0,8,Mast,,False,KERALA,Closed,11.838611,75.969167,,False,
S0627,619.0,28.0,PUTHUPALLY / KANJIKODE,PALAKKAD,2012-02-23,2014-09-18,2011-2012,2014-2015,80.0,139.0,6.94,258.52,8,Mast,,False,KERALA,Closed,10.787583,76.775,,False,
S0628,620.0,29.0,VANDIPERIYAR,IDUKKI,2012-02-25,2014-09-18,2011-2012,2014-2015,80.0,1097.0,5.38,175.26,8,Mast,,False,KERALA,Closed,9.543917,77.043722,,False,
S0629,621.0,30.0,MEENAKARA DAM,PALAKKAD,2018-11-17,2020-12-14,2018-2019,2020-2021,100.0,175.0,6.38,225.39,9,Mast,,False,KERALA,Closed,10.62605,76.798322,,False,
S0630,622.0,31.0,KAP 4th BATTALIYAN,KASARGODE,2018-11-29,2020-12-14,2018-2019,2020-2021,100.0,115.0,4.15,61.21,9,Mast,,False,KERALA,Closed,12.409611,75.116861,,False,
S0631,623.0,1.0,KAMLESHWARPUR,JASHPUR,1996-06-23,1997-08-29,1996-1997,1997-1998,25.0,1097.0,3.69,46.0,9,Mast,,False,CHATTISGARH,Closed,22.831111,83.330556,,False,
S0632,624.0,2.0,BAILADILA HILLS,DANTEWADA,2004-05-30,2006-09-24,2004-2005,2006-2007,50.0,1117.0,4.3,120.0,9,Mast,,False,CHATTISGARH,Closed,18.700817,81.217428,,False,
S0633,625.0,3.0,RAUNI,JASHPUR,2004-04-25,2006-04-05,2004-2005,2006-2007,50.0,1109.0,4.8,89.5,9,Mast,,False,CHATTISGARH,Closed,23.067778,83.631111,,False,
S0634,626.0,4.0,RAJMERGARH,BILASPUR,2008-05-19,2010-06-30,2008-2009,2010-2011,50.0,1120.0,5.75,167.95,9,Mast,,False,CHATTISGARH,Closed,22.726667,81.770833,,False,
S0635,627.0,5.0,BAGBAHAR,MAHASAMUND,2009-02-27,2011-03-26,2008-2009,2010-2011,50.0,360.0,3.68,54.9,9,Mast,,False,CHATTISGARH,Closed,21.047583,82.404306,,False,
S0636,628.0,6.0,GHATGAON,RAJGARH,2009-03-09,2011-06-30,2008-2009,2011-2012,50.0,605.0,3.61,42.11,9,Mast,,False,CHATTISGARH,Closed,22.501167,83.553944,,False,
S0637,629.0,7.0,NAWAPARA,JASHPUR,2009-10-04,2011-10-30,2009-2010,2011-2012,50.0,1095.0,4.26,62.0,9,Mast,,False,CHATTISGARH,Closed,23.128333,83.689722,,False,
S0638,630.0,8.0,RAIKOT,BASTAR,2015-01-05,2016-11-24,2014-2015,2016-2017,100.0,684.0,3.88,65.0,9,Mast,,False,CHATTISGARH,Closed,18.923606,81.759939,,False,
S0639,631.0,9.0,BURGUM,BASTAR,2015-01-06,2016-11-24,2014-2015,2016-2017,100.0,809.0,3.53,47.0,9,Mast,,False,CHATTISGARH,Closed,20.045,81.50925,,False,
S0640,632.0,10.0,GAURGHAT,GARIYABAND,2015-01-08,2016-11-24,2014-2015,2016-2017,100.0,493.0,2.63,32.08,9,Mast,,False,CHATTISGARH,Closed,20.294683,82.257597,,False,
S0641,633.0,11.0,BANGAURA,KABIRDHAM,2015-01-09,2016-11-24,2014-2015,2016-2017,100.0,934.0,5.04,113.13,9,Mast,,False,CHATTISGARH,Closed,22.440778,81.136472,,False,
S0642,634.0,12.0,MANPALI,MAHASAMUND,2017-05-05,2019-12-31,2017-2018,2019-2020,100.0,253.0,3.38,58.45,9,Mast,,False,CHATTISGARH,Closed,21.266611,83.137639,,False,
S0643,635.0,13.0,SARODADADAR,KABIRDHAM,2017-07-13,2019-06-30,2017-2018,2019-2020,100.0,859.0,5.66,204.58,9,Mast,,False,CHATTISGARH,Closed,22.184803,81.079711,,False,
S0644,636.0,14.0,LAPHA,KORBA,2017-07-14,2019-06-30,2017-2018,2019-2020,100.0,347.0,2.62,37.95,9,Mast,,False,CHATTISGARH,Closed,22.446047,82.283214,,False,
S0645,637.0,15.0,PATHRAI,SURAJPUR,2017-07-15,2019-06-30,2017-2018,2019-2020,100.0,1093.0,5.28,139.12,9,Mast,,False,CHATTISGARH,Closed,22.797386,83.266064,,False,
S0646,638.0,16.0,SABAG,BALRAMPUR,2017-07-18,2021-01-12,2017-2018,2020-2021,100.0,1165.0,,,9,Mast,,False,CHATTISGARH,Closed,23.529031,83.987364,,False,
S0647,639.0,17.0,KALMUCHE,KANKER,2017-07-19,2019-12-31,2017-2018,2019-2020,100.0,751.0,5.1,127.4,9,Mast,,False,CHATTISGARH,Closed,20.181339,81.395239,,False,
S0648,640.0,18.0,KASTURPAL,BASTAR,2017-07-21,2019-06-30,2017-2018,2019-2020,100.0,694.0,4.99,110.05,9,Mast,,False,CHATTISGARH,Closed,19.133228,81.615856,,False,
S0649,641.0,19.0,KAILASHGUFA,JASHPUR,2017-12-04,2021-01-12,2017-2018,2020-2021,100.0,1114.0,,,9,Mast,,False,CHATTISGARH,Closed,23.060197,83.543467,,False,
S0650,642.0,20.0,AMLOR,GARIABAND,2017-12-06,2019-06-30,2017-2018,2019-2020,100.0,728.0,4.13,83.34,9,Mast,,False,CHATTISGARH,Closed,20.400133,82.344417,,False,
S0651,643.0,21.0,JOKAPATH,BALRAMPUR,2017-12-17,2019-06-30,2017-2018,2019-2020,100.0,1169.0,5.41,132.38,9,Mast,,False,CHATTISGARH,Closed,23.3997,83.659669,,False,
S0652,644.0,1.0,ALOT,RATLAM,1999-06-07,2000-11-22,1999-2000,2000-2001,25.0,477.0,4.63,96.2,9,Mast,,False,MADHYA PRADESH,Closed,23.744389,75.531111,,False,
S0653,645.0,2.0,BARKHERI BAZAR,UJJAIN,2001-12-28,2003-02-21,2001-2002,2002-2003,25.0,520.0,5.11,110.0,9,Mast,,False,MADHYA PRADESH,Closed,23.391806,75.824889,,False,
S0654,646.0,3.0,BAROLI,INDORE,1996-04-19,1997-08-21,1996-1997,1997-1998,20.0,570.0,4.47,102.9,9,Mast,,False,MADHYA PRADESH,Closed,22.828333,75.845833,,False,
S0655,647.0,4.0,BETMA,INDORE,1992-03-11,1993-12-22,1991-1992,1993-1994,20.0,572.0,4.18,78.6,9,Mast,,False,MADHYA PRADESH,Closed,22.680222,75.652861,,False,
S0656,648.0,5.0,BODHINA,RATLAM,2001-01-22,2002-10-05,2000-2001,2002-2003,25.0,540.0,5.14,131.0,9,Mast,,False,MADHYA PRADESH,Closed,23.473389,74.959389,,False,
S0657,649.0,6.0,CHORASIA BADAILA,RATLAM,1998-12-10,2000-09-19,1998-1999,2000-2001,20.0,521.0,4.95,121.2,9,Mast,,False,MADHYA PRADESH,Closed,23.567917,75.084861,,False,
S0658,650.0,7.0,GARHIDADAR,ANUPUR,2004-06-02,2006-06-20,2004-2005,2006-2007,50.0,1123.0,5.16,111.0,9,Mast,,False,MADHYA PRADESH,Closed,22.8525,81.619444,,False,
S0659,651.0,8.0,JAITHAL HILL,UJJAIN,2001-12-30,2003-02-21,2001-2002,2002-2003,25.0,507.0,4.53,82.0,9,Mast,,False,MADHYA PRADESH,Closed,23.285694,75.823361,,False,
S0660,652.0,9.0,JAMGODRANI,DEWAS,1992-03-12,1995-04-19,1991-1992,1995-1996,20.0,580.0,5.0,129.7,9,Mast,,False,MADHYA PRADESH,Closed,22.985833,76.165694,,False,
S0661,653.0,10.0,JHABUA,JHABUA,1998-12-12,2000-09-15,1998-1999,2000-2001,20.0,432.0,4.22,73.7,9,Mast,,False,MADHYA PRADESH,Closed,22.767389,74.571139,,False,
S0662,654.0,11.0,KALAPAHAD,SEHORE,2000-09-17,2001-10-11,2000-2001,2001-2002,20.0,538.0,3.94,59.7,9,Mast,,False,MADHYA PRADESH,Closed,23.128306,77.042083,,False,
S0663,655.0,12.0,KAWASA,RATLAM,2000-09-16,2001-10-13,2000-2001,2001-2002,25.0,411.0,4.22,80.3,9,Mast,,False,MADHYA PRADESH,Closed,23.062056,74.676694,,False,
S0664,656.0,13.0,KHEDA,DHAR,1992-03-10,1995-04-18,1991-1992,1995-1996,20.0,606.0,5.05,126.3,9,Mast,,False,MADHYA PRADESH,Closed,22.603611,75.63,,False,
S0665,657.0,14.0,KUKRU,BETUL,1994-08-16,1997-08-27,1994-1995,1997-1998,20.0,1133.0,5.28,157.1,9,Mast,,False,MADHYA PRADESH,Closed,21.493167,77.477417,,False,
S0666,658.0,15.0,LAHORI,SHAJAPUR,2000-02-13,2001-03-21,1999-2000,2000-2001,25.0,529.0,4.81,99.8,9,Mast,,False,MADHYA PRADESH,Closed,23.339417,76.3555,,False,
S0667,659.0,16.0,MACHALIYA GHAT,JHABUA,1999-08-06,2001-01-23,1999-2000,2000-2001,25.0,520.0,4.94,105.7,9,Mast,,False,MADHYA PRADESH,Closed,22.754833,74.796528,,False,
S0668,660.0,17.0,MACHLA,INDORE,1999-06-10,2000-11-19,1999-2000,2000-2001,25.0,626.0,4.7,95.7,9,Mast,,False,MADHYA PRADESH,Closed,22.627694,75.850667,,False,
S0669,661.0,18.0,MAHURIYA,SHAJAPUR,1996-04-24,1998-08-04,1996-1997,1998-1999,25.0,508.0,5.28,171.1,9,Mast,,False,MADHYA PRADESH,Closed,23.833417,76.090778,,False,
S0670,662.0,19.0,MAMATKHEDA,RATLAM,1998-12-10,2001-01-21,1998-1999,2000-2001,20.0,543.0,5.57,169.3,9,Mast,,False,MADHYA PRADESH,Closed,23.679083,75.058194,,False,
S0671,663.0,20.0,MIRZAPUR,SEHORE,1992-03-12,1995-04-20,1991-1992,1995-1996,20.0,544.0,4.27,76.0,9,Mast,,False,MADHYA PRADESH,Closed,23.019222,76.639833,,False,
S0672,664.0,21.0,NAGDA 2),DEWAS,1998-08-06,2008-04-30,1998-1999,2008-2009,25.0,656.0,6.25,218.9,9,Mast,,False,MADHYA PRADESH,Closed,22.8975,76.041944,,False,
S0673,665.0,22.0,PURTALA,CHINDWARA,2004-04-20,2006-06-21,2004-2005,2006-2007,50.0,908.0,5.02,101.0,9,Mast,,False,MADHYA PRADESH,Closed,22.348333,79.048056,,False,
S0674,666.0,23.0,SANAWAD,KHARGON,1992-03-13,1993-12-23,1991-1992,1993-1994,20.0,216.0,3.86,85.3,9,Mast,,False,MADHYA PRADESH,Closed,22.190444,76.055,,False,
S0675,667.0,24.0,SENDHVA,BADWANI,1996-04-20,1998-08-02,1996-1997,1998-1999,20.0,540.0,5.03,163.2,9,Mast,,False,MADHYA PRADESH,Closed,21.630833,75.043056,,False,
S0676,668.0,25.0,SODANG HILL,UJJAIN,2001-12-29,2003-02-21,2001-2002,2002-2003,25.0,516.0,4.95,121.0,9,Mast,,False,MADHYA PRADESH,Closed,23.236528,75.729278,,False,
S0677,669.0,26.0,TANORIYA,SHAJAPUR,1996-04-24,1997-08-23,1996-1997,1997-1998,20.0,497.0,4.38,92.6,9,Mast,,False,MADHYA PRADESH,Closed,23.612694,75.936889,,False,
S0678,670.0,27.0,VALIYARPANI,BADWANI,2000-02-09,2002-03-17,1999-2000,2001-2002,20.0,510.0,5.25,191.0,9,Mast,,False,MADHYA PRADESH,Closed,21.660389,74.953806,,False,
S0679,671.0,28.0,BARODIYA,MANDSAUR,2006-07-23,2008-11-01,2006-2007,2008-2009,50.0,490.0,4.74,92.0,9,Mast,,False,MADHYA PRADESH,Closed,24.614722,75.685833,,False,
S0680,672.0,29.0,BANBIR KHERI,GUNA,2006-07-20,2009-01-05,2006-2007,2008-2009,50.0,533.0,5.62,145.0,9,Mast,,False,MADHYA PRADESH,Closed,24.423333,77.376389,,False,
S0681,673.0,30.0,MANDWA,KHARGON,2007-11-29,2010-01-05,2007-2008,2009-2010,50.0,671.0,5.12,123.53,9,Mast,,False,MADHYA PRADESH,Closed,21.478333,75.943889,,False,
S0682,674.0,31.0,KANCHROOTA,DHAR,2007-12-01,2010-01-03,2007-2008,2009-2010,50.0,541.0,5.26,119.0,9,Mast,,False,MADHYA PRADESH,Closed,22.565833,74.91,,False,
S0683,675.0,32.0,NACHANBOR,DHAR,2007-12-02,2010-01-03,2007-2008,2009-2010,50.0,570.0,5.07,120.0,9,Mast,,False,MADHYA PRADESH,Closed,22.435,75.445278,,False,
S0684,676.0,33.0,BORI,BURHANPUR,2008-05-03,2010-09-30,2008-2009,2010-2011,50.0,347.0,5.24,151.0,9,Mast,,False,MADHYA PRADESH,Closed,21.454722,76.8425,,False,
S0685,677.0,34.0,PAHARI,SATNA,2009-09-17,2011-10-30,2009-2010,2011-2012,50.0,500.0,4.03,63.49,9,Mast,,False,MADHYA PRADESH,Closed,24.401389,80.5,,False,
S0686,678.0,35.0,UBHARIYA,BETUL,2010-03-19,2012-07-30,2009-2010,2012-2013,50.0,776.0,5.16,117.7,9,Mast,,False,MADHYA PRADESH,Closed,21.833,78.141028,,False,
S0687,679.0,36.0,GHAT PIPARIYA,BETUL,2010-03-20,2012-07-30,2009-2010,2012-2013,50.0,751.0,4.89,112.57,9,Mast,,False,MADHYA PRADESH,Closed,21.886556,78.531944,,False,
S0688,680.0,37.0,SEARMAU,BETUL,2010-03-22,2012-07-30,2009-2010,2012-2013,50.0,625.0,4.97,115.92,9,Mast,,False,MADHYA PRADESH,Closed,23.4025,78.576583,,False,
S0689,681.0,38.0,DEND,CHHINDWARA,2013-11-21,2015-08-16,2013-2014,2015-2016,100.0,929.0,5.69,179.86,9,Mast,,False,MADHYA PRADESH,Closed,22.444167,78.959167,,False,
S0690,682.0,39.0,PANDIWARA,SEONI,2013-11-23,2016-02-12,2013-2014,2015-2016,100.0,548.0,4.07,74.48,9,Mast,,False,MADHYA PRADESH,Closed,22.356669,79.492339,,False,
S0691,683.0,40.0,VIJAYAPUR,SATNA,2013-11-25,2015-01-08,2013-2014,2014-2015,100.0,345.0,,,9,Mast,,False,MADHYA PRADESH,Closed,24.856756,81.0706,,False,
S0692,684.0,41.0,GANESH-GOSHALA,SHAJAPUR,2013-12-02,2017-01-19,2013-2014,2016-2017,100.0,527.0,6.42,228.88,9,Mast,,False,MADHYA PRADESH,Closed,23.728583,75.946333,,False,
S0693,685.0,42.0,INDIRA GANDHI ENGG COLLEGE CAMPUS,SAGAR,2013-12-21,2015-09-08,2013-2014,2015-2016,100.0,553.0,5.57,154.43,9,Mast,,False,MADHYA PRADESH,Closed,23.871444,78.820083,,False,
S0694,686.0,43.0,GUDAPARIHAR,NEEMUCH,2013-12-23,2016-01-31,2013-2014,2015-2016,100.0,543.0,5.66,167.19,9,Mast,,False,MADHYA PRADESH,Closed,24.697417,75.074083,,False,
S0695,687.0,44.0,PHULJVARE,BARVANI,2014-01-03,2014-02-09,2013-2014,2013-2014,100.0,489.0,,,9,Mast,,False,MADHYA PRADESH,Closed,21.738972,74.949028,,False,
S0696,688.0,45.0,JAMGODRANI HILLS,DEWAS,2015-05-09,2017-10-25,2015-2016,2017-2018,100.0,573.0,6.41,244.51,9,Mast,,False,MADHYA PRADESH,Closed,22.982833,76.150694,,False,
S0697,689.0,46.0,HEDAPURA,RAJGARH,2022-10-17,2023-11-30,2022-2023,2022-2023,100.0,475.0,5.46,147.68,9,Mast,,False,MADHYA PRADESH,Closed,23.764028,77.133833,,True,Closed date 2023-11-30 does not match FY 2022-2023
S0698,690.0,1.0,BARKATH LINE,ANDAMAN,1992-03-25,1993-12-18,1991-1992,1993-1994,20.0,52.0,3.53,63.0,9,Mast,,False,ANDAMAN & NICOBAR ISLANDS,Closed,11.660278,92.747778,,False,
S0699,691.0,2.0,BADMASH PAHAR,ANDAMAN,2004-12-04,2007-11-30,2004-2005,2007-2008,30.0,50.0,4.17,92.0,9,Mast,SNA project,False,ANDAMAN & NICOBAR ISLANDS,Closed,11.648611,92.661667,,False,
S0700,692.0,3.0,CHUCKMACHI,NICOBAR,1997-03-19,1998-10-29,1996-1997,1998-1999,20.0,31.0,4.0,66.2,9,Mast,,False,ANDAMAN & NICOBAR ISLANDS,Closed,8.22,93.163056,,False,
S0701,693.0,4.0,CORBIN'S PAHAR,ANDAMAN,2004-12-05,2012-07-30,2004-2005,2012-2013,30.0,97.0,4.97,125.61,9,Mast,SNA project,False,ANDAMAN & NICOBAR ISLANDS,Closed,11.633333,92.733333,latitude seconds missing in PDF; taken as 0; longitude seconds missing in PDF; taken as 0,True,latitude seconds missing in PDF; taken as 0; longitude seconds missing in PDF; taken as 0
S0702,694.0,5.0,KEATING POINT,NICOBAR,1997-03-14,1999-05-12,1996-1997,1999-2000,20.0,10.0,4.9,113.9,9,Mast,,False,ANDAMAN & NICOBAR ISLANDS,Closed,9.255833,92.776111,,False,
S0703,695.0,6.0,MINYUK,NICOBAR,1997-03-20,1998-10-29,1996-1997,1998-1999,20.0,30.0,3.9,62.6,9,Mast,,False,ANDAMAN & NICOBAR ISLANDS,Closed,8.233611,93.144444,,False,
S0704,696.0,7.0,MOUNT HARRIET,ANDAMAN,2004-12-11,2010-02-13,2004-2005,2009-2010,30.0,353.0,5.6,165.0,10,Mast,SNA project,False,ANDAMAN & NICOBAR ISLANDS,Closed,11.72,92.733611,,False,
S0705,697.0,8.0,PHOENIX BAY,ANDAMAN,1992-05-25,1993-12-20,1992-1993,1993-1994,20.0,31.0,3.47,62.0,10,Mast,,False,ANDAMAN & NICOBAR ISLANDS,Closed,11.667778,92.733889,,False,
S0706,698.0,9.0,POKKADERO,ANDAMAN,1992-05-27,1993-12-23,1992-1993,1993-1994,20.0,20.0,3.03,63.1,10,Mast,,False,ANDAMAN & NICOBAR ISLANDS,Closed,12.908056,92.9,,False,
S0707,699.0,10.0,RAMKRISHNAGRAM,ANDAMAN,1992-05-29,1993-12-27,1992-1993,1993-1994,20.0,4.0,2.79,55.3,10,Mast,,False,ANDAMAN & NICOBAR ISLANDS,Closed,13.258333,92.983333,,False,
S0708,700.0,11.0,SABARI,ANDAMAN,1992-05-27,1993-12-23,1992-1993,1993-1994,20.0,89.0,1.18,0.95,10,Mast,,False,ANDAMAN & NICOBAR ISLANDS,Closed,12.5,92.883333,,False,
S0709,701.0,12.0,SABARI,ANDAMAN,2004-12-08,2007-11-30,2004-2005,2007-2008,30.0,100.0,2.89,30.0,10,Mast,SNA project,False,ANDAMAN & NICOBAR ISLANDS,Closed,12.501667,92.895556,,False,
S0710,702.0,13.0,SOUTH BAY,ANDAMAN,1997-03-12,1998-10-22,1996-1997,1998-1999,20.0,10.0,3.62,106.6,10,Mast,,False,ANDAMAN & NICOBAR ISLANDS,Closed,10.511944,92.504167,,False,
S0711,703.0,14.0,WANDOOR,ANDAMAN,2010-05-14,2012-07-30,2010-2011,2012-2013,50.0,3.0,3.47,55.25,10,Mast,,False,ANDAMAN & NICOBAR ISLANDS,Closed,11.603889,92.608583,,False,
S0712,704.0,15.0,HOG POINT,NICOBAR,2010-05-31,2012-07-30,2010-2011,2012-2013,50.0,1.0,5.16,151.59,10,Mast,,False,ANDAMAN & NICOBAR ISLANDS,Closed,9.217611,92.724722,,False,
S0713,705.0,16.0,CHOULDARI,ANDAMAN,2010-06-05,2012-07-30,2010-2011,2012-2013,50.0,22.0,3.39,49.03,10,Mast,SNA project,False,ANDAMAN & NICOBAR ISLANDS,Closed,11.631361,92.663778,,False,
S0714,706.0,17.0,COLLINPUR,ANDAMAN,2010-06-08,2012-07-30,2010-2011,2012-2013,50.0,2.0,4.56,156.15,10,Mast,SNA project,False,ANDAMAN & NICOBAR ISLANDS,Closed,11.693278,92.598694,,False,
S0715,707.0,18.0,VIKAS NAGAR,NICOBAR,2010-06-13,2012-07-30,2010-2011,2012-2013,50.0,31.0,4.42,84.54,10,Mast,SNA project,False,ANDAMAN & NICOBAR ISLANDS,Closed,8.120889,93.515194,,False,
S0716,708.0,19.0,IRBN COMPLEX,ANDAMAN,2011-01-13,2013-04-04,2010-2011,2013-2014,30.0,102.0,4.51,109.11,10,Mast,SNA project,False,ANDAMAN & NICOBAR ISLANDS,Closed,11.636361,92.649806,,False,
S0717,709.0,20.0,SIGMUNDERA,NORTH ANDAMAN,2024-03-18,,,,100.0,52.0,,,10,Mast,,False,ANDAMAN & NICOBAR ISLANDS,Operational,12.38025,92.931389,,False,
S0718,710.0,21.0,BHARATPUR,NEIL ISLAND,2024-03-22,,,,100.0,24.0,,,10,Mast,,False,ANDAMAN & NICOBAR ISLANDS,Operational,11.833861,93.032139,,False,
S0719,711.0,22.0,MANGULTHAN,SOUTH ANDAMAN,2024-04-24,,,,100.0,117.0,,,10,Mast,,False,ANDAMAN & NICOBAR ISLANDS,Operational,11.572944,92.662472,,False,
S0720,712.0,1.0,LIKABALI,WEST SIANG,2005-04-01,2006-11-29,2005-2006,2006-2007,25.0,144.0,2.87,38.4,10,Mast,,False,ARUNACHAL PRADESH,Closed,27.647222,94.700833,,False,
S0721,713.0,2.0,PASSIGHAT,EAST SIANG,1994-04-01,1996-11-28,1994-1995,1996-1997,25.0,155.0,2.27,33.0,10,Mast,,False,ARUNACHAL PRADESH,Closed,28.048889,95.331667,,False,
S0722,714.0,3.0,RAGA,LOWER SUBANSIRI,2005-04-27,2006-12-09,2005-2006,2006-2007,25.0,283.0,1.8,14.0,10,Mast,,False,ARUNACHAL PRADESH,Closed,27.750278,94.070833,,False,
S0723,715.0,4.0,SELA,WEST KAMENG,2005-06-10,2006-08-03,2005-2006,2006-2007,25.0,4150.0,4.6,126.0,10,Mast,,False,ARUNACHAL PRADESH,Closed,27.5125,92.0975,,False,
S0724,716.0,5.0,SIMONG,UPPER SIANG,2005-07-19,2006-08-19,2005-2006,2006-2007,25.0,450.0,1.0,5.0,10,Mast,,False,ARUNACHAL PRADESH,Closed,28.607778,95.046667,,False,
S0725,717.0,6.0,YONGCHIK,CHANGLANG,1994-11-23,1996-11-26,1994-1995,1996-1997,25.0,733.0,1.0,6.6,10,Mast,,False,ARUNACHAL PRADESH,Closed,27.189139,95.730372,,False,
S0726,718.0,7.0,MECHUKA,WEST SIANG,2012-10-21,2014-11-28,2012-2013,2014-2015,50.0,1947.0,1.68,18.59,10,Mast,,False,ARUNACHAL PRADESH,Closed,28.606194,94.104139,,False,
S0727,719.0,8.0,HAWAI,ANJAW,2013-03-10,2015-04-17,2012-2013,2015-2016,50.0,1229.0,2.07,14.72,10,Mast,,False,ARUNACHAL PRADESH,Closed,27.88375,96.819583,,False,
S0728,720.0,9.0,ANINI,DIBANG VALLEY,2013-03-21,2015-04-17,2012-2013,2015-2016,18.0,1485.0,1.63,19.94,10,Mast,,False,ARUNACHAL PRADESH,Closed,28.795944,95.88225,,False,
S0729,721.0,10.0,PANIDURIA,TIRAP,2018-05-31,2019-12-31,2018-2019,2019-2020,50.0,330.0,1.76,6.15,10,Mast,,False,ARUNACHAL PRADESH,Closed,27.045639,95.429289,,False,
S0730,722.0,11.0,LAPNAN,TIRAP,2018-05-30,2021-04-08,2018-2019,2021-2022,50.0,559.0,1.24,3.0,10,Mast,,False,ARUNACHAL PRADESH,Closed,26.987461,95.470644,,False,
S0731,723.0,12.0,HAWA CAMP,UPPER SIANG,2019-03-25,2020-12-14,2018-2019,2020-2021,50.0,434.0,2.06,24.04,10,Mast,,False,ARUNACHAL PRADESH,Closed,,94.9745,Invalid latitude: 28 41 48..55,True,Invalid latitude: 28 41 48..55; Missing coordinates
S0732,724.0,13.0,KAPONG,UPPER SIANG,2019-03-26,2020-12-14,2018-2019,2020-2021,50.0,351.0,1.23,5.05,10,Mast,,False,ARUNACHAL PRADESH,Closed,28.650969,95.0129,,False,
S0733,725.0,14.0,MOSSING,UPPER SIANG,2019-03-27,2021-04-08,2018-2019,2021-2022,50.0,1016.0,1.68,6.56,10,Mast,,False,ARUNACHAL PRADESH,Closed,28.808561,94.7927,,False,
S0734,726.0,15.0,JANBO,YINGKIONG-JENGGING,2019-03-26,2020-12-14,2018-2019,2020-2021,50.0,1142.0,4.08,58.54,10,Mast,,False,ARUNACHAL PRADESH,Closed,28.791711,94.856269,,False,
S0735,727.0,16.0,DIPUNALLAP,LOWER DIBANG VALLEY,2019-03-31,2021-04-08,2018-2019,2021-2022,50.0,705.0,3.46,48.33,10,Mast,,False,ARUNACHAL PRADESH,Closed,28.064822,95.979694,,False,
S0736,728.0,17.0,EZENGO,LOWER DIBANG VALLEY,2019-03-31,2020-12-14,2018-2019,2020-2021,50.0,408.0,3.5,55.45,10,Mast,,False,ARUNACHAL PRADESH,Closed,28.15725,95.833739,,False,
S0737,729.0,1.0,BACHELIKHAL,NARENDRA NAGAR,1997-05-04,1999-04-29,1997-1998,1999-2000,20.0,981.0,5.19,144.2,10,Mast,,False,UTTARAKHAND,Closed,30.074722,78.56975,,False,
S0738,730.0,2.0,GUMKHAL,PAURI,1997-05-01,1998-08-17,1997-1998,1998-1999,20.0,1639.0,3.34,38.0,10,Mast,,False,UTTARAKHAND,Closed,29.912072,78.662322,,False,
S0739,731.0,3.0,GURDAURI,PAURI,1997-05-03,1998-08-18,1997-1998,1998-1999,20.0,1654.0,3.87,68.2,10,Mast,,False,UTTARAKHAND,Closed,30.1815,78.695194,,False,
S0740,732.0,4.0,HARSIL,UTTARKASHI,1997-07-27,1998-11-06,1997-1998,1998-1999,20.0,2501.0,3.21,70.8,10,Mast,,False,UTTARAKHAND,Closed,31.036333,78.744972,,False,
S0741,733.0,5.0,JHAMNIKHAL,TEHRI,1997-05-05,1999-04-29,1997-1998,1999-2000,20.0,1588.0,2.35,23.1,10,Mast,,False,UTTARAKHAND,Closed,30.266222,78.608917,,False,
S0742,734.0,6.0,JHANKARDANDA,PAURI,1997-05-02,1998-08-18,1997-1998,1998-1999,20.0,1690.0,2.36,15.7,10,Mast,,False,UTTARAKHAND,Closed,30.149444,78.671111,,False,
S0743,735.0,7.0,JHARGAON,ALMORA,1997-07-23,1998-11-09,1997-1998,1998-1999,20.0,952.0,2.13,14.0,10,Mast,,False,UTTARAKHAND,Closed,29.617,79.118917,,False,
S0744,736.0,8.0,MALLIMIRAI,ALMORA,1997-05-11,1998-11-11,1997-1998,1998-1999,20.0,1450.0,2.17,13.9,10,Mast,,False,UTTARAKHAND,Closed,29.744528,79.437972,,False,
S0745,737.0,9.0,MOLEKHAL,ALMORA,1997-09-23,1998-11-10,1997-1998,1998-1999,20.0,1515.0,3.84,71.3,10,Mast,,False,UTTARAKHAND,Closed,29.663139,79.157694,,False,
S0746,738.0,10.0,RANSI,PAURI,1994-04-20,1995-07-28,1994-1995,1995-1996,20.0,1865.0,3.83,66.7,10,Mast,SNA project,False,UTTARAKHAND,Closed,30.1495,78.765722,,False,
S0747,739.0,11.0,RICKHNIKHAL,PAURI,1994-04-22,1995-08-01,1994-1995,1995-1996,20.0,1571.0,3.25,39.3,10,Mast,SNA project,False,UTTARAKHAND,Closed,29.783333,78.87225,,False,
S0748,740.0,12.0,MALARI,CHAMOLI,2012-07-26,2014-07-05,2012-2013,2014-2015,50.0,2734.0,,,10,Mast,,False,UTTARAKHAND,Closed,30.691194,79.888667,,False,
S0749,741.0,13.0,MANESHWAR,CHAMPAWAT,2012-08-04,2014-07-05,2012-2013,2014-2015,50.0,1759.0,2.66,27.72,10,Mast,,False,UTTARAKHAND,Closed,29.381083,80.098917,,False,
S0750,742.0,14.0,PITHORAGARGH,PITHORAGARGH,2012-12-31,2014-07-05,2012-2013,2014-2015,50.0,2094.0,2.27,17.49,10,Mast,,False,UTTARAKHAND,Closed,29.6105,80.283333,,False,
S0751,743.0,15.0,DWARAHAT,ALMORA,2013-01-03,2015-01-31,2012-2013,2014-2015,50.0,1405.0,1.9,18.54,10,Mast,,False,UTTARAKHAND,Closed,29.751778,79.428556,,False,
S0752,744.0,16.0,HAATHIPAON,DEHRADUN,2013-01-06,2014-07-05,2012-2013,2014-2015,50.0,2034.0,3.08,39.67,10,Mast,,False,UTTARAKHAND,Closed,30.458944,78.023472,,False,
S0753,745.0,17.0,DOON UNIVERSITY,DEHRADUN,2013-12-17,2019-03-31,2013-2014,2018-2019,50.0,592.0,1.67,10.81,10,Mast,Other project,False,UTTARAKHAND,Closed,30.101306,78.046306,,False,
S0754,746.0,1.0,BORGAON,KARBI ANGLONG,1997-04-01,1998-06-20,1997-1998,1998-1999,25.0,504.0,2.43,19.6,10,Mast,,False,ASSAM,Closed,26.075,92.401667,,False,
S0755,747.0,2.0,P.LEIKUL,NORTH CACHAR HILLS,2005-03-20,2007-05-14,2004-2005,2007-2008,25.0,1001.0,3.2,130.0,10,Mast,,False,ASSAM,Closed,25.199444,93.2125,,False,
S0756,748.0,3.0,TOLPOI,NORTH CACHAR HILLS,2005-04-05,2007-05-13,2005-2006,2007-2008,25.0,1045.0,2.5,23.7,10,Mast,,False,ASSAM,Closed,25.191667,93.266667,,False,
S0757,749.0,4.0,UMPHABENG,KARBI ANGLONG,1997-05-23,1998-06-20,1997-1998,1998-1999,25.0,890.0,2.31,17.0,10,Mast,,False,ASSAM,Closed,25.716667,92.466667,latitude seconds missing in PDF; taken as 0; longitude seconds missing in PDF; taken as 0,True,latitude seconds missing in PDF; taken as 0; longitude seconds missing in PDF; taken as 0
S0758,750.0,5.0,R.K.NAGAR,KARIMGANJ,2007-06-14,2009-05-28,2007-2008,2009-2010,50.0,52.0,2.6,24.0,10,Mast,,False,ASSAM,Closed,24.564722,92.467778,,False,
S0759,751.0,6.0,NEW PANBARI,DHUBRI,2011-06-14,2013-01-24,2011-2012,2012-2013,50.0,43.0,3.1,37.85,10,Mast,,False,ASSAM,Closed,26.162278,90.058806,,False,
S0760,752.0,7.0,THARIGRAMVITA,DHUBRI,2013-04-13,2015-04-17,2013-2014,2015-2016,50.0,26.0,3.33,48.54,10,Mast,,False,ASSAM,Closed,25.929972,89.892194,,False,
S0761,753.0,8.0,BHURBANDHA,MORIGAON,2017-06-22,2019-06-30,2017-2018,2019-2020,50.0,53.0,2.65,19.17,10,Mast,,False,ASSAM,Closed,26.303331,92.374328,,False,
S0762,754.0,9.0,BAMGAON,BISWANATH,2017-06-23,2019-06-30,2017-2018,2019-2020,50.0,61.0,3.09,31.67,10,Mast,,False,ASSAM,Closed,26.729672,93.162147,,False,
S0763,755.0,10.0,GOPALPUR GRANT,BISWANATH,2017-06-24,2019-06-30,2017-2018,2019-2020,50.0,60.0,2.67,24.17,10,Mast,,False,ASSAM,Closed,26.916631,93.659367,,False,
S0764,756.0,11.0,RAJGARH KACHARI,LAKHIMPUR,2017-06-27,2019-06-30,2017-2018,2019-2020,50.0,53.0,2.17,11.74,10,Mast,,False,ASSAM,Closed,27.249417,93.980167,,False,
S0765,757.0,12.0,TARIONI,NORTH LAKHIMPUR,2017-06-28,2019-11-06,2017-2018,2019-2020,50.0,77.0,1.91,9.79,10,Mast,,False,ASSAM,Closed,27.52275,94.182242,,False,
S0766,758.0,13.0,KULAJAN,NAGAON,2017-06-29,2019-06-30,2017-2018,2019-2020,50.0,107.0,2.73,20.1,10,Mast,,False,ASSAM,Closed,27.528889,94.722167,,False,
S0767,759.0,14.0,SAGMOTEA TEA ESTATE,NAGAON,2017-07-05,2019-06-30,2017-2018,2019-2020,50.0,187.0,1.86,15.08,10,Mast,,False,ASSAM,Closed,26.532611,93.033028,,False,
S0768,760.0,15.0,MUGASONG,WEST KARBI ANGLONG,2019-03-04,2020-05-20,2018-2019,2020-2021,50.0,67.0,2.23,13.92,10,Mast,,False,ASSAM,Closed,25.988889,92.737222,,False,
S0769,761.0,16.0,BARGAON,KAMRUP RURAL,2019-03-10,2020-05-20,2018-2019,2020-2021,50.0,30.0,2.78,23.11,10,Mast,,False,ASSAM,Closed,26.406722,91.759111,,False,
S0770,762.0,17.0,KOTOHAPORIA,JORHAT,2019-03-03,2020-05-20,2018-2019,2020-2021,50.0,93.0,2.55,19.94,10,Mast,,False,ASSAM,Closed,26.789056,94.250561,,False,
S0771,763.0,18.0,RANGACHAKUA,SONITPUR,2019-03-02,2020-05-20,2018-2019,2020-2021,50.0,86.0,2.75,21.42,10,Mast,,False,ASSAM,Closed,26.846944,92.9085,,False,
S0772,764.0,1.0,CHURAG,MANDI,1994-10-10,1995-11-30,1994-1995,1995-1996,25.0,1874.0,3.37,50.2,10,Mast,,False,HIMACHAL PRADESH,Closed,31.343611,77.158611,,False,
S0773,765.0,2.0,JAWALI,KANGRA,2000-11-26,2003-01-20,2000-2001,2002-2003,25.0,420.0,1.53,5.0,10,Mast,,False,HIMACHAL PRADESH,Closed,32.136389,76.014167,,False,
S0774,766.0,3.0,KAHAN,SIRMUR,1994-12-14,1996-11-30,1994-1995,1996-1997,25.0,1510.0,4.22,92.7,10,Mast,,False,HIMACHAL PRADESH,Closed,30.713789,77.214392,,False,
S0775,767.0,4.0,SHATDHAR,KULLU,1994-06-16,1995-08-05,1994-1995,1995-1996,25.0,1279.0,1.83,37.6,10,Mast,,False,HIMACHAL PRADESH,Closed,31.406389,77.620278,,False,
S0776,768.0,5.0,SOLAN,SOLAN,1995-04-06,1996-08-01,1995-1996,1996-1997,25.0,1478.0,2.88,24.8,10,Mast,,False,HIMACHAL PRADESH,Closed,30.915572,77.108036,,False,
S0777,769.0,6.0,SARKIDHAR,MANDI,2007-12-18,2009-12-31,2007-2008,2009-2010,50.0,1788.0,3.4,47.61,10,Mast,,False,HIMACHAL PRADESH,Closed,31.633056,76.819167,,False,
S0778,770.0,1.0,AJODHYA HILLS,PURULIA,1995-03-28,1996-07-19,1994-1995,1996-1997,25.0,538.0,3.14,31.8,11,Mast,,False,WEST BENGAL,Closed,23.213333,86.127778,,False,
S0779,771.0,2.0,DADONPATRA BAR,EAST MEDINIPUR,1998-01-14,1999-04-20,1997-1998,1999-2000,25.0,7.0,4.61,130.4,11,Mast,,False,WEST BENGAL,Closed,21.656667,87.683889,,False,
S0780,772.0,3.0,DELO HILLS,DARJILING,1999-06-22,2002-12-31,1999-2000,2002-2003,25.0,1519.0,3.16,42.9,11,Mast,,False,WEST BENGAL,Closed,27.085556,88.498056,,False,
S0781,773.0,4.0,DIGHA,EAST MEDINIPUR,1998-01-15,1999-04-20,1997-1998,1999-2000,25.0,15.0,3.83,64.6,11,Mast,,False,WEST BENGAL,Closed,21.625,87.518889,,False,
S0782,774.0,5.0,FRASERGANJ,SOUTH24 PARGANAS,1995-03-25,1998-03-09,1994-1995,1997-1998,25.0,3.0,4.81,147.4,11,Mast,,False,WEST BENGAL,Closed,21.566667,88.25,,False,
S0783,775.0,6.0,GANGASAGAR,SOUTH24 PARGANAS,1995-02-03,1997-11-30,1994-1995,1997-1998,25.0,3.0,4.77,142.0,11,Mast,,False,WEST BENGAL,Closed,21.637889,88.074083,,False,
S0784,776.0,7.0,HALDIA,EAST MEDINIPUR,1995-03-30,1996-07-21,1994-1995,1996-1997,25.0,5.0,3.66,70.3,11,Mast,,False,WEST BENGAL,Closed,22.026389,88.048333,,False,
S0785,777.0,8.0,NAYACHAR ISLAND,EAST MEDINIPUR,2004-10-31,2006-07-31,2004-2005,2006-2007,50.0,5.0,5.12,145.0,11,Mast,,False,WEST BENGAL,Closed,21.918056,88.127778,,False,
S0786,778.0,9.0,NIJKASBA,EAST MEDINIPUR,1995-03-31,1996-09-20,1994-1995,1996-1997,25.0,6.0,4.4,101.4,11,Mast,,False,WEST BENGAL,Closed,21.799167,87.883333,,False,
S0787,779.0,10.0,TIGER HILLS,DARJILING,1999-06-23,2002-12-31,1999-2000,2002-2003,25.0,2467.0,3.59,74.7,11,Mast,,False,WEST BENGAL,Closed,26.998611,88.271111,,False,
S0788,780.0,1.0,DUBARAYAPET,PUDUCHERRY,1996-10-15,1998-01-19,1996-1997,1997-1998,25.0,4.0,4.44,87.6,11,Mast,,False,PUDUCHERRY,Closed,11.902778,79.829167,,False,
S0789,781.0,2.0,KEEZHAYUR,KARAIKAL,1996-10-18,1998-01-20,1996-1997,1997-1998,25.0,7.0,4.86,115.4,11,Mast,,False,PUDUCHERRY,Closed,10.866667,79.833333,latitude seconds missing in PDF; taken as 0; longitude seconds missing in PDF; taken as 0,True,latitude seconds missing in PDF; taken as 0; longitude seconds missing in PDF; taken as 0
S0790,782.0,3.0,PANNITHITTU,PUDUCHERRY,1996-10-16,1998-01-19,1996-1997,1997-1998,25.0,3.0,3.72,52.7,11,Mast,,False,PUDUCHERRY,Closed,11.830278,79.803889,,False,
S0791,783.0,4.0,YANAM,YANAM,1997-08-07,1999-06-28,1997-1998,1999-2000,25.0,3.0,3.85,61.6,11,Mast,,False,PUDUCHERRY,Closed,16.750278,82.298056,,False,
S0792,784.0,5.0,KILLAYUR,KARAIKAL,2014-05-25,2016-05-10,2014-2015,2016-2017,80.0,12.0,6.05,184.52,11,Mast,,False,PUDUCHERRY,Closed,10.867575,79.845344,,False,
S0793,785.0,6.0,NARAMBAI,PONDICHERRY,2014-11-06,2016-08-17,2014-2015,2016-2017,50.0,23.0,5.03,112.27,11,Mast,,False,PUDUCHERRY,Closed,11.811567,79.794775,,False,
S0794,786.0,1.0,ANANDAPUR SAHIB,,1997-06-27,1999-01-15,1997-1998,1998-1999,25.0,320.0,2.23,28.3,11,Mast,,False,PUNJAB,Closed,31.233333,76.5,latitude seconds missing in PDF; taken as 0; longitude seconds missing in PDF; taken as 0,True,latitude seconds missing in PDF; taken as 0; longitude seconds missing in PDF; taken as 0; District missing in PDF
S0795,787.0,2.0,QUADIAN,GURUDASPUR,1997-10-15,1999-01-17,1997-1998,1998-1999,25.0,255.0,1.87,13.7,11,Mast,,False,PUNJAB,Closed,31.809722,75.356389,,False,
S0796,788.0,3.0,RAMSARA,FIROZPUR,1998-10-15,2000-02-11,1998-1999,1999-2000,25.0,185.0,2.75,24.2,11,Mast,,False,PUNJAB,Closed,30.083333,74.201389,,False,
S0797,789.0,4.0,SARDULEWALA,MANSA,1998-10-13,2000-02-10,1998-1999,1999-2000,25.0,210.0,2.53,22.4,11,Mast,,False,PUNJAB,Closed,29.724167,75.250278,,False,
S0798,790.0,5.0,SHAHPUR KANDI,GURUDASPUR,1997-10-16,1999-01-17,1997-1998,1998-1999,25.0,411.0,2.72,32.1,11,Mast,,False,PUNJAB,Closed,32.3975,75.687222,,False,
S0799,791.0,6.0,TALWANDI SABO,BATINDA,1998-10-14,2000-02-10,1998-1999,1999-2000,25.0,210.0,2.71,25.3,11,Mast,,False,PUNJAB,Closed,29.952778,75.115,,False,
S0800,792.0,7.0,THEHRI,MUKTSAR,1998-10-15,2000-02-11,1998-1999,1999-2000,25.0,190.0,2.51,22.2,11,Mast,,False,PUNJAB,Closed,30.212778,74.574167,,False,
S0801,793.0,8.0,TREHTI,GURUDASPUR,1998-10-17,2000-02-13,1998-1999,1999-2000,25.0,426.0,2.0,12.5,11,Mast,,False,PUNJAB,Closed,32.272733,75.764608,,False,
S0802,794.0,9.0,BATINDA,BATINDA,2008-06-17,2010-06-30,2008-2009,2010-2011,50.0,221.0,3.63,50.61,11,Mast,,False,PUNJAB,Closed,30.228056,75.071389,,False,
S0803,795.0,10.0,PAHARPUR,ROPAR,2008-06-19,2010-06-30,2008-2009,2010-2011,50.0,400.0,2.61,54.07,11,Mast,,False,PUNJAB,Closed,31.400556,76.247222,,False,
S0804,796.0,1.0,BIDDA,REASI,2008-06-22,2013-03-26,2008-2009,2012-2013,50.0,754.0,6.89,336.0,11,Mast,,False,JAMMU & KASHMIR,Closed,33.120194,74.821131,,False,
S0805,797.0,2.0,IJARA,BARAMULA,2008-06-25,2010-06-30,2008-2009,2010-2011,50.0,1662.0,4.44,94.04,11,Mast,,False,JAMMU & KASHMIR,Closed,34.170833,74.230833,,False,
S0806,798.0,3.0,PIR KI GALI,POONCH,2010-10-13,2013-03-26,2010-2011,2012-2013,50.0,3490.0,4.52,95.68,11,Mast,,False,JAMMU & KASHMIR,Closed,33.628611,74.519667,,False,
S0807,799.0,4.0,PATNITOP,UDHAMPUR,2010-10-18,2013-03-26,2010-2011,2012-2013,50.0,2470.0,3.01,36.84,11,Mast,,False,JAMMU & KASHMIR,Closed,33.095806,75.26825,,False,
S0808,800.0,5.0,KANGAN,GANDERBAL,2011-04-27,2013-04-04,2011-2012,2013-2014,50.0,1919.0,2.81,33.17,11,Mast,,False,JAMMU & KASHMIR,Closed,34.2285,74.987333,,False,
S0809,801.0,6.0,PARIHASPORA,BARAMULA,2011-04-30,2013-04-04,2011-2012,2013-2014,50.0,1632.0,,,11,Mast,,False,JAMMU & KASHMIR,Closed,34.153694,74.632917,,False,
S0810,802.0,7.0,GULMARG,BARAMULA,2011-05-03,2014-02-18,2011-2012,2013-2014,50.0,2673.0,,,11,Mast,,False,JAMMU & KASHMIR,Closed,34.057611,74.395083,,False,
S0811,803.0,8.0,UPLINA,BARAMULA,2011-05-05,2014-02-18,2011-2012,2013-2014,50.0,1834.0,,,11,Mast,,False,JAMMU & KASHMIR,Closed,34.199333,74.393389,,False,
S0812,804.0,9.0,BASGO,LEH,1997-09-23,1999-10-12,1997-1998,1999-2000,25.0,3451.0,3.77,59.4,11,Mast,,False,LADAKH,Closed,34.235278,77.255556,,False,
S0813,805.0,10.0,CHOCHOT,LEH,1997-09-24,1999-10-06,1997-1998,1999-2000,25.0,3273.0,3.35,81.2,11,Mast,,False,LADAKH,Closed,34.052222,77.623333,,False,
S0814,806.0,11.0,PHYANG,LEH,1997-09-22,1999-10-13,1997-1998,1999-2000,25.0,3301.0,4.44,113.2,11,Mast,,False,LADAKH,Closed,34.149167,77.469444,,False,
S0815,807.0,12.0,KHALSAR,LEH,2007-09-29,2009-12-09,2007-2008,2009-2010,50.0,3512.0,3.82,79.0,11,Mast,,False,LADAKH,Closed,34.481111,77.7125,,False,
S0816,808.0,13.0,NYOMA,LEH,2007-10-02,2009-12-02,2007-2008,2009-2010,50.0,4175.0,4.08,77.0,11,Mast,,False,LADAKH,Closed,33.198333,78.603611,,False,
S0817,809.0,14.0,TARU,LEH,2011-08-24,2013-05-28,2011-2012,2013-2014,50.0,3242.0,4.37,128.29,11,Mast,,False,LADAKH,Closed,34.139944,77.481056,,False,
S0818,810.0,15.0,FOTU LA,LEH,2011-08-27,2014-04-10,2011-2012,2014-2015,50.0,4117.0,,,11,Mast,,False,LADAKH,Closed,34.289889,76.701722,,False,
S0819,811.0,16.0,UPSHI,LEH,2011-08-25,2013-05-28,2011-2012,2013-2014,50.0,3426.0,3.51,56.81,11,Mast,,False,LADAKH,Closed,33.838972,77.807,,False,
S0820,812.0,17.0,DISKIT,LEH,2011-08-30,2013-05-28,2011-2012,2013-2014,50.0,3119.0,3.12,43.31,11,Mast,,False,LADAKH,Closed,34.554222,77.569722,,False,
S0821,813.0,18.0,HANLEY,LEH,2011-09-03,2013-05-28,2011-2012,2013-2014,50.0,4343.0,4.88,106.66,11,Mast,,False,LADAKH,Closed,32.758944,78.890222,,False,
S0822,814.0,19.0,CHUSHUL,LEH,2011-09-01,2013-05-28,2011-2012,2013-2014,50.0,4533.0,6.6,211.1,11,Mast,,False,LADAKH,Closed,33.586639,78.643278,,False,
S0823,815.0,20.0,KHUMBUTHANG,KARGIL,2011-10-13,2013-05-28,2011-2012,2013-2014,50.0,3072.0,3.12,65.42,11,Mast,,False,LADAKH,Closed,34.399889,75.984917,,False,
S0824,816.0,21.0,PHOTANG,KARGIL,2011-10-16,2013-05-28,2011-2012,2013-2014,50.0,3555.0,4.7,156.96,11,Mast,,False,LADAKH,Closed,33.488861,76.884667,,False,
S0825,817.0,22.0,RUNGDUM,KARGIL,2011-10-17,2013-05-28,2011-2012,2013-2014,50.0,4040.0,3.11,46.94,11,Mast,,False,LADAKH,Closed,34.035667,76.373667,,False,
S0826,818.0,23.0,HAMBOTINGLA,KARGIL,2011-10-21,2013-05-28,2011-2012,2013-2014,50.0,4078.0,4.15,87.73,11,Mast,,False,LADAKH,Closed,34.584,76.275139,,False,
S0827,819.0,24.0,LAKTHANG,KARGIL,2011-10-22,2013-05-28,2011-2012,2013-2014,50.0,3121.0,3.29,63.72,11,Mast,,False,LADAKH,Closed,34.425194,75.730694,,False,
S0828,820.0,25.0,SHASITHANG,KARGIL,2021-10-21,,2021-2022,,50.0,4273.0,,,11,Mast,,False,LADAKH,Operational,34.567767,76.336917,,False,
S0829,821.0,1.0,ABHEPUR,GURGAON,1998-11-21,2000-10-21,1998-1999,2000-2001,25.0,255.0,3.64,53.0,11,Mast,,False,HARYANA,Closed,28.294722,77.128611,,False,
S0830,822.0,2.0,MORNI HILLS,PANCHKULA,1999-01-20,2000-10-19,1998-1999,2000-2001,25.0,1104.0,4.0,84.9,11,Mast,,False,HARYANA,Closed,30.665,77.121944,,False,
S0831,823.0,3.0,RAGHUNATHPUR,MAHENDRAGARH,2002-09-11,2004-03-17,2002-2003,2003-2004,25.0,295.0,2.81,30.0,11,Mast,,False,HARYANA,Closed,28.082222,76.179167,,False,
S0832,824.0,4.0,SILKHAH,GURGAON,2004-05-06,2006-05-03,2004-2005,2006-2007,50.0,350.0,5.18,124.0,11,Mast,,False,HARYANA,Closed,28.149167,76.968056,,False,
S0833,825.0,5.0,BAHLON,PANCHKULA,2007-12-23,2009-12-17,2007-2008,2009-2010,50.0,1105.0,3.67,57.11,11,Mast,,False,HARYANA,Closed,30.697222,77.075833,,False,
S0834,826.0,6.0,ISLAMPURA,MAHENDRAGARH,2008-05-09,2010-06-30,2008-2009,2010-2011,50.0,351.0,3.35,48.83,11,Mast,,False,HARYANA,Closed,27.910833,76.033889,,False,
S0835,827.0,1.0,PITHAURIA,RANCHI,2004-04-30,2006-11-01,2004-2005,2006-2007,50.0,688.0,4.41,78.0,11,Mast,,False,JHARKHAND,Closed,23.522222,85.3075,,False,
S0836,828.0,2.0,SHAKHUWAPANI,GUMLA,2009-02-20,2011-03-16,2008-2009,2010-2011,50.0,1094.0,4.29,63.0,11,Mast,,False,JHARKHAND,Closed,23.3405,84.257917,,False,
S0837,829.0,3.0,METRAMETA,SIMDEGA,2009-02-22,2011-11-30,2008-2009,2011-2012,50.0,433.0,3.11,32.36,11,Mast,,False,JHARKHAND,Closed,22.581389,84.486944,,False,
S0838,830.0,1.0,DRUMMONDGANJ,MIRZAPUR,2004-06-10,2006-02-15,2004-2005,2005-2006,50.0,365.0,4.37,98.0,11,Mast,,False,UTTAR PRADESH,Closed,24.822222,82.125,,False,
S0839,831.0,2.0,PIPARIA JAGIR,LALITHPUR,2004-06-13,2006-02-02,2004-2005,2005-2006,50.0,466.0,4.75,99.0,11,Mast,,False,UTTAR PRADESH,Closed,24.295278,78.416389,,False,
S0840,832.0,3.0,INDRAJ,RAEBARELI,2006-07-16,2008-07-18,2006-2007,2008-2009,50.0,110.0,3.97,69.53,11,Mast,,False,UTTAR PRADESH,Closed,26.294444,81.196389,,False,
S0841,833.0,4.0,KUSHALI,ETAWA,2007-12-05,2010-01-22,2007-2008,2009-2010,50.0,141.0,4.05,72.65,11,Mast,,False,UTTAR PRADESH,Closed,26.8675,79.148056,,False,
S0842,834.0,5.0,PATSAL,AGRA,2007-12-07,2010-03-19,2007-2008,2009-2010,50.0,168.0,3.97,68.88,11,Mast,,False,UTTAR PRADESH,Closed,27.102417,77.61,,False,
S0843,835.0,6.0,GARHIA HARDOPATTI,BUDAUN,2007-12-10,2009-11-17,2007-2008,2009-2010,50.0,140.0,3.34,44.83,11,Mast,,False,UTTAR PRADESH,Closed,27.802222,79.213056,,False,
S0844,836.0,7.0,RAJAPUR,JHANSI,2008-05-07,2010-06-30,2008-2009,2010-2011,50.0,291.0,4.16,68.75,12,Mast,,False,UTTAR PRADESH,Closed,25.406667,78.394167,,False,
S0845,837.0,8.0,GARAURA,ROBERTSGANJ,2009-02-07,2011-04-16,2008-2009,2011-2012,50.0,392.0,4.22,75.0,12,Mast,,False,UTTAR PRADESH,Closed,24.628222,83.017111,,False,
S0846,838.0,9.0,MAMNA,MAHOBA,2009-07-02,2011-07-30,2009-2010,2011-2012,50.0,208.0,3.87,63.0,12,Mast,,False,UTTAR PRADESH,Closed,25.263833,79.866361,,False,
S0847,839.0,10.0,MANIPUR,CHITRKOODAM,2009-07-05,2011-07-30,2009-2010,2011-2012,50.0,254.0,4.16,81.0,12,Mast,,False,UTTAR PRADESH,Closed,25.090389,81.087361,,False,
S0848,840.0,11.0,BHAGAWANPUR,GORAKHPUR,2009-06-09,2011-10-30,2009-2010,2011-2012,50.0,55.0,3.7,58.69,12,Mast,,False,UTTAR PRADESH,Closed,26.930306,83.3825,,False,
S0849,841.0,12.0,CHOUKONIA,SIDDHARTA NAGAR,2014-08-16,2016-08-10,2014-2015,2016-2017,80.0,92.0,4.6,122.14,12,Mast,,False,UTTAR PRADESH,Closed,27.119694,82.693222,,False,
S0850,842.0,13.0,AHIRANPURWA,GONDA,2014-08-13,2016-08-10,2014-2015,2016-2017,80.0,102.0,4.37,100.44,12,Mast,,False,UTTAR PRADESH,Closed,27.023556,81.940889,,False,
S0851,843.0,14.0,NAGESHWARIJOTH,BALRAMPUR,2014-09-19,2016-08-10,2014-2015,2016-2017,80.0,98.0,4.52,114.49,12,Mast,,False,UTTAR PRADESH,Closed,27.458194,82.340861,,False,
S0852,844.0,15.0,JAKHORA (LALITPUR),LALITPUR,2020-10-02,2022-06-30,2020-2021,2022-2023,100.0,343.0,,,12,Mast,,False,UTTAR PRADESH,Closed,24.91155,78.3511,,False,
S0853,845.0,1.0,LOLIEM,SOUTH GOA,2005-01-20,2006-04-17,2004-2005,2006-2007,50.0,118.0,4.01,81.0,12,Mast,,False,GOA,Closed,14.955278,74.0825,,False,
S0854,846.0,2.0,PERNAM,NORTH GOA,2010-01-21,2012-07-30,2009-2010,2012-2013,50.0,120.0,3.7,49.58,12,Mast,,False,GOA,Closed,15.700167,73.799583,,False,
S0855,847.0,3.0,BETUL,SOUTH GOA,2010-01-23,2012-07-30,2009-2010,2012-2013,50.0,59.0,3.8,64.0,12,Mast,,False,GOA,Closed,15.139381,73.949556,,False,
S0856,848.0,4.0,SIRIGAO,NORTH GOA,2010-12-04,2012-11-30,2010-2011,2012-2013,50.0,143.0,4.26,85.42,12,Mast,,False,GOA,Closed,15.601028,73.910222,,False,
S0857,849.0,1.0,PHULDANGSAI,NORTH TRIPURA,2005-01-28,2007-01-21,2004-2005,2006-2007,25.0,862.0,3.8,70.38,12,Mast,,False,TRIPURA,Closed,23.822111,92.26075,,False,
S0858,850.0,2.0,TLANGSANG,NORTH TRIPURA,2005-01-29,2007-01-21,2004-2005,2006-2007,25.0,755.0,3.9,74.0,12,Mast,,False,TRIPURA,Closed,23.907972,92.2715,,False,
S0859,851.0,3.0,VANGHMUN,NORTH TRIPURA,2005-01-30,2007-01-21,2004-2005,2006-2007,25.0,680.0,3.5,56.0,12,Mast,,False,TRIPURA,Closed,23.988889,92.277778,,False,
S0860,852.0,4.0,KALACHERA,SOUTH TRIPURA,2008-09-01,2010-09-30,2008-2009,2010-2011,50.0,51.0,2.85,30.0,12,Mast,,False,TRIPURA,Closed,23.118611,91.629722,,False,
S0861,853.0,5.0,BARJOLA,WEST TRIPURA,2009-03-30,2011-06-30,2008-2009,2011-2012,50.0,44.0,3.16,39.78,12,Mast,,False,TRIPURA,Closed,23.8405,91.424528,,False,
S0862,854.0,6.0,UDAIPUR,SOUTH TRIPURA,2015-04-14,2017-07-31,2015-2016,2017-2018,50.0,80.0,3.25,39.14,12,Mast,,False,TRIPURA,Closed,23.642372,91.478383,,False,
S0863,855.0,7.0,AMBASSA,DHALAI,2015-04-20,2019-03-28,2015-2016,2018-2019,50.0,68.0,2.29,15.13,12,Mast,,False,TRIPURA,Closed,23.929258,91.861642,,False,
S0864,856.0,8.0,AMARAPUR,GOMATI,2017-12-05,2019-12-31,2017-2018,2019-2020,50.0,40.0,2.47,19.45,12,Mast,,False,TRIPURA,Closed,23.541639,91.647833,,False,
S0865,857.0,9.0,KHOWAI,WEST TRIPURA,2017-12-04,2019-12-31,2017-2018,2019-2020,50.0,45.0,2.5,18.98,12,Mast,,False,TRIPURA,Closed,24.026194,91.63625,,False,
S0866,858.0,10.0,JAMPUJALA,WEST TRIPURA,2018-01-28,2019-11-06,2017-2018,2019-2020,50.0,74.0,3.43,39.14,12,Mast,,False,TRIPURA,Closed,23.745972,91.4685,,False,
S0867,859.0,11.0,SOUTH KENANIYA,WEST TRIPURA,2019-08-29,2020-12-14,2019-2020,2020-2021,50.0,28.0,3.06,28.59,12,Mast,,False,TRIPURA,Closed,23.726056,91.190417,,False,
S0868,860.0,1.0,CHAWANGKINING,SENAPATHI,2005-02-04,2007-11-08,2004-2005,2007-2008,25.0,1676.0,4.5,135.0,12,Mast,,False,MANIPUR,Closed,25.19875,93.936278,,False,
S0869,861.0,2.0,DOLANGKHNOU,CHANDEL,2006-03-21,2008-01-12,2005-2006,2007-2008,25.0,1484.0,4.4,103.0,12,Mast,,False,MANIPUR,Closed,24.658056,93.725,,False,
S0870,862.0,3.0,KOTLANE,SENAPATHI,2005-03-10,2007-10-27,2004-2005,2007-2008,25.0,1279.0,3.3,42.0,12,Mast,,False,MANIPUR,Closed,24.816667,93.745556,,False,
S0871,863.0,4.0,LAIMATON,CHURACHANDPUR,2005-05-01,2007-11-22,2005-2006,2007-2008,25.0,1239.0,4.9,126.0,12,Mast,,False,MANIPUR,Closed,24.593056,93.708889,,False,
S0872,864.0,5.0,PHANGREI,UKHRUL,2005-02-08,2007-11-05,2004-2005,2007-2008,25.0,2164.0,4.1,78.0,12,Mast,,False,MANIPUR,Closed,25.148333,94.465833,,False,
S0873,865.0,6.0,KAMNONG,UKHRUL,2009-11-19,2013-03-26,2009-2010,2012-2013,50.0,1918.0,4.71,145.28,12,Mast,,False,MANIPUR,Closed,25.017472,94.453167,,False,
S0874,866.0,7.0,CHORJENG LUNGHAR,UKHRUL,2009-11-25,2010-10-30,2009-2010,2010-2011,50.0,2218.0,,,12,Mast,,False,MANIPUR,Closed,25.152694,94.473139,,False,
S0875,867.0,8.0,MAO,SENAPATHI,2009-12-05,2013-03-26,2009-2010,2012-2013,50.0,2033.0,4.69,141.32,12,Mast,,False,MANIPUR,Closed,25.50625,94.512917,,False,
S0876,868.0,9.0,KHUGA DAM,CHURACHANDPUR,2013-04-18,2015-04-17,2013-2014,2015-2016,50.0,840.0,2.71,26.62,12,Mast,,False,MANIPUR,Closed,24.282639,93.684778,,False,
S0877,869.0,10.0,TINGKAI,SENAPATHI,2013-04-21,2015-04-17,2013-2014,2015-2016,50.0,1715.0,5.33,137.24,12,Mast,,False,MANIPUR,Closed,24.711667,93.725306,,False,
S0878,870.0,11.0,PAOMATA CENTRE,SENAPATHI,2013-04-23,2015-04-17,2013-2014,2015-2016,50.0,1923.0,3.83,70.81,12,Mast,,False,MANIPUR,Closed,25.490556,94.20425,,False,
S0879,871.0,12.0,LIYAI,SENAPATHI,2017-12-11,2019-12-31,2017-2018,2019-2020,50.0,2153.0,4.92,139.57,12,Mast,,False,MANIPUR,Closed,25.483861,94.297472,,False,
S0880,872.0,13.0,WILLONG,SENAPATHI,2017-12-09,2019-11-06,2017-2018,2019-2020,50.0,1645.0,2.5,13.73,12,Mast,,False,MANIPUR,Closed,25.47335,93.965417,,False,
S0881,873.0,14.0,V.MUNPI,CHURACHANDPUR,2018-05-23,2020-05-20,2018-2019,2020-2021,50.0,1289.0,3.84,55.79,12,Mast,,False,MANIPUR,Closed,24.177056,93.585194,,False,
S0882,874.0,15.0,MAIBA VOFI,SENAPATI,2019-06-05,2020-12-14,2019-2020,2020-2021,50.0,2020.0,3.68,54.0,12,Mast,,False,MANIPUR,Closed,25.4066,94.214414,,False,
S0883,875.0,1.0,HMUIFANG,AIZAWL,2005-02-18,2007-03-16,2004-2005,2006-2007,25.0,1590.0,2.16,14.0,12,Mast,,False,MIZORAM,Closed,23.437222,92.763333,,False,
S0884,876.0,2.0,LUNGLEI,LUNGLEI,2005-06-16,2007-04-17,2005-2006,2007-2008,25.0,1252.0,3.94,71.0,12,Mast,,False,MIZORAM,Closed,22.861736,92.788194,,False,
S0885,877.0,3.0,MAMTE,LUNGLEI,2005-06-18,2007-06-04,2005-2006,2007-2008,25.0,1320.0,2.8,31.0,12,Mast,,False,MIZORAM,Closed,22.606389,92.918611,,False,
S0886,878.0,4.0,REIEK,MAMIT,2005-02-17,2007-03-15,2004-2005,2006-2007,25.0,1140.0,3.8,99.0,12,Mast,,False,MIZORAM,Closed,23.701944,92.600861,,False,
S0887,879.0,5.0,CHALFIL TLANG,AIZWAL,2012-11-09,2014-11-28,2012-2013,2014-2015,50.0,1847.0,5.41,181.59,12,Mast,,False,MIZORAM,Closed,23.849417,92.929972,,False,
S0888,880.0,6.0,THAIZAWL,LUNGLEI,2018-02-04,2019-11-06,2017-2018,2019-2020,50.0,945.0,2.55,26.77,12,Mast,,False,MIZORAM,Closed,22.808806,92.807111,,False,
S0889,881.0,7.0,ZOBAWK,LUNGLEI,2018-02-03,2019-11-06,2017-2018,2019-2020,50.0,1091.0,2.75,29.56,12,Mast,,False,MIZORAM,Closed,22.859556,92.822056,,False,
S0890,882.0,8.0,KAMALANAGAR,LAWNGTLAI,2018-02-06,2020-05-20,2017-2018,2020-2021,50.0,123.0,1.7,9.39,12,Mast,,False,MIZORAM,Closed,22.610472,92.618583,,False,
S0891,883.0,9.0,CHEURAL,LAWNGTLAI,2018-02-07,2020-05-20,2017-2018,2020-2021,50.0,1382.0,4.06,85.68,12,Mast,,False,MIZORAM,Closed,22.706944,93.01125,,False,
S0892,884.0,1.0,ASANTHANG,SOUTH SIKKIM,2005-10-03,2007-03-09,2005-2006,2006-2007,25.0,1464.0,2.1,11.0,12,Mast,,False,SIKKIM,Closed,27.156831,88.328483,,False,
S0893,885.0,2.0,GNATHANG,EAST SIKKIM,2005-10-06,2007-12-15,2005-2006,2007-2008,25.0,3735.0,1.8,9.0,12,Mast,,False,SIKKIM,Closed,27.2975,88.818,,False,
S0894,886.0,3.0,THANGU,NORTH SIKKIM,2005-10-30,2007-12-05,2005-2006,2007-2008,25.0,4000.0,2.71,37.0,12,Mast,,False,SIKKIM,Closed,27.898611,88.538611,,False,
S0895,887.0,4.0,SADAM,SOUTH SIKKIM,2011-06-20,2013-03-26,2011-2012,2012-2013,25.0,1475.0,2.74,36.35,12,Mast,,False,SIKKIM,Closed,27.112889,88.427778,,False,
S0896,888.0,1.0,THIZAMA,KOHIMA,2009-04-22,2011-06-30,2009-2010,2011-2012,50.0,1324.0,2.82,43.24,12,Mast,,False,NAGALAND,Closed,25.728611,94.111944,,False,
S0897,889.0,2.0,PFUTSERO,PFUTSERO,2009-04-25,2011-06-30,2009-2010,2011-2012,50.0,2219.0,4.96,162.76,12,Mast,,False,NAGALAND,Closed,25.561389,94.3025,,False,
S0898,890.0,3.0,KEKRIMA,PHEK,2009-05-09,2011-10-30,2009-2010,2011-2012,50.0,1765.0,3.07,46.76,12,Mast,,False,NAGALAND,Closed,25.575556,94.244444,,False,
S0899,891.0,4.0,LONGWA,MON,2017-11-27,2019-11-06,2017-2018,2019-2020,50.0,1626.0,4.22,103.29,12,Mast,,False,NAGALAND,Closed,26.415297,94.999639,,False,
S0900,892.0,5.0,CHANGLANGSHU,MON,2017-11-30,2019-11-06,2017-2018,2019-2020,50.0,650.0,1.99,10.03,12,Mast,,False,NAGALAND,Closed,26.6055,94.486444,,False,
S0901,893.0,6.0,NOKPHU,MOKAKCHUNG,2017-11-25,2019-11-06,2017-2018,2019-2020,50.0,1551.0,1.51,4.09,12,Mast,,False,NAGALAND,Closed,26.652556,95.212,,False,
S0902,894.0,1.0,SIMULTALA,JAMUI,2009-02-12,2011-03-23,2008-2009,2010-2011,50.0,250.0,3.92,60.13,12,Mast,,False,BIHAR,Closed,24.711944,86.550139,,False,
S0903,895.0,2.0,LALGANJ,HAJIPUR,2009-02-14,2011-03-22,2008-2009,2010-2011,50.0,37.0,3.73,50.23,12,Mast,,False,BIHAR,Closed,25.852778,85.173333,,False,
S0904,896.0,3.0,ADHAURA,KAIMUR,2009-02-16,2012-07-30,2008-2009,2012-2013,50.0,469.0,3.73,49.78,12,Mast,,False,BIHAR,Closed,24.696389,83.600833,,False,
S0905,897.0,4.0,ZINDAPUR,GAYA,2011-05-20,2013-04-04,2011-2012,2013-2014,50.0,128.0,,,12,Mast,,False,BIHAR,Closed,24.667833,84.966861,,False,
S0906,898.0,5.0,SHANKARNAGAR,MUNGER,2011-05-26,2014-04-01,2011-2012,2014-2015,50.0,77.0,,,12,Mast,,False,BIHAR,Closed,25.378806,86.508889,,False,
S0907,899.0,6.0,CHIKINI,EAST CHAMPARAN,2012-12-02,2015-12-28,2012-2013,2015-2016,50.0,56.0,,,12,Mast,,False,BIHAR,Closed,26.989861,84.826389,,False,
S0908,900.0,1.0,LAITDIENGSAI,EAST KHASI HILLS,2009-04-09,2012-07-30,2009-2010,2012-2013,50.0,1886.0,,,12,Mast,,False,MEGHALAYA,Closed,25.469278,91.922861,,False,
S0909,901.0,2.0,MAWIAWETE,WEST KHAN HILLS,2009-12-17,2012-07-30,2009-2010,2012-2013,50.0,1580.0,4.23,69.42,12,Mast,,False,MEGHALAYA,Closed,25.530056,91.346611,,False,
S0910,902.0,3.0,RYMBAI,JAINTIA HILLS,2011-05-23,2013-05-27,2011-2012,2013-2014,50.0,1148.0,4.29,85.33,12,Mast,,False,MEGHALAYA,Closed,25.323972,92.324222,,False,
S0911,903.0,4.0,UMTONG,EAST KHASI HILLS,2015-03-28,2017-07-31,2014-2015,2017-2018,50.0,1416.0,2.99,34.79,13,Mast,,False,MEGHALAYA,Closed,25.415303,92.000161,,False,
S0912,904.0,5.0,WAHJAPUNG,JAINTIA HILLS,2015-03-31,2017-07-31,2014-2015,2017-2018,50.0,832.0,1.89,15.82,13,Mast,,False,MEGHALAYA,Closed,25.216161,92.682167,,False,
S0913,905.0,6.0,SHIKENTALANG,JAINTIA HILLS,2015-04-03,2019-03-28,2015-2016,2018-2019,50.0,1253.0,3.98,85.01,13,Mast,,False,MEGHALAYA,Closed,25.335233,92.144997,,False,
S0914,906.0,7.0,ROMBAGRE,WEST GARO HILLS,2016-01-29,2018-06-07,2015-2016,2018-2019,50.0,502.0,2.35,14.16,13,Mast,,False,MEGHALAYA,Closed,25.556736,90.360722,,False,
S0915,907.0,8.0,MAWKNENG,EAST KHASI HILLS,2017-10-05,2021-04-08,2017-2018,2021-2022,50.0,1882.0,,,13,Mast,,False,MEGHALAYA,Closed,25.502989,91.671206,,False,
S0916,908.0,9.0,NONGTHLIEW,WEST KHASI HILLS,2017-10-06,2019-11-06,2017-2018,2019-2020,50.0,1780.0,4.93,117.3,13,Mast,,False,MEGHALAYA,Closed,25.564528,91.726819,,False,
S0917,909.0,10.0,MAWPHANLUR,WEST KHASI HILLS,2017-10-07,2019-12-31,2017-2018,2019-2020,50.0,1803.0,5.06,107.86,13,Mast,,False,MEGHALAYA,Closed,25.543981,91.423664,,False,
S0918,910.0,11.0,WAHKAJI,WEST KHASI HILLS,2017-10-09,2019-11-06,2017-2018,2019-2020,50.0,1320.0,3.48,38.1,13,Mast,,False,MEGHALAYA,Closed,25.363175,91.262544,,False,
S0919,911.0,12.0,TLANGPUI,JIANTIA HILLS,2017-10-11,2019-11-06,2017-2018,2019-2020,50.0,1039.0,4.27,108.4,13,Mast,,False,MEGHALAYA,Closed,25.358817,92.697628,,False,
S0920,912.0,13.0,RUNGKUGRE,WEST GARO HILLS,2017-10-13,2019-11-06,2017-2018,2019-2020,50.0,409.0,2.81,28.88,13,Mast,,False,MEGHALAYA,Closed,25.473206,90.256767,,False,
S0921,913.0,14.0,SHNONGRIM,EAST JIANTIA HILLS,2018-01-24,2020-12-14,2017-2018,2020-2021,50.0,1182.0,6.19,253.78,13,Mast,,False,MEGHALAYA,Closed,25.350889,92.513278,,False,
S0922,914.0,15.0,WAHSHARI,EAST KHASI HILLS,2019-03-07,2020-05-20,2018-2019,2020-2021,50.0,1459.0,3.47,43.57,13,Mast,,False,MEGHALAYA,Closed,25.291167,91.709167,,False,
S0923,915.0,16.0,LEW MAWLONG,EAST KHASI HILLS,2019-03-06,2020-05-20,2018-2019,2020-2021,50.0,1857.0,4.18,66.72,13,Mast,,False,MEGHALAYA,Closed,25.425833,91.846111,,False,
S0924,916.0,17.0,SYNTUNG,EAST KHASI HILLS,2019-03-09,2020-05-20,2018-2019,2020-2021,50.0,1325.0,3.23,39.59,13,Mast,,False,MEGHALAYA,Closed,25.352778,92.047222,,False,
S0925,917.0,1.0,MAWPHLANG,EAST KHASI HILLS,2018-05-04,2019-11-06,2018-2019,2019-2020,38.0,1836.0,3.05,34.98,13,Telecom tower,,False,MEGHALAYA,Closed,25.457444,91.762528,,False,
S0926,918.0,2.0,LAITLYNGKOT,EAST KHASI HILLS,2018-06-08,2019-12-31,2018-2019,2019-2020,34.0,1856.0,3.48,39.73,13,Telecom tower,,False,MEGHALAYA,Closed,25.446361,91.838389,commenced_on has a 'Reconfigured' note: 08-06-2018 Reconfigured on 21- 09-2019,True,commenced_on has a 'Reconfigured' note: 08-06-2018 Reconfigured on 21- 09-2019
S0927,919.0,3.0,MCLBB,JAINTIA HILLS,2018-06-09,2019-11-06,2018-2019,2019-2020,50.0,1144.0,4.51,83.04,13,Telecom tower,,False,MEGHALAYA,Closed,25.338139,92.36525,,False,
S0928,920.0,4.0,SHILLONG,SHILLONG,2018-06-10,2019-11-06,2018-2019,2019-2020,35.0,1820.0,3.9,52.6,13,Telecom tower,,False,MEGHALAYA,Closed,25.513439,91.889469,,False,
S0929,921.0,5.0,DURAGRE,WEST GARO HILLS,2018-06-12,2019-11-06,2018-2019,2019-2020,47.0,768.0,3.17,63.16,13,Telecom tower,,False,MEGHALAYA,Closed,25.548,90.247469,,False,
S0930,922.0,6.0,UMBADOH,EAST JAINTIA HILLS,2019-02-21,2020-05-20,2018-2019,2020-2021,34.0,778.0,2.57,19.23,13,Telecom tower,,False,MEGHALAYA,Closed,25.203222,92.378556,,False,
S0931,923.0,7.0,LUMSHNONG,JAINTIA HILLS,2019-02-22,2020-05-20,2018-2019,2020-2021,42.0,544.0,2.0,9.7,13,Telecom tower,,False,MEGHALAYA,Closed,25.175139,92.375806,,False,
S0932,924.0,8.0,LADRYMBAI,JAINTIA HILLS,2019-02-20,2020-05-20,2018-2019,2020-2021,35.0,1319.0,4.9,105.09,13,Telecom tower,,False,MEGHALAYA,Closed,25.393361,92.314028,,False,
S0933,925.0,9.0,SHANGPUNG,JAINTIA HILLS,2019-02-19,2020-05-20,2018-2019,2020-2021,42.0,1285.0,2.89,26.81,13,Telecom tower,,False,MEGHALAYA,Closed,25.480028,92.351778,,False,
S0934,926.0,10.0,UMSTAIN,JAINTIA HILLS,2019-02-23,2020-05-20,2018-2019,2020-2021,36.0,440.0,3.03,27.54,13,Telecom tower,,False,MEGHALAYA,Closed,25.151689,92.361694,,False,
S0935,927.0,11.0,LAITRYNGNEW,EAST KHASI HILLS,2019-02-23,2020-05-20,2018-2019,2020-2021,37.0,1691.0,3.77,55.88,13,Telecom tower,,False,MEGHALAYA,Closed,25.327756,91.732783,,False,
S0936,928.0,12.0,WAHLYNGKHAT,EAST KHASI HILLS,2019-02-21,2020-05-20,2018-2019,2020-2021,48.0,1518.0,3.77,64.31,13,Telecom tower,,False,MEGHALAYA,Closed,25.337539,91.887308,,False,
S0937,929.0,13.0,MAWPAT,EAST KHASI HILLS,2019-02-21,2020-05-20,2018-2019,2020-2021,28.0,1617.0,3.57,48.58,13,Telecom tower,,False,MEGHALAYA,Closed,25.606861,91.915592,,False,
S0938,930.0,14.0,UMULONG,JAINTIA HILLS,2019-02-19,2020-05-20,2018-2019,2020-2021,35.0,1340.0,2.84,31.37,13,Telecom tower,,False,MEGHALAYA,Closed,25.516067,92.156036,,False,
S0939,931.0,15.0,MAWRYNGKNENG,EAST KHASI HILLS,2019-02-20,2020-05-20,2018-2019,2020-2021,34.0,1334.0,2.89,26.01,13,Telecom tower,,False,MEGHALAYA,Closed,25.554944,92.057722,,False,
S0940,932.0,1.0,REIEK,MAMIT,2018-06-28,2020-05-20,2018-2019,2020-2021,25.0,1183.0,1.78,8.63,13,Telecom tower,,False,MIZORAM,Closed,23.695083,92.607461,commenced_on has a 'Reconfigured' note: 28-06-2018 Reconfigured on 06- 11-2019,True,commenced_on has a 'Reconfigured' note: 28-06-2018 Reconfigured on 06- 11-2019
S0941,933.0,2.0,VIRENGTE,KOLASIB,2018-06-26,2021-04-08,2018-2019,2021-2022,25.0,283.0,2.42,17.17,13,Telecom tower,,False,MIZORAM,Closed,24.511261,92.770333,commenced_on has a 'Reconfigured' note: 26-06-2018 Reconfigured on 05- 11-2019,True,commenced_on has a 'Reconfigured' note: 26-06-2018 Reconfigured on 05- 11-2019
S0942,934.0,3.0,SERCHHIP,SERCHHIP,2018-06-29,2019-11-06,2018-2019,2019-2020,30.0,1287.0,3.72,54.54,13,Telecom tower,,False,MIZORAM,Closed,23.298269,92.847989,,False,
S0943,935.0,4.0,MAMTE,LUNGLEI,2018-07-01,2019-11-06,2018-2019,2019-2020,34.0,1313.0,3.3,41.4,13,Telecom tower,,False,MIZORAM,Closed,22.602614,92.879553,,False,
S0944,936.0,5.0,VENGSANG,CHAMPHAI,2018-07-04,2021-01-07,2018-2019,2019-2020,35.0,1644.0,,,13,Telecom tower,,False,MIZORAM,Closed,23.478014,93.313456,,True,Closed date 2021-01-07 does not match FY 2019-2020
S0945,937.0,1.0,BIRCHANDRA NAGAR,SOUTH TRIPURA,2018-06-29,2021-01-07,2018-2019,2021-2022,37.0,46.0,2.49,30.61,13,Telecom tower,,False,TRIPURA,Closed,23.371508,91.513136,commenced_on has a 'Reconfigured' note: 29-06-2018 Reconfigured on 20-9- 2019,True,commenced_on has a 'Reconfigured' note: 29-06-2018 Reconfigured on 20-9- 2019; Closed date 2021-01-07 does not match FY 2021-2022
S0946,938.0,2.0,JIRANIA,WEST TRIPURA,2018-06-27,2019-11-06,2018-2019,2019-2020,45.0,40.0,2.36,17.32,13,Telecom tower,,False,TRIPURA,Closed,23.819419,91.44205,commenced_on has a 'Reconfigured' note: 27-06-2018 Reconfigured on 22- 09-2019,True,commenced_on has a 'Reconfigured' note: 27-06-2018 Reconfigured on 22- 09-2019
S0947,939.0,3.0,KALASARA,SOUTH TRIPURA,2018-06-28,2021-01-07,2018-2019,2020-2021,27.0,43.0,1.91,10.48,13,Telecom tower,,False,TRIPURA,Closed,23.129528,91.625111,commenced_on has a 'Reconfigured' note: 28-06-2018 Reconfigured on 19- 09-2019,True,commenced_on has a 'Reconfigured' note: 28-06-2018 Reconfigured on 19- 09-2019
S0948,940.0,4.0,BISHRAMGANJI,WEST TRIPURA,2018-06-30,2019-11-06,2018-2019,2019-2020,45.0,37.0,2.34,14.07,13,Telecom tower,,False,TRIPURA,Closed,23.606742,91.353553,commenced_on has a 'Reconfigured' note: 30-06-2018 Reconfigured on 21- 09-19,True,commenced_on has a 'Reconfigured' note: 30-06-2018 Reconfigured on 21- 09-19
S0949,941.0,5.0,CHURAIBARI,NORTH TRIPURA,2018-07-02,2019-11-06,2018-2019,2019-2020,53.0,38.0,1.82,9.38,13,Telecom tower,,False,TRIPURA,Closed,24.441375,92.245703,commenced_on has a 'Reconfigured' note: 02-07-2018 Reconfigured on 23- 09-2019,True,commenced_on has a 'Reconfigured' note: 02-07-2018 Reconfigured on 23- 09-2019
S0950,942.0,6.0,KANCHANPUR,NORTH TRIPURA,2019-09-23,2021-01-07,2019-2020,2020-2021,35.0,85.0,1.45,7.16,13,Telecom tower,,False,TRIPURA,Closed,24.041861,92.199783,,False,
S0951,943.0,1.0,ITANAGAR C BLOCK,PAPUM PARE,2019-02-19,2020-05-20,2018-2019,2020-2021,30.0,480.0,2.11,9.29,13,Telecom tower,,False,ARUNACHAL PRADESH,Closed,27.094986,93.634431,,False,
S0952,944.0,2.0,"NIAZ BASTI ,YUPIA",PAPUM PARE,2019-02-21,2020-05-20,2018-2019,2020-2021,40.0,159.0,1.48,9.06,13,Telecom tower,,False,ARUNACHAL PRADESH,Closed,27.137697,93.717106,,False,
S0953,945.0,3.0,RAKAB COLONY,PAPUM PARE,2019-03-31,2020-05-20,2018-2019,2020-2021,40.0,51.0,2.37,17.47,13,Telecom tower,,False,ARUNACHAL PRADESH,Closed,27.105631,93.697581,,False,
S0954,946.0,4.0,LEKHI,PAPUM PARE,2019-03-22,2020-05-20,2018-2019,2020-2021,50.0,141.0,1.66,6.92,13,Telecom tower,,False,ARUNACHAL PRADESH,Closed,27.124131,93.721089,,False,
S0955,947.0,5.0,JOLLANG,PAPUM PARE,2019-03-31,2020-05-20,2018-2019,2020-2021,32.0,214.0,1.99,10.03,13,Telecom tower,,False,ARUNACHAL PRADESH,Closed,27.073389,93.628611,,False,
S0956,948.0,1.0,TSEMINYU,KOHIMA,2019-03-31,2020-05-20,2018-2019,2020-2021,38.0,1413.0,3.32,39.64,13,Telecom tower,,False,NAGALAND,Closed,25.925275,94.218125,,False,
S0957,949.0,2.0,KOHIMA,KOHIMA,2019-03-27,2020-05-20,2018-2019,2020-2021,30.0,1555.0,1.89,6.77,13,Telecom tower,,False,NAGALAND,Closed,25.677611,94.115936,,False,
S0958,950.0,3.0,AO KASHIRAM,DIMAPUR,2019-03-29,2020-05-20,2018-2019,2020-2021,40.0,198.0,2.4,16.11,13,Telecom tower,,False,NAGALAND,Closed,25.889944,93.696972,,False,
S0959,951.0,4.0,CHEKIYE,DIMAPUR,2019-03-26,2020-05-20,2018-2019,2020-2021,38.0,162.0,1.92,8.43,13,Telecom tower,,False,NAGALAND,Closed,25.870161,93.752772,,False,
S0960,952.0,5.0,NIULAND,DIMAPUR,2019-03-25,2020-05-20,2018-2019,2020-2021,50.0,157.0,1.44,5.24,13,Telecom tower,,False,NAGALAND,Closed,25.879086,93.882861,,False,
S0961,953.0,6.0,TSIEPAMA,DIMAPUR,2019-03-28,2020-05-20,2018-2019,2020-2021,46.0,1212.0,2.99,33.73,13,Telecom tower,,False,NAGALAND,Closed,25.807889,93.952861,,False,
S0962,954.0,7.0,NERHEMA,KOHIMA,2019-03-31,2020-05-20,2018-2019,2020-2021,40.0,1461.0,2.815,26.13,13,Telecom tower,,False,NAGALAND,Closed,25.778728,94.119806,,False,
S0963,955.0,1.0,HAORANG SHABAN,IMPHAL WEST,2019-09-17,2021-04-08,2019-2020,2021-2022,48.0,790.0,2.8,37.88,13,Telecom tower,,False,MANIPUR,Closed,24.82425,93.855167,,False,
S0964,956.0,2.0,THIYAM LEISHANGKHONG,IMPHAL WEST,2019-09-20,2021-04-08,2019-2020,2021-2022,45.0,772.0,2.31,24.42,14,Telecom tower,,False,MANIPUR,Closed,24.658972,93.901389,,False,
S0965,957.0,3.0,THOUBAL ATHOKPAM,THOUBAL,2019-09-20,2021-01-07,2019-2020,2021-2022,60.0,782.0,2.41,22.62,14,Telecom tower,,False,MANIPUR,Closed,24.63,94.008556,,True,Closed date 2021-01-07 does not match FY 2021-2022
S0966,958.0,4.0,KAKCHING CHUNAM,KAKCHING,2019-09-22,2021-04-08,2019-2020,2021-2022,48.0,783.0,2.45,21.96,14,Telecom tower,,False,MANIPUR,Closed,24.503222,93.975778,,False,
S0967,959.0,5.0,MAIBAM,BISHNUPUR,2019-09-24,2021-04-08,2019-2020,2021-2022,48.0,846.0,2.32,21.11,14,Telecom tower,,False,MANIPUR,Closed,24.702278,93.817222,,False,
S0968,960.0,6.0,MOIRANG KONJENGBAM LEIKIA,BISHNUPUR,2019-09-26,2021-01-07,2019-2020,2021-2022,48.0,772.0,1.97,10.17,14,Telecom tower,,False,MANIPUR,Closed,24.499778,93.773,,True,Closed date 2021-01-07 does not match FY 2021-2022
S0969,961.0,7.0,JANGNOM PHAI,CHURACHANDPUR,2019-09-27,2021-01-07,2019-2020,2021-2022,48.0,861.0,2.41,17.21,14,Telecom tower,,False,MANIPUR,Closed,24.391611,93.699167,,True,Closed date 2021-01-07 does not match FY 2021-2022
S0970,962.0,8.0,LIMAKHONG,IMPHAL WEST,2019-09-29,2021-04-08,2019-2020,2021-2022,48.0,855.0,2.02,13.56,14,Telecom tower,,False,MANIPUR,Closed,24.937833,93.843639,,False,
S0971,963.0,9.0,MONGPIJANG,KANGPOKPI,2019-09-30,2021-01-07,2019-2020,2021-2022,60.0,944.0,3.05,29.59,14,Telecom tower,,False,MANIPUR,Closed,25.0215,93.918417,,True,Closed date 2021-01-07 does not match FY 2021-2022
S0972,964.0,1.0,CHANDMARI HILL TOP,KAMRUP,2019-11-13,2021-04-08,2019-2020,2021-2022,70.0,225.0,,,14,Telecom tower,,False,ASSAM,Closed,26.19405,91.7741,,False,
S0973,965.0,2.0,CHAPRAKATA,BONGAIGAON,2019-11-14,2020-12-21,2019-2020,2020-2021,80.0,18.0,2.93,34.77,14,Telecom tower,,False,ASSAM,Closed,26.4911,90.581431,,False,
S0974,966.0,3.0,BIDYAPARA,DHUBRI,2019-11-15,2020-12-21,2019-2020,2020-2021,80.0,31.0,3.98,77.92,14,Telecom tower,,False,ASSAM,Closed,26.033569,89.967689,,False,
S0975,967.0,4.0,BADULIPUR,GOLAGHAT,2019-11-16,2021-01-07,2019-2020,2020-2021,40.0,90.0,,,14,Telecom tower,,False,ASSAM,Closed,26.664139,93.868806,,False,
S0976,968.0,5.0,NA-ALI DHEKIAJULI,JORHAT,2019-11-17,2021-04-08,2019-2020,2021-2022,54.0,98.0,1.91,7.83,14,Telecom tower,,False,ASSAM,Closed,26.670361,94.197389,,False,
S0977,969.0,6.0,SAPEKHATIBAM,SIBSAGAR,2019-11-17,2021-04-08,2019-2020,2021-2022,40.0,97.0,2.39,15.65,14,Telecom tower,,False,ASSAM,Closed,27.159944,94.708056,,False,
S0978,970.0,7.0,JAPISUJIYA,NORTH LAKHIMPUR,2019-11-18,2020-12-21,2019-2020,2020-2021,80.0,60.0,2.76,27.95,14,Telecom tower,,False,ASSAM,Closed,27.213911,94.104219,,False,
S0979,971.0,8.0,BORGANG TEL EXCH,BISWANATH,2019-11-19,2020-12-21,2019-2020,2020-2021,50.0,51.0,2.31,15.15,14,Telecom tower,,False,ASSAM,Closed,26.836269,93.290931,,False,
S0980,972.0,9.0,BAKULTOL,NAGAON,2019-11-19,2021-04-08,2019-2020,2021-2022,40.0,73.0,1.97,9.24,14,Telecom tower,,False,ASSAM,Closed,26.401417,92.790139,,False,
S0981,973.0,10.0,SONARI,CHARAIDEO,2019-11-19,2020-12-21,2019-2020,2020-2021,35.0,106.0,1.89,8.18,14,Telecom tower,,False,ASSAM,Closed,27.025889,95.019417,,False,
S0982,974.0,11.0,LUMDING,NAGAON,2019-11-20,2020-12-21,2019-2020,2020-2021,60.0,114.0,2.13,14.11,14,Telecom tower,,False,ASSAM,Closed,25.761019,93.175119,,False,
S0983,975.0,12.0,TUMPRENG,KARBI ANGLONG,2019-11-20,2021-04-08,2019-2020,2021-2022,40.0,74.0,1.95,9.43,14,Telecom tower,,False,ASSAM,Closed,26.004194,92.754833,,False,
S0984,976.0,13.0,SAIKHOA GHAT,TINSUKIA,2019-11-20,2020-12-21,2019-2020,2020-2021,25.0,128.0,1.41,3.41,14,Telecom tower,,False,ASSAM,Closed,27.752961,95.595411,,False,
S0985,977.0,14.0,SILONIJAN,KARBI ANGLONG,2019-11-21,2020-12-21,2019-2020,2020-2021,50.0,101.0,1.89,8.11,14,Telecom tower,,False,ASSAM,Closed,26.332411,93.863789,,False,
S0986,978.0,15.0,KUTUHA,DIBRUGARH,2019-11-21,2021-01-07,2019-2020,2020-2021,45.0,106.0,2.69,20.99,14,Telecom tower,,False,ASSAM,Closed,27.326439,94.874839,,False,
S0987,979.0,16.0,SIBSAGAR,SIBSAGAR,2019-11-22,2020-12-21,2019-2020,2020-2021,50.0,79.0,2.48,21.85,14,Telecom tower,,False,ASSAM,Closed,26.961881,94.617439,,False,
S0988,980.0,17.0,AMGURI,SIBSAGAR,2019-11-22,2020-12-21,2019-2020,2020-2021,40.0,51.0,1.89,9.13,14,Telecom tower,,False,ASSAM,Closed,26.81215,94.520219,,False,
S0989,981.0,18.0,PALONGHAT,CACHAR,2019-11-22,2021-04-08,2019-2020,2021-2022,40.0,31.0,1.67,6.25,14,Telecom tower,,False,ASSAM,Closed,24.646667,92.885417,,False,
S0990,982.0,19.0,BONGAON,JORHAT,2019-11-22,2020-12-21,2019-2020,2020-2021,35.0,92.0,1.64,5.0,14,Telecom tower,,False,ASSAM,Closed,26.964439,94.267739,,False,
S0991,983.0,20.0,RATANPORE,HAILAKANDI,2019-11-23,2021-04-08,2019-2020,2021-2022,40.0,33.0,,,14,Telecom tower,,False,ASSAM,Closed,24.722556,92.688,,False,
S0992,984.0,21.0,GHILAMORA,LAKHIMPUR,2019-11-23,2021-01-07,2019-2020,2020-2021,54.0,93.0,2.3,13.45,14,Telecom tower,,False,ASSAM,Closed,27.3195,94.411278,,False,
S0993,985.0,22.0,PANBAZAR,KAMRUP,2019-11-24,2021-01-07,2019-2020,2020-2021,80.0,68.0,2.88,35.65,14,Telecom tower,,False,ASSAM,Closed,26.186931,91.746111,,False,
S0994,986.0,23.0,GHARMURA,HAILAKANDI,2019-11-24,2021-04-08,2019-2020,2021-2022,37.0,46.0,1.08,1.4,14,Telecom tower,,False,ASSAM,Closed,24.287778,92.515028,,False,
S0995,987.0,24.0,GOPUR,SONITPUR,2019-11-25,2021-01-07,2019-2020,2020-2021,36.0,72.0,2.11,11.03,14,Telecom tower,,False,ASSAM,Closed,26.888211,93.634561,,False,
S0996,988.0,25.0,GUMRAH,CACHAR,2019-11-26,2021-01-07,2019-2020,2020-2021,50.0,26.0,2.06,10.72,14,Telecom tower,,False,ASSAM,Closed,24.978667,92.519639,,False,
S0997,989.0,26.0,BISHNUPUR,DHEMAJI,2019-11-26,2021-04-08,2019-2020,2021-2022,55.0,114.0,2.0,13.77,14,Telecom tower,,False,ASSAM,Closed,27.52625,94.5189,,False,
S0998,990.0,27.0,CHAPAR,DHUBRI,2020-02-12,2021-04-08,2019-2020,2021-2022,40.0,43.0,1.43,3.88,14,Telecom tower,,False,ASSAM,Closed,26.277472,90.447139,,False,
S0999,991.0,28.0,HALAKURA,DHUBRI,2020-02-13,2021-04-08,2019-2020,2021-2022,37.0,37.0,1.92,8.3,14,Telecom tower,,False,ASSAM,Closed,26.250111,89.776278,,False,
S1000,992.0,29.0,SANTIPUR,CHIRANG,2020-02-14,2021-04-08,2019-2020,2021-2022,37.0,127.0,2.1,10.46,14,Telecom tower,,False,ASSAM,Closed,26.736,90.438222,,False,
S1001,993.0,30.0,UDALGURI,UDALGURI,2020-02-17,2021-04-08,2019-2020,2021-2022,30.0,114.0,2.07,8.1,14,Telecom tower,,False,ASSAM,Closed,26.747889,92.100306,,False,
S1002,994.0,31.0,SUAGPUR,KAMRUP,2020-02-18,2021-04-08,2019-2020,2021-2022,37.0,90.0,2.28,13.99,14,Telecom tower,,False,ASSAM,Closed,26.682583,91.706528,,False,
S1003,995.0,32.0,CHATABARI,KAMRUP,2020-02-22,2021-04-08,2019-2020,2021-2022,37.0,50.0,1.73,6.5,14,Telecom tower,,False,ASSAM,Closed,26.024611,91.274889,,False,
S1004,996.0,33.0,CHIRAKHUNDI,KAMRUP,2020-02-23,2021-04-08,2019-2020,2021-2022,37.0,60.0,1.71,6.25,14,Telecom tower,,False,ASSAM,Closed,26.449917,91.637917,,False,
